:020000040800F2
:1000000000000120D91600087909000881090008BC
:1000100089090008910900089909000800000000FA
:10002000000000000000000000000000B1A6000871
:10003000A10900080000000091A80008D9A8000844
:100040002917000829170008AD090008291700081A
:100050002917000829170008291700082917000880
:100060002917000829170008291700082917000870
:100070002917000829170008D5090008C109000838
:10008000E9090008FD0900082917000829170008D8
:100090000000000029170008291700082917000888
:1000A0002917000829170008291700082917000830
:1000B0002917000829170008291700082917000820
:1000C0002917000829170008291700082917000810
:1000D000110A0008250A0008291700082917000836
:1000E0002917000829170008390A000829170008ED
:1000F0002917000800000000000000002917000870
:1001000029170008291700084D0A000829170008B8
:1001100029170008291700082917000829170008BF
:1001200029170008291700082917000829170008AF
:08013000291700082917000837
:1001400010B5054C237833B9044B13B10448AFF311
:1001500000800123237010BD280100200000000052
:10016000C02D010808B5034B1BB103490348AFF389
:10017000008008BD000000002C010020C02D0108F7
:10018000034613F8012B002AFBD1181A01387047D7
:1001900001F0FF01102A2BDB10F0070F08D010F838
:1001A000013B013A8B422DD010F0070F42B3F6D13C
:1001B000F0B441EA012141EA014122F007047FF055
:1001C00000070023F0E80256083C85EA010586EAAC
:1001D000010685FA47F5A3FA87F586FA47F6A5FAE8
:1001E00087F68EB9EED1F0BC01F0FF0102F00702F4
:1001F00032B110F8013B013A83EA010313B1F8D19F
:100200000020704701387047002D06BF354603387F
:10021000073815F0010F07D1013015F4807F02BFB8
:10022000013015F4C03F0130F0BC0138704700BF09
:1002300053B94AB9002908BF00281CBF4FF0FF314D
:100240004FF0FF3000F088B9ADF1080C6DE904CE35
:1002500000F006F8DDF804E0DDE9022304B07047A1
:100260002DE9F047089D0F4604468C46002B48D1E7
:100270008A42164661D9B2FA82F34BB1C3F1200229
:1002800001FA03FC20FA02F29E4042EA0C0C9C4068
:100290004FEA164EB7B2BCFBFEF1220C0EFB11CC9E
:1002A00042EA0C4201FB07F0904209D9B21801F171
:1002B000FF3C80F0EE80904240F2EB800239324405
:1002C000121AA4B2B2FBFEF00EFB102244EA024462
:1002D00000FB07F7A74209D9341900F1FF3280F07B
:1002E000DA80A74240F2D7803444023840EA014025
:1002F000E41B00211DB1DC400023C5E90043BDE83B
:10030000F0878B4206D90DB1C5E9000100210846EE
:10031000BDE8F087B3FA83F1002948D1BB4202D38C
:10032000824200F20781841A67EB0302012094469F
:10033000002DE4D0C5E9004CE1E7002A00F09280EE
:10034000B2FA82F3002B40F0A8808A1A4FEA164EC8
:100350001FFA86FC0121200CB2FBFEF70EFB1722D0
:1003600040EA02420CFB07F0904207D9B21807F1AD
:10037000FF3802D2904200F2E2804746121AA4B23D
:10038000B2FBFEF00EFB102244EA02440CFB00FC20
:10039000A44507D9341900F1FF3202D2A44500F276
:1003A000CB801046A4EB0C0440EA0740A2E7C1F161
:1003B00020068B4022FA06FC4CEA030C07FA01F4F3
:1003C00020FA06F3F7404FEA1C49234300FA01F8EC
:1003D0001FFA8CFEB7FBF9F01C0C09FB107744EAFE
:1003E000074400FB0EF7A74202FA01F20AD91CEB00
:1003F000040400F1FF3A80F09B80A74240F298800D
:1004000002386444E41B9FB2B4FBF9F309FB1344C4
:1004100047EA044403FB0EFEA64509D91CEB04047D
:1004200003F1FF3780F08280A6457FD9023B644408
:1004300043EA0040A4EB0E04A0FB02E7BC42734673
:10044000B94663D360D05DB1B8EB030264EB090435
:1004500004FA06F622FA01F31E43CC40C5E9006413
:1004600000214CE76208480842EAC1710B0C43EADC
:1004700000438AB242EA0342B3FBF6F1E407B44612
:100480003746B6461F23B0FBF6F0D21B41EA0041C7
:1004900061E7614614E7104628E7C3F1200120FA1E
:1004A00001F29E4027FA01F19F403A434FEA164E6F
:1004B0001FFA86FCB1FBFEF70EFB1710110C41EA88
:1004C000004107FB0CF8884504FA03F43AD9711887
:1004D00007F1FF3001D288451FD8A1EB0801B1FB1D
:1004E000FEF808FB0CF70EFB181192B242EA01422B
:1004F000BA422FD2B21808F1FF31C6D2BA42C4D2E2
:10050000A8F102013244C0E7F0459CD2BEEB0203E1
:1005100067EB0C070138B94695E7A6EB080841449C
:10052000B81EB1FBFEF808FB0CF7DCE73B467FE7A3
:10053000504667E70846FBE63444023832E7023F9C
:1005400032441BE7A1EB08013846B1FBFEF808FB7B
:100550000CF7C8E7414698E7704700BF80B500AF89
:10056000044A0021044809F001FB0346034A1360D2
:1005700000BF80BD883001088105000844050020C7
:1005800080B582B000AF786001F0CFF84FF48062A0
:100590000949012003F068FD02F0F4FE02F03CFF7F
:1005A000064802F0ADFF02F067FB00200BF050F9A7
:1005B00000BF0837BD4680BD440100204D42000801
:1005C00080B485B000AF78604FF0B0439A6C4FF0C4
:1005D000B0417B6813438B644FF0B0439A6C7B68E7
:1005E0001340FB60FB6800BF1437BD4680BC7047FA
:1005F00080B500AF0420FFF7E3FF0120FFF7E0FF25
:10060000002205210E2003F0DAFF0E2003F0F1FF97
:10061000022205210F2003F0D2FF0F2003F0E9FF93
:1006200000220521112003F0CAFF112003F0E1FF91
:1006300002220521102003F0C2FF102003F0D9FF91
:1006400000BF80BD80B485B000AF78604FF0B0438C
:10065000DA6C4FF0B0417B681343CB644FF0B0438A
:10066000DA6C7B681340FB60FB6800BF1437BD4643
:1006700080BC704780B586B000AF3B1D00221A6079
:100680005A609A60DA601A610220FFF7DBFF0120EE
:10069000FFF7D8FF0420FFF7D5FF00224FF4E271E7
:1006A0000A4804F0D1FD4FF4E2737B600123BB6084
:1006B0000023FB6000233B613B1D1946034804F007
:1006C00063FC00BF1837BD4680BD00BF0004004872
:1006D00080B483B000AF78604FF0B043D3F890306F
:1006E00023F018024FF0B0417B681343C1F89030FB
:1006F00000BF0C37BD4680BC704780B500AF03F02B
:1007000077FE00F00BF8FFF7B5FF09F0C7F9FFF728
:1007100025FF09F0F5F900BFFDE7000080B59AB0AC
:1007200000AF07F1200348220021184610F094FE84
:1007300007F1080300221A605A609A60DA601A61B1
:100740005A6104F099FD0020FFF7C2FF264B1B6899
:1007500023F4C063244A43F400731360224B1B68E4
:1007600003F4C0637B607B6805233B624FF48033F6
:100770007B628123FB620023BB620223FB640323B1
:100780003B6510237B650923BB654FF40033FB6594
:100790004FF080437B664FF000733B6607F1200308
:1007A000184605F013F80346002B01D000F01EF8A0
:1007B0004F23BB600323FB6000233B6100237B616D
:1007C0000023BB610023FB6107F1080302211846E7
:1007D00005F07EFB0346002B01D000F007F800BFB8
:1007E0006837BD4680BD00BF0004005880B400AF2C
:1007F00072B600BF00BFFDE780B400AF4FF0B0435A
:10080000D3F890304FF0B04243F40043C2F8903038
:1008100000BFBD4680BC704780B485B000AF786033
:100820004FF0B0439A6D4FF0B0417B6813438B6536
:100830004FF0B0439A6D7B681340FB60FB6800BFCC
:100840001437BD4680BC704780B58CB000AF3B1DEF
:100850002C220021184610F0FFFD224B224A1A607C
:10086000204B1F229A601F4B00221A611D4B002251
:100870005A611C4B00229A611A4B4FF08042DA6198
:10088000184B00221A62174B4FF480725A621548B7
:1008900005F0DAFF0346002B01D0FFF7A7FF114850
:1008A00006F0D0FA0346002B01D0FFF79FFF00238C
:1008B0003B620023BB600023BB614FF00053FB6130
:1008C0004FF48073FB623B1D00221946054806F079
:1008D0003DF80346002B01D0FFF788FF00BF3037FB
:1008E000BD4680BD480500200028004080B590B07E
:1008F00000AF786007F1080338220021184610F095
:10090000ABFD7B681B68164A934225D14FF48033B8
:10091000BB604FF48073FB6307F10803184605F0D2
:1009200079FE0346002B01D0FFF760FFFFF764FF5D
:100930004FF48060FFF770FF00220521022003F0D2
:100940003EFE022003F055FE002205212A2003F07E
:1009500036FE2A2003F04DFE00BF4037BD4680BD65
:100960000028004080B500AF00220F216FF0010089
:1009700003F025FE00BF80BD80B400AF00BFFDE7DF
:1009800080B400AF00BFFDE780B400AF00BFFDE75B
:1009900080B400AF00BFFDE780B400AF00BFFDE74B
:1009A00080B400AF00BFBD4680BC704780B500AFCB
:1009B000024806F083FA00BF80BD00BF4805002052
:1009C00080B500AF024804F007F800BF80BD00BF4B
:1009D0009407002080B500AF024803F0FDFF00BF80
:1009E00080BD00BF5408002080B500AF024803F06E
:1009F000F3FF00BF80BD00BF3407002080B500AF0B
:100A0000024803F0E9FF00BF80BD00BFF4070020EB
:100A100080B500AF024807F073F900BF80BD00BF8A
:100A20009C05002080B500AF024807F069F900BFBF
:100A300080BD00BF6806002080B500AF024806F008
:100A4000EDF800BF80BD00BF4805002080B500AFB5
:100A5000024806F0A1FD00BF80BD00BF8005002058
:100A600080B485B000AF78604FF0B0435A6E4FF05D
:100A7000B0417B6813434B664FF0B0435A6E7B68BE
:100A80001340FB60FB6800BF1437BD4680BC704755
:100A900080B500AF064B08221A60054806F0FAFA46
:100AA0000346002B01D0FFF7A1FE00BF80BD00BFB1
:100AB0008005002080B582B000AF78600120FFF78C
:100AC000CFFF00220521322003F079FD322003F010
:100AD00090FD00BF0837BD4680BD80B483B000AF35
:100AE00078604FF0B0439B6823F400424FF0B04170
:100AF0007B6813438B6000BF0C37BD4680BC7047DA
:100B000080B500AF0020FFF7E8FF0FF035FD0A4B7E
:100B100001221A7000F07CF80FF02EFB07480FF04E
:100B200047FB00200FF052FB0FF00AFC01210120CF
:100B30000FF046FC00BF80BD8C050020410B000873
:100B400080B586B002AF7860396007F108031846B7
:100B50000FF0DAFCBB68B7F90C200092074A1021AD
:100B6000786800F015F87868FFF70AFB03469AB238
:100B70003B681A8000BF1037BD4680BDE42D0108D8
:100B800080B500AF002102200FF0EAFB00BF80BD5E
:100B90000CB480B584B000AF7860396007F11C03F5
:100BA000FB603968FB68BA69786810F089F800BFA3
:100BB0001037BD46BDE8804002B0704780B483B0B6
:100BC00000AF7860002318460C37BD4680BC7047E4
:100BD00080B582B000AF00237B60064B1B78002BF2
:100BE00002D000F09DF978607B6818460837BD4652
:100BF00080BD00BF8C05002080B582B000AF78605A
:100C00007B68184600F013FA00BF0837BD4680BD68
:100C100080B500AF03F00CFC03F010FC03F014FCF3
:100C200000BF80BD80B400AF01231846BD4680BC24
:100C3000704780B582B000AF7860396010F00CFD6D
:100C4000034616221A604FF0FF3318460837BD4698
:100C500080BD80B582B000AF78604FF0FF3178681A
:100C6000FFF7E7FF00BFFDE780B586B000AFF86093
:100C7000B9607A6000237B610AE0AFF3008001462F
:100C8000BB685A1CBA60CAB21A707B6901337B61B7
:100C90007A697B689A42F0DB7B6818461837BD4654
:100CA00080BD80B586B000AFF860B9607A6000237F
:100CB0007B6109E0BB685A1CBA601B781846AFF329
:100CC00000807B6901337B617A697B689A42F1DB42
:100CD0007B6818461837BD4680BD80B483B000AF2E
:100CE00078604FF0FF3318460C37BD4680BC704724
:100CF00080B483B000AF786039603B684FF4005235
:100D00005A60002318460C37BD4680BC704780B43B
:100D100083B000AF7860012318460C37BD4680BC15
:100D2000704780B485B000AFF860B9607A60002386
:100D300018461437BD4680BC7047000080B586B0A9
:100D400000AF7860144A154BD31A7B617B693B6115
:100D5000134B1B68002B02D1114B124A1A60104B27
:100D60001A687B6813443A699A4207D210F074FCFF
:100D700003460C221A604FF0FF3309E0084B1B6852
:100D8000FB60074B1A687B681344054A1360FB68D5
:100D900018461837BD4680BD00000120000800003D
:100DA000900500200000001080B483B000AF786090
:100DB0007B689B6818460C37BD4680BC70470000B6
:100DC00080B582B000AF0023FB71144B1B7883F019
:100DD0000103DBB2002B1BD0114B4FF0FF321A6323
:100DE000FFF732FD00F056F84FF480710C4805F023
:100DF000B9FE0B4B4FF0FF321A63094805F0F0FFC4
:100E0000002000F0D3F900F05FF8044B01221A70C3
:100E1000FB7918460837BD4680BD00BF9405002009
:100E20004805002080B58EB000AF7860002387F8B9
:100E3000373007F108032C220021184610F00CFB74
:100E400000F028F8114B1B687A6813447B6000237C
:100E50007B627B68DB43FB600023FB614FF0005348
:100E60003B624FF480733B6307F10803012219468C
:100E7000074805F06BFD0346002B01D0FFF7B6FCD9
:100E800097F8373018463837BD4680BD98050020A2
:100E90004805002080B582B000AF0023FB71084BED
:100EA0000122DA654FF48071064805F05BFE054BC0
:100EB0004FF0FF321A63FB7918460837BD4680BDF4
:100EC000002800404805002080B500AF00F08EF9F2
:100ED0000346034A1360024B1B68184680BD00BFDF
:100EE0009805002080B400AF024B1B681846BD4631
:100EF00080BC70479805002080B582B000AF002309
:100F00007B6000F073F90246044B1B68D31A7B60C8
:100F10007B6818460837BD4680BD00BF9805002095
:100F200080B582B000AF00237B60064B1B78002B9E
:100F300002D000F05BF978607B6818460837BD4640
:100F400080BD00BF9405002080B483B000AF0023B3
:100F50007B6003237B607B6818460C37BD4680BCF2
:100F60007047B0B584B000AF78600021F96079684F
:100F700000200A460346950D94024FF47A724FF012
:100F8000000320462946FFF753F902460B46134655
:100F9000FB60FB6818461037BD46B0BD2DE9B00FA9
:100FA00085B000AF78600021F960796800200C46B8
:100FB0000546204629464FF0000A4FF0000B4FEA45
:100FC000411B4BEAD06B4FEA401A50465946021B70
:100FD00061EB05034FF000004FF00001990041EA7A
:100FE0009271900002460B4612EB040843EB050990
:100FF0004FF000024FF000034FEAC90343EA587371
:101000004FEAC80290469946404649464FF00002D2
:101010004FF00003820A42EA81528B0A1346FB60BA
:10102000FB6818461437BD46BDE8B00F704780B561
:1010300084B000AF78607868FFF793FFF86000F045
:10104000D5F8B86000E000BF00F0D0F80246BB68F9
:10105000D31AFA689A42F6D800BF00BF1037BD46CF
:1010600080BD80B582B000AF78600FF0D3FB00BFC9
:101070000837BD4680BD80B584B000AF786000F011
:10108000A5F8F860FB680133184600F08FF800BF40
:101090001037BD4680BD2DE9B04F8CB000AF7861F0
:1010A0000023FB6200F0A2F8B86200F08FF87862CB
:1010B0007B6A0022BB60FA604FF000024FF0000331
:1010C000B9680B000022B96A00200C46054612EBF5
:1010D000040843EB0509C7E90689D7E906014FF083
:1010E00000024FF00003820A42EA81528B0A134643
:1010F000FB62BB6900223B607A603B68C3F3090A6C
:101100004FF0000BC7E906ABBB691846FFF746FF77
:1011100003469AB27B691A80FB6A18463037BD468F
:10112000BDE8B08F80B582B000AF78607A680021EA
:10113000034805F0E7FE00BF0837BD4680BD00BF8D
:101140004805002080B582B000AF78607A68012140
:10115000034805F0D7FE00BF0837BD4680BD00BF7D
:101160004805002080B582B000AF00237B600021DD
:10117000044805F0DFFE78607B6818460837BD46F6
:1011800080BD00BF4805002080B582B000AF0023BD
:101190007B600121044805F0CDFE78607B6818462D
:1011A0000837BD4680BD00BF4805002080B582B02D
:1011B00000AF78607A680221034805F0A3FE00BF03
:1011C0000837BD4680BD00BF4805002080B582B00D
:1011D00000AF0221044805F0ADFE78607B68184638
:1011E0000837BD4680BD00BF4805002080B582B0ED
:1011F00000AF0B48FFF7D8FD786003E00848FFF721
:10120000D3FD78600648FFF7CFFD02467B68934226
:10121000F4D17B68DB4318460837BD4680BD00BF6C
:101220000028004080B485B000AF78604FF0B04334
:10123000DA6C4FF0B0417B681343CB644FF0B0439E
:10124000DA6C7B681340FB60FB6800BF1437BD4657
:1012500080BC704780B485B000AF78604FF0B04379
:101260009A6D4FF0B0417B6813438B654FF0B043EC
:101270009A6D7B681340FB60FB6800BF1437BD4666
:1012800080BC704780B485B000AF78604FF0B04349
:101290001A6E4FF0B0417B6813430B664FF0B043BA
:1012A0001A6E7B681340FB60FB6800BF1437BD46B5
:1012B00080BC704780B500AF224B234A1A60214B97
:1012C0004FF4E1325A601F4B00229A601D4B0022FE
:1012D000DA601C4B00221A611A4B0C225A61194B1E
:1012E00000229A61174B0022DA61164B00221A6223
:1012F000144B00225A62134B00229A62114806F0E6
:1013000015FB0346002B01D0FFF770FA00210D48B2
:1013100008F0C1F90346002B01D0FFF767FA00215E
:10132000084808F0F6F90346002B01D0FFF75EFAF3
:10133000044808F078F90346002B01D0FFF756FA6D
:1013400000BF80BD9C0500200038014080B500AF83
:10135000224B234A1A60214B4FF4E1325A601F4B53
:1013600000229A601D4B0022DA601C4B00221A6199
:101370001A4B0C225A61194B00229A61174B00221A
:10138000DA61164B00221A62144B00225A62134B88
:1013900000229A62114806F0C9FA0346002B01D0D8
:1013A000FFF724FA00210D4808F075F90346002BD9
:1013B00001D0FFF71BFA0021084808F0AAF90346FC
:1013C000002B01D0FFF712FA044808F0F1F80346A9
:1013D000002B01D0FFF70AFA00BF80BD680600208D
:1013E0000044004080B596B000AF786007F1440338
:1013F00000221A605A609A60DA601A6107F10C03E1
:1014000038220021184610F027F87B681B688B4AA9
:10141000934240F085800123FB604FF440333B61F1
:1014200007F10C03184605F0F5F80346002B01D030
:10143000FFF7DCF94FF48040FFF724FF0120FFF7AE
:10144000F1FE4FF4C0637B640223BB640023FB64A2
:1014500003233B6507237B6507F1440319464FF0DF
:10146000904003F091FD764B764A1A60744B12223D
:101470005A60734B10229A60714B0022DA60704BF5
:1014800080221A616E4B00225A616D4B00229A61D4
:101490006B4B0022DA616A4B00221A62684803F043
:1014A000B7F80346002B01D0FFF7A0F97B68644A28
:1014B000DA67634A7B689362634B644A1A60624BE3
:1014C00011225A60604B00229A605F4B0022DA6062
:1014D0005D4B80221A615C4B00225A615A4B0022FC
:1014E0009A61594B0022DA61574B4FF480521A62CD
:1014F000554803F08DF80346002B01D0FFF776F92D
:101500007B68514AC3F880204F4A7B68936200226F
:101510000521242003F053F8242003F06AF888E022
:101520007B681B684A4A934240F083800223FB6039
:101530004FF440237B6107F10C03184605F06AF86D
:101540000346002B01D0FFF751F94FF40030FFF7AD
:1015500081FE0120FFF766FE0C237B640223BB643F
:101560000023FB6403233B6507237B6507F14403EA
:1015700019464FF0904003F007FD364B364A1A608B
:10158000344B14225A60334B10229A60314B0022A4
:10159000DA60304B80221A612E4B00225A612D4BAB
:1015A00000229A612B4B0022DA612A4B00221A6238
:1015B000284803F02DF80346002B01D0FFF716F959
:1015C0007B68244ADA67234A7B689362234B244A68
:1015D0001A60224B13225A60204B00229A601F4B44
:1015E0000022DA601D4B80221A611C4B00225A61D6
:1015F0001A4B00229A61194B0022DA61174B4FF403
:1016000080521A62154803F003F80346002B01D0FC
:10161000FFF7ECF87B68114AC3F880200F4A7B681B
:10162000936200220521252002F0C9FF252002F047
:10163000E0FF00BF5837BD4680BD00BF0038014005
:10164000340700206C000240F407002080000240B4
:101650000044004094070020580002405408002035
:101660004400024080B483B000AF78600023184685
:101670000C37BD4680BC704780B400AF00231846CD
:10168000BD4680BC704780B483B000AF78600B4625
:101690007B80002318460C37BD4680BC704780B461
:1016A00083B000AF7860002318460C37BD4680BC7D
:1016B000704780B483B000AF786000BF0C37BD4680
:1016C00080BC704780B483B000AF786000BF0C3737
:1016D000BD4680BC704700000D48854602F058FEAC
:1016E0000C480D490D4A002302E0D458C45004337D
:1016F000C4188C42F9D30A4A0A4C002301E0136053
:101700000432A242FBD30FF0ADFFFEF7F6FFFEE777
:1017100000000120000000202801002030390108CD
:101720002801002018DD0020FEE780B500AFFFF79C
:10173000E7F902F079F800BF80BD80B483B000AF54
:1017400078607B68D3E90023104619460C37BD4604
:1017500080BC704790B587B000AFF860B9601346A1
:10176000FB800023FB8210E0FB8ADB00BA68D41800
:10177000F868FFF7E2FF02460B46C4E90023FB6866
:101780000833FB60FB8A0133FB82FA8AFB889A42AA
:10179000EAD300BF00BF1C37BD4690BD80B58AB0FC
:1017A00000AFF860B9601346FB8000233B62002362
:1017B000FB842FE0BB6803F10802BA60D3E9002381
:1017C000C7E9062303F0BCFAD7E90623F96801202C
:1017D00003F072FA0346FB7503F0D4FAFB7D002B8D
:1017E00012D003F0E9FA386203F0AAFA4FF47A70E3
:1017F00003F0ECFAD7E90623F968012003F05CFA5C
:101800000346FB7503F0BEFAFB680833FB60FB8CF4
:101810000133FB84FA8CFB889A42CBD300BF00BF14
:101820002837BD4680BD000080B588B000AFF860A5
:10183000B9601346FB80FB68B3F1006FC0F0848091
:10184000FB68444A93427FD8FB6803F178433B61CD
:101850003B69DB0AFB613B69C3F30A03DB087B835B
:101860007B8BC3F580733B83FA883B8B9A4201D80C
:10187000FB883B83FB6903F58033DB024FF4807206
:1018800035491846FFF766FFFA8A3B8B9A4234D2F5
:1018900003F056FA314B4CF2FA321A61F86903F050
:1018A0005BFB02200AF048F82C4B5B692B4A23F4BF
:1018B0007E7323F00203536103F064FA0023FB827A
:1018C00010E0FB8ADB00BA681344F98A7A8B114472
:1018D000D3E900232048C9000144C1E90023FB8A61
:1018E0000133FB82FA8A3B8B9A42EAD33B8B1A463E
:1018F000B968F868FFF752FF05E03B8B1A46B968F4
:10190000F868FFF74BFFFA883B8B9A421ED0FB69C1
:101910000133FB6100237B833B8BDB00BA681344FC
:10192000BB603B8BFA681344FB60FA883B8BD31A8D
:10193000FB80FB88B3F5807F03D94FF480733B8332
:1019400098E7FB883B8395E700BF00E000BF2037A6
:10195000BD4680BDFFFF0308B808002000400058C6
:1019600080B5A4B000AFF860B9601346FB7107F111
:1019700014036822002118460FF06EFD0123C7F8FA
:101980008C300023C7F8883018E097F90730D7F873
:101990008C209A420CD0D7F888305A1CC7F888207F
:1019A000D7F88C2052B290333B4403F87C2C00E0F3
:1019B00000BFD7F88C300133C7F88C30D7F88C20B3
:1019C000BB689A42E1DD0AF009F9034618460FF0B8
:1019D0007FFBBB68013BC7F8843032E00FF0A6FB09
:1019E0000346D7F8842093FBF2F2D7F8841001FB6A
:1019F00002F29B1ADBB20133DBB287F87F3007F1CA
:101A00001402D7F8843013441B7887F87E3097F996
:101A10007F3090333B4413F97C1C07F11402D7F854
:101A2000843013440A461A7097F97F3090333B4450
:101A300097F87E2003F87C2CD7F88430013BC7F858
:101A40008430D7F88430002BC8DCFB68002B06D02C
:101A5000BA6807F114031946F8680FF02AFE00234C
:101A6000C7F8803015E0D7F880200F4B83FB0213B6
:101A70001911D317CB1A322101FB03F3D31A002B10
:101A800002D1052009F058FFD7F880300A33C7F893
:101A90008030D7F88020BB689A42E4DB00BF00BFEB
:101AA0009037BD4680BD00BF1F85EB5180B584B027
:101AB00000AF786039607B68BB600023FB6012E098
:101AC000FA680D4B83FB02131911D317CB1A32217D
:101AD00001FB03F3D31A002B02D1012009F02CFFE4
:101AE000FB680A33FB60FA683B689A42E8DB00BF98
:101AF00000BF1037BD4680BD1F85EB5180B582B059
:101B000000AF00233B600E4B19683B4601220D4895
:101B10000BF024F978607B68002B0AD03B68002B1F
:101B200007D0094B4FF080521A60BFF34F8FBFF3BD
:101B30006F8F064BDB6A984700BF0837BD4680BDF4
:101B4000A01900207FA0000804ED00E0E4350108A2
:101B500080B586B000AFF860084611461A460346C5
:101B60007B810B463B811346FB7100233B61304B6D
:101B70009B69012B05D17B891A46F9682D4801F034
:101B800079FD2D4A3B8913802C4AFB7913707B89A0
:101B9000FF2B28BFFF239BB21A46294B5A60284BC4
:101BA00004221A607B89FF2B28BFFF239BB21A46B1
:101BB000F96824480FF07DFD1D4B5B6E002B04D1AE
:101BC000214B5B6B4FF4FA609847194B5B6E012B0E
:101BD0000AD100233B611D4B196807F11003042251
:101BE0001B480BF0BBF878611A4B1B68184609F0CC
:101BF000F3FB0346002B16D1164B186807F11002B1
:101C000000230F4909F036F978617B69002B0AD06F
:101C10003B69002B07D0104B4FF080521A60BFF386
:101C20004F8FBFF36F8F00BF1837BD4680BD00BF19
:101C3000B81000207C1A0020781A00207A1A0020A0
:101C4000901A0020981A0020E4350108A0190020FD
:101C50007FA000089819002004ED00E080B400AFD8
:101C6000034B01221A6000BFBD4680BC704700BF15
:101C70006C1A002080B582B000AF00237B600E4B51
:101C800001221A600D4B1B68002B11D00B4B1968F9
:101C90003B1D08220A480BF061F87B68002B07D037
:101CA000084B4FF080521A60BFF34F8FBFF36F8F16
:101CB00000BF0837BD4680BD701A0020A019002063
:101CC0007FA0000804ED00E080B582B000AF0023E3
:101CD0007B60134B01221A60124B5B6E002B04D108
:101CE000114B5B6B4FF4FA609847104B1B68002B4D
:101CF00011D00E4B19683B1D10220D480BF02EF829
:101D00007B68002B07D00B4B4FF080521A60BFF35B
:101D10004F8FBFF36F8F00BF0837BD4680BD00BF38
:101D2000741A0020B8100020E4350108A019002022
:101D30007FA0000804ED00E080B400AF024B18461D
:101D4000BD4680BC704700BFB810002080B500AF12
:101D50000A4B0B4A1A60094B0A4A9A60074B0A4A17
:101D60005A60064B094ADA60044B094A1A61094B6A
:101D70001B68024898470023184680BD501A00206F
:101D8000FD1A0008511B00085D1C0008751C0008A6
:101D9000C91C0008E435010890B58FB00AAFF8609F
:101DA000B9607A60FB70144BDB68F8689847124B97
:101DB000DC6997F920107B6A0893002307930023BE
:101DC0000693002305930123049300230393062322
:101DD0000293FB7801937B680093BB68002201208B
:101DE000A047054B5B6DFF21012098470023184653
:101DF0001437BD4690BD00BFE435010890B58FB0E3
:101E00000AAFF860B9607A60FB70164BDB68F8685F
:101E10009847144B9C69FB78012209920022089292
:101E200000220792002206920122059200220492CB
:101E300000220392052202920622019200220092C1
:101E40007A68B9680120A047064B5B6DFF2101202D
:101E50009847044B5B6B386A984700231846143741
:101E6000BD4690BDE435010880B483B000AF786012
:101E70007B68074A934205D97B68064A934201D89A
:101E8000012300E0002318460C37BD4680BC704794
:101E9000806DC335FF27503780B487B000AF7860BE
:101EA0007B68254AA2FB03239B093B613B69224ACD
:101EB000A2FB031292094FF47A7101FB02F29B1A02
:101EC000FB6000237B61FB68F92B02D87D237B61DB
:101ED00023E0FB68F92B07D9FB68B3F5FA7F03D23F
:101EE00040F277137B6118E0FB68B3F5FA7F08D303
:101EF000FB6840F2ED22934203D840F271237B61EC
:101F00000BE0FB6840F2ED22934206D9FB68B3F583
:101F10007A7F02D240F26B337B613A697B6913446A
:101F20004FF47A7202FB03F33B613B6918461C379E
:101F3000BD4680BC704700BFD34D621080B582B0F3
:101F400000AF7860294B1B680133284A13607B6817
:101F50001C221A607B680A225A74244B1A687B6818
:101F6000DA607B68224A5A60224B1B69DAB27B68CE
:101F70001A747B6803F112001E4B1A6913469B000A
:101F800013445B0020331B4A13440A2219460FF006
:101F900090FB184B1A6913469B0013445B002033D7
:101FA000144A98187B681733052219460FF081FBF5
:101FB000104B1A6913469B0013445B000533203312
:101FC0000C4A98187B681233052219460FF071FBF2
:101FD0007B681B681946786801F0FCFB02467B6849
:101FE000DA6100BF0837BD4680BD00BFB41B0020CA
:101FF000EDFEEDFEA819002080B485B000AF78603A
:102000000023FB737A680A4B13440A4AA2FB03239A
:102010009B09BB60BB68074AA2FB03231B09FB7338
:1020200097F90F3018461437BD4680BC704700BF83
:1020300080923CCAD34D621080B485B000AF786006
:10204000094A7B681344123393F90030FB60FB6844
:10205000064A03FB02F2064B1344BB60BB681846FA
:102060001437BD4680BC7047301A002090D0030062
:10207000C855C53580B483B000AF0023FB711C4B3D
:102080001A681C4B1B689A4229D1194BDA69194B03
:10209000DB699A4223D1164B1A6B164B1B6B9A4283
:1020A0001DD1134B9A6C134B9B6C9A4217D1104B5A
:1020B000DA6C104BDB6C9A4211D10D4B1A6D0D4B43
:1020C0001B6D9A420BD10A4B5A6D0A4B5B6D9A42BB
:1020D00005D1074BDA6D074BDB6D9A4201D0012326
:1020E000FB71FB7918460C37BD4680BC704700BFBA
:1020F00020110020B810002080B592B002AF052357
:10210000FB630223BB6301237B63644B1B6B7B621A
:102110004FF0FF333B630023FB620CE0604AFB6A35
:1021200052F833307A6A9A4202D1FB6A3B6305E087
:10213000FB6A0133FB62FB6A022BEFDD3B6BB3F101
:10214000FF3F12D0564A3B6BDB0013441B79BB6345
:10215000534A3B6BDB0013445B79FB63504A3B6B98
:10216000DB0013449B797B6303E04C4B4FF4164236
:102170001A634A4B9B69002B03D0484B9B6B032B84
:1021800074D10023BB62454BDB69002B23D1434B49
:102190009B6CBB62414BDA6D3B1D424918460FF008
:1021A000C7F83B1D1846FDF7EBFF03469AB23B1DEF
:1021B0001146184601F088FB7B6BDAB2374BDB6DBA
:1021C0005BB242F21071019100931346FA6BB96B46
:1021D000B86AFFF7E1FD314BDB69012B0CD12F4BC6
:1021E000DB6CBB627B6BDBB24FF4FA620092FA6B82
:1021F000B96BB86AFFF702FEB86AFFF735FE03460F
:10220000002B30D0254B01225A66B86AFFF744FEF6
:102210000346254A1360244ABB6B5360224AFB6B7A
:1022200093607B6BDAB2204B1A731F4B00221A614A
:102230001D4B00225A611C4B00229A61B86AFFF7BD
:10224000DBFE03461A46184BDA61174B1B6818462B
:1022500000F032F8144BDB695BB21A466521134873
:10226000FFF77EFB02E00D4B00225A66FFF702FFEC
:102270000346002B0CD00E4A084B10461946682323
:102280001A460FF016FA0D2209490A48FFF7CCFA50
:10229000002318464037BD4680BD00BFB81000205F
:1022A000FC300108F02D0108A8190020C8190020F1
:1022B0002011002000E80308B0B58CB00AAF7860A8
:1022C0002A4B5B6E012B4DD1284BDB69002B23D1B0
:1022D000274BDB6878689847254BDC69234BDB6D1F
:1022E00059B2244B5868234B9B68224A127B42F216
:1022F000107508950025079500250695002505957C
:102300000125049500250395062502950192009369
:10231000034600220120A047144BDB69012B21D189
:10232000134BDB6878689847114B9C69114B5968CF
:10233000104B9A680F4B1B7B0120099000200890DE
:1023400000200790002006900120059000200490B6
:1023500000200390052002900620019000200090AC
:102360000120A04700BF0837BD46B0BDB81000200F
:10237000E4350108A819002080B584B002AF786068
:1023800000220421074802F05FFF0023009300238E
:102390000022032178680AF0A9F900BF0837BD467A
:1023A00080BD00BF0004004880B582B000AF7860F7
:1023B00000220421034802F047FF00BF0837BD4652
:1023C00080BD00BF0004004880B582B002AF104B52
:1023D0000093002300225A2100200AF029F9034625
:1023E0000C4A1360002300930B4B00224FF0FF3187
:1023F0000A480EF0D1F84FF4C87108480EF0E0F921
:1024000000220421064802F01FFF00BFBD4680BD28
:1024100079230008981B0020A92300089C1B00209A
:102420000004004890B583B002AF104B1B681846FB
:102430000AF06AFC0346002B13D1012204210C4848
:1024400002F002FF0B480EF0DDF8084B1C6809F0A3
:10245000C5FB0246002300930023012120460AF019
:1024600045F900BF0437BD4690BD00BF981B002052
:10247000000400489C1B002080B586B002AF786045
:1024800039600523FB60074B1868FB680093002345
:102490000122796807F05CFCB860BB681846103709
:1024A000BD4680BDA0190020B0B5CEB000AF07F585
:1024B0009C73A3F59A7318600023C7F82831002392
:1024C00087F837310023C7F830310023C7F82C31A3
:1024D000282009F031FAB54BDB69042B01D001F05B
:1024E0003BFA4FF0FF33C7F824311E23C7F82431DD
:1024F000AE4B1B69002B07D0AC4B5B69002B03D1A3
:10250000AA4BDB69012B11D0A94B1B68184608F0B8
:102510002FFE03460A2B05D0A54B1B680021184649
:1025200008F05EFA0A2009F007FA3DE1A04B1B68AB
:1025300007F11001D7F82421184608F037FD0346AB
:10254000002B00F0048107F59C73A3F594735B687E
:10255000002BCDD0954B5B6E012B40F0E88097F8B7
:10256000373183F00103DBB2002B00F0958007F5D3
:102570009C73A3F594735B68202B40F08D8007F16A
:1025800010030833C7F81C31D7F81C315B68894A3F
:10259000934240F08180D7F81C311B681C2B7BD103
:1025A000854B1B681C21184607F0A4FCD7F81C318A
:1025B0001B681A4607F1100308331146184601F04C
:1025C00009F9C7F81801D7F81C311B6807F1100288
:1025D000083213441B681A4607F59C73A3F59673DB
:1025E0001A6007F59C73A3F596731B68D7F818213A
:1025F0009A421ED0714B1B68C7F82831704AD7F831
:102600001C3114461D460FCD0FC495E80F0084E819
:102610000F00D7F82801FFF74FFE6A4B5B6B4FF4B2
:10262000FA6098470023C7F82C310023C7F83031EF
:10263000BAE00023C7F83031012387F83731604A08
:10264000D7F81C3114461D460FCD0FC495E80F0076
:1026500084E80F000023C7F82C31D7F82C01FFF7CE
:10266000EBFCC7F82801D7F82801FFF725FE554BEA
:102670005B6BC8209847D7F830310133C7F8303149
:10268000D7F82C310133C7F82C314D4B5B7C194600
:102690004D48FFF70BFA87E097F83731002B46D00B
:1026A000D7F830310133C7F8303107F59C73A3F503
:1026B00094735B68FE2B15D8002387F837313F4BA6
:1026C0001B68C7F82831202200213D480EF0C4FEC7
:1026D000D7F82801FFF7F0FD3A4B5B6B4FF4FA6037
:1026E000984724E0D7F82C01FFF7A6FCC7F828018B
:1026F000D7F82C310133C7F82C31D7F82C31092BFE
:102700000DDD2E4B1B68C7F82831D7F82801FFF7DD
:10271000D3FD2C4B5B6B4FF4FA60984707E0D7F87A
:102720002801FFF7C9FD274B5B6BC8209847FFF7CF
:1027300079FE07F59C73A3F594735B689AB207F171
:10274000100308331146184600F0B0FED0E6174BD0
:102750005B6E012B7FF4CCAE00211820FFF78CFEBE
:10276000C7F82001D7F8203103F01803002B3FF4FD
:10277000BFAE2022002112480EF06EFE0F4B1B68E8
:10278000C7F82831002387F837310023C7F82C31E8
:102790000023C7F83031D7F82801FFF78DFD094B2A
:1027A0005B6B4FF4FA609847A2E600BFB8100020B8
:1027B00098190020EDFEEDFEA0190020A8190020B8
:1027C000301A0020E4350108421A002080B500AF1D
:1027D000074B01225A61064B0022DA60142009F0EF
:1027E000ABF8034B00225A610023184680BD00BF9E
:1027F000B810002080B500AF054B01225A61044B90
:102800000122DA60142009F097F80023184680BDF1
:10281000B810002080B5CCB000AF07F59873A3F5D1
:10282000967318600023C7F80C310023C7F82C31C9
:1028300007F59873A3F5927318464FF480731A4600
:1028400000210EF009FE002387F82B310023C7F882
:102850002431A84B1B69002B07D0A64B5B69002BCA
:1028600003D1A44BDB69002B14D0A34B1B68184683
:1028700008F07EFC0346142B08D09F4B1B680021F8
:10288000184608F0ADF89D4800F086FF0A2009F0D0
:1028900053F8ABE19A4B1B68012B15D1954BDB69C3
:1028A000002B0BD1934B9B69012B07D1FFF724FC25
:1028B000944B1B680121184607F055FB904B0022F2
:1028C0001A60022009F038F88B4B1B6807F58671F7
:1028D0000522184608F06AFBC7F82001874800F077
:1028E0006BFFC7F82C01834BDB68002B40F076812F
:1028F000D7F82C31002B00F07181D7F82C31002B48
:1029000069D07C4B5B6E012B65D197F82B3183F03E
:102910000103DBB2002B5ED0012387F82B317A4B09
:1029200000225A617948FFF709FB012009F004F8F9
:102930000A217748FFF7BAF8734B1B690133724AD3
:102940001361714B1B690A2B02D16F4B00221A6174
:102950006D4B1B68C7F824316E4BDB68D7F8240138
:10296000984707F10C032022684918460EF0A1FE93
:10297000694B1B680133694A136064210120FFF72A
:102980007BFDC7F81C01D7F81C3103F00103002BB5
:102990000DD0012008F0D0FF5E4B9B6A07F10C02BE
:1029A000202110469847082008F0C6FF09E00520BE
:1029B00008F0C2FF574B9B6A07F10C02202110461A
:1029C0009847554B1B680133534A13604B4800F03E
:1029D000F3FEC7F82C01D7F82C31FE2B40F2A28071
:1029E00007F10C03FF221946444800F08BFEFFF765
:1029F00019FDC8210120FFF73FFDC7F814013D4B29
:102A00005B6E012B1ED1404B5B691846FFF714FB30
:102A1000C7F824013F4BDB68D7F8240198473A4BAD
:102A20005B690133384A5361374B5B69092B09DD18
:102A3000354B5B6919463A4800F0D2FD002387F810
:102A40002B31D3E0D7F8143103F00103002B0CD065
:102A5000314B1B680133314A13602E4B9B6A07F1DF
:102A60000C02FF21104698471FE02B4B1B680133D7
:102A70002A4A136064210120FFF7FEFCC7F8100109
:102A8000D7F8103103F00103002B07D1214B9B6ACB
:102A900007F10C02FF211046984706E01D4B9B6A88
:102AA00007F10C02FF2110469847124B1B6BB3F540
:102AB000964F03D10C2008F03FFF15E00D4B1B6B28
:102AC000B3F5164F03D1082008F036FF0CE0094B90
:102AD0001B6B4FF22442934203D1052008F02CFFD8
:102AE00002E00A2008F028FF0B4B1B6801330A4A5A
:102AF00013607AE0B81000209C1900208811002093
:102B00006C1A0020A0190020A8190020301A0020FB
:102B1000421A0020E4350108A41900208C1A002074
:102B2000002E0108D7F82031002B5ED1D7F82C31C8
:102B3000002B5AD0D7F82C31FE2B56D82C4B5B6E7D
:102B4000012B29D1D7F82C31C7F81831032008F010
:102B5000F3FE284800F030FEC7F82C01D7F82C21EE
:102B6000D7F818319A4207D9D7F82C21D7F818117D
:102B7000214800F035FD39E0204B5B691846FFF72E
:102B80005BFAC7F82401D7F82401FFF795FB1B4B2C
:102B90005B690133194A5361002387F82B3107F130
:102BA0000C03D7F82C211946124800F0ABFD144B4A
:102BB0009B6AD7F82C21D1B207F10C021046984736
:102BC000104B1B680133104A1360082008F0B4FE54
:102BD0000C4B1B6801330B4A136006E0084BDB6AA1
:102BE00098470A2008F0A8FE33E600BF31E600BF90
:102BF000B810002088110020102E0108A81900200C
:102C0000E4350108A41900208C1A002080B584B096
:102C100000AF78600B467B80134B1B69002B1DD0E7
:102C2000114BDB68002B19D10F4BDB69002B15D141
:102C30007B881A4679680D4800F01CFD7B88FB6094
:102C40000B4B186807F10C010023002208F010F864
:102C50000346002B02D1074800F0C2FC00231846AF
:102C60001037BD4680BD00BFB8100020881100207D
:102C70009C190020342E010880B584B002AF604B4F
:102C800000221A615E4B00225A6607F047F803469D
:102C90005C4A1360FFF75AF800224FF484710A204F
:102CA00007F085FF0346584A1360002204211420D0
:102CB00007F07DFF0346554A13604FF40062544904
:102CC000544800F0BBFC4FF400625149524800F0F8
:102CD000B5FC052008F030FE002301933623009355
:102CE00000234FF480624D494D4808F057FC78604E
:102CF000052008F021FE00230193362300930023D2
:102D00004FF480624749484808F048FC78603D4BE2
:102D10001B680421184607F026F93A4B1B6801216D
:102D2000184607F020F9FFF74FFB354B3F4A1A6072
:102D3000334B01221A61324B00229A61304B01223F
:102D40005A612F4B0122DA602D4B0122DA612C4BA4
:102D5000374A9A642A4B364ADA64294BFA229A6235
:102D6000274BFA22DA62264B4FF416421A63244BA1
:102D700003225A63224B5B6B214A9363204B0A2246
:102D8000DA650D222B492C48FEF7E4FC294B1B6821
:102D9000264A93420DD0274A194B104619466823FC
:102DA0001A460EF086FC0D2222492348FEF73CFD10
:102DB0001BE0204BDB69124AD3611E4B9B6C104A0F
:102DC00093641C4BDB6C0E4AD3641A4B1B6B0C4A8E
:102DD0001363184B5B6B0A4A5363164B9B6B084A91
:102DE0009363144BDB6D064AD365054B0422DA610D
:102DF000034B0122DA60002318460837BD4680BD28
:102E0000B8100020A0190020981900209C1900205B
:102E100098110020881100207C1A0020482E0108FB
:102E200015280008542E0108A9240008EFBEEDFE65
:102E3000C0CA89362011002000E8030880B483B09E
:102E400000AF7860064BD3F8802005497B681343B8
:102E5000C1F8803000BF0C37BD4680BC704700BF52
:102E60000008005880B5ACB000AF78600B467B809E
:102E70000023FB607B88C7F8A43000237B6100231C
:102E80003B61D7F8A430002B40F392807B681B682D
:102E9000494A934243D17B681B6F022B03D07B6866
:102EA0001B6F002B3BD10023C7F8AC302EE0D7F8C6
:102EB000A420D7F8AC30D31A802BA8BF8023C7F842
:102EC000A030D7F8AC303D4A9918D7F8A02007F1C8
:102ED0001003083318460EF0ECFBD7F8A0307B61E6
:102EE000374B1B68184608F077FA0346002B08D1C9
:102EF000334B186807F10C0207F11001002307F0AB
:102F0000B9FFD7F8AC308033C7F8AC30D7F8AC2075
:102F1000D7F8A4309A42CADB786800F099F87B6849
:102F20001B68284A934243D17B681B6F022B03D056
:102F30007B681B6F002B3BD10023C7F8A8302EE025
:102F4000D7F8A420D7F8A830D31A802BA8BF8023A5
:102F5000C7F89C30D7F8A8301B4A9918D7F89C209E
:102F600007F11003083318460EF0A3FBD7F89C3086
:102F70007B61164B1B68184608F02EFA0346002B9F
:102F800008D1124B186807F10C0207F11001002359
:102F900007F070FFD7F8A8308033C7F8A830D7F80B
:102FA000A820D7F8A4309A42CADB786800F050F81D
:102FB00000BFB037BD4680BD00380140D01B0020A7
:102FC000B81B002000440040D4210020BC1B00207E
:102FD00080B584B000AF78600023BB607B681B685D
:102FE000154A934208D1154B196807F108030122CD
:102FF000134809F0B3FEF8607B681B68114A9342DE
:1030000008D1114B196807F1080302220C4809F096
:10301000A5FEF860FB68002B0AD0BB68002B07D028
:103020000A4B4FF080521A60BFF34F8FBFF36F8F80
:1030300000BF1037BD4680BD00380140C01B0020D6
:103040007FA0000800440040C41B002004ED00E005
:1030500080B584B000AF78600123FB737B681B6888
:103060001F4A934218D14FF4C0621E49786806F097
:103070008EFB0346FB737B68D3F88030002B0BD0AC
:103080007B68D3F880301B681A687B68D3F880307F
:103090001B6822F004021A607B681B68124A934284
:1030A00018D14FF4C0621149786806F070FB0346EE
:1030B000FB737B68D3F88030002B0BD07B68D3F890
:1030C00080301B681A687B68D3F880301B6822F058
:1030D00004021A60FB7B18461037BD4680BD00BF56
:1030E00000380140D01B002000440040D4210020C3
:1030F00080B5ACB000AF78607B68D3F89030102B0F
:1031000002D17868FFF7A4FF7B68D3F89030082BD2
:1031100040F09D800023C7F894307B681B684E4ABE
:10312000934247D17B68B3F85E309BB2C7F8A430B6
:10313000D7F8A430002B3ADD0023BB600023C7F88A
:10314000AC302EE0D7F8A420D7F8AC30D31A802BBF
:10315000A8BF8023C7F8A030D7F8AC303F4A9918F1
:10316000D7F8A02007F10803083318460EF0A1FA9B
:10317000D7F8A030FB603A4B1B68184608F02CF9D2
:103180000346002B08D1364B186807F1940207F16B
:103190000801002307F06EFED7F8AC308033C7F883
:1031A000AC30D7F8AC20D7F8A4309A42CADB7868A4
:1031B000FFF74EFF7B681B682A4A934247D17B6822
:1031C000B3F85E309BB2C7F89C30D7F89C30002B28
:1031D0003ADD0023BB600023C7F8A8302EE0D7F803
:1031E0009C20D7F8A830D31A802BA8BF8023C7F81B
:1031F0009830D7F8A8301C4A9918D7F8982007F1CA
:103200000803083318460EF054FAD7F89830FB60DC
:10321000164B1B68184608F0DFF80346002B08D150
:10322000124B186807F1940207F10801002307F018
:1032300021FED7F8A8308033C7F8A830D7F8A820E7
:10324000D7F89C309A42CADB7868FFF701FF00BFCD
:10325000B037BD4680BD00BF00380140D01B002004
:10326000B81B002000440040D4210020BC1B0020DB
:1032700080B5A8B000AF78607B681B68C7F8943051
:103280000023C7F89C300023C7F89830D7F8943053
:10329000012B04D0D7F89430022B07D00EE0294B35
:1032A000C7F89C30284BC7F898300BE0274BC7F87D
:1032B0009C30274BC7F8983000BF03E0002008F08F
:1032C000C7FA3CE0D7F89C301B6807F108014FF0C3
:1032D000FF32184607F06AFE0346012BF2D1BB68A5
:1032E000012B03D9033B012B25D827E0D7F89830D1
:1032F0001B68002B11D1FB68002B1ED000F0ECFFE7
:103300000346002B19D0FB689AB207F10803083373
:1033100011461846FFF77AFC0FE0FB68002B0CD033
:10332000D7F898301B68FA6891B207F108020832A2
:103330001046984701E000BFC4E700BFC2E7A037CE
:10334000BD4680BDB81B0020C81B0020BC1B002050
:10335000CC1B002080B500AFFDF74AF9FDF7F6FF62
:103360004FF00060FFF76AFD00BF80BD80B500AF81
:10337000FDF73EF9FDF79EFF4FF08060FFF75EFD21
:1033800000BF80BD80B582B002AF00228C21142026
:1033900007F00DFC0346174A136006F0BFFC034616
:1033A000154A1360FFF7E2FF134B1B680121184613
:1033B00006F0D9FD00230193372300930F4B4FF400
:1033C00080520F490F4808F0E9F80F4A01210F48D1
:1033D00004F00CFB0E490D4804F0C0FB0D4A04211B
:1033E0000A4804F003FB0948FFF732FE00231846A1
:1033F000BD4680BDB81B0020C01B00201431010851
:10340000602E010871320008D12F00089C050020B1
:10341000652E0008F130000880B582B002AF0022AE
:103420008C21142007F0C3FB0346174A136006F0F3
:1034300075FC0346154A1360FFF78CFF134B1B689E
:103440000221184606F08FFD0023019337230093D5
:103450000F4B4FF480520F490F4808F09FF80F4A66
:1034600001210F4804F0C2FA0E490D4804F076FB22
:103470000D4A04210A4804F0B9FA0948FFF7E8FDAB
:1034800000231846BD4680BDBC1B0020C41B002085
:10349000183101086C2E010871320008D12F000884
:1034A00068060020652E0008F130000880B588B05D
:1034B00002AF78600B467B8005233B610E4B18689A
:1034C0003B69009300230122012106F041FCF860D2
:1034D0004FF0FF337B617B881A467968074804F018
:1034E0007BFB0346002B01D100237B617B691846DF
:1034F0001837BD4680BD00BFC01B00209C050020C2
:1035000080B483B000AF7860044A7B681360002306
:1035100018460C37BD4680BC704700BFCC1B00204E
:1035200080B588B002AF7860396005233B610F4BEE
:1035300018683B69009300230122022106F008FC71
:10354000F8604FF0FF337B613B689BB21A467968A5
:10355000074804F041FB0346002B01D100237B61A7
:103560007B6918461837BD4680BD00BFC41B0020CC
:10357000680600200CB480B584B000AF7860396074
:1035800007F11C03FB603968FB68BA6978680DF0C5
:1035900097FB00BF1037BD46BDE8804002B07047C2
:1035A00080B586B002AF7860396007F1080318462D
:1035B0000CF0AAFFBB68B7F90C200092074A102153
:1035C0007868FFF7D7FF7868FCF7DAFD03469AB210
:1035D0003B681A8000BF1037BD4680BD782E0108B9
:1035E0000FB480B584B000AF0023FB80BB1D19462B
:1035F0001148FFF7D5FF07F11C03BB60FB881A4693
:103600000D4BD018BB68BA694FF480710DF058FBB0
:103610000346FB81FA88FB891344FB81FB89194629
:10362000054800F051F9FB8918461037BD46BDE842
:10363000804004B0704700BFD827002080B584B018
:1036400000AFF860B9607A6010220021F8680DF0D0
:1036500003FFFB68BA68DA60FB6800229A60FB68C7
:1036600000225A60FB687A681A60002318461037F7
:10367000BD4680BD80B588B000AFF860B9607A60A3
:10368000FB681A68FB689B68D21AFB685B68134486
:10369000FB617A68FB69934228BF13467B60FB6835
:1036A0009A68FB681B68013B1340BB61FB681A68A2
:1036B000BB69D31A7A68934228BF13467B61FB68C3
:1036C000DA68BB6913447A69B96818460DF0F1FFEE
:1036D0007A687B699A420AD9FB68D868BA687B69BC
:1036E000D1187A687B69D31A1A460DF0E2FFFB689D
:1036F0009A687B681A44FB689A607B681846203792
:10370000BD4680BD80B588B000AFF860B9607A6012
:10371000FB689A68FB685B68D31AFB61FB69002B46
:1037200001D1002334E07A68FB69934228BF134635
:103730007B60FB685A68FB681B68013B1340BB61F8
:10374000FB681A68BB69D31A7A68934228BF13468C
:103750007B61FB68DA68BB6913447A691946B8680B
:103760000DF0A7FF7A687B699A420AD9BA687B692B
:10377000D018FB68D9687A687B69D31A1A460DF0AD
:1037800098FFFB685A687B681A44FB685A607B683C
:1037900018462037BD4680BD80B483B000AF786046
:1037A0007B6800225A607B685A687B689A6000BF19
:1037B0000C37BD4680BC704780B483B000AF7860E2
:1037C0007B689A687B685B68D31A18460C37BD46DD
:1037D00080BC704780B485B000AF7860396000234A
:1037E000FB600023BB6012E0FB681B0223F07F42FA
:1037F000FB681B0CB9687868014409784B4009499B
:1038000051F823305340FB60BB680133BB60BA689A
:103810003B689A42E8DBFB6818461437BD4680BC1B
:10382000704700BF1C31010880B500AF0A4B0B4A3E
:103830001A60094B0A4A9A60074B0A4A5A60064BBB
:10384000094ADA60044B094A1A61094B1B680248AD
:10385000984700BF80BD00BFD828002075380008F9
:1038600081380008A5380008B1380008BD380008C4
:10387000E435010880B400AF00BFBD4680BC70478E
:1038800080B485B000AFF860084611461A4603467A
:103890007B810B463B811346FB7100BF1437BD464D
:1038A00080BC704780B400AF00BFBD4680BC70478D
:1038B00080B400AF00BFBD4680BC704780B400AF8D
:1038C00000BFBD4680BC704780B582B000AF786055
:1038D0000B467B800A4B1B68002B06D17B88194660
:1038E0007868FFF7E3FD034605E07B8819467868B2
:1038F000FFF716FE034618460837BD4680BD00BFD9
:10390000F428002080B584B000AF786039603B684F
:10391000FB600E497A6813469B0013449B000B44DE
:103920000C3302221A700A4A0A49F8680DF000FDA9
:10393000FEF7E2FBFEF74AFFF868FCF721FCB860EF
:10394000BB6818461037BD4680BD00BFF828002070
:10395000842E0108982E010880B590B000AF3B4638
:103960004022002118460DF077FD064B1B681A46D1
:103970003B4619461046FFF7C5FF00BF4037BD461E
:1039800080BD00BFF428002080B584B000AF78600F
:1039900039600D4B1A680D4913469B0013449B0078
:1039A0000B440C3300221A700323FB60FB689BB2AC
:1039B00019460748FFF788FFFEF71CFF002318464B
:1039C0001037BD4680BD00BFF4280020F828002035
:1039D0009C2E010880B584B000AF786039603B68E8
:1039E000FB600422124938680DF04CFD0346002BA1
:1039F0000ED0F868FCF7C4FB0246FB6813440D497F
:103A000018460DF095FCF868FCF7BAFB03460BE08E
:103A10000023BB60084A0949F8680DF089FCF86882
:103A2000FCF7AEFBB860BB6818461037BD4680BDDA
:103A3000A02E0108A82E0108B42E0108BC2E0108F2
:103A400080B586B000AF786039603B687B61FEF777
:103A500073F938613B69DB69FB603B69DB69FB60DB
:103A6000FA68064978690DF063FC7869FCF788FB11
:103A7000034618461837BD4680BD00BFD02E01084A
:103A800080B586B000AF786039603B687B61FEF737
:103A900053F938610023FB6007F10C031A461749FC
:103AA00078690DF067FC0346002B0FDA7869FCF7A4
:103AB00067FB02467B691344114A124918460DF010
:103AC00037FC7869FCF75CFB034612E07869FCF789
:103AD00057FB02467B6913440B4A0A4918460DF00E
:103AE00027FCFB681A463B69DA617869FCF748FBFA
:103AF000034618461837BD4680BD00BFE42E0108B6
:103B0000A82E0108982E0108F42E010880B586B071
:103B100000AF786039603B687B61FEF70DF9386172
:103B20000023FB6007F10C031A46154978690DF074
:103B300021FC0346002B0BDA7869FCF721FB0246D7
:103B40007B6913440F4A104918460DF0F1FB0EE053
:103B5000FB681A463B699A617869FCF711FB0246DB
:103B60007B691344094A084918460DF0E1FB78695E
:103B7000FCF706FB034618461837BD4680BD00BF5C
:103B8000FC2E0108A82E0108982E0108F42E010829
:103B900080B584B000AF786039603B68FB60FEF7A9
:103BA000CBF8B860BB689B691A460649F8680DF007
:103BB000BFFBF868FCF7E4FA034618461037BD4629
:103BC00080BD00BF0C2F010880B586B000AF7860C3
:103BD00039603B687B61FEF7AFF838610023FB601A
:103BE00007F10C031A46154978690DF0C3FB03462B
:103BF000002B0BDA7869FCF7C3FA02467B691344A1
:103C00000F4A104918460DF093FB0EE0FB681A4668
:103C10003B69DA657869FCF7B3FA02467B691344BD
:103C2000094A084918460DF083FB7869FCF7A8FAA1
:103C3000034618461837BD4680BD00BF202F010837
:103C4000A82E0108982E0108F42E010880B584B032
:103C500000AF78603960FEF76FF8F8603B68BB60D2
:103C6000FB68DB6D1A460649B8680DF061FBB86861
:103C7000FCF786FA034618461037BD4680BD00BFE4
:103C80002C2F010880B58AB002AF786039603B689C
:103C9000FB61FEF751F8B86107F10C0107F114025E
:103CA00007F10803019307F1100300930B46204925
:103CB000F8690DF05FFB0346002B0BDAF869FCF79F
:103CC0005FFA0246FB6913441A4A1B4918460DF075
:103CD0002FFB24E07B69194A03FB02F2FB684FF4D7
:103CE0007A7101FB03F313441A46BB699A643B697A
:103CF000124A03FB02F2BB684FF47A7101FB03F333
:103D000013441A46BB69DA64F869FCF739FA0246CB
:103D1000FB6913440A4A084918460DF009FBF86983
:103D2000FCF72EFA034618462037BD4680BD00BF7B
:103D3000402F0108A82E0108982E010840420F00CC
:103D4000F42E0108B0B586B002AF78603960FDF797
:103D5000F3FFF8603B68BB60FB689B6C1C4AA2FBEE
:103D600003239B0C1C46FB689A6C194BA3FB0213A4
:103D70009B0C184901FB03F3D31A174AA2FB032338
:103D80009B091D46FB68DB6C114AA2FB03239B0CBD
:103D90001846FB68DA6C0E4BA3FB02139B0C0D4913
:103DA00001FB03F3D31A0C4AA2FB03239B090193E3
:103DB00000902B4622460949B8680DF0B9FAB86858
:103DC000FCF7DEF9034618461037BD46B0BD00BF0C
:103DD00083DE1B4340420F00D34D62105C2F01086D
:103DE00080B586B000AF786039603B687B61FDF7D5
:103DF000A3FF38614FF4FA73BB604FF4FA73FB60B2
:103E000007F1080307F10802164978690DF0B2FAC4
:103E10000346002B0BDA7869FCF7B2F902467B699E
:103E20001344114A114918460DF082FA11E0BB689B
:103E30001A463B699A62FA683B69DA627869FCF76C
:103E40009FF902467B691344094A084918460DF058
:103E50006FFA7869FCF794F9034618461837BD469F
:103E600080BD00BF7C2F0108A82E0108982E0108F4
:103E7000F42E010880B584B000AF78603960FDF79A
:103E80005BFFF8603B68BB60FB689A6AFB68DB6AB3
:103E90000549B8680DF04CFAB868FCF771F90346AB
:103EA00018461037BD4680BD8C2F010880B586B0FE
:103EB00000AF786039603B687B61FDF73DFF38619A
:103EC00007F10C031A46154978690DF053FA0346B9
:103ED000002B0BDA7869FCF753F902467B6913442F
:103EE0000F4A104918460DF023FA0EE0FB681A46F7
:103EF0003B691A637869FCF743F902467B6913440E
:103F0000094A084918460DF013FA7869FCF738F9A0
:103F1000034618461837BD4680BD00BFA42F0108D0
:103F2000A82E0108982E0108F42E010880B584B04F
:103F300000AF78603960FDF7FFFEF8603B68BB605A
:103F4000FB681B6B1A460649B8680DF0F1F9B868B2
:103F5000FCF716F9034618461037BD4680BD00BF72
:103F6000B02F010880B58AB000AFB9607B6003460E
:103F7000FB731346BB7300237B62FA7B13469B00E3
:103F800013449B00344A13443B623B6A1B69FB6148
:103F90000023BB613B6A1B7B022B17D12F49B868FA
:103FA0000DF090FA0346002B0ED03B6A00229A6077
:103FB0003B6A5B681A460021F8690DF04DFAFB7BFD
:103FC000F9691846FFF7E0FC002340E0BA7B3B6A42
:103FD0009B681A443B6A5B689A420BD93B6A002291
:103FE0009A603B6A5B681A460021F8690DF034FA62
:103FF00000232CE03B6A1A693B6A9B681344BA7B36
:10400000B96818460DF055FB3B6A9B685A003B6A3D
:104010009A601349F8690DF055FAB8611149F869C9
:104020000DF050FA78617B69002B0FD0BB69002B33
:104030000CD07A69BB69D31A02337B623B6A0022D7
:104040009A607B68BA691A607B6A00E000231846B0
:104050002837BD4680BD00BFF82800209C2E0108EF
:10406000C42F0108C82F010880B485B000AF0346F3
:10407000B9607A60FB73BB68002B37D07B687F2BFD
:1040800034D9FA7B1C4913469B0013449B000B4414
:104090001033BA681A60FA7B174913469B00134421
:1040A0009B000B4404337A681A60FA7B124913466A
:1040B0009B0013449B000B440C3300221A70FA7BC4
:1040C0000D4913469B0013449B000B4400221A60C9
:1040D000FA7B094913469B0013449B000B440833A9
:1040E00000221A60FB7B054A136000E000BF143712
:1040F000BD4680BC704700BFF8280020F42800208F
:1041000080B588B000AFF860B9607A603B6000238A
:10411000FB6100237B613B683B617B68402B02D9DC
:104120004FF0FF3389E00023BB6181E04549BA6964
:1041300013469B0013449B000B441B78002B74D048
:10414000BA6913469B0013449B003E4A1344013353
:104150001946B8680DF0B6F978617B69002B64D018
:104160008022002138690DF077F97A68B9683869DA
:104170000DF09FFA3F21B8680DF076F90346002B49
:1041800022D03049BA6913469B0013449B000B446C
:1041900010331B68002B48D02A49BA6913469B008C
:1041A00013449B000B4410331B683969F868984727
:1041B0000346FB61FB69002B37DDFB699BB21946A7
:1041C0003869FFF781FB30E01E49BA6913469B004E
:1041D00013449B000B440C331B68002B17D0194968
:1041E000BA6913469B0013449B000B440C331B68B5
:1041F0003969F86898470346FB61FB69002B14DDB9
:10420000FB699BB219463869FFF75EFB0DE0BA699E
:104210000D4938690DF08CF83869FBF7B1FF03469A
:104220009BB219463869FFF74FFBBB690133BB618D
:10423000BB69082B7FF77AAFFB6918462037BD466C
:1042400080BD00BF00000020CC2F010880B586B0E3
:1042500000AF78600B467B8000237B6100233B61CD
:104260000023FB60194B1B68002B29DB174B1B68D5
:10427000D8B27B88DAB207F10C037968FFF772FED7
:1042800003463B613B69002B1ADD3B69802B17DC41
:10429000802200210E480DF0DFF8802200210D4819
:1042A0000DF0DAF8FB683A69194609480DF001FA91
:1042B000064B1B6818463A69064B0549FFF720FF75
:1042C0007B6918461837BD4680BD00BFF428002022
:1042D00020290020A429002080B582B000AF00234F
:1042E000FB710D4B1A680D4913469B0013449B004C
:1042F0000B440C331B78022B08D1FDF71DFD3860F1
:104300003B68DB69002B01D10123FB71FB79184667
:104310000837BD4680BD00BFF4280020F8280020E3
:1043200080B500AF05F0ECFA0346184680BD80B5B5
:1043300082B000AF0346FB71FB79184605F020FB05
:10434000034618460837BD4680BD80B500AF05F06E
:1043500077FB0346184680BD80B500AF05F077FBBC
:104360000346184680BD80B500AF05F077FB0346D5
:10437000184680BD80B582B000AF0346FB71FB7963
:10438000184605F072FB034618460837BD4680BD47
:1043900080B400AF00BFBD4680BC704780B400AFA2
:1043A000044B5B68034A23F00103536000BFBD4622
:1043B00080BC7047002004E080B400AF044B5B6811
:1043C000034A23F00203536000BFBD4680BC704720
:1043D000002004E080B400AF044B5B68034A23F084
:1043E0000403536000BFBD4680BC7047002004E05A
:1043F00080B582B000AF0023FB71032000F0D4F839
:1044000001F02AFF0346094A13600F20FCF7D6FB90
:104410000346002B02D00123FB7101E0FCF7A2FA56
:10442000FB7918460837BD4680BD00BFB4000020A8
:1044300080B500AFFFF7B2FF00BF80BD80B500AF11
:10444000FFF7BAFF00BF80BD80B500AFFFF7C2FF26
:1044500000BF80BD80B485B000AF78607B6803F09A
:104460000703FB600C4BDB68BB60BA684FF6FF03C9
:104470001340BB60FB681A02BB68134343F0BF6381
:1044800043F40033BB60044ABB68D36000BF1437F9
:10449000BD4680BC704700BF00ED00E080B400AFB7
:1044A000044BDB681B0A03F007031846BD4680BCBB
:1044B000704700BF00ED00E080B483B000AF03465A
:1044C000FB7197F90730002B0BDBFB7903F01F0220
:1044D000064997F907305B09012000FA02F241F81A
:1044E000232000BF0C37BD4680BC704700E100E0D0
:1044F00080B483B000AF03463960FB7197F9073091
:10450000002B0ADB3B68DAB20C4997F9073012013D
:10451000D2B20B4483F800230AE03B68DAB20849C0
:10452000FB7903F00F03043B1201D2B20B441A765D
:1045300000BF0C37BD4680BC704700BF00E100E003
:1045400000ED00E080B489B000AFF860B9607A6037
:10455000FB6803F00703FB61FB69C3F10703042B4E
:1045600028BF0423BB61FB690433062B02D9FB6916
:10457000033B00E000237B614FF0FF32BB6902FA8E
:1045800003F3DA43BB681A407B699A404FF0FF316E
:104590007B6901FA03F3D9437B680B401343184648
:1045A0002437BD4680BC704780B582B000AF7860CC
:1045B0007868FFF74FFF00BF0837BD4680BD80B564
:1045C00086B000AF0346B9607A60FB73FFF766FF01
:1045D00078617A68B9687869FFF7B4FF024697F99D
:1045E0000F3011461846FFF783FF00BF1837BD464E
:1045F00080BD80B582B000AF0346FB7197F90730EC
:104600001846FFF759FF00BF0837BD4680BD0000C0
:1046100080B582B000AF78607B68002B01D10123A8
:104620008EE07B681B681A46474B9A420FD87B681E
:104630001B681A46454B1344454AA2FB03231B093A
:104640009A007B685A647B68424A1A640EE07B6871
:104650001B681A46404B13443D4AA2FB03231B0927
:104660009A007B685A647B683C4A1A647B68022221
:1046700083F825207B681B681B687A68126823F41E
:10468000FF4323F0700313607B681B6819687B6825
:104690009A687B68DB681A437B681B691A437B68EE
:1046A0005B691A437B689B691A437B68DB691A4321
:1046B0007B681B6A1A437B681B680A431A60786828
:1046C00000F08EFA7B689B68B3F5804F02D17B685F
:1046D00000225A607B685A687B689B6C02F07F02FC
:1046E0001A607B68DB6C7A68126D5A607B685B6865
:1046F000002B10D07B685B68042B0CD8786800F026
:10470000B7FA7B685B6D00221A607B689B6D7A68E4
:10471000D26D5A6008E07B6800225A657B680022EF
:104720009A657B680022DA657B680022DA637B6821
:10473000012283F825207B68002283F824200023AF
:1047400018460837BD4680BD07040240F8FFFDBF8C
:10475000CDCCCCCC00000240F8FBFDBF00040240F1
:1047600080B586B000AFF860B9607A603B60002326
:10477000FB75FB6893F82430012B01D1022369E01B
:10478000FB68012283F82420FB6893F82530DBB214
:10479000012B55D1FB68022283F82520FB680022FB
:1047A000DA63FB681B681A68FB681B6822F0010269
:1047B0001A603B687A68B968F86800F0D3F9FB685A
:1047C0001B6B002B08D0FB681B681A68FB681B6812
:1047D00042F00E021A600FE0FB681B681A68FB6863
:1047E0001B6822F004021A60FB681B681A68FB68E9
:1047F0001B6842F00A021A60FB689B6C1B6803F49A
:104800008033002B07D0FB689B6C1A68FB689B6C9D
:1048100042F480721A60FB685B6D002B07D0FB6866
:104820005B6D1A68FB685B6D42F480721A60FB680E
:104830001B681A68FB681B6842F001021A6008E0F6
:10484000FB688022DA63FB68002283F824200123BE
:10485000FB75FB7D18461837BD4680BD80B483B01C
:1048600000AF78607B68002B01D101234FE07B68AB
:1048700093F82530DBB2022B08D07B680422DA6380
:104880007B68002283F82420012340E07B681B68BA
:104890001A687B681B6822F00E021A607B689B6CAA
:1048A0001A687B689B6C22F480721A607B681B68B4
:1048B0001A687B681B6822F001021A607B685B6CD7
:1048C00003F01C027B681B6C012101FA02F25A60A2
:1048D0007B68DB6C7A68126D5A607B685B6D002BBD
:1048E0000CD07B685B6D1A687B685B6D22F480720C
:1048F0001A607B689B6D7A68D26D5A607B68012272
:1049000083F825207B68002283F8242000231846A2
:104910000C37BD4680BC704780B584B000AF78606E
:104920000023FB737B6893F82530DBB2022B05D0A4
:104930007B680422DA630123FB7347E07B681B6812
:104940001A687B681B6822F00E021A607B681B687D
:104950001A687B681B6822F001021A607B689B6CF6
:104960001A687B689B6C22F480721A607B685B6CAF
:1049700003F01C027B681B6C012101FA02F25A60F1
:104980007B68DB6C7A68126D5A607B685B6D002B0C
:104990000CD07B685B6D1A687B685B6D22F480725B
:1049A0001A607B689B6D7A68D26D5A607B680122C1
:1049B00083F825207B68002283F824207B689B6B8A
:1049C000002B03D07B689B6B78689847FB7B18466D
:1049D0001037BD4680BD000080B584B000AF786060
:1049E0007B681B6C1B68FB607B681B681B68BB607B
:1049F0007B685B6C03F01C0304229A40FB68134045
:104A0000002B27D0BB6803F00403002B22D07B6867
:104A10001B681B6803F02003002B07D17B681B6811
:104A20001A687B681B6822F004021A607B685B6C62
:104A300003F01C027B681B6C042101FA02F25A602D
:104A40007B681B6B002B00F081807B681B6B786898
:104A500098477BE07B685B6C03F01C0302229A4062
:104A6000FB681340002B3DD0BB6803F00203002B12
:104A700038D07B681B681B6803F02003002B0BD128
:104A80007B681B681A687B681B6822F00A021A6040
:104A90007B68012283F825207B681B681A462E4B11
:104AA0009A4209D97B685B6C03F01C032B4A0221F4
:104AB00001FA03F3536008E07B685B6C03F01C03AE
:104AC000274A022101FA03F353607B68002283F82E
:104AD00024207B68DB6A002B38D07B68DB6A78682F
:104AE000984733E07B685B6C03F01C0308229A4014
:104AF000FB681340002B2AD0BB6803F00803002B8F
:104B000025D07B681B681A687B681B6822F00E0240
:104B10001A607B685B6C03F01C027B681B6C0121D4
:104B200001FA02F25A607B680122DA637B68012293
:104B300083F825207B68002283F824207B685B6B48
:104B4000002B04D07B685B6B7868984700BF00BF80
:104B50001037BD4680BD00BF800002400004024007
:104B60000000024080B485B000AFF860B9607A60A0
:104B70003B60FB68DB6CFA68126D5A60FB685B6D2A
:104B8000002B04D0FB689B6DFA68D26D5A60FB68FD
:104B90005B6C03F01C02FB681B6C012101FA02F242
:104BA0005A60FB681B683A685A60FB689B68102B68
:104BB00008D1FB681B687A689A60FB681B68BA6852
:104BC000DA6007E0FB681B68BA689A60FB681B68DC
:104BD0007A68DA6000BF1437BD4680BC70470000B9
:104BE00080B485B000AF78607B681B681A461C4BA8
:104BF0009A4213D87B685B6C9B089B0003F180434F
:104C000003F502337A6893647B681B68DBB2083B68
:104C1000144AA2FB03231B09FB6011E07B685B6C59
:104C20009B089A00104B13447A6893647B681B6856
:104C3000DBB2083B0B4AA2FB03231B090733FB60D3
:104C40007B680A4ADA64FB6803F01F0301229A407A
:104C50007B681A6500BF1437BD4680BC704700BF33
:104C600007040240CDCCCCCC1C0802408008024096
:104C700080B485B000AF78607B685B6803F07F0329
:104C8000FB60FA680A4B13449B001A467B685A651E
:104C90007B68084A9A65FB68013B03F00303012225
:104CA0009A407B68DA6500BF1437BD4680BC704708
:104CB0003F8200104009024080B586B000AFF86026
:104CC000B960C7E900231C4B1B78012B01D10223DB
:104CD0002DE0194B01221A70174B00225A604FF435
:104CE0007A7000F073F80346FB75FB7D002B1AD138
:104CF000FB68012B05D1D7E90023B86800F0C8F89C
:104D000004E03B681946B86800F0E8F84FF47A70A0
:104D100000F05CF80346FB75084B5A69FB68DB43FF
:104D2000064913404B61044B00221A70FB7D184664
:104D30001837BD4680BD00BF282A0020004000581B
:104D400080B483B000AF0023FB710B4B5B69002B79
:104D50000BDA094B094A9A60074B094A9A60064BDD
:104D60005B69002B01DA0123FB71FB7918460C37D4
:104D7000BD4680BC704700BF004000582301674516
:104D8000AB89EFCD80B483B000AF0023FB71094B3A
:104D90005B69084A43F000435361064B5B69002B93
:104DA00001DB0123FB71FB7918460C37BD4680BC43
:104DB000704700BF0040005880B400AF024B5B68F2
:104DC0001846BD4680BC7047282A002080B584B0B4
:104DD00000AF7860FBF7FCFEF86009E0FBF7F8FE37
:104DE0000246FB68D31A7A689A4201D8032346E048
:104DF000254B1B6903F48033B3F5803FEED0224B83
:104E00001B69BB60BB6803F00103002B02D01E4B83
:104E100001221A61BA684CF2FA331340BB60BB68D6
:104E2000B3F1804F07D3184B9A69BB6803F0404336
:104E3000154913438B61BB6823F04043002B04D01A
:104E4000114ABB6823F040431361BB68002B0ED0AE
:104E50000E4ABB685360012311E0FBF7B9FE02461E
:104E6000FB68D31A7A689A4201D8032307E0064BFD
:104E70001B6903F48023B3F5802FEED0002318467E
:104E80001037BD4680BD00BF00400058282A0020D2
:104E900080B485B000AFF860C7E900230E4B5B69B2
:104EA0000D4A43F001035361FB683A681A60BFF38F
:104EB0006F8F00BFD7E900014FF000024FF00003F1
:104EC0000A000023F968043113460B6000BF143751
:104ED000BD4680BC704700BF0040005880B489B018
:104EE00000AF786039604023FB777B68BB613B682B
:104EF0007B61184B5B69174A43F480235361EFF3DE
:104F00001083FB60FB683B6172B600BF7B691A6867
:104F1000BB691A60BB690433BB617B6904337B6185
:104F2000FB7F013BFB77FB7F002BEFD100BF094BE1
:104F30001B6903F48033B3F5803FF8D03B69BB6055
:104F4000BB6883F3108800BF00BF2437BD4680BC18
:104F5000704700BF0040005880B483B000AF786055
:104F6000084B5B6923F47E727B68DB001343054AC0
:104F700043F4803343F00203536100BF0C37BD4656
:104F800080BC70470040005880B487B000AF7860A4
:104F9000396000237B6140E13B681A6801217B692D
:104FA00001FA03F31340FB60FB68002B00F0328131
:104FB0003B685B6803F00303012B05D03B685B682B
:104FC00003F00303022B30D17B689B683B617B6954
:104FD0005B00032202FA03F3DB433A6913403B61AF
:104FE0003B68DA687B695B0002FA03F33A691343B2
:104FF0003B617B683A699A607B685B683B61012230
:105000007B6902FA03F3DB433A6913403B613B6877
:105010005B681B0903F001027B6902FA03F33A693A
:1050200013433B617B683A695A603B685B6803F0F5
:105030000303032B17D07B68DB683B617B695B0054
:10504000032202FA03F3DB433A6913403B613B68F6
:105050009A687B695B0002FA03F33A6913433B6188
:105060007B683A69DA603B685B6803F00303022BF4
:1050700023D17B69DA087B68083253F822303B6120
:105080007B6903F007039B000F2202FA03F3DB4363
:105090003A6913403B613B681A697B6903F0070377
:1050A0009B0002FA03F33A6913433B617B69DA0818
:1050B0007B680832396943F822107B681B683B61C2
:1050C0007B695B00032202FA03F3DB433A69134076
:1050D0003B613B685B6803F003027B695B0002FA9B
:1050E00003F33A6913433B617B683A691A603B6892
:1050F0005B6803F44033002B00F08C804E4A7B69E0
:105100009B08023352F823303B617B6903F00303B1
:105110009B00072202FA03F3DB433A6913403B6129
:105120007B68B3F1904F0DD07B68444A934207D01F
:105130007B68434A934201D1022304E0072302E043
:10514000012300E000237A6902F0030292009340F9
:105150003A6913433B6138497B699B0802333A69DA
:1051600041F82320374B1B683B61FB68DB433A69FE
:1051700013403B613B685B6803F48013002B03D052
:105180003A69FB6813433B612E4A3B6913602D4B20
:105190005B683B61FB68DB433A6913403B613B68FA
:1051A0005B6803F40013002B03D03A69FB681343D8
:1051B0003B61244A3B695360224BD3F880303B610A
:1051C000FB68DB433A6913403B613B685B6803F46F
:1051D0008033002B03D03A69FB6813433B61194AC3
:1051E0003B69C2F88030174BD3F884303B61FB68D1
:1051F000DB433A6913403B613B685B6803F400336F
:10520000002B03D03A69FB6813433B610D4A3B69AD
:10521000C2F884307B6901337B613B681A687B6923
:1052200022FA03F3002B7FF4B7AE00BF00BF1C3798
:10523000BD4680BC704700BF00000140000400482C
:10524000000800480008005880B483B000AF7860C0
:105250000B467B8013467B707B78002B03D07A88CB
:105260007B689A6102E07A887B689A6200BF0C379B
:10527000BD4680BC7047000080B400AF044B1B6883
:10528000034A43F48073136000BFBD4680BC70477F
:105290000004005880B400AF034B1B6803F4C063E4
:1052A0001846BD4680BC70470004005880B400AF6B
:1052B000064B1B6803F48073B3F5807F01D1012393
:1052C00000E000231846BD4680BC7047000400582B
:1052D00080B400AF4FF0B0431B684FF0B04243F4CE
:1052E0000013136000BFBD4680BC704780B400AFA0
:1052F0004FF0B0431B684FF0B04223F4001313602B
:1053000000BFBD4680BC704780B400AF4FF0B043D3
:105310001B6803F48013B3F5801F01D1012300E063
:1053200000231846BD4680BC704780B400AF4FF0E4
:10533000B0431B684FF0B04243F48033136000BFAA
:10534000BD4680BC704780B400AF4FF0B0431B68CF
:105350004FF0B04223F48033136000BFBD4680BCE1
:10536000704780B400AF4FF0B0431B6803F40033C4
:10537000B3F5003F01D1012300E000231846BD46EC
:1053800080BC704780B400AF4FF0B0431B684FF053
:10539000B04243F48073136000BFBD4680BC7047C9
:1053A00080B400AF4FF0B0431B684FF0B04223F41D
:1053B0008073136000BFBD4680BC704780B400AFEF
:1053C0004FF0B0431B6803F48063B3F5806F01D1E5
:1053D000012300E000231846BD4680BC704780B41E
:1053E00083B000AF78604FF0B0435B6823F0FE42BB
:1053F0007B681B064FF0B04113434B6000BF0C3776
:10540000BD4680BC704780B400AF4FF0B043D3F8C6
:10541000903003F00203022B01D1012300E00023AE
:105420001846BD4680BC704780B400AF4FF0B04313
:10543000D3F894304FF0B04243F00103C2F89430F7
:1054400000BFBD4680BC704780B400AF4FF0B04392
:10545000D3F894304FF0B04223F00103C2F89430F7
:1054600000BFBD4680BC704780B400AF4FF0B04372
:10547000D3F8943003F00203022B01D1012300E0A2
:1054800000231846BD4680BC704780B400AF4FF083
:10549000B0431B684FF0B04243F00103136000BFFC
:1054A000BD4680BC704780B400AF4FF0B0431B686E
:1054B0004FF0B04223F00103136000BFBD4680BC33
:1054C000704780B400AF4FF0B0431B6803F0020395
:1054D000022B01D1012300E000231846BD4680BC09
:1054E000704780B400AF4FF0B0431B6803F008036F
:1054F000082B01D1012300E000231846BD4680BCE3
:10550000704780B400AF4FF0B0431B6803F0F00366
:105510001846BD4680BC704780B400AF4FF0B04322
:10552000D3F8943003F470631846BD4680BC7047CE
:1055300080B483B000AF78604FF0B0435B6823F471
:105540007F427B681B024FF0B04113434B6000BFAA
:105550000C37BD4680BC704780B483B000AF786024
:105560004FF0B0439B6823F003024FF0B0417B68DB
:1055700013438B6000BF0C37BD4680BC704780B4BE
:1055800000AF4FF0B0439B6803F00C031846BD46D4
:1055900080BC704780B483B000AF78604FF0B043F8
:1055A0009B6823F0F0024FF0B0417B6813438B609F
:1055B00000BF0C37BD4680BC704780B483B000AFDD
:1055C00078604FF0B043D3F8083123F00F027B68C6
:1055D0001B094FF0B0411343C1F8083100BF0C372D
:1055E000BD4680BC704780B483B000AF78604FF098
:1055F000B0439B6823F4E0624FF0B0417B681343F3
:105600008B6000BF0C37BD4680BC704780B483B050
:1056100000AF78604FF0B0439B6823F460524FF0C6
:10562000B0417B6813438B6000BF0C37BD4680BC24
:10563000704780B400AF4FF0B0439B6803F0F003B5
:105640001846BD4680BC704780B400AF4FF0B043F1
:10565000D3F808311B0103F0F0031846BD4680BCA7
:10566000704780B400AF4FF0B0439B6803F4E06331
:105670001846BD4680BC704780B400AF4FF0B043C1
:105680009B6803F460531846BD4680BC704780B4E5
:1056900000AF4FF0B0431B684FF0B04243F080734F
:1056A000136000BFBD4680BC704780B400AF4FF0B0
:1056B000B0431B684FF0B04223F08073136000BF0B
:1056C000BD4680BC704780B400AF4FF0B0431B684C
:1056D00003F00073B3F1007F01D1012300E0002348
:1056E0001846BD4680BC704780B400AF4FF0B04351
:1056F000DB681B0A03F07F031846BD4680BC704779
:1057000080B400AF4FF0B043DB6803F0604318464D
:10571000BD4680BC704780B400AF4FF0B043DB683B
:1057200003F070031846BD4680BC704780B400AFDC
:105730004FF0B043DB6803F003031846BD4680BC5E
:10574000704780B400AF4FF0B0439B6803F48033E0
:10575000B3F5803F01D1012300E000231846BD4688
:1057600080BC704780B400AF4FF0B043D3F808312D
:1057700003F48033B3F5803F01D1012300E000231F
:105780001846BD4680BC704780B400AF4FF0B043B0
:105790009B6803F40033B3F5003F01D1012300E01F
:1057A00000231846BD4680BC704780B400AF4FF060
:1057B000B0439B6803F48023B3F5802F01D101230C
:1057C00000E000231846BD4680BC704780B588B015
:1057D00000AF78607B68002B01D101236FE3FFF7F6
:1057E000CEFEF861FFF7A2FFB8617B681B6803F08B
:1057F0002003002B00F0C480FB69002B05D0FB695F
:105800000C2B76D1BB69012B73D17B681B6A002BF3
:1058100001D1012353E37B689A6A4FF0B0431B68C0
:1058200003F00803002B05D04FF0B0431B6803F0D2
:10583000F00306E04FF0B043D3F894301B0903F0B7
:10584000F003934222D27B689B6A184600F03CFD2D
:105850000346002B01D0012331E34FF0B0431B6816
:105860004FF0B04243F0080313604FF0B0431B68A1
:1058700023F0F0027B689B6A4FF0B04113430B604A
:105880007B685B6A1846FFF753FE21E04FF0B04398
:105890001B684FF0B04243F0080313604FF0B04371
:1058A0001B6823F0F0027B689B6A4FF0B041134302
:1058B0000B607B685B6A1846FFF73AFE7B689B6A61
:1058C000184600F001FD0346002B01D00123F6E24B
:1058D00000F0C2FC0346A74A1360A74B1B6818469A
:1058E000FBF76CF90346FB74FB7C002B47D0FB7C79
:1058F000E5E27B681B6A002B2CD0FFF7C6FDFBF7A7
:1059000067F9786108E0FBF763F902467B69D31A0F
:10591000022B01D90323D2E2FFF7D3FD0346002B6C
:10592000F1D04FF0B0431B684FF0B04243F0080392
:1059300013604FF0B0431B6823F0F0027B689B6A52
:105940004FF0B04113430B607B685B6A1846FFF76A
:10595000EFFD15E0FFF7A7FDFBF73AF9786108E0E6
:10596000FBF736F902467B69D31A022B01D90323D0
:10597000A5E2FFF7A6FD0346002BF1D100E000BF32
:105980007B681B6803F00103002B58D0FB69082BD0
:1059900005D0FB690C2B08D1BB69032B05D17B68B3
:1059A0005B68002B4BD1012389E24FF0B0431B68A9
:1059B00023F480127B689B684FF0B04113430B6067
:1059C0007B685B68B3F5803F02D1FFF7AEFC0DE06A
:1059D0007B685B68B3F5041F04D1FFF779FCFFF720
:1059E000A4FC03E0FFF7AFFCFFF780FC7B685B687B
:1059F000002B12D0FBF7ECF8786108E0FBF7E8F831
:105A000002467B69D31A642B01D9032357E2FFF7BF
:105A1000A8FC0346002BF1D011E0FBF7D9F8786120
:105A200008E0FBF7D5F802467B69D31A642B01D94D
:105A3000032344E2FFF795FC0346002BF1D17B687A
:105A40001B6803F00203002B46D0FB69042B05D032
:105A5000FB690C2B0ED1BB69022B0BD17B681B6938
:105A6000002B01D101232AE27B685B691846FFF70E
:105A7000B6FC31E07B681B69002B19D0FFF782FC74
:105A8000FBF7A6F8786108E0FBF7A2F802467B690D
:105A9000D31A022B01D9032311E2FFF78FFC03462F
:105AA000002BF1D07B685B691846FFF798FC13E088
:105AB000FFF776FCFBF78CF8786108E0FBF788F8D5
:105AC00002467B69D31A022B01D90323F7E1FFF7C2
:105AD00075FC0346002BF1D17B681B6803F00803BB
:105AE000002B6ED07B689B69002B56D04FF0B043E3
:105AF000D3F89430FB607B68DA69FB6803F010032D
:105B00009A4231D0FB6803F00203002B06D0FB68F9
:105B100003F00103002B01D10123D0E1FB6803F066
:105B20000103002B13D0FFF78FFCFBF751F87861CE
:105B300008E0FBF74DF802467B69D31A112B01D917
:105B40000323BCE1FFF790FC0346002BF1D14FF09B
:105B5000B043D3F8943023F010027B68DB694FF038
:105B6000B0411343C1F89430FFF75EFCFBF730F807
:105B700078610CE0B4000020B8000020FBF728F8A2
:105B800002467B69D31A112B01D9032397E1FFF752
:105B90006BFC0346002BF1D013E0FFF755FCFBF73D
:105BA00017F8786108E0FBF713F802467B69D31A0F
:105BB000112B01D9032382E1FFF756FC0346002B8A
:105BC000F1D17B681B6803F00403002B00F0D88040
:105BD000FFF76CFB0346002B13D1FFF74DFBFAF7E1
:105BE000F7FF786108E0FAF7F3FF02467B69D31A02
:105BF000022B01D9032362E1FFF758FB0346002B78
:105C0000F1D07B68DB68002B7BD07B68DB68852B61
:105C100003D07B68DB68052B09D14FF0B043D3F884
:105C200090304FF0B04243F00403C2F89030FAF7DE
:105C3000CFFF78614FF0B043D3F890304FF0B042CF
:105C400043F00103C2F890300AE0FAF7C1FF0246C0
:105C50007B69D31A41F28832934201D903232EE1A2
:105C6000FFF7D1FB0346002BEFD07B68DB68812B6D
:105C700003D07B68DB68852B21D1FAF7A9FF786117
:105C80004FF0B043D3F890304FF0B04243F0800370
:105C9000C2F890300AE0FAF79BFF02467B69D31AFC
:105CA00041F28832934201D9032308E14FF0B04317
:105CB000D3F8903003F40063002BECD060E0FAF7E7
:105CC00087FF78614FF0B043D3F890304FF0B04287
:105CD00023F08003C2F890300AE0FAF779FF024619
:105CE0007B69D31A41F28832934201D90323E6E05B
:105CF0004FF0B043D3F8903003F40063002BECD1A5
:105D00003EE0FAF765FF78614FF0B043D3F890308A
:105D10004FF0B04223F08003C2F890300AE0FAF767
:105D200057FF02467B69D31A41F28832934201D968
:105D30000323C4E04FF0B043D3F8903003F4006382
:105D4000002BECD1FAF744FF78614FF0B043D3F861
:105D500090304FF0B04223F00103C2F890300AE0D7
:105D6000FAF736FF02467B69D31A41F28832934232
:105D700001D90323A3E0FFF746FB0346002BEFD135
:105D80007B68DB6A002B00F09980FB690C2B6CD0E0
:105D90007B68DB6A022B4BD1FFF787FCFAF718FF11
:105DA000786108E0FAF714FF02467B69D31A0A2BE0
:105DB00001D9032383E0FFF786FC0346002BF1D1D2
:105DC0004FF0B043DA68404B13407A68116B7A6841
:105DD000526B11437A68926B120211437A68D26B4C
:105DE00011437A68126C11437A68526C0A434FF07F
:105DF000B0411343CB60FFF74AFC4FF0B043DB6880
:105E00004FF0B04243F08053D360FAF7E1FE78617F
:105E100008E0FAF7DDFE02467B69D31A0A2B01D9A6
:105E200003234CE0FFF74FFC0346002BF1D045E085
:105E3000FFF73BFCFAF7CCFE786108E0FAF7C8FE02
:105E400002467B69D31A0A2B01D9032337E0FFF7F7
:105E50003AFC0346002BF1D14FF0B043DA684FF023
:105E6000B0411A4B1340CB6028E07B68DB6A012B02
:105E700001D1012323E04FF0B043DB68BB61BB6974
:105E800003F003027B681B6B9A4215D1BB6903F0D8
:105E900070027B685B6B9A420ED1BB6903F4FE42D1
:105EA0007B689B6B1B029A4206D1BB6903F0604280
:105EB0007B685B6C9A4201D0012300E00023184606
:105EC0002037BD4680BD00BF8C80C111FCFFFEEEB7
:105ED00080B584B000AF786039607B68002B01D159
:105EE00001230FE1894B1B6803F007033A689A42CC
:105EF0001BD9864B1B6823F0070284493B68134378
:105F00000B60FAF765FEF86008E0FAF761FE0246FA
:105F1000FB68D31A022B01D90323F3E07B4B1B68E8
:105F200003F007033A689A42EFD17B681B6803F0DD
:105F30000203002B16D07B689B681846FFF72AFBEC
:105F4000FAF746FEF86008E0FAF742FE0246FB6800
:105F5000D31A022B01D90323D4E0FFF7F2FB034647
:105F6000002BF1D07B681B6803F04003002B16D098
:105F70007B685B691846FFF720FBFAF729FEF8609B
:105F800008E0FAF725FE0246FB68D31A022B01D976
:105F90000323B7E0FFF7E6FB0346002BF1D07B6855
:105FA0001B6803F00403002B16D07B68DB681846DF
:105FB000FFF719FBFAF70CFEF86008E0FAF708FEA5
:105FC0000246FB68D31A022B01D903239AE0FFF79C
:105FD000DBFB0346002BF1D07B681B6803F0080352
:105FE000002B17D07B681B69DB001846FFF70EFB00
:105FF000FAF7EEFDF86008E0FAF7EAFD0246FB6802
:10600000D31A022B01D903237CE0FFF7CEFB034612
:10601000002BF1D07B681B6803F00103002B43D0F9
:106020007B685B68022B06D1FFF79BF90346002BC8
:106030001ED1012366E07B685B68032B06D1FFF766
:1060400042FB0346002B13D101235BE07B685B68B6
:10605000002B06D1FFF735FA0346002B08D10123A8
:1060600050E0FFF7ABF90346002B01D1012349E0D3
:106070007B685B681846FFF76FFAFAF7A9FDF860CE
:106080000AE0FAF7A5FD0246FB68D31A41F288320E
:10609000934201D9032335E0FFF771FA02467B688A
:1060A0005B689B009A42ECD1184B1B6803F0070316
:1060B0003A689A421BD2154B1B6823F0070213491A
:1060C0003B6813430B60FAF783FDF86008E0FAF7CA
:1060D0007FFD0246FB68D31A022B01D9032311E08E
:1060E0000A4B1B6803F007033A689A42EFD100F0AD
:1060F000B3F80346064A1360064B1B681846FAF7C6
:106100005DFD034618461037BD4680BD004000586F
:10611000B4000020B800002090B587B000AF002385
:106120007B6100233B61FFF72AFAB860FFF7FEFAB4
:106130007860BB68002B05D0BB680C2B39D17B681D
:10614000012B36D1FFF7CDF90346002B15D1FFF710
:10615000C8F90346012B06D1FFF7D3F903461B0A02
:1061600003F00F0305E0FFF7D7F903461B0A03F01E
:106170000F03364A52F8233014E0FFF7B2F9034612
:10618000012B06D1FFF7BDF903461B0903F00F03EE
:1061900005E0FFF7C1F903461B0903F00F032B4A83
:1061A00052F823303B61BB68002B15D13B697B6102
:1061B00012E0BB68042B02D1254B7B610CE0BB686D
:1061C000082B09D1FFF7A0F80346012B02D1204B81
:1061D0007B6101E01F4B7B61FFF7D1F903460C2B7C
:1061E0002FD1FFF7A3FA78607B68022B03D07B687E
:1061F000032B03D00DE0164BFB600DE0FFF784F896
:106200000346012B02D1124BFB6005E0114BFB60F2
:1062100002E03B69FB6000BFFFF766FA0246FB68DD
:1062200003FB02F4FFF777FA03461B090133B4FBC3
:10623000F3F4FFF765FA03465B0F0133B4FBF3F3A6
:106240007B617B6918461C37BD4690BD7C350108D3
:106250000024F4000048E80198B500AFFFF75CFFA8
:106260000446FFF7E6F903461B0903F00F03034A50
:1062700052F82330B4FBF3F3184698BD1C350108DF
:1062800098B500AFFFF7E8FF0446FFF7EAF90346C9
:106290001B0A034A52F8233024FA03F3184698BD28
:1062A0005C35010898B500AFFFF7D6FF0446FFF74D
:1062B000E3F90346DB0A034A52F8233024FA03F3D6
:1062C000184698BD5C35010890B585B000AF786080
:1062D0007B681B0903F00F03104A52F82330FB6060
:1062E000FFF7B2F903461B0903F00F030C4A52F8FB
:1062F0002330FA68B2FBF3F3BB60BB68094AA2FB28
:1063000003239C0CFEF7C6FF03461946204600F007
:106310000BF8034618461437BD4690BD7C3501087E
:106320001C35010883DE1B4380B58EB000AF78605A
:1063300039603A4A07F1200392E8030018600433F9
:106340001980374A07F1180392E8030018600433F4
:106350001980344A07F10C0307CA83E807000023B9
:106360007B633B68B3F5007F1BD100233B6314E0E4
:106370003B6B5B0038333B4433F8183C1A467B6870
:10638000934207D83B6B9B0038333B4453F82C3C7B
:106390007B6321E03B6B01333B633B6B022BE7D913
:1063A0001AE00023FB6214E0FB6A5B0038333B44D5
:1063B00033F8203C1A467B68934207D8FB6A9B005F
:1063C00038333B4453F82C3C7B6305E0FB6A0133D4
:1063D000FB62FB6A022BE7D9134B1B6823F0070211
:1063E00011497B6B13430B60FAF7F2FBB86208E0CC
:1063F000FAF7EEFB0246BB6AD31A022B01D903233C
:1064000007E0094B1B6803F007037A6B9A42EFD150
:10641000002318463837BD4680BD00BFE02F010875
:10642000E82F0108F02F01080040005880B400AFA9
:106430004FF0B043D3F8903003F00203022B01D1A8
:10644000012300E000231846BD4680BC704780B49D
:1064500083B000AF78604FF0B043D3F888207B68FA
:106460001B0CDB431A407B689BB24FF0B0411343D7
:10647000C1F8883000BF0C37BD4680BC704780B47F
:1064800083B000AF78604FF0B043D3F8883023F486
:1064900040724FF0B0417B681343C1F8883000BFB1
:1064A0000C37BD4680BC704780B483B000AF7860C5
:1064B0004FF0B043D3F8883023F440624FF0B0413E
:1064C0007B681343C1F8883000BF0C37BD4680BCE1
:1064D000704780B483B000AF78604FF0B043D3F81A
:1064E00088207B681B0903F47F23DB431A407B6809
:1064F0001B0103F47F234FF0B0411343C1F88830F0
:1065000000BF0C37BD4680BC704780B483B000AF7D
:1065100078604FF0B043D3F888207B681B0C1B04D5
:10652000DB431A407B681B044FF0B0411343C1F8B2
:10653000883000BF0C37BD4680BC704780B483B044
:1065400000AF78604FF0B043D3F8883023F040427A
:106550004FF0B0417B681343C1F8883000BF0C375F
:10656000BD4680BC704780B483B000AF78604FF008
:10657000B043D3F8883023F040524FF0B0417B68ED
:106580001343C1F8883000BF0C37BD4680BC70474C
:1065900080B483B000AF78604FF0B043D3F8903050
:1065A00023F440724FF0B0417B681343C1F8903040
:1065B00000BF0C37BD4680BC704780B400AF4FF0C1
:1065C000B043D3F8903003F440731846BD4680BC06
:1065D000704780B400AF4FF0B043D3F890304FF025
:1065E000B04243F48033C2F8903000BFBD4680BC57
:1065F000704780B400AF4FF0B043D3F890304FF005
:10660000B04223F48033C2F8903000BFBD4680BC56
:106610007047000080B586B000AF786000237B61D2
:106620000023FB740023BB747B681B6803F4803376
:10663000002B58D0FEF720FEFAF7CAFAF86009E0FE
:10664000FAF7C6FA0246FB68D31A022B02D90323D3
:10665000FB7406E07B4B1B6803F48073B3F5807F0B
:10666000EED1FB7C002B3CD1FFF7A7FF02467B68F5
:106670005B6B9A420FD04FF0B043D3F8903023F4C5
:1066800040737B61FFF7A5FFFFF7B3FF4FF0B04208
:106690007B69C2F890307B6903F00203002B14D0B1
:1066A000FAF796FAF8600BE0FAF792FA0246FB68FE
:1066B000D31A41F28832934202D90323FB7404E0D7
:1066C000FFF7B4FE0346012BEED1FB7C002B05D176
:1066D0007B685B6B1846FFF75BFF04E0FB7CBB74D9
:1066E00001E0FB7CBB747B681B6803F00103002B9B
:1066F00004D07B685B681846FFF7A9FE7B681B68BF
:1067000003F00203002B04D07B689B681846FFF758
:106710009EFE7B681B6803F02003002B04D07B687F
:106720001B691846FFF7C0FE7B681B6803F4007303
:10673000002B04D07B681B6A1846FFF7E6FE7B68D7
:106740001B6803F48063002B04D07B685B6A1846E7
:10675000FFF7DBFE7B681B6803F40063002B04D0AB
:106760007B689B6A1846FFF7D0FE7B681B6803F0C6
:106770004003002B04D07B685B691846FFF7A9FE35
:106780007B681B6803F08003002B04D07B689B6947
:106790001846FFF79EFE7B681B6803F48073002B8E
:1067A00004D07B68DB691846FFF793FE7B681B68A3
:1067B00003F01003002B11D07B68DB681846FFF74D
:1067C0005EFE7B68DB68B3F5807F07D14FF0B04396
:1067D000DB684FF0B04243F08073D3607B681B6886
:1067E00003F40043002B10D07B681B6B1846FFF7A7
:1067F000A5FE7B681B6B002B07D14FF0B043DB6815
:106800004FF0B04243F08073D3607B681B6803F4A1
:106810008043002B11D07B68DB6A1846FFF7A3FE8C
:106820007B68DB6AB3F1005F07D14FF0B043DB68F0
:106830004FF0B04243F48033D360BB7C1846183726
:10684000BD4680BD0004005880B584B000AF7860BC
:106850000123FB737B68002B71D07B6893F82D308C
:10686000DBB2002B06D17B68002283F82C207868ED
:10687000FAF73CF87B68022283F82D20324BDB6864
:1068800003F01003102B51D02F4BCA225A622E4B0B
:1068900053225A62786800F011FA0346FB73FB7BBF
:1068A000002B3FD1284B9B69274A23F08E6323F0AE
:1068B00040039361244B9A697B6859687B681B6924
:1068C00019437B689B690B431F4913438B617B68AA
:1068D000DA687B689B681B041B4913430B611A4BE6
:1068E000DB6823F4F8527B68596A7B689B6A0B4328
:1068F00015491343CB60786800F014FA0346FB7324
:10690000FB7B002B0ED1104B9B6923F060427B6810
:10691000196A7B68DB6919437B685B690B430A4929
:1069200013438B61084BFF225A6201E00023FB7383
:10693000FB7B002B03D17B68012283F82D20FB7B9E
:1069400018461037BD4680BD0028004090B587B07E
:1069500000AFF860B9607A6000237B61FB6893F850
:106960002C30012B01D10223F3E0FB68012283F8D4
:106970002C20FB68022283F82D20784BDB6803F47F
:1069800040733B613B69B3F5807F6AD07B68002B25
:106990003AD1724B9B6903F04003002B02D1BB68D4
:1069A0000022DA70BB685B69B3F1004FBB681B78EB
:1069B000184600F0F5F903461C04BB685B781846DE
:1069C00000F0EEF903461B021C43BB689B78184697
:1069D00000F0E6F9034644EA0302BB68DB789B0556
:1069E00042EA0304BB6893F82430184600F0D8F953
:1069F00003461B0644EA0302BB681B6A1A43BB68D2
:106A00005B6913437B612CE0BB685B69B3F1803F3A
:106A10000DD0BB685B69B3F5000F08D04F4B9B6985
:106A200003F04003002B02D1BB680022DA70BB6880
:106A30001B781A04BB685B781B021343BA68927810
:106A40001A43BB68DB789B051A43BB6893F8243074
:106A50001B061A43BB681B6A1A43BB685B69134376
:106A60007B613E4BCA225A623C4B53225A62BB683E
:106A70009B6AB3F5807F2CD1384B9B69374A23F44E
:106A800088539361354B0122DA653B69B3F5807F0A
:106A900007D1BB689A69BB68DB69304913434B6413
:106AA00006E02E4A7B6913642C4ABB689B695364D9
:106AB0002A4ABB685B681367FB681B6B43F00102E3
:106AC000FB681A63254B9B69244A43F488539361FE
:106AD0002BE0224B9B69214A23F4085393611F4BFF
:106AE0000222DA653B69B3F5807F07D1BB689A69FA
:106AF000BB68DB6919491343CB6406E0174A7B691D
:106B00009364164ABB689B69D364144ABB685B688C
:106B10005367FB681B6B43F00202FB681A630F4B61
:106B20009B690E4A43F4085393610D4BD3F88030B0
:106B30000B4A43F40033C2F88030084BFF225A62FC
:106B4000FB68012283F82D20FB68002283F82C20AB
:106B5000002318461C37BD4690BD00BF00280040EA
:106B60000008005880B483B000AF786039607B685B
:106B700093F82C30012B01D1022348E07B680122DD
:106B800083F82C207B68022283F82D20224BCA2216
:106B90005A62214B53225A623B68B3F5807F15D16C
:106BA0001D4B9B691C4A23F4885393611A4B5B6C01
:106BB000194A23F0004353647B681B6B23F00102E6
:106BC0007B681A63144B0122DA6514E0124B9B694F
:106BD000114A23F4085393610F4BDB6C0E4A23F0E8
:106BE0000043D3647B681B6B23F002027B681A634B
:106BF000094B0222DA65084BFF225A627B680122A8
:106C000083F82D207B68002283F82C20002318466F
:106C10000C37BD4680BC70470028004080B584B06A
:106C200000AF7860114B5A6D7B681B6B1340FB60A3
:106C3000FB6803F00103002B05D00C4B0122DA6541
:106C40007868FAF70EFAFB6803F00203002B05D010
:106C5000064B0222DA65786800F04AF97B68012267
:106C600083F82D2000BF1037BD4680BD00280040AE
:106C700080B584B000AF78600F4BDB680E4A23F01C
:106C80002003D360F9F7A4FFF86009E0F9F7A0FF4B
:106C90000246FB68D31AB3F57A7F01D9032306E0D5
:106CA000054BDB6803F02003002BEFD000231846D0
:106CB0001037BD4680BD00BF0028004080B584B0BD
:106CC00000AF78600023FB73154BDB6803F04003D3
:106CD000002B20D1124BDB68114A43F08003D360B4
:106CE000F9F776FFB8600DE0F9F772FF0246BB686E
:106CF000D31AB3F57A7F05D90323FB737B6803228C
:106D000083F82D20064BDB6803F04003002B02D1F3
:106D1000FB7B032BE8D1FB7B18461037BD4680BDBB
:106D20000028004080B584B000AF78600023FB737A
:106D30001A4BDB68194A23F08003D360174B9B6919
:106D400003F02003002B0CD17868FFF791FF034676
:106D5000002B1ED07B68032283F82D200323FB73B6
:106D600017E00E4B9B690D4A23F02003936178686E
:106D7000FFF77EFF0346002B05D07B68032283F8D4
:106D80002D200323FB73054B9B69044A43F020032A
:106D90009361FB7B18461037BD4680BD002800403C
:106DA00080B485B000AF0346FB710023FB60FB7924
:106DB000FB7205E0FB680133FB60FB7A0A3BFB7268
:106DC000FB7A092BF6D8FB68DBB21B01DAB2FB7A3F
:106DD0001343DBB218461437BD4680BC7047000031
:106DE00080B483B000AF78607B6893F82C30012BBF
:106DF00001D102231FE07B68012283F82C207B68ED
:106E0000022283F82D200E4BCA225A620C4B5322C9
:106E10005A620B4B9B690A4A43F020039361084B6B
:106E2000FF225A627B68012283F82D207B680022B2
:106E300083F82C20002318460C37BD4680BC7047D1
:106E40000028004080B483B000AF78607B6893F87E
:106E50002C30012B01D1022327E07B68012283F82B
:106E60002C207B68022283F82D20124BCA225A6202
:106E7000104B53225A620F4B9B690E4A43F080031A
:106E800093610D4BD3F880300B4A43F48023C2F852
:106E90008030084BFF225A627B68012283F82D2044
:106EA0007B68002283F82C20002318460C37BD464F
:106EB00080BC7047002800400008005880B582B0B0
:106EC00000AF7860094B5B6D03F04003002B05D0E9
:106ED000064B4022DA657868FAF7CDF87B68012224
:106EE00083F82D2000BF0837BD4680BD0028004034
:106EF00080B483B000AF786000BF0C37BD4680BC63
:106F00007047000080B487B000AFF860B9607A6065
:106F1000074B7B61BB689B007A6913447B617B698B
:106F20007A681A6000BF1C37BD4680BC704700BF3E
:106F300000B1004080B485B000AF78603960074B85
:106F4000FB603B689B00FA681344FB60FB681B68AE
:106F500018461437BD4680BC704700BF00B10040E2
:106F600080B483B000AF7860064B9B6823F4006266
:106F700004497B6813438B6000BF0C37BD4680BC5F
:106F8000704700BF0004005880B400AF054BD3F831
:106F90009030044A43F40043C2F8903000BFBD462D
:106FA00080BC70470004005880B400AF054BD3F894
:106FB0009030044A23F40043C2F8903000BFBD462D
:106FC00080BC70470004005880B400AF034B4FF4FE
:106FD00000629A6100BFBD4680BC70470004005843
:106FE00080B400AF064B5B6903F00203022B01D1B2
:106FF000012300E000231846BD4680BC704700BF57
:107000000004005880B400AF064B5B6903F0040332
:10701000042B01D1012300E000231846BD4680BCAB
:10702000704700BF0004005880B400AF4FF0B04379
:10703000D3F894304FF0B04223F40043C2F89430B8
:1070400000BFBD4680BC704780B400AF4FF0B04376
:10705000D3F8943003F48043B3F5804F01D101237A
:1070600000E000231846BD4680BC704780B483B062
:1070700000AF7860064BD3F8902005497B68134336
:10708000C1F8903000BF0C37BD4680BC704700BFD0
:107090000008005880B584B000AF78607B68002B92
:1070A00003D10123FB73FB7B52E00023FB737B685E
:1070B0009B79BB73BB7B002B02D0BB7B032B09D11D
:1070C0007B6800225A717868F9F7F4FC4FF480501D
:1070D000FFF7CCFFBB7B002B26D17B6802229A7185
:1070E000FFF7A2FF1C4B1A681346DB009B1A9B009C
:1070F000DB0C642202FB03F3BB60BB68002B05D1F1
:107100000123FB737B6801229A6007E0BB68013BA7
:10711000BB60FFF799FF0346002BEED1FFF734FF6A
:107120004FF40060FFF71CFFFFF74EFFFB7B002BC7
:107130000AD17B681B68184600F0B6FA7B6801220A
:107140001A717B6800229A607B6801229A71FB7B2E
:1071500018461037BD4680BDB400002080B586B00B
:1071600000AFF8607A601A460B467B8113463B817C
:10717000FB689B79DBB2012B4AD1FB685B79012B61
:1071800001D1022345E0FB6801225A71FB6802220B
:107190009A71F86800F056FBFFF706FF0D21F868BA
:1071A00000F0A2FA7B891B0A9BB2DBB21946F86891
:1071B00000F09AFA7B89DBB21946F86800F094FA7D
:1071C0000023BB820AE0BB8A7A6813441B78194605
:1071D000F86800F089FABB8A0133BB82BA8A3B891E
:1071E0009A42F0D3FFF7D0FEF86800F04FFBFB683F
:1071F0009B68002B02D00123FB7501E00023FB7587
:10720000FB6801229A71FB6800225A71FB7D00E045
:10721000022318461837BD4680BD80B588B000AF40
:10722000F8607A601A460B467B8113463B817B6887
:10723000BB61FB689B79DBB2012B4AD1FB685B79B0
:10724000012B01D1022345E0FB6801225A71F86845
:1072500000F0F8FAFFF7A8FE1D21F86800F044FAE4
:107260007B891B0A9BB2DBB21946F86800F03CFA36
:107270007B89DBB21946F86800F036FA0021F8681D
:1072800000F032FA0023FB8209E0B969F86800F0E7
:1072900081FABB690133BB61FB8A0133FB82FA8A45
:1072A0003B899A42F1D3FFF76FFEF86800F0EEFADF
:1072B000FB689B68002B02D00123FB7701E00023D1
:1072C000FB77FB6801229A71FB6800225A71FB7FF1
:1072D00000E0022318462037BD4680BD80B586B049
:1072E00000AFF8607A601A460B46FB7213463B818A
:1072F000FB689B79DBB2012B4AD1FB685B79012BE0
:1073000001D1022345E0FB6801225A71F86800F0C0
:1073100099FAFB7A842B02D0FB7A942B03D1FB6879
:1073200001221A7102E0FB6800221A71FFF73CFE8D
:10733000FB7A1946F86800F0D7F90023BB820AE00F
:10734000BB8A7A6813441B781946F86800F0CCF9B8
:10735000BB8A0133BB82BA8A3B899A42F0D3FFF7DA
:1073600013FEFB7A842B02D0F86800F08FFAFB68DA
:107370009B68002B02D00123FB7501E00023FB7505
:10738000FB6801229A71FB6800225A71FB7D00E0C4
:10739000022318461837BD4680BD80B588B000AFBF
:1073A000F8607A601A460B46FB7213463B817B6895
:1073B000BB61FB689B79DBB2012B3DD1FB685B793C
:1073C000012B01D1022338E0FB6801225A71F868D1
:1073D00000F038FAFFF7E8FDFB7A1946F86800F08C
:1073E00083F90021F86800F07FF90023FB8209E0AF
:1073F000B969F86800F0CEF9BB690133BB61FB8A5B
:107400000133FB82FA8A3B899A42F1D3FFF7BCFD34
:10741000F86800F03BFAFB689B68002B02D0012360
:10742000FB7701E00023FB77FB6801229A71FB6880
:1074300000225A71FB7F00E0022318462037BD4628
:1074400080BD80B586B000AFF8607A601A460B4602
:10745000FB7213463B81FB689B79DBB2012B3ED16B
:10746000FB685B79012B01D1022339E0FB68012223
:107470005A71F86800F0E6F9FFF796FD0E21F868FA
:1074800000F032F9FB7A1946F86800F02DF9002374
:10749000BB820AE0BB8A7A6813441B781946F868F5
:1074A00000F022F9BB8A0133BB82BA8A3B899A4237
:1074B000F0D3FFF769FDF86800F0E8F9FB689B6816
:1074C000002B02D00123FB7501E00023FB75FB6854
:1074D00001229A71FB6800225A71FB7D00E00223B1
:1074E00018461837BD4680BD80B588B000AFF8603B
:1074F0007A601A460B46FB7213463B817B68BB6180
:10750000FB689B79DBB2012B41D1FB685B79012BD6
:1075100001D102233CE0FB6801225A71F86800F0B7
:1075200091F9FFF741FD1E21F86800F0DDF8FB7AC4
:107530001946F86800F0D8F80021F86800F0D4F88F
:107540000023FB8209E0B969F86800F023F9BB6900
:107550000133BB61FB8A0133FB82FA8A3B899A4281
:10756000F1D3FFF711FDF86800F090F9FB689B6814
:10757000002B02D00123FB7701E00023FB77FB689F
:1075800001229A71FB6800225A71FB7F00E00223FE
:1075900018462037BD4680BD80B584B000AF786006
:1075A0000023BB8107F10C02022312217868FFF748
:1075B000F4FE3B7BFB81B7F90E301B021AB27B7BDA
:1075C0001BB213431BB2FB8107F10C020223022101
:1075D0007868FFF783FEFB8903F00103002B02D0DC
:1075E000786808F0EDFBFB895B0803F00103002BD2
:1075F00002D0786808F0F2FBFB899B0803F00103D6
:10760000002B02D0786808F041FCFB89DB0803F00E
:107610000103002B02D0786808F046FCFB891B09A7
:1076200003F00103002B02D0786808F04BFCFB89C3
:107630005B0903F00103002B02D0786808F018FC06
:10764000FB899B0903F00103002B02D0786808F046
:10765000D3FBFB89DB0903F00103002B0ED0FB8970
:107660001B0A03F00103002B04D00121786808F005
:10767000D1FB03E00021786808F0CCFBFB895B0AB2
:1076800003F00103002B02D0786808F0E1FBFB89CE
:107690009B0B03F00103002B02D0786808F020FC5C
:1076A00000BF1037BD4680BD80B483B000AF7860A6
:1076B0000C4B1B680B4A23F040031360094A7B689C
:1076C00043F441731360074B4FF4B8525A60054BB3
:1076D0001B68044A43F04003136000BF0C37BD46EB
:1076E00080BC70470000015880B487B000AF78605C
:1076F0000B46FB700023FB75234B1A681346DB0017
:107700009B1A9B00DB0C642202FB03F3FB60FB680B
:10771000002B05D10123FB757B6801229A6008E0EC
:10772000FB68013BFB60194B9B6803F00203022BD3
:10773000EDD1174B3B613B69FA781A70124B1A680E
:107740001346DB009B1A9B00DB0C642202FB03F355
:10775000FB60FB68002B05D10123FB757B680122D0
:107760009A6008E0FB68013BFB60084B9B6803F0F4
:107770000103012BEDD1054BDB68FB7D18461C375F
:10778000BD4680BC704700BFB40000200000015817
:107790000C00015880B487B000AF786039600023D6
:1077A000FB75254B1A681346DB009B1A9B00DB0C0C
:1077B000642202FB03F3FB60FB68002B05D101236D
:1077C000FB757B6801229A6008E0FB68013BFB6067
:1077D0001A4B9B6803F00203022BEDD1184B3B615F
:1077E0003B69FF221A70144B1A681346DB009B1A80
:1077F0009B00DB0C642202FB03F3FB60FB68002BA5
:1078000005D10123FB757B6801229A6008E0FB68C3
:10781000013BFB60094B9B6803F00103012BEDD199
:10782000064BDB68DAB23B681A70FB7D18461C37E2
:10783000BD4680BC704700BFB40000200000015866
:107840000C00015880B584B000AF78607B681B796C
:10785000012B11D10C4B1A6813465B001344DB005B
:107860001B0CFB60FFF7A0FBFB68013BFB60FB68A8
:10787000002BF9D1FFF788FB786800F007F8034682
:1078800018461037BD4680BDB400002080B586B0D4
:1078900000AF78600023FB75124B1A6813465B003B
:1078A0001344DB001B0D642202FB03F3FB60FFF7B4
:1078B000A9FB3861FB68002B05D10123FB757B68B0
:1078C00002229A6009E0FB68013BFB60FFF788FB3E
:1078D00002463B691340012BE9D0FB7D184618375F
:1078E000BD4680BDB400002080B483B000AF786096
:1078F0004FF0B043D3F888207B681A407B681B04A4
:10790000134318460C37BD4680BC704780B483B023
:1079100000AF78604FF0B043D3F888207B68134005
:1079200018460C37BD4680BC7047000080B582B059
:1079300000AF78607B68002B01D1012350E07B68A9
:10794000D3F88830002B14D17B68002283F8842080
:10795000786800F067FD7B68D3F8C430002B03D152
:107960007B68214AC3F8C4207B68D3F8C4307868A8
:1079700098477B682422C3F888207B681B681A68B4
:107980007B681B6822F001021A60786800F09CFD99
:107990000346012B01D1012322E07B689B6A002B67
:1079A00002D0786801F004F87B681B685A687B682D
:1079B0001B6822F490425A607B681B689A687B6857
:1079C0001B6822F02A029A607B681B681A687B6831
:1079D0001B6842F001021A60786801F08AF80346D9
:1079E00018460837BD4680BDE513000880B487B04F
:1079F00000AFF8600B467A60FB720023FB757B6872
:107A0000002B09D1FB68D3F8903043F04002FB68AB
:107A1000C3F8902001239CE0FB68D3F88830202B2A
:107A20006CD1FB7A0C2B5ED801A252F823F000BF78
:107A3000657A00086F7A0008797A0008837A00086E
:107A40008D7A0008977A0008A17A0008AB7A0008BE
:107A5000B57A0008BF7A0008C97A0008D37A00080E
:107A6000DD7A0008FB687A68C3F8942070E0FB6850
:107A70007A68C3F898206BE0FB687A68C3F89C20AA
:107A800066E0FB687A68C3F8A02061E0FB687A686A
:107A9000C3F8A4205CE0FB687A68C3F8A82057E02C
:107AA000FB687A68C3F8AC2052E0FB687A68C3F8D8
:107AB000B0204DE0FB687A68C3F8B42048E0FB686A
:107AC0007A68C3F8B82043E0FB687A68C3F8BC2042
:107AD0003EE0FB687A68C3F8C42039E0FB687A6846
:107AE000C3F8C82034E0FB68D3F8903043F040027C
:107AF000FB68C3F890200123FB7529E0FB68D3F8ED
:107B00008830002B1AD1FB7A0B2B02D00C2B05D01E
:107B100009E0FB687A68C3F8C42019E0FB687A685A
:107B2000C3F8C82014E0FB68D3F8903043F040025B
:107B3000FB68C3F890200123FB7509E0FB68D3F8CC
:107B4000903043F04002FB68C3F890200123FB759E
:107B5000FB7D18461C37BD4680BC704780B485B09D
:107B600000AF786039600023FB733B68002B09D1BC
:107B70007B68D3F8903043F040027B68C3F89020D4
:107B8000012323E07B6893F88430012B01D1022389
:107B90001CE07B68012283F884207B68D3F888305E
:107BA000202B04D17B683A68C3F8C02009E07B68C9
:107BB000D3F8903043F040027B68C3F89020012353
:107BC000FB737B68002283F88420FB7B1846143704
:107BD000BD4680BC7047000080B491B000AFF86033
:107BE000B9601346FB80FB68D3F88830202B78D12E
:107BF000BB68002B02D0FB88002B01D1012371E070
:107C0000FB68BA681A65FB68FA88A3F85420FB6819
:107C1000FA88A3F85620FB6800229A67FB680022C6
:107C2000C3F89020FB682122C3F88820FB685B6EB4
:107C3000B3F1005F2AD1FB689B68B3F5805F07D181
:107C4000FB681B69002B03D1FB68294A9A6702E095
:107C5000FB68284A9A67FB681B680833BB62BB6AEB
:107C600053E8003F7B627B6A43F40003BB63FB681D
:107C70001B680833BA6B7A633B63396B7A6B41E8F4
:107C80000023FB62FB6A002BE5D128E0FB689B68C0
:107C9000B3F5805F07D1FB681B69002B03D1FB683C
:107CA000154A9A6702E0FB68144A9A67FB681B68EA
:107CB0007B617B6953E8003F3B613B6943F0800394
:107CC000FB63FB681B681A46FB6B3B62FA61F96950
:107CD0003A6A41E80023BB61BB69002BE6D100236F
:107CE00000E0022318464437BD4680BC704700BF01
:107CF000399400085B9300089B920008E591000806
:107D000080B5BAB000AF78607B681B68DB69C7F8E4
:107D1000E4307B681B681B68C7F8E0307B681B6831
:107D20009B68C7F8DC30D7F8E42040F60F03134017
:107D3000C7F8D830D7F8D830002B1BD1D7F8E430AB
:107D400003F02003002B15D0D7F8E03003F0200318
:107D5000002B05D1D7F8DC3003F08053002B09D07D
:107D60007B685B6F002B00F00F837B685B6F78682C
:107D7000984709E3D7F8D830002B00F04581D7F8B1
:107D8000DC209E4B1340002B06D1D7F8E0209C4B03
:107D90001340002B00F03881D7F8E43003F00103E2
:107DA000002B11D0D7F8E03003F48073002B0BD0F8
:107DB0007B681B6801221A627B68D3F8903043F01D
:107DC00001027B68C3F89020D7F8E43003F0020387
:107DD000002B11D0D7F8DC3003F00103002B0BD0BF
:107DE0007B681B6802221A627B68D3F8903043F0EC
:107DF00004027B68C3F89020D7F8E43003F0040352
:107E0000002B11D0D7F8DC3003F00103002B0BD08E
:107E10007B681B6804221A627B68D3F8903043F0B9
:107E200002027B68C3F89020D7F8E43003F008031F
:107E3000002B17D0D7F8E03003F02003002B05D13A
:107E4000D7F8DC206D4B1340002B0BD07B681B68F0
:107E500008221A627B68D3F8903043F008027B68EE
:107E6000C3F89020D7F8E43003F40063002B12D05D
:107E7000D7F8E03003F08063002B0CD07B681B68E0
:107E80004FF400621A627B68D3F8903043F020020E
:107E90007B68C3F890207B68D3F89030002B00F00B
:107EA0007582D7F8E43003F02003002B13D0D7F805
:107EB000E03003F02003002B05D1D7F8DC3003F0CD
:107EC0008053002B07D07B685B6F002B03D07B684F
:107ED0005B6F786898477B68D3F89030C7F8D430E8
:107EE0007B681B689B6803F04003402B05D0D7F8E4
:107EF000D43003F02803002B74D0786800F0F6FF2C
:107F00007B681B689B6803F04003402B64D17B684F
:107F10001B680833C7F89C30D7F89C3053E8003F03
:107F2000C7F89830D7F8983023F04003C7F8D0301E
:107F30007B681B680833D7F8D020C7F8A820C7F89B
:107F4000A430D7F8A410D7F8A82041E80023C7F838
:107F5000A030D7F8A030002BD9D17B68D3F880307F
:107F60001B685B68A7F8CE30B7F8CE30002B0BD07B
:107F70007B68B3F85C30B7F8CE209A4204D27B68B5
:107F8000B7F8CE20A3F85E207B68D3F8A4307868D9
:107F900098477B68D3F88030002B17D07B68D3F8E4
:107FA0008030184A9A637B68D3F880301846FCF713
:107FB000B3FC0346002B1FD07B68D3F880309B6B4B
:107FC0007A68D2F880201046984715E07B68D3F88D
:107FD000A430786898470FE07B68D3F8A4307868BD
:107FE000984709E07B68D3F8A430786898477B68A5
:107FF0000022C3F89020C9E100BFC7E101000010D2
:1080000020010004B59100087B68DB6E012B40F075
:108010005781D7F8E43003F01003002B00F05081B3
:10802000D7F8E03003F01003002B00F049817B68A3
:108030001B6810221A627B681B689B6803F0400370
:10804000402B40F0BD807B68D3F880301B685B68B4
:10805000A7F8BE30B7F8BE30002B00F099817B68DE
:10806000B3F85C30B7F8BE209A4280F091817B680B
:10807000B7F8BE20A3F85E207B68D3F880301B6879
:108080001B6803F02003002B40F087807B681B688F
:10809000C7F88830D7F8883053E8003FC7F88430F5
:1080A000D7F8843023F48073C7F8B8307B681B6836
:1080B0001A46D7F8B830C7F89430C7F89020D7F8E8
:1080C0009010D7F8942041E80023C7F88C30D7F8F7
:1080D0008C30002BDAD17B681B6808337B677B6FA1
:1080E00053E8003F3B673B6F23F00103C7F8B43010
:1080F0007B681B680833D7F8B420C7F88020FB677B
:10810000F96FD7F8802041E80023BB67BB6F002BD5
:10811000E1D17B681B6808333B663B6E53E8003F48
:10812000FB65FB6D23F04003C7F8B0307B681B682C
:108130000833D7F8B020FA66BB66B96EFA6E41E82C
:1081400000237B667B6E002BE3D17B682022C3F883
:108150008C207B680022DA667B681B68FB64FB6C02
:1081600053E8003FBB64BB6C23F01003C7F8AC308E
:108170007B681B681A46D7F8AC30BB657A65796DA9
:10818000BA6D41E800233B653B6D002BE4D17B6871
:10819000D3F880301846FCF761FB7B6802221A672F
:1081A0007B68D3F8C0307A68B2F85C107A68B2F8AD
:1081B0005E2092B28A1A92B2114678689847E7E038
:1081C0007B68B3F85C207B68B3F85E309BB2D31A4F
:1081D000A7F8CC307B68B3F85E309BB2002B00F080
:1081E000D980B7F8CC30002B00F0D4807B681B68B6
:1081F000BB63BB6B53E8003F7B637B6B23F49073E3
:10820000C7F8C8307B681B681A46D7F8C8307B644B
:108210003A64396C7A6C41E80023FB63FB6B002BFA
:10822000E4D17B681B6808337B627B6A53E8003FBC
:108230003B623B6A23F0805323F00103C7F8C4304C
:108240007B681B680833D7F8C4203A63FB62F96A7D
:108250003A6B41E80023BB62BB6A002BE1D17B682B
:108260002022C3F88C207B680022DA667B6800221B
:108270005A677B681B683B613B6953E8003FFB60C2
:10828000FB6823F01003C7F8C0307B681B681A46F0
:10829000D7F8C030FB61BA61B969FA6941E80023D7
:1082A0007B617B69002BE4D17B6802221A677B68C3
:1082B000D3F8C030B7F8CC2011467868984769E009
:1082C000D7F8E43003F48013002B10D0D7F8DC305B
:1082D00003F48003002B0AD07B681B684FF48012E4
:1082E0001A627B68D3F8B4307868984755E0D7F8BD
:1082F000E43003F08003002B14D0D7F8E03003F013
:108300008003002B05D1D7F8DC3003F40003002BE9
:1083100008D07B689B6F002B3ED07B689B6F786892
:10832000984739E0D7F8E43003F04003002B09D038
:10833000D7F8E03003F04003002B03D0786801F059
:10834000EFF82AE0D7F8E43003F40003002B0BD059
:10835000D7F8E03003F08043002B05D07B68D3F8DA
:10836000BC307868984718E0D7F8E43003F08073A1
:10837000002B12D0D7F8E030002B0EDA7B68D3F850
:10838000B8307868984708E000BF06E000BF04E016
:1083900000BF02E000BF00E000BFE837BD4680BD7F
:1083A00080B483B000AF786000BF0C37BD4680BC9E
:1083B000704780B483B000AF786000BF0C37BD4613
:1083C00080BC704780B483B000AF786000BF0C37CA
:1083D000BD4680BC704780B483B000AF786000BFFA
:1083E0000C37BD4680BC704780B483B000AF786066
:1083F00000BF0C37BD4680BC704780B483B000AF6F
:10840000786000BF0C37BD4680BC704780B483B035
:1084100000AF78600B467B8000BF0C37BD4680BC48
:108420007047000080B483B000AF78607B681A4A60
:10843000C3F894207B68194AC3F898207B68184ACF
:10844000C3F89C207B68174AC3F8A0207B68164AB3
:10845000C3F8A4207B68154AC3F8A8207B68144A97
:10846000C3F8AC207B68134AC3F8B0207B68124A7B
:10847000C3F8B4207B68114AC3F8B8207B68104A5F
:10848000C3F8BC207B680F4AC3F8C02000BF0C377C
:10849000BD4680BC704700BFA1830008B31600082A
:1084A000B3830008C5160008C5830008D7830008F9
:1084B000E9830008FB8300087B9500088D95000880
:1084C0009F9500080D8400082DE9B04F8CB000AFD7
:1084D0007861002387F82A307B699A687B691B6979
:1084E0001A437B695B691A437B69DB691343FB624F
:1084F0007B691B681A68944B13407A691268F96AA1
:108500000B4313607B691B685B6823F440517B69F4
:10851000DA687B691B680A435A607B699B69FB6266
:108520007B691B68894A934204D07B691B6AFA6A9B
:108530001343FB627B691B689B6823F06E4323F443
:1085400030637A691268F96A0B4393607B691B6830
:10855000DB6A23F00F017B695A6A7B691B680A4357
:10856000DA627B691B687A4A934227D10320FFF7BE
:10857000BBF90346A3F54033032B1BD801A252F8E5
:1085800023F000BF95850008A58500089D8500089B
:10859000AD850008012387F82B3080E0022387F89F
:1085A0002B307CE0042387F82B3078E0082387F811
:1085B0002B3074E0102387F82B3070E07B691B6848
:1085C000644A934238D10C20FFF78EF90346A3F595
:1085D00040230C2B2CD801A252F823F0118600085E
:1085E000318600083186000831860008218600089F
:1085F0003186000831860008318600081986000897
:108600003186000831860008318600082986000876
:10861000002387F82B3042E0022387F82B303EE01E
:10862000042387F82B303AE0082387F82B3036E014
:10863000102387F82B3032E07B691B68434A934252
:108640002AD14FF44060FFF761F90346B3F5406F5C
:108650001AD0B3F5406F1BD8B3F5006F0CD0B3F54B
:10866000006F15D8002B03D0B3F5806F08D00FE052
:10867000002387F82B3012E0022387F82B300EE01E
:10868000042387F82B300AE0082387F82B3006E014
:10869000102387F82B3002E0102387F82B307B69FA
:1086A0001B682A4A934240F0A48097F82B30082B8D
:1086B00023D801A252F823F0DD860008FB860008CB
:1086C000E5860008FB860008EB860008FB860008AC
:1086D000FB860008FB860008F3860008FDF7D0FD46
:1086E000786210E01C4B7B620DE0FDF715FD7862AF
:1086F00009E04FF400437B6205E000237B62012325
:1087000087F82A3000BF7B6A002B00F037817B6935
:108710005B6A124A32F813301A467B6AB3FBF2F3F3
:10872000BB617B695A6813465B001344BA699A427D
:1087300005D37B695B681B03BA699A4210D9012390
:1087400087F82A301AE100BFF369FFCF00800040AC
:1087500000380140004400400024F400BC3501080A
:108760007B6A0022BB60FA607B695B6A8E4A32F8E2
:1087700013309BB200223B607A60D7E90023D7E92F
:108780000201F7F755FD02460B46104619464FF019
:1087900000024FF000030B0243EA10630202796902
:1087A0004968490800200C46054612EB040843EBD3
:1087B00005097B695B6800229A46934652465B46F0
:1087C00040464946F7F734FD02460B4613463B62E6
:1087D0003B6AB3F5407F08D33B6AB3F5801F04D2F0
:1087E0007B691B683A6ADA60C8E0012387F82A309F
:1087F000C4E07B69DB69B3F5004F67D197F82B3094
:10880000082B28D801A252F823F000BF31880008B5
:108810003988000841880008578800084788000800
:108820005788000857880008578800084F880008B4
:10883000FDF726FD786214E0FDF734FD786210E064
:108840005A4B7B620DE0FDF767FC786209E04FF45C
:1088500000437B6205E000237B62012387F82A3016
:1088600000BF7B6A002B00F089807B695B6A4E4AFF
:1088700032F813301A467B6AB3FBF2F35A007B6975
:108880005B685B081A447B695B68B2FBF3F33B628D
:108890003B6A0F2B16D93B6AB3F5803F12D23B6A75
:1088A0009BB223F00F03FB833B6A5B089BB203F090
:1088B00007039AB2FB8B1343FB837B691B68FA8B1C
:1088C000DA605BE0012387F82A3057E097F82B3015
:1088D000082B28D801A252F823F000BF0189000814
:1088E00009890008118900082789000817890008EC
:1088F0002789000827890008278900081F890008A0
:10890000FDF7BEFC786214E0FDF7CCFC786210E065
:10891000264B7B620DE0FDF7FFFB786209E04FF428
:1089200000437B6205E000237B62012387F82A3045
:1089300000BF7B6A002B21D07B695B6A1A4A32F840
:1089400013301A467B6AB3FBF2F27B695B685B0803
:108950001A447B695B68B2FBF3F33B623B6A0F2B03
:1089600009D93B6AB3F5803F05D23B6A9AB27B696D
:108970001B68DA6002E0012387F82A307B69012254
:10898000A3F86A207B690122A3F868207B69002292
:108990005A677B6900229A6797F82A301846303761
:1089A000BD46BDE8B08F00BFBC3501080024F4000F
:1089B00080B483B000AF78607B689B6A03F00103EA
:1089C000002B0AD07B681B685B6823F400317B684E
:1089D000DA6A7B681B680A435A607B689B6A03F00B
:1089E0000203002B0AD07B681B685B6823F480318C
:1089F0007B681A6B7B681B680A435A607B689B6ABA
:108A000003F00403002B0AD07B681B685B6823F427
:108A100080217B685A6B7B681B680A435A607B68BD
:108A20009B6A03F00803002B0AD07B681B685B6815
:108A300023F400417B689A6B7B681B680A435A6089
:108A40007B689B6A03F01003002B0AD07B681B68CD
:108A50009B6823F480517B68DA6B7B681B680A4350
:108A60009A607B689B6A03F02003002B0AD07B6826
:108A70001B689B6823F400517B681A6C7B681B6839
:108A80000A439A607B689B6A03F04003002B1AD06C
:108A90007B681B685B6823F480117B685A6C7B6879
:108AA0001B680A435A607B685B6CB3F5801F0AD170
:108AB0007B681B685B6823F4C0017B689A6C7B68E9
:108AC0001B680A435A607B689B6A03F08003002B93
:108AD0000AD07B681B685B6823F400217B68DA6C32
:108AE0007B681B680A435A6000BF0C37BD4680BCD8
:108AF000704780B586B002AF78607B680022C3F80B
:108B00009020F8F765F8F8607B681B681B6803F035
:108B10000803082B0ED16FF07E430093FB68002200
:108B20004FF40011786800F032F80346002B01D0B2
:108B3000032328E07B681B681B6803F00403042BF5
:108B40000ED16FF07E430093FB6800224FF480014A
:108B5000786800F01CF80346002B01D0032312E0D4
:108B60007B682022C3F888207B682022C3F88C20F1
:108B70007B680022DA667B6800221A677B68002225
:108B800083F88420002318461037BD4680BD80B589
:108B90009CB000AFF860B9603B601346FB71A9E080
:108BA000BB6FB3F1FF3F00F0A580F8F711F8024664
:108BB0003B68D31ABA6F9A4202D3BB6F002B40D1E5
:108BC000FB681B683B653B6D53E8003FFB64FB6C37
:108BD00023F4D0737B66FB681B681A467B6EFB65CB
:108BE000BA65B96DFA6D41E800237B657B6D002B9A
:108BF000E6D1FB681B680833FB63FB6B53E8003F5F
:108C0000BB63BB6B23F001033B66FB681B68083347
:108C10003A6EBA647B64796CBA6C41E800233B64B9
:108C20003B6C002BE5D1FB682022C3F88820FB6851
:108C30002022C3F88C20FB68002283F884200323C1
:108C400069E0FB681B681B6803F00403002B51D02C
:108C5000FB681B68DB6903F40063B3F5006F49D15F
:108C6000FB681B684FF400621A62FB681B68BB62FA
:108C7000BB6A53E8003F7B627B6A23F4D073FB66D8
:108C8000FB681B681A46FB6E7B633A63396B7A6B31
:108C900041E80023FB62FB6A002BE6D1FB681B68FE
:108CA00008337B617B6953E8003F3B613B6923F0FC
:108CB0000103BB66FB681B680833BA6E3A62FB614E
:108CC000F9693A6A41E80023BB61BB69002BE5D131
:108CD000FB682022C3F88820FB682022C3F88C2080
:108CE000FB682022C3F89020FB68002283F88420D0
:108CF000032310E0FB681B68DA69BB681340BA689D
:108D00009A420CBF01230023DBB21A46FB799A4238
:108D10003FF446AF002318467037BD4680BD0000C3
:108D200080B596B000AFF860B9601346FB80FB6871
:108D3000BA689A65FB68FA88A3F85C20FB68002291
:108D4000C3F89020FB682222C3F88C20FB68D3F87C
:108D50008030002B2DD0FB68D3F88030404ADA6297
:108D6000FB68D3F880303F4A1A63FB68D3F8803041
:108D70003D4A5A63FB68D3F8803000229A63FB684F
:108D8000D3F88000FB681B6824331946FB689B6D91
:108D90001A46FB88FBF7E4FC0346002B09D0FB686E
:108DA0001022C3F89020FB682022C3F88C200123F6
:108DB00051E0FB681B69002B18D0FB681B68FB6344
:108DC000FB6B53E8003FBB63BB6B43F480737B6575
:108DD000FB681B681A467B6DBB647A64796CBA6C5D
:108DE00041E800233B643B6C002BE6D1FB681B6829
:108DF0000833BB62BB6A53E8003F7B627B6A43F087
:108E000001033B65FB681B6808333A6D7A633B637B
:108E1000396B7A6B41E80023FB62FB6A002BE5D1DA
:108E2000FB681B6808337B617B6953E8003F3B614B
:108E30003B6943F04003FB64FB681B680833FA6C32
:108E40003A62FB61F9693A6A41E80023BB61BB6998
:108E5000002BE5D1002318465837BD4680BD00BF22
:108E6000B78F0008EB9000083191000880B48FB0F4
:108E700000AF78607B681B683B623B6A53E8003F49
:108E8000FB61FB6923F0C0037B637B681B681A46A8
:108E90007B6BFB62BA62B96AFA6A41E800237B62C3
:108EA0007B6A002BE6D17B681B680833FB60FB689C
:108EB00053E8003FBB60BB6823F400033B637B685F
:108EC0001B6808333A6BBA617B617969BA6941E81A
:108ED00000233B613B69002BE5D17B682022C3F86E
:108EE000882000BF3C37BD4680BC704780B495B039
:108EF00000AF78607B681B687B637B6B53E8003F47
:108F00003B633B6B23F49073FB647B681B681A46DE
:108F1000FB6C3B64FA63F96B3A6C41E80023BB637A
:108F2000BB6B002BE6D17B681B6808333B623B6A56
:108F300053E8003FFB61FB6923F0805323F00103FA
:108F4000BB647B681B680833BA6CFA62BB62B96A9F
:108F5000FA6A41E800237B627B6A002BE3D17B68DD
:108F6000DB6E012B18D17B681B68FB60FB6853E844
:108F7000003FBB60BB6823F010037B647B681B6809
:108F80001A467B6CBB617A617969BA6941E8002352
:108F90003B613B69002BE6D17B682022C3F88C2023
:108FA0007B680022DA667B6800225A6700BF54376C
:108FB000BD4680BC704780B59CB000AF78607B68D0
:108FC0009B6AFB667B681B681B6803F02003002B11
:108FD00071D1FB6E0022A3F85E20FB6E1B68FB6460
:108FE000FB6C53E8003FBB64BB6C23F48073BB662F
:108FF000FB6E1B681A46BB6EBB657A65796DBA6DF0
:1090000041E800233B653B6D002BE6D1FB6E1B68FE
:109010000833BB63BB6B53E8003F7B637B6B23F080
:1090200001037B66FB6E1B6808337A6E7A643B64CF
:10903000396C7A6C41E80023FB63FB6B002BE5D1B4
:10904000FB6E1B6808337B627B6A53E8003F3B6220
:109050003B6A23F040033B66FB6E1B6808333A6EA5
:109060003A63FB62F96A3A6B41E80023BB62BB6A70
:10907000002BE5D1FB6E2022C3F88C20FB6EDB6E4B
:10908000012B18D1FB6E1B683B613B6953E8003F25
:10909000FB60FB6823F01003FB65FB6E1B681A4640
:1090A000FB6DFB61BA61B969FA6941E800237B6134
:1090B0007B69002BE6D1FB6E00221A67FB6EDB6E2C
:1090C000012B09D1FB6ED3F8C030FA6EB2F85C20E8
:1090D0001146F86E984704E0FB6ED3F8A030F86EA6
:1090E000984700BF7037BD4680BD80B584B000AFE3
:1090F00078607B689B6AFB60FB6801221A67FB68EB
:10910000DB6E012B0BD1FB68D3F8C030FA68B2F8E4
:109110005C20520892B21146F868984704E0FB6858
:10912000D3F89C30F868984700BF1037BD4680BD23
:1091300080B586B000AF78607B689B6A7B617B6995
:10914000D3F888303B617B69D3F88C30FB607B6956
:109150001B689B6803F08003802B09D13B69212B9E
:1091600006D17B690022A3F856207869FFF77EFEBE
:109170007B691B689B6803F04003402B09D1FB68A7
:10918000222B06D17B690022A3F85E207869FFF7C5
:10919000ADFE7B69D3F8903043F010027B69C3F8D1
:1091A00090207B69D3F8A4307869984700BF1837BE
:1091B000BD4680BD80B584B000AF78607B689B6A97
:1091C000FB60FB680022A3F85E20FB680022A3F886
:1091D0005620FB68D3F8A430F868984700BF1037D2
:1091E000BD4680BD80B48FB000AF78607B68D3F897
:1091F0008830212B4CD17B68B3F856309BB2002BC2
:1092000032D17B681B683B623B6A53E8003FFB61DD
:10921000FB6923F080037B637B681B681A467B6BCA
:10922000FB62BA62B96AFA6A41E800237B627B6A30
:10923000002BE6D17B681B68FB60FB6853E8003FAE
:10924000BB60BB6843F040033B637B681B681A4606
:109250003B6BBB617A617969BA6941E800233B6184
:109260003B69002BE6D113E07B681B6D1A787B68A5
:109270001B689A627B681B6D5A1C7B681A657B6849
:10928000B3F856309BB2013B9AB27B68A3F85620E4
:1092900000BF3C37BD4680BC704780B491B000AF82
:1092A00078607B68D3F88830212B51D17B68B3F884
:1092B00056309BB2002B32D17B681B687B627B6A85
:1092C00053E8003F3B623B6A23F08003BB637B684B
:1092D0001B681A46BB6B3B63FA62F96A3A6B41E85A
:1092E0000023BB62BB6A002BE6D17B681B683B6135
:1092F0003B6953E8003FFB60FB6843F040037B633E
:109300007B681B681A467B6BFB61BA61B969FA69B5
:1093100041E800237B617B69002BE6D118E07B6884
:109320001B6DFB63FB6B1B881A467B681B68C2F3D3
:1093300008029A627B681B6D9A1C7B681A657B68C1
:10934000B3F856309BB2013B9AB27B68A3F8562023
:1093500000BF4437BD4680BC704780B491B000AFB9
:1093600078607B68D3F88830212B60D17B68B3F8B4
:109370006A30FB8757E07B68B3F856309BB2002B0E
:1093800033D17B681B6808337B627B6A53E8003FFC
:109390003B623B6A23F40003BB637B681B680833B2
:1093A000BA6B3A63FB62F96A3A6B41E80023BB622D
:1093B000BB6A002BE5D17B681B683B613B6953E8C6
:1093C000003FFB60FB6843F040037B637B681B68E6
:1093D0001A467B6BFB61BA61B969FA6941E80023FF
:1093E0007B617B69002BE6D121E07B681B68DB6930
:1093F00003F08003002B13D07B681B6D1A787B6809
:109400001B689A627B681B6D5A1C7B681A657B68B7
:10941000B3F856309BB2013B9AB27B68A3F8562052
:10942000FB8F013BFB87FB8F002BA4D1FFE700BF25
:109430004437BD4680BC704780B491B000AF7860BF
:109440007B68D3F88830212B65D17B68B3F86A300C
:10945000FB875CE07B68B3F856309BB2002B33D1BE
:109460007B681B6808333B623B6A53E8003FFB6143
:10947000FB6923F400037B637B681B6808337A6B0A
:10948000FA62BB62B96AFA6A41E800237B627B6ACE
:10949000002BE5D17B681B68FB60FB6853E8003F4D
:1094A000BB60BB6843F040033B637B681B681A46A4
:1094B0003B6BBB617A617969BA6941E800233B6122
:1094C0003B69002BE6D126E07B681B68DB6903F073
:1094D0008003002B18D07B681B6DBB63BB6B1B88A4
:1094E0001A467B681B68C2F308029A627B681B6D90
:1094F0009A1C7B681A657B68B3F856309BB2013BB7
:109500009AB27B68A3F85620FB8F013BFB87FB8F49
:10951000002B9FD1FFE700BF4437BD4680BC70479A
:1095200080B588B000AF78607B681B68FB60FB6823
:1095300053E8003FBB60BB6823F04003FB617B68DE
:109540001B681A46FB69BB617A617969BA6941E8AF
:1095500000233B613B69002BE6D17B682022C3F8E6
:1095600088207B6800229A677B68D3F898307868F7
:10957000984700BF2037BD4680BD80B483B000AFA0
:10958000786000BF0C37BD4680BC704780B483B0A4
:1095900000AF786000BF0C37BD4680BC704780B418
:1095A00083B000AF786000BF0C37BD4680BC704709
:1095B00080B584B000AF78607B6893F88430012B6D
:1095C00001D102232BE07B68012283F884207B6891
:1095D0002422C3F888207B681B681B68FB607B68BB
:1095E0001B681A687B681B6822F001021A60FB681E
:1095F00043F00053FB607B684FF000525A667B6873
:109600001B68FA681A60786800F016F97B682022F7
:10961000C3F888207B68002283F884200023184642
:109620001037BD4680BD80B485B000AF78607B68E0
:1096300093F88430012B01D1022327E07B680122BB
:1096400083F884207B682422C3F888207B681B6809
:109650001B68FB607B681B681A687B681B6822F0CC
:1096600001021A60FB6823F00053FB607B68002254
:109670005A667B681B68FA681A607B682022C3F808
:1096800088207B68002283F8842000231846143742
:10969000BD4680BC704780B584B000AF786039604B
:1096A0007B6893F88430012B01D102232DE07B6885
:1096B000012283F884207B682422C3F888207B68F9
:1096C0001B681B68FB607B681B681A687B681B68EB
:1096D00022F001021A607B681B689B6823F06041DE
:1096E0007B681B683A680A439A60786800F0A4F8BF
:1096F0007B681B68FA681A607B682022C3F88820A0
:109700007B68002283F88420002318461037BD466A
:1097100080BD80B584B000AF786039607B6893F815
:109720008430012B01D102232DE07B68012283F8D4
:1097300084207B682422C3F888207B681B681B6810
:10974000FB607B681B681A687B681B6822F001025B
:109750001A607B681B689B6823F060617B681B68EC
:109760003A680A439A60786800F066F87B681B687C
:10977000FA681A607B682022C3F888207B68002280
:1097800083F88420002318461037BD4680BD80B57D
:109790008CB000AFF860B9601346FB80FB68D3F86B
:1097A0008C30202B42D1BB68002B02D0FB88002BD1
:1097B00001D101233BE0FB680122DA66FB6800224D
:1097C0001A67FB881A46B968F868FFF7A9FA0346D2
:1097D00087F82F3097F82F30002B24D1FB68DB6EF1
:1097E000012B1DD1FB681B6810221A62FB681B68E5
:1097F000BB61BB6953E8003F7B617B6943F01003A9
:10980000BB62FB681B681A46BB6A7B623A62396AB4
:109810007A6A41E80023FB61FB69002BE6D102E094
:10982000012387F82F3097F82F3000E002231846E5
:109830003037BD4680BD000080B485B000AF786091
:109840007B685B6E002B08D17B680122A3F86A203D
:109850007B680122A3F8682031E00823FB7308230A
:10986000BB737B681B689B685B0EDBB203F007036E
:109870007B737B681B689B685B0FDBB203F007039D
:109880003B73BB7B3A7B10498A5C02FB03F33A7B58
:109890000E498A5C93FBF2F39AB27B68A3F86A20C4
:1098A000FB7B7A7B08498A5C02FB03F37A7B0749DE
:1098B0008A5C93FBF2F39AB27B68A3F8682000BF3E
:1098C0001437BD4680BC7047D4350108DC3501082B
:1098D00080B485B000AF78604FF0B043DA6C4FF0E1
:1098E000B0417B681343CB644FF0B043DA6C7B68C4
:1098F0001340FB60FB6800BF1437BD4680BC704757
:1099000080B586B000AF3B1D00221A605A609A6095
:10991000DA601A610220FFF7DBFF40237B6001233E
:10992000BB600023FB6003233B613B1D19461348CA
:10993000FBF72AFB80237B603B1D19460F48FBF792
:1099400023FB4FF480737B603B1D19460B48FBF7EC
:109950001BFB002280210948FBF776FC00224021F6
:109960000648FBF771FC00224FF480710348FBF7B7
:109970006BFC002318461837BD4680BD0004004824
:1099800080B582B000AF0346FB71FB79032B4FD843
:1099900001A252F823F000BFA9990008CB99000852
:1099A000ED9900080F9A000800224FF480712348B7
:1099B000FBF74AFC002240212048FBF745FC00222F
:1099C00080211E48FBF740FC33E0002240211B4869
:1099D000FBF73AFC012280211848FBF735FC0022F6
:1099E0004FF480711548FBF72FFC22E00122402143
:1099F0001248FBF729FC012280211048FBF724FCC8
:109A000000224FF480710D48FBF71EFC11E001228B
:109A100040210A48FBF718FC012280210748FBF788
:109A200013FC00224FF480710448FBF70DFC00E0AA
:109A300000BF002318460837BD4680BD000400481B
:109A400080B400AF01231846BD4680BC704780B487
:109A500000AF00231846BD4680BC704780B400AFFD
:109A600001231846BD4680BC704780B485B000AF66
:109A70000346FB71FB79002B02D10F23FB6001E051
:109A80001623FB60FB6818461437BD4680BC704740
:109A900080B400AF00BFBD4680BC704780B485B0C5
:109AA00000AFEFF30583BB60BB68002B0FD1EFF372
:109AB00010837B607B68002B05D1EFF311833B6043
:109AC0003B68002B07D00D4B1B68022B03D16FF0B6
:109AD0000503FB600CE0094B1B68002B05D1074B0D
:109AE00001221A600023FB6002E04FF0FF33FB60AD
:109AF000FB6818461437BD4680BC7047402A0020DA
:109B000080B584B000AFEFF30583BB60BB68002B6A
:109B10000FD1EFF310837B607B68002B05D1EFF34F
:109B200011833B603B68002B07D00F4B1B68022B57
:109B300003D16FF00503FB6010E00B4B1B68012B9A
:109B400009D1FFF7A5FF084B02221A6001F02AFF96
:109B50000023FB6002E04FF0FF33FB60FB68184618
:109B60001037BD4680BD00BF402A002080B590B0B0
:109B700004AFF860B9607A6000233B61EFF30583BE
:109B8000FB61FB69002B40F08F80EFF31083BB611A
:109B9000BB69002B05D1EFF311837B617B69002B3F
:109BA00003D0444B1B68022B7ED0FB68002B7BD07C
:109BB0008023BB6218237B620023FB624FF0FF33DC
:109BC0003B627B68002B45D07B681B68002B02D072
:109BD0007B681B68FB627B689B69002B02D07B68FB
:109BE0009B697B627B6A002B08D07B6A382B05D887
:109BF0007B685B6803F00103002B01D0002354E075
:109C00007B685B69002B03D07B685B699B08BB6248
:109C10007B689B68002B0ED07B68DB689F2B0AD982
:109C20007B681B69002B06D07B685B69002B02D028
:109C300001233B6210E07B689B68002B0CD17B68A2
:109C4000DB68002B08D17B681B69002B04D1002343
:109C50003B6201E000233B623B6A012B10D17B6831
:109C60001B697A689268029201937B6A0093BB68D1
:109C7000BA6AF96AF86801F031FC03463B6113E007
:109C80003B6A002B10D1BB6A9AB207F11003019313
:109C90007B6A0093BB68F96AF86801F07FFC0346B1
:109CA000012B01D000233B613B6918463037BD468C
:109CB00080BD00BF402A002080B485B000AFF860AE
:109CC000B9607A60FB68064A1A60BB68054A1A6088
:109CD0007B6880221A6000BF1437BD4680BC704785
:109CE000442A0020E42A002080B485B000AFF86048
:109CF000B9607A60FB68074A1A60BB68064A1A6056
:109D00007B684FF480721A6000BF1437BD4680BC78
:109D1000704700BFE42C0020842D002080B582B065
:109D200000AF1C2000F0DAF978607B68002B0AD0C5
:109D30007B6800221A607B680433184600F0ACFB95
:109D40007B6800221A767B6818460837BD4680BDBE
:109D500080B590B000AFF860B9607A603B60FB6896
:109D60007B630023BB6300233B63FB68002B0BD1A9
:109D70004FF0500383F31188BFF36F8FBFF34F8F02
:109D80003B6200BF00BFFDE7BB68B3F1807F0BD330
:109D90004FF0500383F31188BFF36F8FBFF34F8FE2
:109DA000FB6100BF00BFFDE7BB68002B0BD14FF08C
:109DB000500383F31188BFF36F8FBFF34F8FBB61E5
:109DC00000BF00BFFDE702F0EFFA0346002B02D10F
:109DD000BB6C002B01D1012300E00023002B0BD131
:109DE0004FF0500383F31188BFF36F8FBFF34F8F92
:109DF0007B6100BF00BFFDE701F044FE7B6B1B6889
:109E0000FB623A68B968F86A00F046F9B862BB6A62
:109E1000002B0ED0FB6AFB630023BB647B68002B26
:109E200028D07B6B1A68BB68DB431A407B6B1A60D7
:109E300020E0BB6C002B04D1FB6AFB6301233B6376
:109E400018E07B68002B03D0BB6B43F08073BB63CF
:109E50003B68002B03D0BB6B43F08063BB637B6B21
:109E6000181DBA68BB6B1343BA6C194602F008F8A8
:109E70000023FB6301F014FE7862BB6C002B31D031
:109E80007B6A002B07D11A4B4FF080521A60BFF348
:109E90004F8FBFF36F8F02F015FBF863FB6B03F07E
:109EA0000073002B1AD100F099FC7B6B1B68FB63DD
:109EB0003A68B968F86B00F0EFF80346002B09D058
:109EC0007B68002B06D07B6B1A68BB68DB431A40AB
:109ED0007B6B1A6001233B6300F0B0FCFB6B23F04B
:109EE0007F43FB63FB6B18464037BD4680BD00BF18
:109EF00004ED00E080B586B000AF786039607B6823
:109F00007B617B68002B0BD14FF0500383F31188EA
:109F1000BFF36F8FBFF34F8FFB6000BF00BFFDE744
:109F20003B68B3F1807F0BD34FF0500383F311886C
:109F3000BFF36F8FBFF34F8FBB6000BF00BFFDE764
:109F400000F04CFC7B691B683B617B691A683B68CD
:109F5000DB431A407B691A6000F070FC3B691846CD
:109F60001837BD4680BD80B58EB000AF78603960CF
:109F700000233B637B68BB620023FB627B68002B92
:109F80000BD14FF0500383F31188BFF36F8FBFF3F2
:109F90004F8F3B6100BF00BFFDE73B68B3F1807F9F
:109FA0000BD34FF0500383F31188BFF36F8FBFF3D0
:109FB0004F8FFB6000BF00BFFDE7BB6A04337B62CD
:109FC0007B6A08333B6201F05DFD7B6ADB687B6383
:109FD000BB6A1A683B681A43BB6A1A603CE07B6B39
:109FE0005B68FB617B6B1B68BB610023FB62BB6929
:109FF00003F07F437B61BB6923F07F43BB617B69D7
:10A0000003F08063002B08D1BB6A1A68BB69134058
:10A01000002B0BD00123FB6208E0BB6A1A68BB6906
:10A020001340BA699A4201D10123FB62FB6A002BFB
:10A0300010D07B6903F08073002B03D03A6BBB69AF
:10A0400013433B63BB6A1B6843F000731946786B8C
:10A0500001F0E4FFFB697B637A6B3B6A9A42BED1F5
:10A06000BB6A1A683B6BDB431A40BB6A1A6001F09B
:10A0700017FDBB6A1B6818463837BD4680BD80B5E2
:10A0800082B000AF7860396039687868FFF76BFF9D
:10A0900000BF0837BD4680BD80B487B000AFF86010
:10A0A000B9607A6000237B617B68002B07D1FA6876
:10A0B000BB681340002B0AD001237B6107E0FA68DC
:10A0C000BB681340BA689A4201D101237B617B6966
:10A0D00018461C37BD4680BC7047000080B58AB06A
:10A0E00000AF78600023FB6101F0CCFC5A4B1B6889
:10A0F000002B01D100F016F9584B1A687B68134009
:10A10000002B40F090807B68002B1ED008227B68DB
:10A1100013447B607B6803F00703002B15D07B683A
:10A1200023F0070308337B607B6803F00703002BF1
:10A130000BD04FF0500383F31188BFF36F8FBFF341
:10A140004F8F7B6100BF00BFFDE77B68002B6AD0AB
:10A15000434B1B687A689A4265D8424B3B62414B3D
:10A160001B687B6204E07B6A3B627B6A1B687B62E4
:10A170007B6A5B687A689A4203D97B6A1B68002B0A
:10A18000F1D1354B1B687A6A9A424CD03B6A1B6806
:10A1900008221344FB617B6A1A683B6A1A607B6A77
:10A1A0005A687B68D21A08235B009A4220D97A6ADF
:10A1B0007B681344BB61BB6903F00703002B0BD022
:10A1C0004FF0500383F31188BFF36F8FBFF34F8FAE
:10A1D0003B6100BF00BFFDE77B6A5A687B68D21A0B
:10A1E000BB695A607B6A7A685A60B86900F0FCF80B
:10A1F0001B4B1A687B6A5B68D31A194A1360184BA9
:10A200001A68194B1B689A4203D2154B1B68164AF1
:10A2100013607B6A5A68114B1B681A437B6A5A6049
:10A220007B6A00221A6001F03BFCFB6903F0070324
:10A23000002B0BD04FF0500383F31188BFF36F8FC7
:10A24000BFF34F8FFB6000BF00BFFDE7FB691846FF
:10A250002837BD4680BD00BF8CD1002098D100209A
:10A2600090D1002084D1002094D1002080B586B008
:10A2700000AF78607B687B617B68002B4AD0082345
:10A280005B427A6913447B617B693B613B695A6835
:10A29000224B1B681340002B0BD14FF0500383F36C
:10A2A0001188BFF36F8FBFF34F8FFB6000BF00BFFC
:10A2B000FDE73B691B68002B0BD04FF0500383F385
:10A2C0001188BFF36F8FBFF34F8FBB6000BF00BF1C
:10A2D000FDE73B695A68114B1B681340002B19D0EE
:10A2E0003B691B68002B15D13B695A680B4B1B68F7
:10A2F000DB431A403B695A6001F0C4FB3B695A6872
:10A30000074B1B681344064A1360386900F06CF869
:10A3100001F0C6FB00BF1837BD4680BD98D10020B4
:10A3200090D1002080B485B000AF4FF42043BB60D3
:10A33000274BFB60FB6803F00703002B0CD0FB6886
:10A340000733FB60FB6823F00703FB60BA68FB6818
:10A35000D31A1F4A1344BB60FB687B601D4A7B68AD
:10A3600013601C4B00225A607B68BA681344FB6080
:10A370000822FB689B1AFB60FB6823F00703FB6065
:10A38000FB68154A1360144B1B6800225A60124B7D
:10A390001B6800221A607B683B603B68FA68D21A2F
:10A3A0003B685A600C4B1A683B681A603B685B68F4
:10A3B0000A4A13603B685B68094A1360094B4FF017
:10A3C00000421A6000BF1437BD4680BC704700BF12
:10A3D0008431002084D100208CD1002094D1002031
:10A3E00090D1002098D1002080B485B000AF786073
:10A3F000274BFB6002E0FB681B68FB60FB681B6887
:10A400007A689A42F7D8FB68BB60FB685B68BA68F9
:10A4100013447A689A4208D1FB685A687B685B6883
:10A420001A44FB685A60FB687B607B68BB607B6892
:10A430005B68BA681A44FB681B689A4218D1FB68CB
:10A440001A68144B1B689A420DD07B685A68FB68E7
:10A450001B685B681A447B685A60FB681B681A6853
:10A460007B681A6008E00B4B1A687B681A6003E08F
:10A47000FB681A687B681A60FA687B689A4202D0A7
:10A48000FB687A681A6000BF1437BD4680BC70470D
:10A4900084D100208CD1002080B483B000AF7860DC
:10A4A0007B6803F108027B685A607B684FF0FF32DB
:10A4B0009A607B6803F108027B68DA607B6803F1CD
:10A4C00008027B681A617B6800221A6000BF0C37A3
:10A4D000BD4680BC704780B483B000AF78607B68B5
:10A4E00000221A6100BF0C37BD4680BC704780B4A3
:10A4F00085B000AF786039607B685B68FB603B6863
:10A50000FA685A60FB689A683B689A60FB689B68C7
:10A510003A685A60FB683A689A603B687A681A61E0
:10A520007B681B685A1C7B681A6000BF1437BD46E5
:10A5300080BC704780B485B000AF786039603B68FC
:10A540001B68BB60BB68B3F1FF3F03D17B681B692D
:10A55000FB600CE07B680833FB6002E0FB685B6833
:10A56000FB60FB685B681B68BA689A42F6D2FB68BE
:10A570005A683B685A603B685B683A689A603B6817
:10A58000FA689A60FB683A685A603B687A681A61B0
:10A590007B681B685A1C7B681A6000BF1437BD4675
:10A5A00080BC704780B485B000AF78607B681B6961
:10A5B000FB607B685B687A6892689A607B689B68DE
:10A5C0007A6852685A60FB685B687A689A4203D17D
:10A5D0007B689A68FB685A607B6800221A61FB6896
:10A5E0001B685A1EFB681A60FB681B681846143704
:10A5F000BD4680BC7047000080B485B000AFF860F5
:10A60000B9607A60FB68043BFB60FB684FF08072C6
:10A610001A60FB68043BFB60BB6823F00102FB6827
:10A620001A60FB68043BFB60084AFB681A60FB6821
:10A63000143BFB607A68FB681A60FB68203BFB6098
:10A64000FB6818461437BD4680BC704751A6000809
:10A6500080B485B000AF00237B60124B1B68B3F160
:10A66000FF3F0BD04FF0500383F31188BFF36F8F80
:10A67000BFF34F8FFB6000BF00BFFDE74FF05003FB
:10A6800083F31188BFF36F8FBFF34F8FBB6000BFA1
:10A6900000BF7B68002BFCD000BF00BF1437BD4655
:10A6A00080BC7047BC0000200000000000000000DB
:10A6B000074B19680868B0E8F00F80F30988BFF30A
:10A6C0006F8F4FF0000080F311884EF00D0E704731
:10A6D000E4D1002000BF00BF06480068006880F396
:10A6E000088862B661B6BFF34F8FBFF36F8F00DF8C
:10A6F00000BF00BF08ED00E080B584B000AF324B72
:10A70000FB60FB681B78DBB27B60FB68FF221A7082
:10A71000FB681B78DBB2FB70FB78DBB203F0500305
:10A72000DAB22A4B1A702A4B07221A6009E0284B2A
:10A730001B68013B264A1360FB78DBB25B00DBB28F
:10A74000FB70FB78DBB203F08003802BEFD0204B53
:10A750001B68C3F10703042B0BD04FF0500383F3A6
:10A760001188BFF36F8FBFF34F8FBB6000BF00BF77
:10A77000FDE7174B1B681B02154A1360144B1B683F
:10A7800003F4E063124A13607B68DAB2FB681A7064
:10A79000104B1B680F4A43F4700313600D4B1B688A
:10A7A0000C4A43F07043136000F0B8F80A4B0022E3
:10A7B0001A60FFF791FF01F0D9FAFFF749FF002374
:10A7C00018461037BD4680BD00E400E09CD1002053
:10A7D000A0D1002020ED00E0BC00002080B483B0B8
:10A7E00000AF4FF0500383F31188BFF36F8FBFF3B7
:10A7F0004F8F7B6000BF0F4B1B6801330D4A136006
:10A800000C4B1B68012B10D10B4B1B68DBB2002BD0
:10A810000BD04FF0500383F31188BFF36F8FBFF35A
:10A820004F8F3B6000BF00BFFDE700BF0C37BD4648
:10A8300080BC7047BC00002004ED00E080B483B011
:10A8400000AF124B1B68002B0BD14FF0500383F36A
:10A850001188BFF36F8FBFF34F8F7B6000BF00BFC6
:10A86000FDE70A4B1B68013B084A1360074B1B6856
:10A87000002B05D100233B603B6883F3118800BFA8
:10A8800000BF0C37BD4680BC704700BFBC00002035
:10A89000EFF30980BFF36F8F0D4B1A6820E9F00FBB
:10A8A000106008B54FF0500080F3118801F05EFA97
:10A8B0004FF0000080F31188BDE80840196808686F
:10A8C000B0E8F00F80F30988BFF36F8F704700BFC7
:10A8D000E4D1002000BF00BF80B582B000AF4FF0D0
:10A8E000500383F31188BFF36F8FBFF34F8F7B60EB
:10A8F00000BF01F081F90346002B03D0064B4FF057
:10A9000080521A6000233B603B6883F3118800BFCC
:10A9100000BF0837BD4680BD04ED00E080B400AF45
:10A920000A4B00221A600A4B00221A60094B1B686E
:10A93000094AA2FB03235B09084A013B1360034B4E
:10A9400007221A6000BFBD4680BC704710E000E0DF
:10A9500018E000E0B40000201F85EB5114E000E097
:10A9600080B485B000AFEFF30583FB60FB680F2B6D
:10A9700015D9174AFB6813441B78FB72154B1B78DB
:10A98000FA7A9A420BD24FF0500383F31188BFF347
:10A990006F8FBFF34F8F7B6000BF00BFFDE70E4B93
:10A9A0001B6803F4E0620D4B1B689A420BD94FF011
:10A9B000500383F31188BFF36F8FBFF34F8F3B605A
:10A9C00000BF00BFFDE700BF1437BD4680BC704725
:10A9D000F0E300E09CD100200CED00E0A0D10020CD
:10A9E00080B584B000AF786039607B68FB60FB683D
:10A9F000002B0BD14FF0500383F31188BFF36F8FFF
:10AA0000BFF34F8FBB6000BF00BFFDE7FFF7E6FE5F
:10AA1000FB681A68FB68DB6BF968096C01FB03F3E0
:10AA20001A44FB689A60FB6800229A63FB681A6804
:10AA3000FB685A60FB681A68FB68DB6B013BF968CE
:10AA4000096C01FB03F31A44FB68DA60FB68FF2220
:10AA500083F84420FB68FF2283F845203B68002BE5
:10AA600014D1FB681B69002B1AD0FB681033184601
:10AA700001F070FA0346002B12D00D4B4FF08052BC
:10AA80001A60BFF34F8FBFF36F8F09E0FB6810337D
:10AA90001846FFF701FDFB6824331846FFF7FCFC5E
:10AAA000FFF7CCFE012318461037BD4680BD00BF1E
:10AAB00004ED00E080B58EB002AFF860B9607A6056
:10AAC0003B60FB68002B0BD14FF0500383F31188E0
:10AAD000BFF36F8FBFF34F8FBB6200BF00BFFDE7B7
:10AAE0003B68002B0BD14FF0500383F31188BFF369
:10AAF0006F8FBFF34F8F7B6200BF00BFFDE77B68A6
:10AB0000002B02D0BB68002B01D0012300E0002302
:10AB1000002B0BD14FF0500383F31188BFF36F8FDD
:10AB2000BFF34F8F3B6200BF00BFFDE77B68002B88
:10AB300002D1BB68002B01D1012300E00023002BD0
:10AB40000BD14FF0500383F31188BFF36F8FBFF326
:10AB50004F8FFB6100BF00BFFDE748237B617B692E
:10AB6000482B0BD04FF0500383F31188BFF36F8F46
:10AB7000BFF34F8FBB6100BF00BFFDE77B693B6840
:10AB8000FB62FB6A002B0DD0FB6A012283F8462092
:10AB900097F83820FB6A009313467A68B968F8681A
:10ABA00000F046F8FB6A18463037BD4680BD80B5D8
:10ABB0008AB002AFF860B9601346FB71FB68002BE6
:10ABC0000BD14FF0500383F31188BFF36F8FBFF3A6
:10ABD0004F8F3B6100BF00BFFDE7BB68002B02D178
:10ABE0000023FB6104E0FB68BA6802FB03F3FB612E
:10ABF000FB6948331846FFF771FAB861BB69002B4F
:10AC000011D0BB697B617B6948337B61BB690022E2
:10AC100083F84620FA79BB69009313467A69B968CC
:10AC2000F86800F005F8BB6918462037BD4680BDBE
:10AC300080B584B000AFF860B9607A60FB70BB6823
:10AC4000002B03D1BB69BA691A6002E0BB697A685C
:10AC50001A60BB69FA68DA63BB69BA681A640121D1
:10AC6000B869FFF7BDFE00BF1037BD4680BD0000CC
:10AC700080B58EB000AFF860B9607A603B600023A9
:10AC80007B63FB683B633B6B002B0BD14FF05003A6
:10AC900083F31188BFF36F8FBFF34F8FBB6200BF89
:10ACA00000BFFDE7BB68002B03D13B6B1B6C002B87
:10ACB00001D1012300E00023002B0BD14FF0500302
:10ACC00083F31188BFF36F8FBFF34F8F7B6200BF99
:10ACD00000BFFDE73B68022B03D13B6BDB6B012B15
:10ACE00001D1012300E00023002B0BD14FF05003D2
:10ACF00083F31188BFF36F8FBFF34F8F3B6200BFA9
:10AD000000BFFDE701F050FB0346002B02D17B683A
:10AD1000002B01D1012300E00023002B0BD14FF0C9
:10AD2000500383F31188BFF36F8FBFF34F8FFB6125
:10AD300000BF00BFFDE7FFF751FD3B6B9A6B3B6B1C
:10AD4000DB6B9A4202D33B68022B29D13A68B9687F
:10AD5000386B00F031FAF8623B6B5B6A002B10D065
:10AD60003B6B2433184601F0F5F80346002B13D053
:10AD70003F4B4FF080521A60BFF34F8FBFF36F8F7E
:10AD80000AE0FB6A002B07D0394B4FF080521A6063
:10AD9000BFF34F8FBFF36F8FFFF750FD012363E0C9
:10ADA0007B68002B03D1FFF749FD00235CE07B6B40
:10ADB000002B06D107F11403184601F093F9012383
:10ADC0007B63FFF73BFD00F05DFEFFF707FD3B6B8C
:10ADD00093F844305BB2B3F1FF3F03D13B6B0022E9
:10ADE00083F844203B6B93F845305BB2B3F1FF3FEF
:10ADF00003D13B6B002283F84520FFF71FFD3A1D6E
:10AE000007F114031146184601F082F90346002B9E
:10AE100024D1386B00F0C8FA0346002B18D03B6BE6
:10AE200010337A681146184601F004F8386B00F0C8
:10AE300053FA00F035FE0346002B7FF47CAF0C4B39
:10AE40004FF080521A60BFF34F8FBFF36F8F72E7DE
:10AE5000386B00F041FA00F023FE6CE7386B00F02D
:10AE60003BFA00F01DFE002318463837BD4680BD72
:10AE700004ED00E080B58EB000AFF860B9607A6094
:10AE80003B60FB683B633B6B002B0BD14FF05003E7
:10AE900083F31188BFF36F8FBFF34F8F7B6200BFC7
:10AEA00000BFFDE7BB68002B03D13B6B1B6C002B85
:10AEB00001D1012300E00023002B0BD14FF0500300
:10AEC00083F31188BFF36F8FBFF34F8F3B6200BFD7
:10AED00000BFFDE73B68022B03D13B6BDB6B012B13
:10AEE00001D1012300E00023002B0BD14FF05003D0
:10AEF00083F31188BFF36F8FBFF34F8FFB6100BFE8
:10AF000000BFFDE7FFF72CFDEFF311824FF0500378
:10AF100083F31188BFF36F8FBFF34F8FBA617B61EB
:10AF2000BB69FB623B6B9A6B3B6BDB6B9A4202D358
:10AF30003B68022B2CD13B6B93F8453087F82B30C4
:10AF40003A68B968386B00F037F997F92B30B3F1EC
:10AF5000FF3F12D13B6B5B6A002B16D03B6B243357
:10AF6000184600F0F7FF0346002B0ED07B68002B3D
:10AF70000BD07B6801221A6007E097F82B30013371
:10AF8000DBB25AB23B6B83F8452001237B6301E0BF
:10AF900000237B63FB6A3B613B6983F3118800BF3D
:10AFA0007B6B18463837BD4680BD000080B58CB03D
:10AFB00000AFF860B9607A600023FB62FB68BB6297
:10AFC000BB6A002B0BD14FF0500383F31188BFF302
:10AFD0006F8FBFF34F8F3B6200BF00BFFDE7BB68C1
:10AFE000002B03D1BB6A1B6C002B01D1012300E0B5
:10AFF0000023002B0BD14FF0500383F31188BFF3D4
:10B000006F8FBFF34F8FFB6100BF00BFFDE701F003
:10B01000CBF90346002B02D17B68002B01D1012321
:10B0200000E00023002B0BD14FF0500383F3118875
:10B03000BFF36F8FBFF34F8FBB6100BF00BFFDE752
:10B04000FFF7CCFBBB6A9B6B7B627B6A002B1FD03C
:10B05000B968B86A00F01AF97B6A5A1EBB6A9A632B
:10B06000BB6A1B69002B0FD0BB6A1033184600F077
:10B0700071FF0346002B07D03C4B4FF080521A6003
:10B08000BFF34F8FBFF36F8FFFF7D8FB012369E04A
:10B090007B68002B03D1FFF7D1FB002362E0FB6A42
:10B0A000002B06D107F11003184601F01BF801230D
:10B0B000FB62FFF7C3FB00F0E5FCFFF78FFBBB6A09
:10B0C00093F844305BB2B3F1FF3F03D1BB6A002277
:10B0D00083F84420BB6A93F845305BB2B3F1FF3F7D
:10B0E00003D1BB6A002283F84520FFF7A7FB3A1D76
:10B0F00007F110031146184601F00AF80346002B29
:10B1000023D1B86A00F03AF90346002B17D0BB6A86
:10B1100024337A681146184600F08CFEB86A00F0B5
:10B12000DBF800F0BDFC0346002B89D10F4B4FF03C
:10B1300080521A60BFF34F8FBFF36F8F80E7B86AFA
:10B1400000F0CAF800F0ACFC7AE7B86A00F0C4F886
:10B1500000F0A6FCB86A00F011F90346002B3FF49A
:10B160006FAF002318463037BD4680BD04ED00E0C8
:10B1700080B586B000AF78607B687B617B69002B0F
:10B180000BD14FF0500383F31188BFF36F8FBFF3E0
:10B190004F8FFB6000BF00BFFDE7FFF71FFB7B6920
:10B1A000DA6B7B699B6BD31A3B61FFF747FB3B690B
:10B1B00018461837BD4680BD80B586B000AFF86030
:10B1C000B9607A6000237B61FB689B6B3B61FB6825
:10B1D0001B6C002B0DD1FB681B68002B4DD1FB684D
:10B1E0009B68184601F0FEF87861FB6800229A60BF
:10B1F00043E07B68002B19D1FB685868FB681B6C27
:10B200001A46B96806F055FAFB685A68FB681B6C69
:10B210001A44FB685A60FB685A68FB689B689A424C
:10B220002BD3FB681A68FB685A6026E0FB68D86875
:10B23000FB681B6C1A46B96806F03BFAFB68DA68D3
:10B24000FB681B6C5B421A44FB68DA60FB68DA68D7
:10B25000FB681B689A4207D2FB689A68FB681B6C04
:10B260005B421A44FB68DA607B68022B05D13B69BC
:10B27000002B02D03B69013B3B613B695A1CFB68D8
:10B280009A637B6918461837BD4680BD80B582B089
:10B2900000AF786039607B681B6C002B18D07B682E
:10B2A000DA687B681B6C1A447B68DA607B68DA6852
:10B2B0007B689B689A4203D37B681A687B68DA6074
:10B2C0007B68D9687B681B6C1A46386806F0F1F910
:10B2D00000BF0837BD4680BD80B584B000AF786040
:10B2E000FFF77CFA7B6893F84530FB7311E07B68CD
:10B2F0005B6A002B12D07B682433184600F02AFECC
:10B300000346002B01D000F067FFFB7B013BDBB263
:10B31000FB7397F90F30002BE9DC00E000BF7B687E
:10B32000FF2283F84520FFF789FAFFF757FA7B6879
:10B3300093F84430BB7311E07B681B69002B12D07B
:10B340007B681033184600F005FE0346002B01D041
:10B3500000F042FFBB7B013BDBB2BB7397F90E30C1
:10B36000002BE9DC00E000BF7B68FF2283F844206B
:10B37000FFF764FA00BF1037BD4680BD80B584B0CA
:10B3800000AF7860FFF72AFA7B689B6B002B02D135
:10B390000123FB6001E00023FB60FFF74FFAFB682D
:10B3A00018461037BD4680BD80B584B000AF7860C8
:10B3B000FFF714FA7B689A6B7B68DB6B9A4202D1C9
:10B3C0000123FB6001E00023FB60FFF737FAFB6815
:10B3D00018461037BD4680BD80B487B000AF786096
:10B3E0007B683B613B69002B0BD14FF0500383F32B
:10B3F0001188BFF36F8FBFF34F8FFB6000BF00BF9B
:10B40000FDE73B699A6B3B69DB6B9A4202D10123F2
:10B410007B6101E000237B617B6918461C37BD46D8
:10B4200080BC704780B485B000AF7860396000237D
:10B43000FB6014E00E4AFB6852F83330002B0BD14E
:10B440000B49FB683A6841F83320094AFB68DB0086
:10B4500013447A685A6006E0FB680133FB60FB68BE
:10B46000072BE7D900BF00BF1437BD4680BC70472B
:10B47000A4D1002080B586B000AFF860B9607A60D2
:10B48000FB687B61FFF7AAF97B6993F844305BB2F4
:10B49000B3F1FF3F03D17B69002283F844207B692D
:10B4A00093F845305BB2B3F1FF3F03D17B690022D3
:10B4B00083F84520FFF7C2F97B699B6B002B06D10F
:10B4C0007B6924337A68B968184600F017FD7869FB
:10B4D000FFF702FF00BF1837BD4680BD80B58EB0B4
:10B4E00004AFF860B9607A603B607B6B002B0BD1D6
:10B4F0004FF0500383F31188BFF36F8FBFF34F8F6B
:10B500003B6200BF00BFFDE7BB6B002B0BD14FF0D0
:10B51000500383F31188BFF36F8FBFF34F8FFB612D
:10B5200000BF00BFFDE7A0233B613B69A02B0BD010
:10B530004FF0500383F31188BFF36F8FBFF34F8F2A
:10B54000BB6100BF00BFFDE73B69BB6B002B1ED09A
:10B550007B6B002B1BD0BB6B7B627B6A7A6B1A63A5
:10B560007B6A022283F89D20002303937B6A029367
:10B5700007F1140301933B6B00933B687A68B96849
:10B58000F86800F051F8786A00F0F6F801E000235E
:10B590007B617B6918462837BD4680BD80B58CB07D
:10B5A00004AFF860B9603B601346FB80FB889B00EA
:10B5B0001846FEF793FD78617B69002B0ED0A02022
:10B5C000FEF78CFDF861FB69002B03D0FB697A69FB
:10B5D0001A6305E07869FEF749FE01E00023FB618C
:10B5E000FB69002B17D0FB69002283F89D20FA88A5
:10B5F00000230393FB690293FB6A0193BB6A0093E8
:10B600003B68B968F86800F00FF8F86900F0B4F822
:10B610000123BB6102E04FF0FF33BB61BB691846F9
:10B620002037BD4680BD000080B588B000AFF8600F
:10B63000B9607A603B603B6B186B7B689B001A4675
:10B64000A52105F009FF3B6B1A6B7B6803F1804372
:10B65000013B9B001344BB61BB6923F00703BB6143
:10B66000BB6903F00703002B0BD04FF0500383F3AB
:10B670001188BFF36F8FBFF34F8F7B6100BF00BF97
:10B68000FDE7BB68002B1FD00023FB6112E0BA6806
:10B69000FB69134419783A6BFB69134434330A4647
:10B6A0001A70BA68FB6913441B78002B06D0FB693B
:10B6B0000133FB61FB690F2BE9D900E000BF3B6B55
:10B6C000002283F8432003E03B6B002283F8342000
:10B6D000BB6A372B01D93723BB623B6BBA6ADA628C
:10B6E0003B6BBA6A5A643B6B00229A643B6B04332F
:10B6F0001846FEF7F0FE3B6B18331846FEF7EBFEDC
:10B700003B6B3A6B1A61BB6AC3F138023B6B9A61BF
:10B710003B6B3A6B5A623B6B0022C3F898203B6B41
:10B72000002283F89C203B6B4C334C2200211846AE
:10B7300005F092FE3B6B0D4A1A653B6B0C4A5A654D
:10B740003B6B0C4A9A653A68F968B869FEF754FF92
:10B7500002463B6B1A60FB6A002B02D0FB6A3A6B15
:10B760001A6000BF2037BD4680BD00BFD4DB00207B
:10B770003CDC0020A4DC002080B582B000AF786003
:10B78000FFF72CF82B4B1B6801332A4A13602A4B16
:10B790001B68002B09D1284A7B681360254B1B6866
:10B7A000012B10D100F03CFD0DE0244B1B68002B59
:10B7B00009D1214B1B68DA6A7B68DB6A9A4202D89E
:10B7C0001D4A7B6813601E4B1B6801331C4A1360C3
:10B7D0007B68DA6A1B4B1B689A4203D97B68DB6A79
:10B7E000184A13607B68DA6A13469B0013449B0077
:10B7F000154A1A447B68043319461046FEF777FE53
:10B80000FFF71CF80D4B1B68002B0ED00A4B1B6872
:10B81000DA6A7B68DB6A9A4207D20C4B4FF080529F
:10B820001A60BFF34F8FBFF36F8F00BF0837BD465D
:10B8300080BD00BFB8D60020E4D10020C4D60020CF
:10B84000D4D60020C0D60020E8D1002004ED00E0CE
:10B8500080B584B000AF7860FEF7C0FF7B68002B36
:10B8600002D12D4B1B6800E07B68FB60FB68043352
:10B870001846FEF797FEFB689B6A002B04D0FB6816
:10B8800018331846FEF78EFE244B1B680133234AFB
:10B890001360214B1B68FA689A420BD1FB68043392
:10B8A00019461F48FEF723FE1E4B1B6801331D4A35
:10B8B000136009E01C4B1B68013B1B4A1360F868CE
:10B8C00000F01CFD00F050FDFEF7B8FF174B1B68A1
:10B8D000002B1CD0104B1B68FA689A4217D1144BEE
:10B8E0001B68002B0BD04FF0500383F31188BFF37C
:10B8F0006F8FBFF34F8FBB6000BF00BFFDE70D4BE5
:10B900004FF080521A60BFF34F8FBFF36F8F00BFAD
:10B910001037BD4680BD00BFE4D10020D4D6002042
:10B920008CD60020A0D60020B8D60020C4D6002097
:10B93000E0D6002004ED00E080B584B000AF786070
:10B940000023FB607B68002B18D0144B1B68002B76
:10B950000BD04FF0500383F31188BFF36F8FBFF309
:10B960004F8FBB6000BF00BFFDE700F08BF80021E8
:10B97000786800F0BFFD00F093F8F860FB68002BDA
:10B9800007D1074B4FF080521A60BFF34F8FBFF3C0
:10B990006F8F00BF1037BD4680BD00BFE0D60020CE
:10B9A00004ED00E080B58AB004AF0023BB60002343
:10B9B0007B603A46391D07F108031846FEF77CF90B
:10B9C00039687B68BA6802920193002300930023D0
:10B9D0000A4624492448FFF781FD0346234A1360A1
:10B9E000224B1B68002B02D001237B6101E0002366
:10B9F0007B617B69012B02D100F0D0FD78617B690E
:10BA0000012B1BD14FF0500383F31188BFF36F8FCD
:10BA1000BFF34F8F3B6100BF154B1B684C33154A7A
:10BA20001360154B4FF0FF321A60144B01221A605D
:10BA3000134B00221A60FEF75FFE0FE07B69B3F143
:10BA4000FF3F0BD14FF0500383F31188BFF36F8F8B
:10BA5000BFF34F8FFB6000BF00BFFDE700BF18378B
:10BA6000BD4680BDFC2F0108F1C10008DCD60020D6
:10BA7000E4D10020D8000020D8D60020C4D6002071
:10BA8000BCD6002080B400AF044B1B680133034ACE
:10BA9000136000BFBD4680BC704700BFE0D60020E9
:10BAA00080B584B000AF0023FB600023BB60424B35
:10BAB0001B68002B0BD14FF0500383F31188BFF3A9
:10BAC0006F8FBFF34F8F3B6000BF00BFFDE7FEF7F6
:10BAD00085FE394B1B68013B374A1360364B1B68A8
:10BAE000002B62D1354B1B68002B5ED02FE0344B0E
:10BAF000DB68DB68FB60FB6818331846FEF752FD15
:10BB0000FB6804331846FEF74DFDFB68DA6A2D4BDF
:10BB10001B689A4203D9FB68DB6A2A4A1360FB68F8
:10BB2000DA6A13469B0013449B00274A1A44FB68B9
:10BB3000043319461046FEF7DAFCFB68DA6A234B39
:10BB40001B68DB6A9A4202D3214B01221A601C4B0C
:10BB50001B68002BCBD1FB68002B01D000F004FC4C
:10BB60001C4B1B687B607B68002B10D000F044F8F6
:10BB70000346002B02D0164B01221A607B68013B62
:10BB80007B607B68002BF1D1124B00221A60104BB6
:10BB90001B68002B09D00123BB600F4B4FF0805274
:10BBA0001A60BFF34F8FBFF36F8FFEF747FEBB687E
:10BBB00018461037BD4680BDE0D60020B8D600201C
:10BBC00078D60020C0D60020E8D10020E4D10020A3
:10BBD000CCD60020C8D6002004ED00E080B483B0AD
:10BBE00000AF044B1B687B607B6818460C37BD4672
:10BBF00080BC7047BCD6002080B586B000AF002363
:10BC00007B614F4B1B68002B40F08A804D4B1B68BB
:10BC100001333B614B4A3B6913603B69002B21D1E7
:10BC2000494B1B681B68002B0BD04FF0500383F36C
:10BC30001188BFF36F8FBFF34F8F3B6000BF00BF12
:10BC4000FDE7414B1B68FB60404B1B683E4A13609D
:10BC50003E4AFB6813603E4B1B6801333C4A13604D
:10BC600000F082FB3B4B1B683A699A4249D3364B42
:10BC70001B681B68002B04D1364B4FF0FF321A6053
:10BC80003FE0314B1B68DB68DB68BB60BB685B680F
:10BC90007B603A697B689A4203D22E4A7B681360C4
:10BCA0002FE0BB6804331846FEF77CFCBB689B6A38
:10BCB000002B04D0BB6818331846FEF773FCBB6832
:10BCC000DA6A254B1B689A4203D9BB68DB6A224AB1
:10BCD0001360BB68DA6A13469B0013449B001F4A3B
:10BCE0001A44BB68043319461046FEF700FCBB68D3
:10BCF000DA6A1B4B1B68DB6A9A42B8D301237B616B
:10BD0000B5E7174B1B68DA6A144913469B001344C6
:10BD10009B000B441B68012B07D901237B6104E0C6
:10BD2000104B1B6801330F4A13600F4B1B68002B2D
:10BD300001D001237B617B6918461837BD4680BD61
:10BD4000E0D60020BCD6002070D6002074D600209B
:10BD5000D0D60020D8D60020C0D60020E8D10020C0
:10BD6000E4D10020C8D60020CCD6002080B485B015
:10BD700000AF2A4B1B68002B03D0294B01221A600D
:10BD800047E0274B00221A60264B1B68FB6011E03E
:10BD9000FB68002B0BD14FF0500383F31188BFF3E6
:10BDA0006F8FBFF34F8F7B6000BF00BFFDE7FB6865
:10BDB000013BFB601C49FA6813469B0013449B003F
:10BDC0000B441B68002BE3D0FA6813469B00134416
:10BDD0009B00154A1344BB60BB685B685A68BB682C
:10BDE0005A60BB685A68BB6808339A4204D1BB6882
:10BDF0005B685A68BB685A60BB685B68DB680B4A63
:10BE00001360084AFB681360084B1B684C33084AF0
:10BE1000136000BF1437BD4680BC7047E0D60020D9
:10BE2000CCD60020C0D60020E8D10020E4D10020EC
:10BE3000D800002080B584B000AF786039607B689E
:10BE4000002B0BD14FF0500383F31188BFF36F8F9A
:10BE5000BFF34F8FFB6000BF00BFFDE7074B1B68C0
:10BE6000183319467868FEF765FB0121386800F041
:10BE700041FB00BF1037BD4680BD00BFE4D10020AC
:10BE800080B586B000AFF860B9607A60FB68002BBF
:10BE90000BD14FF0500383F31188BFF36F8FBFF3C3
:10BEA0004F8F7B6100BF00BFFDE7124B1B68002B6B
:10BEB0000BD14FF0500383F31188BFF36F8FBFF3A3
:10BEC0004F8F3B6100BF00BFFDE70B4B1B68BA689B
:10BED00042F000429A61084B1B6818331946F86813
:10BEE000FEF705FB0121786800F004FB00BF18375E
:10BEF000BD4680BDE0D60020E4D1002080B586B0EC
:10BF000000AFF860B9607A60FB68002B0BD14FF08E
:10BF1000500383F31188BFF36F8FBFF34F8F7B61A3
:10BF200000BF00BFFDE70A4B1B6818331946F868CD
:10BF3000FEF7DDFA7B68002B02D04FF0FF33BB60C9
:10BF40007968B86800F0D6FA00BF1837BD4680BDE2
:10BF5000E4D1002080B586B000AF78607B68DB68F4
:10BF6000DB683B613B69002B0BD14FF0500383F33F
:10BF70001188BFF36F8FBFF34F8FFB6000BF00BF0F
:10BF8000FDE73B6918331846FEF70CFB1D4B1B6899
:10BF9000002B1DD13B6904331846FEF703FB3B69B8
:10BFA000DA6A194B1B689A4203D93B69DB6A164A65
:10BFB00013603B69DA6A13469B0013449B00134AE3
:10BFC0001A443B69043319461046FEF790FA05E01F
:10BFD0003B69183319460E48FEF789FA3B69DA6A5D
:10BFE0000C4B1B68DB6A9A4205D901237B610A4B23
:10BFF00001221A6001E000237B617B691846183733
:10C00000BD4680BDE0D60020C0D60020E8D100208B
:10C0100078D60020E4D10020CCD6002080B586B0B0
:10C0200000AF786039602A4B1B68002B0BD14FF0B2
:10C03000500383F31188BFF36F8FBFF34F8F3B61C2
:10C0400000BF00BFFDE73B6843F000427B681A6019
:10C050007B68DB687B617B69002B0BD14FF0500361
:10C0600083F31188BFF36F8FBFF34F8FFB6000BF67
:10C0700000BFFDE77868FEF795FA7B690433184640
:10C08000FEF790FA7B69DA6A124B1B689A4203D971
:10C090007B69DB6A0F4A13607B69DA6A13469B008F
:10C0A00013449B000C4A1A447B690433194610461A
:10C0B000FEF71DFA7B69DA6A084B1B68DB6A9A4255
:10C0C00002D9074B01221A6000BF1837BD4680BD58
:10C0D000E0D60020C0D60020E8D10020E4D1002026
:10C0E000CCD6002080B483B000AF7860064B1A68CD
:10C0F0007B681A60054B1A687B685A6000BF0C3772
:10C10000BD4680BC704700BFD0D60020BCD6002002
:10C1100080B588B000AF786039607B68002B0BD1A8
:10C120004FF0500383F31188BFF36F8FBFF34F8F2E
:10C130003B6100BF00BFFDE73B68002B0BD14FF018
:10C14000500383F31188BFF36F8FBFF34F8FFB60F2
:10C1500000BF00BFFDE7FEF741FB1D4B1B68BB6145
:10C160007B685B68BA69D31A7B613B681B68B3F173
:10C17000FF3F02D10023FB6123E07B681A68154B67
:10C180001B689A4207D07B685B68BA699A4202D3FF
:10C190000123FB6115E03B681B687A699A420BD268
:10C1A0003B681A687B69D21A3B681A607868FFF7A7
:10C1B00099FF0023FB6104E03B6800221A60012321
:10C1C000FB61FEF73BFBFB6918462037BD4680BD8F
:10C1D000BCD60020D0D6002080B400AF034B012293
:10C1E0001A6000BFBD4680BC704700BFCCD600209F
:10C1F00080B582B000AF786000F052F8064B1B6843
:10C20000012BF9D9054B4FF080521A60BFF34F8FC5
:10C21000BFF36F8FF0E700BFE8D1002004ED00E02E
:10C2200080B582B000AF00237B600CE07A681346D3
:10C230009B0013449B00124A13441846FEF72CF946
:10C240007B6801337B607B68372BEFD90D48FEF7A5
:10C2500023F90D48FEF720F90C48FEF71DF90C48AC
:10C26000FEF71AF90B48FEF717F90B4B054A1A604F
:10C270000A4B054A1A6000BF0837BD4680BD00BFA3
:10C28000E8D1002048D600205CD6002078D60020D7
:10C290008CD60020A4D6002070D6002074D60020B2
:10C2A00080B582B000AF19E0FEF798FA104BDB685A
:10C2B000DB687B607B6804331846FEF773F90D4B2F
:10C2C0001B68013B0B4A13600B4B1B68013B0A4A7E
:10C2D0001360FEF7B3FA786800F010F8064B1B689D
:10C2E000002BE1D100BF00BF0837BD4680BD00BFB5
:10C2F0008CD60020B8D60020A0D6002080B584B00F
:10C3000000AF78607B684C33184605F001F97B6814
:10C3100093F89D30002B08D17B681B6B1846FDF706
:10C32000A5FF7868FDF7A2FF19E07B6893F89D30C0
:10C33000012B03D17868FDF799FF10E07B6893F833
:10C340009D30022B0BD04FF0500383F31188BFF3C5
:10C350006F8FBFF34F8FFB6000BF00BFFDE700BFD3
:10C360001037BD4680BD000080B483B000AF0C4BD9
:10C370001B681B68002B04D10A4B4FF0FF321A6078
:10C3800008E0074B1B68DB68DB687B607B685B68E9
:10C39000044A136000BF0C37BD4680BC704700BF25
:10C3A00070D60020D8D6002080B483B000AF0B4BED
:10C3B0001B68002B02D101237B6008E0084B1B683F
:10C3C000002B02D102237B6001E000237B607B68AD
:10C3D00018460C37BD4680BC704700BFC4D600204D
:10C3E000E0D6002080B586B000AF78607B683B6106
:10C3F00000237B617B68002B58D02F4B1B683A6968
:10C400009A420BD04FF0500383F31188BFF36F8F24
:10C41000BFF34F8FFB6000BF00BFFDE73B699B6C24
:10C42000002B0BD14FF0500383F31188BFF36F8FB4
:10C43000BFF34F8FBB6000BF00BFFDE73B699B6C44
:10C440005A1E3B699A643B69DA6A3B695B6C9A42A3
:10C450002CD03B699B6C002B28D13B6904331846D8
:10C46000FEF7A0F83B695A6C3B69DA623B69DB6A0C
:10C47000C3F138023B699A613B69DA6A0F4B1B686A
:10C480009A4203D93B69DB6A0C4A13603B69DA6A5A
:10C4900013469B0013449B00094A1A443B6904332A
:10C4A00019461046FEF723F801237B617B69184685
:10C4B0001837BD4680BD00BFE4D10020C0D60020A3
:10C4C000E8D1002080B483B000AF094B1B689B69A2
:10C4D0007B60074B1B68DA6A054B1B68C2F13802A8
:10C4E0009A617B6818460C37BD4680BC704700BF18
:10C4F000E4D1002080B584B000AF78603960214B72
:10C500001B68FB60204B1B6804331846FEF74AF893
:10C510007B68B3F1FF3F0AD13B68002B07D01A4B71
:10C520001B68043319461948FDF7E1FF26E0FA6855
:10C530007B681344BB60144B1B68BA685A60BA68C6
:10C54000FB689A4209D2124B1A680F4B1B680433DE
:10C5500019461046FDF7EEFF10E00E4B1A680A4B25
:10C560001B68043319461046FDF7E4FF0A4B1B68AD
:10C57000BA689A4202D2084ABB68136000BF1037FB
:10C58000BD4680BDBCD60020E4D10020A4D600204A
:10C5900074D6002070D60020D8D6002080B58AB08E
:10C5A00004AF00237B6100F06FFB1D4B1B68002B69
:10C5B00021D00023FB600023BB603A1D07F1080176
:10C5C00007F10C031846FDF78FFB7968BB68FA6822
:10C5D000029201930223009300230A461149124854
:10C5E000FEF77CFF0346114A1360104B1B68002BBB
:10C5F00001D001237B617B69002B0BD14FF05003ED
:10C6000083F31188BFF36F8FBFF34F8F3B6100BF80
:10C6100000BFFDE77B6918461837BD4680BD00BFE7
:10C6200014D700200430010825C8000818D70020BE
:10C6300080B588B002AFF860B9607A603B602820AE
:10C64000FDF74CFD78617B69002B0DD07B690022E2
:10C6500083F824207B6901933B6A00933B687A68E6
:10C66000B968F86800F005F87B6918461837BD46C8
:10C6700080BD80B586B000AFF860B9607A603B607D
:10C68000BB68002B0BD14FF0500383F31188BFF32D
:10C690006F8FBFF34F8F7B6100BF00BFFDE77B6AE9
:10C6A000002B1ED000F0F0FA7B6AFA681A607B6AF1
:10C6B000BA689A617B6A3A68DA617B6A3A6A1A6296
:10C6C0007B6A04331846FDF706FF7B68002B08D011
:10C6D0007B6A93F8243043F00403DAB27B6A83F870
:10C6E000242000BF1837BD4680BD000080B58AB049
:10C6F00000AFF860B9607A603B6000237B62FB6842
:10C70000002B0BD14FF0500383F31188BFF36F8FD1
:10C71000BFF34F8F3B6200BF00BFFDE7194B1B68A3
:10C72000002B2AD0BB683B617B687B61FB68BB61E7
:10C73000BB68052B18DCFFF737FE0346022B09D137
:10C74000104B186807F1100100233A6BFEF790FABE
:10C75000786212E00B4B186807F1100100230022E9
:10C76000FEF786FA786208E0064B186807F11001B8
:10C7700000233A68FEF77EFB78627B6A184628370A
:10C78000BD4680BD14D7002080B588B002AF786068
:10C790003960234B1B68DB68DB687B617B69043392
:10C7A0001846FDF7FFFE7B6993F8243003F004037D
:10C7B000002B23D07B699A697B68D1187B683A6823
:10C7C000786900F0D3F80346002B20D000230093B3
:10C7D00000237A6800217869FFF788FF38613B6998
:10C7E000002B14D14FF0500383F31188BFF36F8FE8
:10C7F000BFF34F8FFB6000BF00BFFDE77B6993F87D
:10C80000243023F00103DAB27B6983F824207B69AA
:10C810001B6A7869984700BF1837BD4680BD00BFC6
:10C820000CD7002080B584B000AF786007F1080312
:10C83000184600F059F8F860BB681946F86800F02F
:10C8400005F800F0D5F800BFF0E7000080B584B02F
:10C8500000AF78603960FFF715F907F10803184653
:10C8600000F064F8F860BB68002B30D13B68002B07
:10C870000AD17A68FB689A4206D8FFF711F9F9687D
:10C880007868FFF781FF24E03B68002B08D0134B4A
:10C890001B681B68002B01D1012300E000233B60D3
:10C8A0000F4B18687A68FB68D31A3A681946FEF786
:10C8B000E1FDFFF7F5F80346002B0AD1094B4FF0D5
:10C8C00080521A60BFF34F8FBFF36F8F01E0FFF705
:10C8D000E7F800BF1037BD4680BD00BF10D700206D
:10C8E00014D7002004ED00E080B485B000AF78607C
:10C8F0000D4B1B681B68002B01D1012200E00022B8
:10C900007B681A607B681B68002B05D1064B1B688F
:10C91000DB681B68FB6001E00023FB60FB681846D6
:10C920001437BD4680BC70470CD7002080B584B05A
:10C9300000AF7860FFF752F9F8600B4B1B68FA689C
:10C940009A4205D200F03AF97B6801221A6002E0AF
:10C950007B6800221A60044AFB681360FB68184673
:10C960001037BD4680BD00BF1CD7002080B586B003
:10C9700000AFF860B9607A603B6000237B61FB68C0
:10C98000BA685A60FB68FA681A61BA687B689A42AA
:10C9900012D87A683B68D21AFB689B699A4202D324
:10C9A00001237B611BE0104B1A68FB6804331946B6
:10C9B0001046FDF7BFFD12E07A683B689A4206D246
:10C9C000BA683B689A4202D301237B6107E0074BB8
:10C9D0001A68FB68043319461046FDF7ABFD7B6906
:10C9E00018461837BD4680BD10D700200CD7002050
:10C9F00080B58EB002AFCEE07B68002B19DA3B1D0C
:10CA00000433FB62FB6A002B0BD14FF0500383F31E
:10CA10001188BFF36F8FBFF34F8FFB6100BF00BF63
:10CA2000FDE7FB6A1B68FA6A5068FA6A9268114669
:10CA300098477B68002BC0F2AE80FB68BB62BB6A84
:10CA40005B69002B04D0BB6A04331846FDF7AAFDCE
:10CA50003B461846FFF76AFF78627B68092B00F2B5
:10CA6000978001A252F823F091CA000891CA0008E9
:10CA700091CA000807CB00081BCB000867CB000851
:10CA800091CA000891CA000807CB00081BCB000818
:10CA9000BB6A93F8243043F00103DAB2BB6A83F82F
:10CAA0002420BA68BB6A9B69D118BB687A6AB86AE5
:10CAB000FFF75CFF0346002B6CD0BB6A1B6AB86AA9
:10CAC0009847BB6A93F8243003F00403002B61D02D
:10CAD000BA68BB6A9B691A440023009300230021B3
:10CAE000B86AFFF703FE38623B6A002B52D14FF061
:10CAF000500383F31188BFF36F8FBFF34F8FBB6178
:10CB000000BF00BFFDE7BB6A93F8243023F00103A8
:10CB1000DAB2BB6A83F824203DE0BB6A93F8243084
:10CB200043F00103DAB2BB6A83F82420BA68BB6A17
:10CB30009A61BB6A9B69002B0BD14FF0500383F3C2
:10CB40001188BFF36F8FBFF34F8F7B6100BF00BFB2
:10CB5000FDE7BB6A9A697B6AD1187B6A7A6AB86A10
:10CB6000FFF704FF17E0BB6A93F8243003F00203D9
:10CB7000002B03D1B86AFDF779FB0CE0BB6A93F890
:10CB8000243023F00103DAB2BB6A83F8242002E0E8
:10CB900000BF00E000BF084B1B68391D002218468B
:10CBA000FEF704FA0346002B7FF426AF00BF00BF58
:10CBB0003037BD4680BD00BF14D7002080B588B097
:10CBC00002AF49E02E4B1B68DB681B683B612C4BB6
:10CBD0001B68DB68DB68FB60FB6804331846FDF705
:10CBE000E1FCFB681B6AF8689847FB6893F82430FF
:10CBF00003F00403002B2FD0FB689B693A691344B0
:10CC0000BB60BA683B699A420ED9FB68BA685A6041
:10CC1000FB68FA681A611A4B1A68FB6804331946F4
:10CC20001046FDF787FC17E00023009300233A69C4
:10CC30000021F868FFF75AFD78607B68002B0BD164
:10CC40004FF0500383F31188BFF36F8FBFF34F8F03
:10CC50003B6000BF00BFFDE7094B1B681B68002B52
:10CC6000B0D1074B1B687B61064B1B68044A1360FD
:10CC7000044A7B69136000BF1837BD4680BD00BF02
:10CC80000CD7002010D7002080B582B002AFFDF78E
:10CC9000A5FD154B1B68002B20D11448FDF7FCFBAC
:10CCA0001348FDF7F9FB134B104A1A60124B104A58
:10CCB0001A6000230093114B114A10210A20FDF73E
:10CCC000F9FE0346084A1360074B1B68002B05D08A
:10CCD000054B1B680B491846FEF7A4FBFDF7AEFD9C
:10CCE00000BFBD4680BD00BF14D70020E4D60020A1
:10CCF000F8D600200CD7002010D70020C0D7002085
:10CD000020D700200C30010880B586B000AF7860D5
:10CD10007B683B617B68002B0BD14FF0500383F3A2
:10CD20001188BFF36F8FBFF34F8FFB6000BF00BF51
:10CD3000FDE7FDF753FD3B6993F8243003F0010351
:10CD4000002B02D100237B6101E001237B61FDF711
:10CD500075FD7B6918461837BD4680BD80B58AB021
:10CD600000AFF860B9607A603B606FF001037B61EF
:10CD7000FB68BB61BB68FB617B683B62064B186864
:10CD800007F1140100233A68FEF774F878627B6AB1
:10CD900018462837BD4680BD14D7002080B584B022
:10CDA00002AF7860244A7B681360244B00225A70DB
:10CDB000224B00225A60214B00229A601F4B002216
:10CDC0009A651F4801F08CFF1C4B00225A731B4BC5
:10CDD00000221A7302F022FA0021002002F0EEFD78
:10CDE00004220021012002F0B1FB002300224FF6B3
:10CDF000FF714FF6FF7002F0E1FA00F091FE0023A0
:10CE00000093104B00224FF0FF310F4803F0C4FB9A
:10CE1000002300930D4B00224FF0FF310C4803F02C
:10CE2000BBFB094803F05CFC094803F059FC00BF58
:10CE30000837BD4680BD00BF08D900200CD90020AE
:10CE400015DF00089DDE000868D90020B1DE00086B
:10CE500080D9002080B500AF01F08AFF0346072B80
:10CE60000AD0072B0ADC042B02D0052B02D005E0E8
:10CE7000022304E0012302E0032300E0002318461C
:10CE800080BD000080B582B000AF0346FB712A4A26
:10CE9000FB791370FB79184603F063F9FB79052BD6
:10CEA0000ED801A252F823F0CFCE0008DDCE000844
:10CEB000C1CE000803CF000811CF00081FCF000823
:10CEC000032002F01DFB1C4B00225A732FE00020B0
:10CED00002F016FB184B00225A7328E0012002F0E2
:10CEE0000FFB154B5A7B144B1B7B9A421ED0124BE7
:10CEF0001A7B114B5A73104B5B7B184600F098FF5E
:10CF000014E0022002F0FCFA0B4B00225A730EE0F0
:10CF1000022002F0F5FA084B00225A7307E00020C5
:10CF200002F0EEFA044B00225A7300E000BF00BF8B
:10CF30000837BD4680BD00BF0CD9002080B582B047
:10CF400000AF7860786802F095FA00BF0837BD46F8
:10CF500080BD80B590B00AAFF860B9603B60134601
:10CF6000FB800123FB750023BB8200233B6100F0A3
:10CF7000EAFD0020FFF786FFF868FFF7DFFF0123D7
:10CF800009930023089300230793002306930023AB
:10CF900005930023049300230393002302930323A8
:10CFA0000193BB68009300234FF41672B968002008
:10CFB00000F03CF8002000F0CDFD00F067FF0346D4
:10CFC0001846F3F719FE03F0A5FC38610DE00020C8
:10CFD00000F0AEFE0346BB82B7F91420B7F9063065
:10CFE0009A4202DD0023FB7506E0386903F0A4FCD9
:10CFF00002463B689342EAD800F0A5FDFB7D184647
:10D000001837BD4680BD80B582B000AF00237B607D
:10D01000002300220021002002F0D0F901F079FF66
:10D0200078607B6818460837BD4680BD80B58AB0F9
:10D0300000AFB9607A601A460346FB731346BB73B0
:10D04000B94A97F85430537003F049F897F85430C0
:10D05000002B01D000233B8797F83C30002B04D0F5
:10D06000B24A97F84030137002E0B04BFF221A70BA
:10D07000FB7B052B09D0052B00F3D781002B00F09B
:10D08000BF80012B00F02481CFE1012002F088F85D
:10D09000A54B002283F83820A34A7B68D363A24BB8
:10D0A000092283F84420A04B4FF448721A64B868F0
:10D0B00002F048FF03461A469B4B83F845209A4BE3
:10D0C00000229A73BB8EDB009AB2974B1A82964B62
:10D0D00000229A74944B1022DA74934B00221A7532
:10D0E000914B00225A75914B1A788F4B9A758E4B43
:10D0F0000122DA758C4B00221A760520FFF7C2FE5A
:10D100008B4802F0F1FA8B4802F0BCFB8A4A07F127
:10D110001C0392E8030083E8030007F11C03184690
:10D1200001F075FE40F2FF1001F0C0FE40F6B800BD
:10D1300000F01CFE034687F8273097F8273023F0CD
:10D14000100387F8273097F82730194640F6B800C3
:10D1500000F0FAFD042140F6B90000F0F5FD40F6BC
:10D160009B0000F003FE034687F8273097F827302E
:10D1700023F01C0387F8273097F8273043F0080383
:10D18000DBB2194640F69B0000F0DEFD40F2D160B4
:10D1900000F0ECFD034687F8273097F8273023F09E
:10D1A000180387F8273097F8273043F01803DBB2CD
:10D1B000194640F2D16000F0C7FD40F2AC6000F0CB
:10D1C000D5FD034687F8273097F8273023F0700302
:10D1D00087F8273097F8273043F05003DBB2194621
:10D1E00040F2AC6000F0B0FD3B8F4FF4FA5202FB0E
:10D1F00003F31A467B68B2FBF3F34B4A936015E1E5
:10D20000002001F0CDFF484B002283F83820464A29
:10D210007B68D363444B0B2283F84420B86802F048
:10D2200091FE03461A46404B83F845203E4B0022B0
:10D230009A73BB8EDB009AB23B4B1A823A4B0422A4
:10D240009A74394B1822DA74374B00221A7597F802
:10D250003C3083F00103DBB21A46334B5A75334B33
:10D260001A78314B9A7597F84430002B03D02E4B27
:10D27000F222DA7502E02C4B0122DA752A4B0122E8
:10D280001A7600F060FC0020FFF7FCFD284802F051
:10D290002BFA284802F0F6FA284A07F1140392E81C
:10D2A000030083E8030007F11403184601F0AFFD03
:10D2B00040F2FF1001F0FAFD3B8F4FF4FA5202FBEF
:10D2C00003F31A467B68B2FBF3F3174A9360ADE0B1
:10D2D000002001F065FF144B012283F838207B68A1
:10D2E000DAB2114B83F85020154ABB6813441A7800
:10D2F0000D4B83F851200C4ABB7B82F85230BB683F
:10D30000002B05D17B680B2B08D07B680C2B05D03C
:10D31000BB68012B16D17B680C2B13D1024B012269
:10D3200083F8532012E000BF0CD90020C000002079
:10D3300044D900201AD90020143001081C300108FB
:10D34000703601083B4B002283F85320394B0122F1
:10D350009A73384B93F85030052B04D0354B93F823
:10D360005030062B0AD1BB8E0B2B03D8314B0C222D
:10D370009A8306E02F4ABB8E938302E02D4ABB8E30
:10D38000938397F83C202B4B9A772B4B1A78294B99
:10D39000DA7797F84420274B83F8202097F850201D
:10D3A000244B83F8212000F0CEFB0120FFF76AFD1B
:10D3B000224802F099F9224802F064FA3B8FDBB26E
:10D3C000184601F0FCFE40F6A30002F0B5FB034650
:10D3D00003F00103DBB2194640F6A30002F098FB0C
:10D3E000144B93F82130012B0DD140F2367002F02E
:10D3F000A3FB034623F00403DBB2194640F2367068
:10D4000002F086FB0CE040F2367002F095FB03461A
:10D4100043F00403DBB2194640F2367002F078FBA9
:10D42000044B4FF6FF729A6000E000BF00BF283740
:10D43000BD4680BD0CD90020C000002044D900208A
:10D440001AD9002080B586B000AFBA607B60034671
:10D45000FB730B46BB7302F042FEFB7B042B00F018
:10D46000C780042B00F3D680002B02D0012B59D0AB
:10D47000D0E0774B002283F83820754A3B6AD363AB
:10D48000734B0B2283F84420786802F05BFD03465F
:10D490001A466F4B83F845206D4ABB6813646C4B8A
:10D4A00000229A733B8DDB009AB2694B1A82684B5B
:10D4B00004229A74664B1822DA74654B00221A759E
:10D4C00097F82C3083F00103DBB21A46604B5A7593
:10D4D00097F83030002B03D05D4BF222DA7502E072
:10D4E0005B4B0122DA755A4B01221A7600F02BFBB6
:10D4F0000020FFF7C7FC574802F0F6F8564802F044
:10D50000C1F9564A07F1100392E8030083E80300CB
:10D5100007F11003184601F07AFC40F2FF1001F009
:10D52000C5FC78E04A4B012283F838203B6ADAB226
:10D53000474B83F850204A4A7B6813441A78444B7F
:10D5400083F85120424A97F8243082F852307B68A1
:10D55000002B05D13B6A0B2B08D03B6A0C2B05D066
:10D560007B68012B07D13B6A0C2B04D1384B01227D
:10D5700083F8532003E0364B002283F85320344BCA
:10D5800001229A73324B93F85030052B04D0304B64
:10D5900093F85030062B0AD13B8D0B2B03D82C4B24
:10D5A0000C229A8306E02A4A3B8D938302E0284AA4
:10D5B0003B8D938397F82C20254B9A77294B1A782B
:10D5C000234BDA7797F83020214B83F8202097F807
:10D5D0003C201F4B83F8212000F0B5FA0120FFF713
:10D5E00051FC1C4802F080F81B4802F04BF912E095
:10D5F0000420FFF747FC164B022283F83820144A18
:10D600003B6A9364124B162283F84C20114802F0B7
:10D610006BF800E000BF97F90E30184602F094FB5B
:10D6200003461A460A4B83F856200E2140F61F1077
:10D6300002F06EFA064B93F85630184602F063FD7E
:10D64000034A3B6C536000BF1837BD4680BD00BF26
:10D650000CD9002044D900201AD900201C30010820
:10D6600070360108C000002080B483B000AF78603D
:10D67000012318460C37BD4680BC704780B485B086
:10D6800000AF0346FB710023FB60FB790A2B3ED8F9
:10D6900001A252F823F000BFC5D60008D5D6000875
:10D6A000E5D60008F5D60008FDD6000803D7000827
:10D6B00009D700080FD70008CDD60008DDD600082E
:10D6C000EDD6000841F68463FB6020E042F6B1032A
:10D6D000FB601CE043F60953FB6018E045F2611360
:10D6E000FB6014E047F61223FB6010E04AF2C3230C
:10D6F000FB600CE04FF22443FB6008E0074BFB604B
:10D7000005E0074BFB6002E0064BFB6000BFFB68D7
:10D7100018461437BD4680BC704700BF48E801007A
:10D7200090D0030020A1070080B483B000AF7860E0
:10D73000084611461A460346FB700B463B801346CB
:10D74000BB703B88DB00BA7882F00102D2B2002ABB
:10D7500001D0082200E00022134403F118023B7CB0
:10D76000397D002901D0022100E000210B44DB00BB
:10D77000134418460C37BD4680BC704780B48BB04C
:10D7800000AFF860B96011461A460B46FB711346AC
:10D79000BB80FB7904337B61002387F82730BB68AB
:10D7A000052B02D0BB68062B04D1BB880B2B01D8FC
:10D7B0000C23BB80FB68002B05D1BB680B2B08D06A
:10D7C000BB680C2B05D0FB68012B05D1BB680C2B6B
:10D7D00002D1012387F8273097F83430DB0097F81F
:10D7E0003820002A01D0102200E0002213441A46FB
:10D7F000BB689B00D31A97F83020002A01D0002282
:10D8000000E014221344FB61BB68062B03D8BB68FD
:10D810009B003B620EE0FB690833FB6197F8273001
:10D82000002B04D0BB68023B9B003B6202E0BB685C
:10D830009B003B62FB69002B01DA0023FB61FA6964
:10D840003B6A13445A1E3B6A92FBF3F37A6903FB6B
:10D8500002F2BB8813440C33BB61BB68062B02D8B1
:10D86000BB690233BB61BB699B005A1CBB68023BAE
:10D8700002FA03F318462C37BD4680BC70470000FF
:10D8800080B58AB004AFB9607A601A460346FB736C
:10D890001346BB7300237B6101233B61FB7B002BA1
:10D8A00002D0012B17D035E097F824003A8CB97BD1
:10D8B00097F82C30019397F8283000930346786846
:10D8C000FFF732FF03464FF47A7202FB03F37B61EA
:10D8D0007B683B611EE0398CBA7B97F82C30029351
:10D8E00097F82830019397F8243000930B46796815
:10D8F000B868FFF743FF03464FF47A7202FB03F365
:10D900007B610A4ABB6813441B781846FFF7B6FED2
:10D91000386100BF7A693B6913445A1E3B69B2FB08
:10D92000F3F318461837BD4680BD00BF70360108B6
:10D9300080B584B000AF78600B46FB7000230022F6
:10D9400040F2012140F2012001F038FD704B93F8C4
:10D9500056300121184602F0CFF96D4B1B78012B90
:10D9600012D16B4B93F85130062B0DD140F6890044
:10D9700002F0E2F8034623F00403DBB2194640F656
:10D98000890002F0C5F80CE040F6890002F0D4F8F6
:10D99000034643F00403DBB2194640F6890002F067
:10D9A000B7F85B4B1B78042B00F2A28001A252F85F
:10D9B00023F000BFE3D90008C9D90008E3D9000863
:10D9C00039DA000859DA0008514AFB78D377514810
:10D9D00001F058FFFB7800221946786801F004FA3C
:10D9E00087E002F082FB0346012B18D107F10D02FC
:10D9F000FB781946786802F090FB0346002B0CD1A7
:10DA00007A7B434B9A75434801F03CFF7B7B0022B5
:10DA10001946786801F0E8F96BE0032373E03C4AAB
:10DA2000FB7893753B4801F02DFFFB7800221946E7
:10DA3000786801F0D9F95CE0354B02229A73344AD8
:10DA4000FB789376334801F01DFFFB7800221946DE
:10DA5000786801F0C9F94CE0FB781A4679682E48DD
:10DA600000F096FC2A4B02229A73FB780133DAB25B
:10DA7000274B9A76274801F005FF0021F12000F09E
:10DA800063F90021F02000F05FF9214B9B6C642BBF
:10DA900008D17021F32000F057F91D21F22000F089
:10DAA00053F907E0E121F32000F04EF90421F220C0
:10DAB00000F04AF9FB789BB2DB009BB20233FB819A
:10DAC000FB891B0A9BB2DBB21946F42000F03CF93B
:10DAD000FB89DBB21946F52000F036F9FB780133FB
:10DAE000DBB26FF07F4219460B4801F07DF900E090
:10DAF00000BF074B5B681946084802F061FE074803
:10DB000002F080FD002318461037BD4680BD00BFDF
:10DB10000CD900201AD9002008D8002068D900208C
:10DB200080B582B000AF00233B713B7943F0040322
:10DB30003B71387901F034FA0220F3F75DF800BF49
:10DB40000837BD4680BD80B500AF002001F05CFA0B
:10DB500000BF80BD80B582B000AF786002F0C5FA2A
:10DB60000346012B02D102F0E8FA07E0002300226D
:10DB700040F2622140F2622001F020FC7B68002B21
:10DB800006D07968114802F01BFE104802F03AFDF9
:10DB90000F4B00229A650E4B93F856300021184621
:10DBA00002F0AAF80A4B5B78002B04D06FF07F409C
:10DBB00001F066FA05E0064B9B689B01184601F0F0
:10DBC0005FFA00BF0837BD4680BD00BF80D9002086
:10DBD0000CD9002080B582B000AF786002F085FAE1
:10DBE0000346012B02D102F0A8FA07E0002300222D
:10DBF00040F2622140F2622001F0E0FB7B68002BE2
:10DC000006D07968114802F0DBFD104802F0FAFCFA
:10DC10000F4B00229A650E4B93F8563000211846A0
:10DC200002F06AF80A4B5B78002B04D06FF07F405B
:10DC300001F046FA05E0064B9B689B01184601F08F
:10DC40003FFA00BF0837BD4680BD00BF80D9002025
:10DC50000CD9002080B582B000AF786039607B6855
:10DC60005A003B6813440C4A9365002300224FF688
:10DC7000FF714FF6FF7001F0A1FB074B93F8563090
:10DC80000021184602F038F83968786801F03CFA4B
:10DC900000BF0837BD4680BD0CD9002080B500AF5D
:10DCA000094B93F856300021184602F025F800235E
:10DCB00000224FF4C0714FF4C07001F07FFB01F0FF
:10DCC0004FFA00BF80BD00BF0CD9002080B584B0E2
:10DCD00000AF78600B46FB7013463B803B884FF4E7
:10DCE0007A7202FB03F3FB60786801F0C3FB97F9DB
:10DCF0000330184602F028F80346FB720E2140F666
:10DD00001F1001F005FFFB7A0121184601F0F4FF16
:10DD100001F034FAF968054802F052FD034802F0B8
:10DD200071FC00BF1037BD4680BD00BF68D9002020
:10DD300080B582B000AF0346FB7101F056FE03468A
:10DD400018460837BD4680BD80B582B000AF034697
:10DD50000A46FB8013467B717A79FB881146184688
:10DD600001F0D6FE00BF0837BD4680BD80B582B049
:10DD700000AF0346FB80FB88184601F0DDFE03463A
:10DD800018460837BD4680BD80B582B000AF034657
:10DD90003960FB8013467B717B799AB2FB883968C6
:10DDA000184601F0DDFE00BF0837BD4680BD80B5D6
:10DDB00082B000AF03463960FB8013467B717B79EC
:10DDC0009AB2FB883968184601F0ECFE00BF0837AC
:10DDD000BD4680BD80B582B000AF03460A46FB71E8
:10DDE0001346BB71FB79012B0AD10E4ABB79137024
:10DDF0000C4B1A780C4BDA770C4801F043FD0DE020
:10DE0000094B5B7D012B09D1064ABB791370054B89
:10DE10001A78054B9A75054801F034FD00BF0837A4
:10DE2000BD4680BDC00000200CD900201AD90020BA
:10DE300080B582B000AF0346FB71134AFB791373C0
:10DE4000114B1A7B104B5A730120FFF71BF8FB791B
:10DE5000002B0AD034214FF4E86001F059FE442130
:10DE600040F2417001F054FE09E014214FF4E860E3
:10DE700001F04EFE242140F2417001F049FE00BF46
:10DE80000837BD4680BD00BF0CD9002080B500AF6B
:10DE900001F08EFF03460333184680BD80B582B083
:10DEA00000AF786000F00EF800BF0837BD4680BDB7
:10DEB00080B582B000AF786000F018F800BF083776
:10DEC000BD4680BD80B500AF074B1B68002B08D056
:10DED000054B1B685B68002B03D0034B1B685B681A
:10DEE000984700BF80BD00BF08D9002080B500AFB3
:10DEF000074B1B68002B08D0054B1B68DB68002B09
:10DF000003D0034B1B68DB68984700BF80BD00BF90
:10DF100008D9002080B582B000AF0346FB80054AD7
:10DF2000FB88A2F8543000F007F800BF0837BD4660
:10DF300080BD00BF0CD90020B0B582B000AF002377
:10DF4000FB7100233B60A54BB3F85430B3F5007F61
:10DF500000F00D81B3F5007F00F3C081B3F5807F41
:10DF600000F0F180B3F5807F00F3B881802B00F0E2
:10DF7000D680802B00F3B281202B49DC002B40F3AC
:10DF8000AD81013B1F2B00F2A98101A252F823F0C1
:10DF900019E0000853E00008DDE20008F9E100089C
:10DFA000DDE20008DDE20008DDE2000867E20008CB
:10DFB000DDE20008DDE20008DDE20008DDE2000845
:10DFC000DDE20008DDE20008DDE20008DDE2000835
:10DFD000DDE20008DDE20008DDE20008DDE2000825
:10DFE000DDE20008DDE20008DDE20008DDE2000815
:10DFF000DDE20008DDE20008DDE20008DDE2000805
:10E00000DDE20008DDE20008DDE2000877E200085A
:10E01000402B00F04B8161E1714802F061FB002070
:10E0200000F0F2FF02F068F80346012B01D102F084
:10E030008CF86C4B1B68002B00F05281694B1B68FD
:10E040001B68002B00F04C81664B1B681B689847CF
:10E0500046E1654802F044FB604B5B7883F00103C6
:10E06000DBB2002B14D0002000F0CEFF002140F6E0
:10E07000021001F04DFD40F6441001F05DFD034635
:10E0800043F00203DBB2194640F6441001F040FDB4
:10E09000FB1DFF221946554800F084FE544801F04C
:10E0A000E5FC504B1B68002B00F01C814D4B1B689E
:10E0B0009B68002B00F01681484B93F82430012B0D
:10E0C0000ED1484B1B689C68FB791946434B93F96A
:10E0D00030301A46414B93F931304448A0471DE097
:10E0E0003E4BDB6B3A461146184601F053FF3D4B61
:10E0F0001B689C68FB791946384B93F92930184600
:10E100003B6803F5FA733B4A82FB03529211DB171B
:10E11000D31A5BB202463548A04700BFE2E00020B8
:10E1200000F072FF2F4B1B68002B00F0DD802D4BA1
:10E130001B689B69002B00F0D7802A4B1B689B69EA
:10E1400000209847D0E0002000F05EFF254B1B68C0
:10E15000002B00F0CB80234B1B689B69002B00F049
:10E16000C580204B1B689B6901209847BEE000F0EA
:10E17000FFFD0346042B15D1194802F0B1FA002027
:10E1800000F042FF174B1B68002B00F0B180154BCD
:10E190001B685B68002B00F0AB80124B1B685B6850
:10E1A0009847A5E000F0E4FD0346052B40F0A08071
:10E1B0000D4802F095FA002000F026FF094B1B687D
:10E1C000002B00F09580074B1B68DB68002B00F0EC
:10E1D0008F80044B1B68DB68984789E00CD90020CE
:10E1E00068D9002008D9002080D9002008D8002054
:10E1F00030D90020D34D6210444B9B6D002B79D059
:10E20000434A424B9B6D1B0CDBB2194640F6031090
:10E2100090473F4A3D4B9B6D1B0ADBB2194640F6C7
:10E22000041090473A4A394B9B6DDBB2194640F6D1
:10E2300005109047364C374B40F60210984703467E
:10E2400043F00103DBB2194640F60210A0472F4B02
:10E2500000229A650023002240F2622140F26220EF
:10E2600001F0ACF846E001F040FF0346012B43D13A
:10E2700001F071FF40E0284802F032FA234B5B784E
:10E2800083F00103DBB2002B02D0002000F0BCFEC3
:10E29000224B1B68002B31D0204B1B68DB68002B06
:10E2A0002CD01E4B1B68DB68984727E0174B5B7828
:10E2B00083F00103DBB2002B02D0002000F0A4FEAB
:10E2C000164B1B68002B1BD0144B1B681B69002BC3
:10E2D00016D0124B1B681B69984711E000BF10E075
:10E2E00000BF0EE000BF0CE000BF0AE000BF08E086
:10E2F00000BF06E000BF04E000BF02E000BF00E096
:10E3000000BF00BF0837BD46B0BD00BF0CD900201C
:10E3100049DD00086DDD000880D9002008D9002003
:10E3200080B500AF094B93F856300121184601F033
:10E33000E3FC074B2D214FF4D760984700F027FFEF
:10E34000044800F07DFE00BF80BD00BF0CD9002056
:10E3500049DD0008FFFF0F0080B584B000AF034621
:10E36000FB7197F90730184601F0EEFC0346FB738A
:10E370000E2140F61F1001F0CBFBFB7B012118465C
:10E3800001F0BAFC00F0FAFE00BF1037BD4680BDB8
:10E3900080B489B000AFF860B9601346FB71002308
:10E3A000FB770023BB610023BB6111E0BB69BA6846
:10E3B00013441A78BB69B9680B44D243D2B21A70BD
:10E3C000BB69FA68134400221A70BB690133BB6150
:10E3D000FB79BA699A42E9DB0023BB6149E0BB697A
:10E3E0005A4203F0070302F0070258BF5342DBB260
:10E3F000C3F10703FB75BB69002B00DA0733DB10A1
:10E40000BB75BB6901335A4203F0070302F00702F0
:10E4100058BF5342DBB2C3F107037B75BB690133BD
:10E42000002B00DA0733DB103B75BB7DBA68134461
:10E430001B781A46FB7D42FA03F3DBB203F00103BB
:10E44000FB74FA7FFB7C5340FB773B7DFA681344F7
:10E450001B785AB2F97F7B7D01FA03F35BB2134359
:10E4600059B23B7DFA681344CAB21A70BB690133D2
:10E47000BB61FB79DB00BA699A42B0DB97F91F30C8
:10E48000DB015AB297F91F309B015BB213435BB2B9
:10E49000FA7F002A01D1202200E00022134359B262
:10E4A000FB79FA681344CAB21A7000BF2437BD461C
:10E4B00080BC704780B58CB000AFB9607A603B60BB
:10E4C0000346FB730023BB6207F1200300221A609E
:10E4D0005A6001F004FE7B68002B01D000233B60F2
:10E4E0007B68002B14BF01230023DAB2A34B5A70C0
:10E4F000FB7B002B03D0012B00F0DC8095E1BB6897
:10E500009B68002B03D0BB68DB68002B02D14FF067
:10E51000FF338BE1BB689B7F082B02D94FF0FF33A1
:10E5200084E1BB681969BB689B7F1A4607F1200329
:10E53000184601F075FFBB681B68002B14BF012350
:10E540000023DBB2184600F02BFE8C4B002283F830
:10E550003820BB689B68894AD363BB6893F8202046
:10E56000864B83F84420BB685B68184601F0EAFCE0
:10E5700003461A46814B83F84520804B00229A734C
:10E58000BB68DB689BB2DB009AB27C4B1A82BB682B
:10E59000DA7F7A4B9A74BB689B7FDB00DAB2774BE9
:10E5A000DA74BB6893F82120744B1A75BB6893F832
:10E5B0002230002B05D1BB685B69DAB26F4B9A75CC
:10E5C0000BE0BB6893F82230022B03D16B4BFF2288
:10E5D0009A7502E0694BFF229A75BB6893F8243064
:10E5E000022B04D0BB6893F82230022B2DD1BB68DC
:10E5F00093F82330F12B0CD0BB6893F82330F22B27
:10E6000007D0BB6893F82330012B02D04FF0FF33C3
:10E610000CE100233B77BB68BB61594B196807F1DC
:10E620001403584A184601F04DFD0346002B02D052
:10E630004FF0FF33FAE0514B00221A764F4B012284
:10E64000DA754E4B00225A750EE0BB6893F8232012
:10E650004A4BDA75BB6893F82420484B1A76BB689E
:10E6600093F82220454B5A75FFF76DFA0020FEF70C
:10E6700009FC454801F038F8444801F003F907F176
:10E680002003184600F0C3FBBB689B8B184600F0C4
:10E690000DFCBB681B8B184600F0E8FB3B684FF491
:10E6A000FA5203FB02F2BB689B68B2FBF3F3334AF6
:10E6B0009360BAE0BB681B8E002B02D14FF0FF3392
:10E6C000B4E0BB6893F83230012B04D1BB685B69BE
:10E6D00087F82F3002E0FF2387F82F30BB689B6A52
:10E6E000002B14BF01230023DBB2184600F058FDB5
:10E6F0003B68DBB2184600F062FD204B012283F834
:10E700003820BB6893F82C201C4B83F85020BB6842
:10E7100093F82D20194B83F85120BB6893F82E20D5
:10E72000164B83F85220BB6893F82F30022B10D081
:10E73000022B2DDC002B02D0012B05D028E00F4B43
:10E74000002283F8532024E00C4B012283F853204D
:10E750001FE0BB6893F82C300B2B04D0BB6893F8F8
:10E760002C300C2B04D1054B012283F8532010E0F0
:10E77000024B002283F853200BE000BF0CD900208D
:10E7800008D9002080D9002044D900201AD90020BF
:10E7900000BF284B01229A73BB681A8E254B9A83BF
:10E7A000BB6893F83220234B9A77224A97F82F3090
:10E7B000D377BB6893F834201E4B83F82020BB68C6
:10E7C00093F835201B4B83F82120FFF7BCF901207B
:10E7D000FEF758FB184800F087FF184801F052F880
:10E7E000144B93F82130012B0DD140F2367001F01B
:10E7F000A3F9034623F00403DBB2194640F2367056
:10E8000001F086F90CE040F2367001F095F903460C
:10E8100043F00403DBB2194640F2367001F078F998
:10E82000044B4FF6FF729A6000BFBB6A1846303740
:10E83000BD4680BD0CD9002044D900201AD9002043
:10E8400080B58EB000AFB9607B600346FB731346A2
:10E85000BB7307F12C0300221A605A6001F03FFCE1
:10E86000FB7B032B00F2058201A252F823F000BFCC
:10E87000F5E900083DEB000835EC000881E80008E8
:10E88000BB689B7C082B02D94FF0FF3306E2BB68C4
:10E890009968BB689B7C1A4607F12C03184601F067
:10E8A000BFFDBB681B68002B02D14FF0FF33F5E1C1
:10E8B000BB681B6842F21072934213D8022387F898
:10E8C0003730994B03229A73974B032283F83820F1
:10E8D000BB681B68944AD363BB68DA7C924B83F8AD
:10E8E000442017E0002387F837308F4B00229A73BB
:10E8F0008D4B002283F83820BB681B688A4AD3639B
:10E90000BB68DA7C884B83F84420BB681B689B0893
:10E91000854A1364BB685B689BB2DB009AB2824B8A
:10E920001A82814B04229A74BB689B7CDB00DAB2AA
:10E930007D4BDA747C4B00221A75BB689B7D022BE1
:10E9400003D0BB681B7D022B2BD1BB685B7DF12BF9
:10E950000AD0BB685B7DF22B06D0BB685B7D012BC8
:10E9600002D04FF0FF3399E1BB683B62012387F887
:10E9700028306E4B196807F120036D4A184601F0E4
:10E98000A1FB0346002B02D04FF0FF3386E1664B1C
:10E9900000221A76644B0122DA75634B00225A7505
:10E9A0000BE0BB685A7D604BDA75BB689A7D5E4BA5
:10E9B0001A76BB681A7D5C4B5A75FFF7C4F897F856
:10E9C00037301846FEF75EFA5A4800F08DFE5A4876
:10E9D00000F058FF07F12C03184600F018FABB6846
:10E9E0001B8A184600F062FABB689B89184600F043
:10E9F0003DFA3FE1BB681B68002B02D14FF0FF33AB
:10EA00004CE1BB689B7C082B02D94FF0FF3345E1FA
:10EA1000BB689968BB689B7C1A4607F12C031846B3
:10EA200001F0FEFC404B002283F83820BB681B68D5
:10EA30003D4AD363BB68DA7C3B4B83F84420BB6818
:10EA40009B69394A1364384B00229A73BB685B6830
:10EA50009BB2DB009AB2344B1A82334B04229A7475
:10EA6000BB689B7CDB00DAB22F4BDA742E4B0022A2
:10EA70001A75BB689B7D022B03D0BB681B7D022BE4
:10EA80002AD1BB685B7DF12B0AD0BB685B7DF22B82
:10EA900006D0BB685B7D012B02D04FF0FF33FDE059
:10EAA00001233B77BB687B61204B196807F1140396
:10EAB0001F4A184601F006FB0346002B02D04FF018
:10EAC000FF33EBE0184B00221A76174B0122DA7560
:10EAD000154B00225A750BE0BB685A7D124BDA7554
:10EAE000BB689A7D104B1A76BB681A7D0E4B5A751F
:10EAF000FFF729F80020FEF7C5F90E4800F0F4FDF5
:10EB00000D4800F0BFFE07F12C03184600F07FF916
:10EB1000BB681B8A184600F0C9F9BB689B89184678
:10EB200000F0A4F9A6E000BF0CD9002008D900200D
:10EB300068D9002044D900201AD90020594B01225D
:10EB400083F83820BB681A78564B83F85020BB688E
:10EB50005A78544B83F85120BB689A78514B83F80C
:10EB60005220BB68DB78022B10D0022B20DC002B5C
:10EB700002D0012B05D01BE04A4B002283F8532022
:10EB800017E0484B012283F8532012E0BB681B7842
:10EB90000B2B03D0BB681B780C2B04D1414B0122FB
:10EBA00083F8532005E03F4B002283F8532000E018
:10EBB00000BF3C4B01229A73BB689A88394B9A83F9
:10EBC000BB689A79374B9A77BB68DA79354B83F80B
:10EBD0002020BB681A7A334B83F82120FEF7B3FF5D
:10EBE0000120FEF74FF9304800F07EFD2F4800F07D
:10EBF00049FE2C4B93F85130062B0DD140F689007D
:10EC000000F09AFF034623F00403DBB2194640F6F6
:10EC1000890000F07DFF2DE040F6890000F08CFFB8
:10EC2000034643F00403DBB2194640F6890000F0C6
:10EC30006FFF1FE0BB681B68002B04D0BB681B681C
:10EC4000B3F57A7F02D94FF0FF3327E00320FEF7B8
:10EC500019F9144B022283F83820BB681B68114A4B
:10EC60009364104B162283F84C200F4800F03CFDB3
:10EC700000E000BF97F90E30184601F065F8034632
:10EC80001A46084B83F85620064B93F85630184620
:10EC900001F039FA034A7B6853600023184638377D
:10ECA000BD4680BD0CD9002044D900201AD90020CF
:10ECB00080B485B000AF78600123FB73FB7B1846FE
:10ECC0001437BD4680BC704780B483B000AF786015
:10ECD0003960012318460C37BD4680BC70470000E0
:10ECE00080B584B000AF78607B68002B02D01D4AED
:10ECF0007B681360F1F7CCFE022001F001F91A4B9A
:10ED000000221A70002000F07FF9F5F725FB03467A
:10ED1000012B0ED14021012000F08AFB002140F69A
:10ED2000111000F0F5FE7F233B73387B00F08DFA65
:10ED300009E00B2140F6111000F0EAFE0B2140F62D
:10ED4000121000F0E5FE0E2140F61F1000F0E0FE6C
:10ED5000F5F7E6FA054B01221A7000BF1037BD46E1
:10ED600080BD00BFA4D90020A0D9002098D90020E0
:10ED700080B400AF024B1B781846BD4680BC70477C
:10ED800098D9002080B582B000AF78600B46FB7048
:10ED9000FB781A467968002000F026FF00BF08378C
:10EDA000BD4680BD80B586B000AFF860B96013463F
:10EDB000FB710023FB7507F117031946B86800F0D3
:10EDC00029FEBB681B78FA799A4201D2012307E039
:10EDD000F87DBB681B781A46F96800F027FF00230E
:10EDE00018461837BD4680BD80B584B000AFF860C6
:10EDF0000B467A60FB72FB7A1946F868FFF7C2FF90
:10EE0000786800F01DF900BF1037BD4680BD80B5A1
:10EE100082B000AF7860082279684FF4D86000F0C3
:10EE20009FFE002318460837BD4680BD80B584B0DC
:10EE300000AF0346FB80FB881B0A9BB2DBB23B732F
:10EE4000FB88DBB27B7300F077FB0346002B08D115
:10EE500007F10C030222194640F2BC6000F080FE6C
:10EE600000E000BF00BF1037BD4680BD80B584B054
:10EE700000AF0346FB80FB881B0A9BB2DBB23B73EF
:10EE8000FB88DBB27B7300F057FB0346002B08D1F5
:10EE900007F10C030222194640F2BE6000F060FE4A
:10EEA00000E000BF00BF1037BD4680BD80B584B014
:10EEB00000AF0346FB800023FB7300F03DFB0346DD
:10EEC000002B21D14FF4D76000F036FE034623F02B
:10EED0000103FB73FB881B0A9BB25BB203F00103C7
:10EEE0005AB297F90F3013435BB2FB73FB7B1946A1
:10EEF0004FF4D76000F00CFEFB88DBB2194640F2FD
:10EF0000B96000F005FE00E000BF00BF1037BD464D
:10EF100080BD80B582B000AF00233B600023FB7151
:10EF20000023BB7140F6E20000F006FE0346FB71D1
:10EF3000FB7923F00103DBB2194640F6E20000F052
:10EF4000E7FD40F6E50000F0F7FD0346BB71BB7935
:10EF500003F07F03DBB2194640F6E50000F0D8FD70
:10EF60006FF07F4000F08CF83B460422194640F6D3
:10EF7000190000F017FE002000F046F8FB79194652
:10EF800040F6E20000F0C4FDBB79194640F6E5000A
:10EF900000F0BEFD3B6818460837BD4680BD000046
:10EFA00080B584B000AF38710020F5F7C0F90220B9
:10EFB00000F0A6FF3B79C3F38003DBB25BB29B009A
:10EFC0005AB23B79C3F34003DBB25BB25B005BB286
:10EFD00013435AB23B79C3F30003DBB25BB2134372
:10EFE0005BB2DBB2FB7307F10F03012219468420E9
:10EFF00000F03EFE034B00221A7000BF1037BD46E2
:10F0000080BD00BF98D9002080B582B000AF034614
:10F01000FB71FB1D01221946802000F029FEFB79BF
:10F02000002B03D1054B01221A7002E0034B022290
:10F030001A7000BF0837BD4680BD00BF98D90020B8
:10F0400080B584B000AF78600C4B04221A707B68E6
:10F050001B0CDBB23B737B681B0ADBB27B737B68E8
:10F06000DBB2BB7307F10C0303221946832000F0C7
:10F07000FFFD00BF1037BD4680BD00BF98D90020FE
:10F0800080B584B000AF78600C4B05221A707B68A5
:10F090001B0CDBB23B737B681B0ADBB27B737B68A8
:10F0A000DBB2BB7307F10C0303221946822000F088
:10F0B000DFFD00BF1037BD4680BD00BF98D90020DE
:10F0C00080B584B000AF78600E4B05221A7097218E
:10F0D00040F6AC0000F01CFD7B681B0CDBB23B7300
:10F0E0007B681B0ADBB27B737B68DBB2BB7307F107
:10F0F0000C0303221946822000F0BAFD00BF10372E
:10F10000BD4680BD98D9002080B584B000AF78603E
:10F1100039607B681B0CDBB23B727B681B0ADBB27D
:10F120007B727B68DBB2BB723B681B0CDBB2FB7291
:10F130003B681B0ADBB23B733B68DBB27B7307F1B6
:10F14000080306221946942000F092FD034B062284
:10F150001A7000BF1037BD4680BD00BF98D900208F
:10F1600080B500AF00220021C52000F081FD024BD8
:10F1700007221A7000BF80BD98D9002080B500AF6B
:10F1800000220021D12000F073FD00BF80BD80B5BA
:10F1900000AF00220021D22000F06AFD00BF80BD38
:10F1A00080B582B000AF0346FB71FB1D01221946FA
:10F1B0009F2000F05DFD00BF0837BD4680BD80B5D3
:10F1C00084B000AF0346FB71FB1D01221946A0204D
:10F1D00000F04EFDFB793F2B1CD9FB795B08FB73DC
:10F1E0000023BB7300237B7305E0FB7B9B08FB7351
:10F1F000BB7B0133BB73FB7B1F2BF6D8FB7BDB0098
:10F20000DAB2BB7B13447B737B7B194640F20670FA
:10F2100000F07EFC00BF1037BD4680BD80B582B0D7
:10F2200000AFF5F7A0F80346012B02D10123FB71D3
:10F2300001E00023FB71FB1D01221946962000F01E
:10F2400017FD00BF0837BD4680BD80B584B000AF54
:10F2500038713B79C3F38013DBB25BB29B015AB2C6
:10F260003B79C3F34013DBB25BB25B015BB2134388
:10F270005AB23B79C3F30013DBB25BB21B015BB242
:10F2800013435AB23B79C3F3C003DBB25BB2DB007A
:10F290005BB213435AB23B79C3F38003DBB25BB278
:10F2A0009B005BB213435AB23B79C3F34003DBB21A
:10F2B0005BB25B005BB213435AB23B79C3F300030A
:10F2C000DBB25BB213435BB2DBB2FB7307F10F033C
:10F2D00001221946892000F0CBFC00BF1037BD4643
:10F2E00080BD000080B584B000AF78607B681D4AA7
:10F2F000934204D9E1233B73E9237B7327E07B68C6
:10F30000194A934204D9D7233B73DB237B731EE056
:10F310007B68164A934204D9C1233B73C5237B7390
:10F3200015E07B68124A934204D975233B7381230D
:10F330007B730CE07B680F4A934204D96B233B73C9
:10F340006F237B7303E029233B732B237B7307F12C
:10F350000C0302221946982000F08AFC00BF1037E7
:10F36000BD4680BD00E9A43580F8A9328044E52D72
:10F37000000B6B1B40FC541990B585B000AF0446E0
:10F38000084611461A462346FB710346BB710B46DD
:10F390007B7113463B71FB793B73BB797B737B7944
:10F3A000BB733B79FB7307F10C03042219469520CC
:10F3B00000F05EFC00BF1437BD4690BD90B585B02F
:10F3C00000AF0446084611461A462346FB80034612
:10F3D000BB800B467B8013463B80FB881B0A9BB29D
:10F3E000DBB23B72FB88DBB27B72BB881B0A9BB231
:10F3F000DBB2BB72BB88DBB2FB727B881B0A9BB2A1
:10F40000DBB23B737B88DBB27B733B881B0A9BB20E
:10F41000DBB2BB733B88DBB2FB7307F10803082246
:10F420001946082000F024FC00BF1437BD4690BDEB
:10F4300080B584B000AF03463960FB71FB7903F0FF
:10F440000703DBB23B733B681B0CDBB27B733B688F
:10F450001B0ADBB2BB733B68DBB2FB7307F10C0327
:10F4600004221946972000F003FC00BF1037BD4668
:10F4700080BD00002DE9B04384B000AF7860002368
:10F48000FB601D4B1B7883F00103DBB2002B05D022
:10F490007868FFF727FF184B01221A707B6800225B
:10F4A0001C4615464FEAD4194FEA4468134A4FF0F8
:10F4B000000340464946F0F7BBFE02460B461346A2
:10F4C000FB60FB681B0EDBB23B72FB681B0CDBB204
:10F4D0007B72FB681B0ADBB2BB72FB68DBB2FB72A0
:10F4E00007F1080304221946862000F0C1FB00BF83
:10F4F0001037BD46BDE8B083A0D900200048E80120
:10F5000080B582B000AF0346FB71FA79094B1A70DF
:10F51000FB79002B04D1002140F2AC6000F0F8FA36
:10F52000FB1D012219468A2000F0A2FB00BF08370C
:10F53000BD4680BD99D9002080B400AF024B1B7836
:10F540001846BD4680BC704799D9002080B584B06C
:10F5500000AF0346FB710B46BB7113467B71FB7911
:10F56000012B49D10020F4F705FFF86097F9063028
:10F57000FA689A4201DAFB68BB71FB680E2B0ED168
:10F580000123012200210420FFF7F6FEBA79FB686F
:10F59000DBB2D31ADBB20E33DBB2BB711FE0FB6808
:10F5A0000A2B0ED10123012200210120FFF7E4FEE6
:10F5B000BA79FB68DBB2D31ADBB20D33DBB2BB71B5
:10F5C0000DE00123012200210720FFF7D5FEBA79C3
:10F5D000FB68DBB2D31ADBB20E33DBB2BB7197F937
:10F5E000063013F1110F01DAEF23BB71182140F639
:10F5F000E70000F08DFA67E040F6D80000F09CFAD2
:10F60000034643F01E03DBB2194640F6D80000F073
:10F610007FFA0120F4F7AEFEF86097F90630FA6839
:10F620009A4201DAFB68BB71FB68142B0ED10123EF
:10F63000002205210320FFF79FFEBA79FB68DBB2A9
:10F64000D31ADBB21633DBB2BB7131E0FB68112B8E
:10F650000ED10123002203210220FFF78DFEBA798B
:10F66000FB68DBB2D31ADBB21633DBB2BB711FE02F
:10F67000FB680E2B0ED10123002202210220FFF78E
:10F680007BFEBA79FB68DBB2D31ADBB20E33DBB296
:10F69000BB710DE00123002207210420FFF76CFE5F
:10F6A000BA79FB68DBB2D31ADBB21633DBB2BB71BB
:10F6B00097F9063013F1090F01DAF723BB713821EE
:10F6C00040F6E70000F024FABB793B727B797B724D
:10F6D00007F10803022219468E2000F0C9FA00BF84
:10F6E0001037BD4680BD00002DE9B04386B000AFA5
:10F6F000786000237B6107F1080300221A605A60DA
:10F700007B681A785C4B1B789A4204D07B681B7824
:10F710001846FFF7F5FE7B681B78032B00F2A580E7
:10F7200001A252F823F000BF39F70008F9F70008EA
:10F73000BBF7000827F800080823FB747B685B68A8
:10F740004E4AB2FBF3F37B617B691B0CDBB23B726D
:10F750007B691B0ADBB27B727B69DBB2BB727B68A5
:10F760001B7BFB727B685B7B3B737B689B68002227
:10F770001C4615464FEAD4194FEA4468404A4FF0F8
:10F78000000340464946F0F753FD02460B46134638
:10F790007B617B691B0CDBB27B737B691B0ADBB271
:10F7A000BB737B69DBB2FB73FB7C9AB207F1080386
:10F7B00019468B2000F05CFA58E00423FB747B6848
:10F7C0001B692E4AB2FBF3F37B617B691B0CDBB236
:10F7D0003B727B691B0ADBB27B727B69DBB2BB725B
:10F7E0007B681B7DFB72FB7C9AB207F1080319460C
:10F7F0008B2000F03DFA39E00423FB747B681B7E0C
:10F800003B727B685B7E7B727B689B7EBB727B6896
:10F81000DB7EFB72FB7C9AB207F1080319468B2052
:10F8200000F026FA22E00523FB747B685B68134A2C
:10F83000B2FBF3F37B617B691B0CDBB23B727B6930
:10F840001B0ADBB27B727B69DBB2BB727B681B7B02
:10F85000FB727B685B7B3B73FB7C9AB207F108030E
:10F8600019468B2000F004FA00E000BF00BF1837F3
:10F87000BD46BDE8B08300BF99D900200000093D16
:10F880000048E80180B586B000AF78600023BB7502
:10F8900007F10C0300221A605A601A727B681A780A
:10F8A000444B1B789A4204D07B681B781846FFF7BC
:10F8B00027FE7B681B78032B78D801A252F823F02F
:10F8C000D1F8000861F9000855F90008D1F80008DE
:10F8D0007B685B7AF12B0AD14FF6FF70FFF7A6FA2F
:10F8E00048F20500FFF7C2FA0223BB7511E07B68FE
:10F8F0005B7AF22B0AD141F60F50FFF797FA41F2EB
:10F900002100FFF7B3FA0623BB7502E07B685B7A40
:10F91000BB750923FB757B685B881B0A9BB2DBB256
:10F920003B737B685B88DBB27B737B681B79BB7343
:10F930007B685B79FB737B689B793B747B68DB79C5
:10F940007B747B681B7ABB74BB7DFB747B689B7A82
:10F950003B7522E00123FB757B681B7B3B731CE03E
:10F960000623FB757B68DB891B0A9BB2DBB23B730A
:10F970007B68DB89DBB27B737B681A7C0E4B11469C
:10F9800019701346BB737B685B7CFB737B689B7C45
:10F990003B747B68DB7C7B7400BFFB7D9AB207F114
:10F9A0000C0319468C2000F063F900E000BF183703
:10F9B000BD4680BD99D900209AD9002080B584B079
:10F9C00000AF03460A46FB711346BB71FB793B73DC
:10F9D000BB797B7307F10C03022219468F2000F0DC
:10F9E00047F900BF1037BD4680BD80B582B000AF7B
:10F9F0000023FB713B1D01221946152000F05AF926
:10FA00003B795B425B10FB7197F90730184608376A
:10FA1000BD4680BD80B584B000AF7860396007F125
:10FA20000C0302221946132000F044F9FFF784FD6D
:10FA30000346012B0DD10C4B1B78DBB2012B08D1F7
:10FA400040F2027000F078F803461A467B681A709C
:10FA500002E03A7B7B681A707A7B3B681A7000BFC1
:10FA60001037BD4680BD00BF9AD9002080B584B054
:10FA700000AF786007F10C0303221946142000F050
:10FA800019F9FFF759FD03461A467B681A707B681F
:10FA90001B78002B02D0012B13D02AE03A7B7B6825
:10FAA0001A717B7B5B425B105AB27B689A71BB7B9D
:10FAB0005B425B105AB27B685A717B6800229A6085
:10FAC00020E03B7B5B425B105AB27B681A737B7B06
:10FAD0005BB202339B105AB27B685A73BB7B5B42AA
:10FAE0005B105AB27B689A73084B1A687B681A617C
:10FAF00008E014220021786800F0B1FC7B680F2236
:10FB00001A7000BF00BF1037BD4680BD9CD90020D1
:10FB100080B582B000AF03460A46FB8013467B7176
:10FB20007A1DF98801230348F7F718FB00BF08374F
:10FB3000BD4680BD8005002080B584B000AF03467F
:10FB4000FB8007F10F02F98801230448F7F765FBF2
:10FB5000FB7B18461037BD4680BD00BF80050020E6
:10FB600080B586B000AF03463960FB801346BB808A
:10FB7000EFF31083FB60FB687B6172B600BFBB884C
:10FB8000F9883A680648F7F7E9FA7B693B613B690F
:10FB900083F3108800BF00BF1837BD4680BD00BF8B
:10FBA0008005002080B586B000AF03463960FB8039
:10FBB0001346BB80EFF31083FB60FB687B6172B67A
:10FBC00000BFBB88F9883A680648F7F726FB7B69CF
:10FBD0003B613B6983F3108800BF00BF1837BD4607
:10FBE00080BD00BF8005002080B586B000AF034611
:10FBF0003960FB711346BB71EFF31083FB60FB6848
:10FC00007B6172B600BFBB799BB2F9793A6806484E
:10FC1000F7F717FC7B693B613B6983F3108800BFF2
:10FC200000BF1837BD4680BD8005002080B586B076
:10FC300000AF03463960FB711346BB71EFF31083CD
:10FC4000FB60FB687B6172B600BFBB799BB2F97940
:10FC50003A680648F7F748FC7B693B613B6983F3E8
:10FC6000108800BF00BF1837BD4680BD800500204A
:10FC700080B586B000AF03463960FB711346BB8088
:10FC8000EFF31083FB60FB687B6172B600BFBB883B
:10FC9000F9793A680648F7F721FB7B693B613B69D4
:10FCA00083F3108800BF00BF1837BD4680BD00BF7A
:10FCB0008005002080B586B000AF03463960FB7137
:10FCC0001346BB80EFF31083FB60FB687B6172B669
:10FCD00000BFBB88F9793A680648F7F75EFB7B6995
:10FCE0003B613B6983F3108800BF00BF1837BD46F6
:10FCF00080BD00BF8005002080B584B000AF034602
:10FD00000A46FB711346BB710123FB73BB79012BC0
:10FD10000DD1FB79012B04D10223FB73042000F0E9
:10FD2000EFF8FB79022B07D10323FB7304E0BB79C7
:10FD3000002B01D10123FB73FB7B1846F4F7F7FA84
:10FD400000BF1037BD4680BD80B584B000AF03460C
:10FD5000FB710123FB73F4F7F8FAB860BB68022B60
:10FD600016D0BB68022B16DCBB68002B03D0BB6827
:10FD7000012B0AD00FE097F907300F2B02DD022389
:10FD8000FB7309E00123FB7306E00123FB7303E02F
:10FD90000223FB7300E000BF97F90710FB7B0222F0
:10FDA0001846FFF7D3FBFB7B18461037BD4680BDD6
:10FDB00080B400AF01231846BD4680BC70470000E8
:10FDC00080B582B000AF7860034B1B680120984774
:10FDD00000BF0837BD4680BDA4D9002080B582B0E1
:10FDE00000AF7860034B1B680220984700BF0837BC
:10FDF000BD4680BDA4D9002080B582B000AF786038
:10FE0000034B1B684020984700BF0837BD4680BDA4
:10FE1000A4D9002080B582B000AF78600B46FB709B
:10FE2000FB78002B02D0012B05D00AE0074B1B68A2
:10FE30008020984705E0054B1B684FF48070984779
:10FE400000BF00BF0837BD4680BD00BFA4D9002059
:10FE500080B582B000AF7860044B1B684FF400702F
:10FE6000984700BF0837BD4680BD00BFA4D9002019
:10FE700080B582B000AF7860034B1B6820209847A4
:10FE800000BF0837BD4680BDA4D9002080B582B030
:10FE900000AF7860034B1B680420984700BF083709
:10FEA000BD4680BDA4D9002080B582B000AF786087
:10FEB000034B1B680820984700BF0837BD4680BD2C
:10FEC000A4D9002080B582B000AF7860034B1B68D6
:10FED0001020984700BF0837BD4680BDA4D9002038
:10FEE00080B582B000AF7860044B1B684FF480404F
:10FEF000984700BF0837BD4680BD00BFA4D9002089
:10FF000080B584B000AF0346FB71F4F72CFA0346CA
:10FF1000012B12D140F62310FFF70EFE0346FB73B0
:10FF2000FB7B23F00603FB73FA7BFB791343DBB205
:10FF3000194640F62310FFF7EBFD00BF1037BD4612
:10FF400080BD000080B485B000AF78607B68002B76
:10FF500001D11F2317E00023FB730FE0FB7B0C4A4A
:10FF600052F833307A689A4205D2FB7B084ADB00AC
:10FF700013441B7907E0FB7B0133FB73FB7B152BE1
:10FF8000ECD900BFFDE718461437BD4680BC70476A
:10FF90007436010880B58AB000AF78603960354B9F
:10FFA000FB6040F60700FFF7C7FD0346FB77FB7FCA
:10FFB000DB08DBB203F0030328333B4413F81C3C9B
:10FFC000BB77FB7F03F007037B77BA7F7B7F01332F
:10FFD00002FA03F31A46284BB3FBF2F3BB61BA698A
:10FFE0007B68B2FBF3F37B61012387F8273097F836
:10FFF00027307A6902FB03F3072B02D8022387F824
:020000040801F1
:10000000273097F827307A6902FB03F3032B02D8D5
:10001000042387F8273097F82720BB6902FB03F3F6
:100020003B614FF4D660FFF787FD03461B0203F4E4
:1000300070633B6240F2B160FFF77EFD03461A46F3
:100040003B6A13433B623B6A03F40063002B05D019
:100050003B6A6FEA03536FEA13533B623B695B09E8
:100060003A6A02FB03F3DA113B681A6000BF2837D3
:10007000BD4680BD04080A0C0048E80180B487B082
:1000800000AF0346B9607A60FB8100237B614FF0CB
:10009000FF337B617B6918461C37BD4680BC7047C7
:1000A00080B487B000AF0346B9607A60FB73002369
:1000B0007B614FF0FF337B617B6918461C37BD467F
:1000C00080BC704780B485B000AFF860B9607A60DA
:1000D0004FF0FF3318461437BD4680BC704780B4DC
:1000E00000AF00BFBD4680BC704780B400AF0023A6
:1000F0001846BD4680BC704780B400AF0023184648
:10010000BD4680BC704780B483B000AF0346FB712E
:1001100000BF0C37BD4680BC704780B487B000AFCD
:10012000F8600B467A60FB724FF0FF337B617B69AE
:1001300018461C37BD4680BC704780B400AF4FF0F6
:10014000FF331846BD4680BC704780B400AF00BF87
:10015000BD4680BC704780B400AF00BFBD4680BCC8
:10016000704780B483B000AF0346FB7100BF0C370B
:10017000BD4680BC7047000080B500AF182200214A
:10018000074800F06CF94FF400720021054800F0B8
:1001900066F9054B1B68054898470346184680BD1D
:1001A000A8D90020C0D90020EC300108ED010108D9
:1001B00080B483B000AF7860034A7B68536000BFAF
:1001C0000C37BD4680BC7047A8D9002080B483B0EE
:1001D00000AF0346FB71044AFB79137200BF0C3772
:1001E000BD4680BC704700BFA8D9002080B588B04C
:1001F00000AF78600023FB61EFF310837B617B69C4
:10020000BB6172B600BF3C4B9B78022B06D13A4BC8
:1002100000229A70384B00221A820AE0364B1A8A62
:10022000354B9B8A13449BB2C3F308039AB2324BFB
:100230001A82314B1A8A304B5B8A9A424DD02E4B30
:10024000DB8A012B49D12C4B9B78012B17D12A4BF0
:100250001A88294B1B8AD31A9AB2274B9A82264BAB
:1002600002229A70244B00221A80234B9B8A002B77
:1002700005D1214B00229A701F4B00221A821E4B7F
:100280009B78002B15D11C4B5A8A1B4B1B8A9A4218
:1002900008D9194B5A8A184B1B8AD31A9AB2164B93
:1002A0009A8206E0144B1B8AC3F500739AB2124B74
:1002B0009A82114B1B8A1A46104B1344FB61BB698F
:1002C0003B613B6983F3108800BF0D4BDB680A4A32
:1002D000928A1146F86998470AE0BB69FB60FB689F
:1002E00083F3108800BFF0F74BFC00F00BF800BF61
:1002F00000BF2037BD4680BDA8D90020C0D900204E
:10030000EC30010880B485B000AFEFF310837B6060
:100310007B68FB6072B600BF084BDB8A013B9AB278
:10032000064BDA82FB68BB60BB6883F3108800BFB2
:1003300000BF1437BD4680BC704700BFA8D900205D
:1003400080B400AF044B00221A60044B00221A60F4
:1003500000BFBD4680BC7047C0DB0020C4DB00206E
:1003600080B487B000AF78600B46FB70EFF310836A
:100370003B613B697B6172B600BFFB78002B08D004
:10038000012B0ED10D4B1A687B6813430B4A136087
:1003900008E07B68DA43094B1B681340074A136087
:1003A00000E000BF7B69FB60FB6883F3108800BF3F
:1003B00000BF1C37BD4680BC704700BFC0DB0020BB
:1003C00080B487B000AF78600B46FB70EFF310830A
:1003D0003B613B697B6172B600BFFB78002B08D0A4
:1003E000012B0ED10D4B1A687B6813430B4A136027
:1003F00008E07B68DA43094B1B681340074A136027
:1004000000E000BF7B69FB60FB6883F3108800BFDE
:1004100000BF1C37BD4680BC704700BFC4DB002056
:1004200080B487B000AFF860B9601346FB80FB680A
:100430007B61BB683B6107E03A69531C3B617B69A8
:10044000591C796112781A70FB885A1EFA80002BA9
:10045000F2D100BF00BF1C37BD4680BC704780B4DE
:1004600085B000AF78600B46FB7013463B807B681D
:10047000FB6004E0FB685A1CFA60FA781A703B884B
:100480005A1E3A80002BF5D100BF00BF1437BD467D
:1004900080BC704782B080B487B000AFF860381D70
:1004A00080E806007B6200233B610023BB827A6800
:1004B0007B6A13443B61B7F908309AB2B7F9283028
:1004C0009BB213449BB21BB2BB82B7F91430B3F595
:1004D0007A7F0ADB3B6901333B61B7F914309BB289
:1004E000A3F57A739BB21BB2BB82FB681A4607F175
:1004F000100393E8030082E80300F8681C37BD4648
:1005000080BC02B07047000080B58AB002AF78604E
:100510000023BB610023BB8300233B610023BB821C
:10052000144B1B6907F11802043210469847034622
:10053000BB61104BDB68984703461BB2BB810D4B78
:100540005B6898470346BB6007F11000FB690093A6
:10055000BB6907F1080206CAFFF79CFF7B681A46D1
:1005600007F1100393E8030082E80300786820375E
:10057000BD4680BDD830010880B500AF044B0022D5
:100580001A60044B1B6898470346184680BD00BF9D
:10059000C8DB0020AC30010880B584B000AFF86043
:1005A000B9603B601346FB71FB68002B23D03B68AE
:1005B000002B20D0FB6800221A60114B5B6AB868E0
:1005C00098470246FB685A60FB6800221A72FB6873
:1005D00000225A72FB6800229A72FB683A68DA605D
:1005E000FB68BA691A61FB68FA79DA72FB68002263
:1005F0005A61002300E0012318461037BD4680BD34
:10060000AC30010880B58AB000AF7860002387F86D
:1006100027307B68002B56D0786800F0A9F9034694
:1006200083F00103DBB2002B4DD07B685B7A002B9B
:1006300049D1EFF310833B613B69FB6172B600BFA8
:100640007B685B683B62244B1B6A9847B8613A6AD7
:10065000BB699A4201D2BB693B627B683A6A1A6005
:100660007B6800221A727B6801225A727B68002222
:100670009A721A4B1B68002B06D1174B1B699847BF
:10068000786800F0EBF917E0134B9B6998477861A5
:100690007B681A687B691A447B681A607B681A68F1
:1006A0000E4B1B681B689A4203D2786800F0D6F99B
:1006B00002E0786800F0A2F9FB69FB60FB6883F355
:1006C000108800BF02E0012387F8273097F8273011
:1006D00018462837BD4680BDAC300108C8DB002075
:1006E00080B588B000AF78600023FB777B68002B73
:1006F0005BD0EFF31083FB60FB683B6172B600BF19
:100700002D4B1B68BB612C4B1B687B617B680122F6
:100710009A72294B1B68002B41D07B6800225A72C9
:10072000254B1B687A689A4234D1234B1B68002200
:100730001A72214B1B685B69002B0AD01E4B1B6889
:100740005B691D4A13601C4B1B68184600F02CF9AE
:1007500023E01A4BDB689847174B00221A601CE015
:100760007A697B689A4210D17B695B69002B06D05D
:100770007B695B697B61BB697A695A610DE0002323
:100780007B61BB697A695A6107E07B69BB617B6900
:100790005B697B617B69002BE2D10023FB773B69BE
:1007A000BB60BB6883F3108801E00123FB77FB7F0C
:1007B00018462037BD4680BDC8DB0020AC3001089C
:1007C00080B584B000AF786039600023FB737B682C
:1007D000002B02D10123FB7314E00D4B5B6A3868D8
:1007E000984702467B685A60786800F0C1F8034673
:1007F000002B07D07868FFF773FF7868FFF702FFD8
:100800000346FB73FB7B18461037BD4680BD00BF17
:10081000AC30010890B589B000AFEFF31083BB6036
:10082000BB68BB6172B600BF384B5B6998477861A3
:10083000364B1B69984738613A697B69D31AFB606C
:10084000334B1B68002B37D0314B1B68FB61FB69B6
:100850001B68FA689A4206D2FB691A68FB68D21ACA
:10086000FB691A6002E0FB6900221A60FB695B69A0
:10087000FB61FB69002BEAD11EE0254B1B68FB6185
:10088000234B1B685B69224A1360FB6900221A72C2
:10089000FB6900225A72FB69DB68FA69126910462B
:1008A0009847FB69DB7A012B06D1FB699B7A002B09
:1008B00002D1F869FFF7A6FE154B1B68002B0DD07F
:1008C000134B1B681B68002BD7D0114B1B681C688F
:1008D0000E4B9B69984703469C42CED30C4B1B683A
:1008E000002B09D00A4B1B681B7A002B04D1084B44
:1008F0001B68184600F058F8BB697B607B6883F37F
:10090000108800BF00BF2437BD4690BDAC30010841
:10091000C8DB002080B582B000AF064BDB6998478A
:100920007860044B9B6A78689847034618460837F6
:10093000BD4680BDAC30010880B584B000AF7860A2
:100940000A4BDB699847F860084B5B6A7868984700
:10095000B860064B9B6AF968BA688A1A10469847CD
:10096000034618461037BD4680BD00BFAC300108B5
:1009700080B485B000AF78600A4B1B68FB6008E06C
:10098000FA687B689A4201D1012306E0FB685B6943
:10099000FB60FB68002BF3D1002318461437BD46DB
:1009A00080BC7047C8DB002090B585B000AF786090
:1009B000114B1B6A9847F8607B6801221A727B68AA
:1009C0001C680D4B9B6998470246FB6813449C4288
:1009D00007D2094B9B6998470246FB681A447B681B
:1009E0001A60054B9B687A6812681046984700BFEA
:1009F0001437BD4690BD00BFAC30010880B485B04F
:100A000000AF7860144B1B68FB60134B1B685B697D
:100A1000BB6012E07B681A68BB681B689A4205D904
:100A2000BB68FB60BB685B69BB6006E0FB687A681B
:100A30005A617B68BA685A6109E0FB685B69002B00
:100A4000E8D1FB687A685A617B6800225A611437E2
:100A5000BD4680BC704700BFC8DB002080B584B0B5
:100A600000AF78600B4B1B68FB60FB68002B02D06B
:100A7000FB6800221A727B68FA685A61054A7B6833
:100A80001360044B1B681846FFF78EFF00BF10373A
:100A9000BD4680BDC8DB002080B485B000AF786063
:100AA0000023FB600EE0FA6813469B0013445B00D2
:100AB00018467B681B68591C7A6811601B780344D0
:100AC000303BFB607B681B681B782F2B04D97B684D
:100AD0001B681B78392BE6D9FB6818461437BD46CE
:100AE00080BC704780B499B000AFF860B9607A609C
:100AF0003B60714B1B68BB653B6F03F04003002BF1
:100B000002D06E4B1B68BB653B68012B02DD3B6866
:100B1000242B01DD0023CAE03B6F03F00103002B0F
:100B200001D0302300E0202387F85330002387F8DA
:100B30005F303B6F03F00203002B0BD07B68002B70
:100B400008DA2D2387F85F307B685B427B60BB6EE1
:100B5000013BBB6600237B657B68002B1ED17B6D50
:100B60005A1C7A6560333B44302203F8502C18E05D
:100B70007B683A68B3FBF2F101FB02F29B1ABA6D93
:100B80001A447B6D591C7965127860333B4403F835
:100B9000502C7A683B68B2FBF3F37B607B68002BD8
:100BA000E6D17A6DFB6E9A4201DD7B6DFB66BA6E13
:100BB000FB6ED31ABB663B6F03F00103002B12D10F
:100BC0000CE0FB685A1CFA6020221A70BB68013BDB
:100BD000BB60BB68002B01D1FB6868E0BB6E5A1E8E
:100BE000BA66002BEDDC97F85F30002B1BD0FB685A
:100BF0005A1CFA6097F85F201A70BB68013BBB6013
:100C0000BB68002B0FD1FB6851E0FB685A1CFA60EF
:100C100097F853201A70BB68013BBB60BB68002B80
:100C200001D1FB6843E0BB6E5A1EBA66002BECDCB8
:100C30000CE0FB685A1CFA6030221A70BB68013B5A
:100C4000BB60BB68002B01D1FB6830E0FB6E5A1E15
:100C5000FA667A6D9A42ECDB10E0FB685A1CFA6087
:100C600007F110017A6D0A4412781A70BB68013BD3
:100C7000BB60BB68002B01D1FB6818E07B6D5A1E7E
:100C80007A65002BE9DC0CE0FB685A1CFA60202234
:100C90001A70BB68013BBB60BB68002B01D1FB68CD
:100CA00005E0BB6E5A1EBA66002BEDDCFB681846E9
:100CB0006437BD4680BC7047C4000020C8000020D7
:100CC00080B592B004AFF860B9607A603B60BB68F1
:100CD000002B01DC00233EE1FB68FB6228E1FA6A9D
:100CE000FB68D21ABB68013B9A4280F22E817B6876
:100CF0001B78252B06D07A68FB6A591CF96212789A
:100D00001A7012E100233B627B6801337B607B68D1
:100D10001B78302B03D13B6A43F001033B624FF059
:100D2000FF33FB617B681B782F2B08D97B681B780E
:100D3000392B04D83B1D1846FFF7AEFEF8614FF083
:100D4000FF33BB614FF0FF337B610A233B637B685A
:100D50001B78583B202B00F2948001A252F823F01C
:100D60006B0E0108830E0108830E0108830E010833
:100D7000830E0108830E0108830E0108830E01080B
:100D8000830E0108830E0108830E0108EF0D010890
:100D9000790E0108830E0108830E0108830E0108F5
:100DA000830E0108790E0108830E0108830E0108E5
:100DB000830E0108830E0108830E0108830E0108CB
:100DC000830E0108830E0108830E01080F0E01082F
:100DD000830E0108CF0E0108830E0108830E01085F
:100DE000730E0108FB6A5A1CFA6220221A70FB6912
:100DF000013BFB61FB69002BF4DC3B681A1D3A6088
:100E00001968FB6A5A1CFA62CAB21A708DE03B6814
:100E10001A1D3A601B687B627B6A002B01D1504B24
:100E20007B62786AEFF7ACF903463B6104E0FB6A4A
:100E30005A1CFA6220221A70FB695A1EFA613A693A
:100E40009A42F4DB0023BB620AE07A6A531C7B629D
:100E5000FB6A591CF96212781A70BB6A0133BB62D3
:100E6000BA6A3B699A42F0DB5FE03B6A43F04003B9
:100E70003B6210233B632BE03B6A43F002033B627F
:100E800025E07B681B78252B04D0FB6A5A1CFA628C
:100E900025221A70FA6AFB68D21ABB68013B9A4293
:100EA00016DA7B681B78002B06D07A68FB6A591C1F
:100EB000F96212781A7002E07B68013B7B60FA6A83
:100EC000FB68D21ABB68013B9A422DDB00E000BFF1
:100ED0007B696C2B05D13B681A1D3A601B687B63EC
:100EE0000FE03B6A03F00203002B05D03B681A1D9C
:100EF0003A601B687B6304E03B681A1D3A601B681C
:100F00007B63BB685A1EF96AFB68CB1AD11A7A6BED
:100F10003B6A0293BB690193FB6900933B6BF86AE0
:100F2000FFF7E0FDF86200E000BF7B6801337B6003
:100F30007B681B78002B7FF4D2AEFA6AFB68D21A6A
:100F4000BB68013B9A42BFF6CAAEFB6A00221A7028
:100F5000FA6AFB68D31A18463837BD4680BD00BF11
:100F600074300108024B0146186800F025B800BF34
:100F7000D800002070B50F4E0C463168054611B9F7
:100F800000F048FB30602146284600F043FB431C3C
:100F900003D14FF0FF34204670BDC41C24F003047D
:100FA000A042F8D0211A284600F034FB0130F2D1DB
:100FB000EFE700BFCCDB00202DE9F843CD1C25F086
:100FC000030508350C2D38BF0C25002D064601DB26
:100FD000A94204D90C2333600020BDE8F883DFF870
:100FE000D48000F069F8D8F800301C4644BB29468C
:100FF0003046FFF7BFFF431C044658D1D8F80040E5
:101000002746002F43D1002C4BD023683946304669
:1010100004EB030900F0FEFA814542D121686D1A04
:1010200029463046FFF7A6FF01303AD023682B440B
:101030002360D8F800305A6862BBC8F800700FE02F
:101040002268521B20D40B2A17D96119A3422560AC
:1010500018BF5960636808BFC8F8001062514B6040
:10106000304600F02FF804F10B00231D20F007009C
:10107000C21A1CBF1B1AA350AFE76268A3420CBF81
:10108000C8F800205A60EBE723466468AEE73C46A8
:101090007F68B6E71A465B68A342FBD10023536022
:1010A000DEE70C233360304600F00CF894E705606F
:1010B000D6E700BFD0DB0020014800F0F8BA00BF3F
:1010C00014DD0020014800F0F3BA00BF14DD002059
:1010D00038B5104B1D682A6B0446B2B91820FFF7CB
:1010E00041FF0246286320B90B4B0C48462100F013
:1010F000EFFA0B490B4BC0E900130B4B83600B233A
:10110000838100210120C2E904010023146153619D
:1011100038BD00BFD8000020243701083B37010844
:101120000E33CDAB34126DE6ECDE0500164B10B578
:101130001C68226BB2B91820FFF714FF0246206327
:1011400020B9124B1248522100F0C2FA1149124B39
:10115000C0E90013114B83600B2383810021012020
:10116000C2E9040113690E4854690E49584301FB52
:101170000400A3FB0131013340EB0100C2E904305C
:1011800020F0004010BD00BFD80000202437010827
:101190003B3701080E33CDAB34126DE6ECDE0500B3
:1011A0002DF451582D7F954C002310B50446C0E90D
:1011B0000033C0E90433836081814366C281836167
:1011C000194608225C3000F047F90D4B63620D4B65
:1011D000A3620D4BE3620D4B23630D4B24629C42D3
:1011E00006D003F16802944202D0D0339C4205D16C
:1011F00004F15800BDE8104000F058BA10BD00BF1F
:10120000CD130108F31301082B1401085114010830
:10121000D4DB0020024A0349034800F06BB800BF4A
:10122000CC000020BD240108DC00002041680C4BEC
:10123000994210B5044601D001F040F9A168094B6C
:10124000994202D0204601F039F9E168064B9942F3
:1012500004D02046BDE8104001F030B910BD00BFF9
:10126000D4DB00203CDC0020A4DC00200C4B0D4A29
:101270000D4810B504211A600022FFF795FF0A4BB4
:1012800001221C46092103F16800FFF78DFF04F1DC
:10129000D0000222BDE810401221FFF785BF00BF39
:1012A0000CDD002015120108D4DB0020014800F0FD
:1012B000FEB900BF15DD0020014800F0F9B900BFFC
:1012C00015DD002010B50446FFF7F0FF236A1BB1BF
:1012D000BDE81040FFF7F0BF044B2362044B1B68CE
:1012E000002BF5D1FFF7C2FFF2E700BF2D12010876
:1012F0000CDD00202DE9F8430746884614460026F9
:10130000D4E90195B9F1010905D52468002CF7D17C
:101310003046BDE8F883AB89012B07D9B5F90E300B
:10132000013303D029463846C04706436835E9E70C
:101330000EB410B59DB01FAB029006906FF0004147
:101340000A48079104910A4953F8042B0591002497
:1013500002A9006801931B9400F082FA029B1C70A2
:101360001DB0BDE8104003B0704700BFD80000209A
:101370000802FFFF0EB470B59DB021AC00254FF4FC
:10138000017254F8046BADF814201B95029006907E
:10139000EEF7F6FE0B4B039007900B480B934FF6BE
:1013A000FF73ADF816303246234602A900680F9548
:1013B0001495019400F0A6FB1DB0BDE8704003B089
:1013C000704700BFEF130108D800002010B50C468D
:1013D000B1F90E1000F00CF90028ABBF636DA389C2
:1013E0001B1823F48053ACBF6365A38110BD00209C
:1013F00070472DE9F0411F468B89DB0505460C46F9
:10140000164605D5B1F90E100223002200F0DEF8D1
:10141000A389B4F90E1023F48053A38132463B46CE
:101420002846BDE8F04100F005B910B50C46B1F909
:101430000E1000F0CBF8B4F90C30421C0BBF23F4B3
:10144000805343F48053A381A38118BF606510BD0E
:10145000B1F90E1000F04CB802440346934200D19B
:10146000704703F8011BF9E7C9B20346184613F8A1
:10147000012B12B18A42F9D17047002918BF002010
:101480007047000070B50E4E05460A44914201D1E6
:10149000002013E015F8013B11F8014BF05C00F05F
:1014A00003000128305D00F0030008BF203301284D
:1014B00008BF2034181B01D1002CE7D170BD00BF3C
:1014C0001E3801080A7870B56AB970BD9A4209D110
:1014D0000C46054614F8013F002BF6D015F8016FB5
:1014E0009E42F7D001300378002BEFD11846ECE78D
:1014F00038B5064D0023044608462B60EFF7EDFB98
:10150000431C02D12B6803B1236038BD10DD0020DD
:101510002D4B1B68834270B5044653D0C3691BB37F
:10152000DB6863B10025E369DB685959B1B904355B
:10153000802DF8D1E3692046D96800F0E7F8E36927
:10154000196811B1204600F0E1F8E3699D685DB1CA
:10155000294620462D6800F0D9F8F8E70E682046A5
:1015600000F0D4F83146E1E7616911B1204600F09E
:10157000CDF8E16911B1204600F0C8F8216B11B136
:10158000204600F0C3F8616B11B1204600F0BEF8B0
:10159000A16B11B1204600F0B9F8A16C11B1204641
:1015A00000F0B4F8616C11B1204600F0AFF8E16AC8
:1015B00011B1204600F0AAF8236A1BB12046BDE80D
:1015C0007040184770BD00BFD800002038B5074DE7
:1015D00004460846114600222A601A46EFF7A1FB8E
:1015E000431C02D12B6803B1236038BD10DD0020FD
:1015F00038B5074D04460846114600222A601A46AF
:10160000EFF732FB431C02D12B6803B1236038BDD6
:1016100010DD002038B5064D0023044608462B6037
:10162000EFF78CFB431C02D12B6803B1236038BD5C
:1016300010DD002038B5074D04460846114600224B
:101640002A601A46EFF72DFB431C02D12B6803B129
:10165000236038BD10DD0020014B1868704700BFC3
:10166000D800002070B50D4B0D4D5B1B9C10002663
:10167000A64209D101F0A4FB0A4D0B4B5B1B9C1049
:101680000026A64205D170BD55F8043B98470136A7
:10169000EEE755F8043B98470136F2E72839010890
:1016A00028390108283901082C390108704770478A
:1016B00070470A44914200F1FF3300D1704710B5E2
:1016C00011F8014B03F8014F9142F9D110BD000010
:1016D0001FB514461A46094B1B680546D8684CB11D
:1016E000074B0091CDE9013406492B4600F00EFF6F
:1016F00000F0AAFF044B1C46F3E700BFD80000200F
:1017000093370108A0370108CE37010838B50546E0
:10171000002941D051F8043C0C1F002BB8BFE4183D
:10172000FFF7CAFC1D4A136833B96360146028468A
:10173000BDE83840FFF7C6BCA34208D9206821188D
:101740008B4201BF19685B6809182160EDE71A46F2
:101750005B680BB1A342FAD911685018A0420BD1B3
:1017600020680144501883421160E0D118685B681A
:10177000536008441060DAE702D90C232B60D6E7E7
:10178000206821188B4204BF19685B68636004BF3E
:10179000091821605460CAE738BD00BFD0DB0020C3
:1017A0002DE9F0478E681F46BE4282460C469046A1
:1017B000334653D8B1F90C0010F4906F2BD0656903
:1017C0002368096905EB4505A3EB010905EBD57510
:1017D0007B1C6D104B44AB422A4684BF1D462A46F3
:1017E000430527D511465046FFF7E6FB064658B39A
:1017F00021694A46FFF75DFFA38923F4906343F014
:101800008003A381266165614E44A5EB090526602E
:10181000A5603E463B461F4620683A46414600F0DA
:10182000FAFEA3689B1BA36023683B44236000204F
:10183000BDE8F087504600F00EFF06460028E1D1D3
:1018400021695046FFF762FF0C23CAF80030A389D4
:1018500043F04003A3814FF0FF30E9E73E46DBE76A
:101860002DE9F0471F468B891B069CB006460D46A6
:10187000144610D50B6973B94021FFF79DFB286012
:10188000286130B90C2333604FF0FF301CB0BDE845
:10189000F08740236B610023099320238DF82930C2
:1018A00003973023654F8DF82A304FF00108234607
:1018B000994613F8012B0AB1252AF9D1B9EB040A8C
:1018C0000BD05346224629463046FFF769FF0130C8
:1018D00000F0A480099A5244099299F80030002B34
:1018E00000F09C8000234FF0FF32CDE9052309F181
:1018F0000109049307938DF853301A934C464F48CF
:1019000014F8011B0522EEF743FC049BD0B9D8065E
:1019100044BF20228DF85320190744BF2B228DF895
:10192000532099F800202A2A13D0079A4C46002009
:101930004FF00A0C214611F8013B303B092B49D9E5
:1019400068B913E0C01B08FA00F018430490A146E0
:10195000D4E7039A111D12680391002A01DB079254
:1019600004E0524243F002030792049323782E2BA3
:101970000AD163782A2B32D1039B1A1D1B6803926C
:1019800043EAE37302340593DFF8B490217803222D
:101990004846EEF7FDFB38B1049BA0EB090040225E
:1019A000824013430134049314F8011B25488DF839
:1019B00028100622EEF7ECFB002835D0224818BB91
:1019C000039B073323F0070308330393099B034466
:1019D00009936CE70CFB02320C460120AAE70023B6
:1019E0000134059319464FF00A0C204610F8012BDC
:1019F000303A092A03D9002BC6D00591C4E70CFB65
:101A0000012104460123F0E703AB00932A460F4B64
:101A100004A93046AFF30080421CD7D1AB895B06E6
:101A20003FF532AF099831E703AB00932A46074BE5
:101A300004A9304600F052FAEEE700BFCF370108A4
:101A4000D5370108D937010800000000A1170108A7
:101A500038B54B1C144603D14FF0FF35284638BD2E
:101A6000938923F020039381636B5268CDB28BB1CD
:101A7000A36B934208DD23685A1E226003F8015CC1
:101A8000636801336360E9E7214600F08AFD0028BE
:101A9000F1D0E1E72169236851B1994208D213F8E6
:101AA000011CA94204D1013B013223606260D5E7E9
:101AB000C4E90F3204F1440363630323A3632346A1
:101AC00003F8465F23600123DCE710B50C46496B41
:101AD00069B104F14403994201D0FFF717FE236C6A
:101AE00063600020606313B1E36B236010BD236962
:101AF000236000236360A38943F02003A3814FF098
:101B0000FF30F3E72DE9F04FADF5237D41AC0D46F5
:101B10000021C4E9031101A96161AF49C4F87C1136
:101B2000DFF8B8B2AE49C4F880110746E846009322
:101B300092F80090B9F1000F00F060811BF80930B5
:101B400013F0080302F101061BD06B68002B10DDB7
:101B50002B681A781BF80220120701D43246E7E7F7
:101B60002269013222616A680133013A6A602B609E
:101B7000EBE7D4F880312946384698470028E7D06B
:101B8000ECE7B9F1250F40F084802360A36053781F
:101B90002A2B02BF1023961C23600A22B2461AF891
:101BA000011BA1F13003092B1DD98E4B03221846CE
:101BB000EEF7EEFA38B18B4B2268C01A012383404E
:101BC00013432360564616F8013B782B06D8572B53
:101BD00010D8252B5DD057D8002B76D00323A361D6
:101BE0000A23636089E0A36802FB03113039A16016
:101BF0005646D3E7A3F15802202AEFD801A151F8A5
:101C000022F000BFD91C0108DD1B0108DD1B010803
:101C1000351D0108DD1B0108DD1B0108DD1B010866
:101C2000DD1B0108DD1B0108DD1B0108DD1B0108B0
:101C30004B1D0108311D01088F1C01088F1C010874
:101C40008F1C0108DD1B0108EB1C0108DD1B0108CE
:101C5000DD1B0108DD1B0108DD1B01085B1D010800
:101C6000F31C0108D11C0108DD1B0108DD1B010864
:101C7000571D0108DD1B0108311D0108DD1B01088E
:101C8000DD1B0108D91C0108453B022BA6D8052302
:101C900032E06B68002B0DDD2B681A784A4540F066
:101CA000AD8001336A682B602369013A01336A60B1
:101CB000236153E7D4F880312946384698470028F5
:101CC000EAD0E068002840F091804FF0FF3091E0CA
:101CD000226842F020022260226842F400722260F0
:101CE00010226E2B626006D801E00023636003239C
:101CF00002E0082363600423A3616B68002B3CDDD2
:101D00002368590605D42B681A781BF8022012079D
:101D10003BD4A369022B4BDC43462A462146384676
:101D200000F002FA012869D002287FF417AFC8E753
:101D30000A22D6E7314601A800F0FAFB236843F0F7
:101D40004003236006460123D6E7236843F040039F
:101D500023600023D0E70223CEE72068C3063FF5C7
:101D6000FDAED8F800302269191DC8F800101B68B4
:101D7000C0074CBF1A801A60F0E6D4F880312946BB
:101D8000384698470028BBD09BE722690132226180
:101D90006A68013A002A6A6002DD01332B60B2E70B
:101DA000D4F880312946384698470028ABD088E7D8
:101DB000042B06DC43462A462146384600F00EFA3C
:101DC000B0E7094B002B3FF4C9AE43462A462146F3
:101DD0003846AFF30080A5E7511A01081E38010804
:101DE000CB1A0108D537010800000000AB895B065B
:101DF0003FF56BAF0DF5237DBDE8F08FE068F9E7A7
:101E00002DE9F047164698468A680B69DDF8209060
:101E10009342B8BF1346336091F8432007460C46FF
:101E20000AB1013333602368990642BF3368023335
:101E30003360256815F0060506D104F1190AE36838
:101E400032689B1AAB4226DC94F843302268003B90
:101E500018BF012392062BD404F1430241463846B1
:101E6000C84701301ED02368226903F00603042B03
:101E700002BFE5683368ED1AA3680CBF25EAE57573
:101E800000259342C4BF9B1AED1800261A34B542B0
:101E90001AD1002008E00123524641463846C8477F
:101EA000013003D14FF0FF30BDE8F0870135C6E7C0
:101EB000E1185A1C302081F84300224494F8451060
:101EC00082F843100233C7E70123224641463846D1
:101ED000C8470130E6D00136D9E700002DE9F043CC
:101EE0000D7E85B0782D90460C9E07460C4699468F
:101EF00001F1430207D8622D0AD8002D00F0D780E7
:101F0000582D00F0BC8004F1420684F842503BE0BA
:101F1000A5F16303152BF6D801A151F823F000BFFA
:101F2000791F01088D1F0108071F0108071F0108FD
:101F3000071F0108071F01088D1F0108071F01085F
:101F4000071F0108071F0108071F01089520010846
:101F5000B71F010847200108071F0108071F0108D4
:101F6000B7200108071F0108B71F0108071F010854
:101F7000071F01084F20010833681A1D1B683260D3
:101F800004F1420684F842300123A1E0336820685E
:101F9000191D3160060601D51D6803E04506FBD515
:101FA000B3F90050002D03DA2D236D4284F843303D
:101FB0005B480A2311E021683368080653F8045B84
:101FC00002D4490648BFADB23360237E54486F2B1C
:101FD0005CD10823002184F843106668A660002EB7
:101FE00005DB21682E4321F00401216050D0164604
:101FF000B5FBF3F103FB115C10F80CC006F801CD42
:10200000AC4663450D46F3D9082B0BD12368DB079B
:1020100008D5236961689942DEBF302306F8013C88
:1020200006F1FF36921B2261CDF80090434603AAC9
:1020300021463846FFF7E4FE01304ED14FF0FF3025
:1020400005B0BDE8F083236843F0200323603548E2
:10205000782584F845502368316813F0800F51F8D3
:10206000045B03D113F0400F18BFADB23160D90744
:1020700044BF43F0200323601DB11023AAE7284882
:10208000E7E7236823F020032360F6E70A23A1E7AC
:102090001646B9E7336825686169181D30602E0659
:1020A0001B6801D5196002E06806FBD51980002382
:1020B00023611646B8E733681A1D32601E686268ED
:1020C00000213046EEF764F808B1801B6060636859
:1020D0002361002384F84330A6E723693246414652
:1020E0003846C8470130A9D023689B0713D4E0685D
:1020F000039B9842B8BF1846A2E7012332464146E7
:102100003846C847013099D00135E36803995B1A16
:10211000AB42F2DCEBE7002504F11906F5E700BF5E
:10212000E0370108F13701082DE9F84315468A68C0
:1021300080460C4632B98A69002A14BF4FF0FF323C
:1021400001228A602268DFF89090D1065FBF1A688A
:10215000111D196016680027A06988B1012807D1F0
:102160002B681A7863699B5C53B9002F32D023E047
:10217000022821D12B681B7819F803301B071BD4C8
:102180002368DA065EBF2B681B7806F8013B6B6894
:10219000013B6B602B6801332B60A368013B013767
:1021A000A3604BB16B68002BD6DCD4F88031294694
:1021B000404698470028CFD0236813F0100305D17C
:1021C000E2680132E260A26902B1337023693B44E4
:1021D00023610020BDE8F8831E3801082DE9F04F87
:1021E0009846734B0C468246164693E8070087B024
:1021F00003AB83E807006F4BA1696F4A032908BF4F
:102200001A46A36801925A1EB2F5AE7F84BF6FF4DE
:10221000AE7503EB0509274684BF40F25D13A3604A
:1022200057F81C3B43F4506398BF4FF000092360FC
:102230003D464FF0000B316803AB097853F82B0093
:102240000222EDF7A5FF28B3BBF1010F58D1626858
:102250002AB92268082142F4007261602260226873
:1022600022F4A0622260A268511EA16092B132687D
:10227000511C3160127805F8012B7268013A002A6E
:10228000726007DCD4F88021314650469047002820
:1022900040F083800BF1010BBBF1030FCBD16168E0
:1022A00009B90A216160454B6069591A00F040F98B
:1022B0004FF0000BA3682268002B3DD031686069A5
:1022C00091F800C010F80C00002835D0BCF1300F98
:1022D00024D1100522D50BF1010BB9F1000F03D069
:1022E000013309F1FF39A3607368013B002B736070
:1022F0001BDD336801333360A368013BA360D9E77A
:10230000BBF1020FAFD1226802F4C061B1F5007FCA
:10231000C5D11021616042F48072A3E722F41062FB
:1023200022600B7805F8013BDEE7D4F880313146B6
:10233000504698470028DFD02368DB050DD5BD4205
:1023400009D915F8011CD4F87C313246504698471B
:1023500005F1FF394D46BD4227D0226812F0100228
:1023600012D12A706368019E39465046B047D8F8AA
:10237000003021681A1DC8F800208E061B680FD592
:102380001860E3680133E3602369ED1B5D442B446F
:102390002361002007B0BDE8F08F4FF0000BCBE7C2
:1023A000CA074CBF18801860EBE70120F2E700BFB6
:1023B0007C300108A9270108892801081238010882
:1023C000B1F90C20F8B5160705460C4651D44B68F8
:1023D000002B02DC0B6C002B49DDE66A002E46D098
:1023E000002312F480522F682B6031D0626DA389D4
:1023F000590705D56368D21A636B0BB1236CD21AE7
:102400000023E66A216A2846B047421CB4F90C3022
:1024100006D129681D2945D8274ACA40D60741D583
:1024200000226260D9042269226004D5421C01D1D5
:102430002B6803B96065616B2F60C1B104F144037F
:10244000994202D02846FFF761F9002363630EE04A
:10245000216A01232846B0470246501CC7D12B6889
:10246000002BC4D01D2B01D0162B19D12F600020BA
:102470001DE00F69002FFAD093070E6808BF4B6963
:102480000F6018BF0023F61B8B60002EEFDD216A62
:10249000D4F828C033463A462846E047002807DCEF
:1024A000B4F90C3043F04003A3814FF0FF30F8BD86
:1024B0000744361AE9E700BF0100402038B50B6930
:1024C00005460C4613B90025284638BD18B1036AE5
:1024D0000BB9FEF7F7FEB4F90C30002BF3D0626EA7
:1024E000D00704D4990502D4A06DFFF7E0F8284680
:1024F0002146FFF765FF636EDA070546E4D4A3893A
:102500009B05E1D4A06DFFF7D3F8DDE70EB403B56A
:10251000014603AB054853F8042B0068019300F013
:10252000DDF902B05DF804EB03B07047D80000207D
:1025300070B50B7804465E2B0BBF4B784A1C8A1C87
:10254000002108BF0121013804F1FF0500F8011F37
:10255000A842FBD10BB9501E70BD81F00101E154BE
:102560001046024612F8015B2D2D05D05D2D16D0C8
:10257000002DF1D02B46F2E746785D2EFAD0B3421B
:10258000F8DC02301A4601329642A154FBDCF21A02
:10259000013AB342A8BF002201331344E1E71046D9
:1025A000DAE72DE9F0410C46496B04F14403994206
:1025B0001DD14FF48061FEF7FFFC18B94FF0FF30DA
:1025C000BDE8F0814FF48063A36394F84630606304
:1025D00080F8FF3394F8453080F8FE3394F84430A7
:1025E00080F8FD3300F2FD3020600020E8E7A66BA4
:1025F00077003A4600F02FF805460028DED000EBC1
:102600000608014632464046FFF753F8C4E90D5725
:10261000C4F80080E9E7884210B501EB020402D952
:102620008442234607D8431EA14207D011F8012B4C
:1026300003F8012FF8E70244824200D110BD13F8DD
:10264000011D02F8011DF7E708B5062000F014FB94
:102650000120EEF7FEFA2DE9F041074614460D463B
:1026600021B9BDE8F0411146FEF7A6BC2AB9FFF733
:102670004DF825462846BDE8F08100F019FB84425C
:10268000064602D8B4EB500FF4D821463846FEF780
:1026900093FC804608B94546ECE7B44222462946F9
:1026A00028BF3246FFF705F829463846FFF72EF8CF
:1026B000F1E70000242B2DE9F0478646904601D82B
:1026C000012B06D1FEF7C8FF162303600020BDE8EA
:1026D000F08734480D462A4615F8014B065D16F082
:1026E0000806F8D12D2C10D12C780126951C33F03A
:1026F000100215D1302C0DD12A7802F0DF02582AB1
:1027000008D16C78023510230AE02B2C04BF2C78FA
:10271000951CECE7002BF6D1302C14BF0A230823BC
:1027200006F1004C0CF1FF3C0022BCFBF3F9104613
:1027300003FB19CAA4F13007092F0FD83C46A34266
:102740001BDD571C07D0814514D301D1A24511DBF5
:1027500000FB0340012215F8014BEBE7A4F1410710
:10276000192F01D8373CEAE7A4F16107192F04D8E3
:10277000573CE4E74FF0FF32EDE7531C08D122232A
:10278000CEF800306046B8F1000FA0D0691E06E018
:1027900006B14042B8F1000F99D0002AF6D1C8F82E
:1027A000001094E71E380108FFF784BF2DE9F043BD
:1027B000344E86460D46284615F8014B375D17F016
:1027C0000807F8D12D2C10D12C780127851C33F067
:1027D000100015D1302C0DD1287800F0DF005828DA
:1027E00008D16C78023510230AE02B2C04BF2C781A
:1027F000851CECE7002BF6D1302C14BF0A230823EC
:102800004FF0FF380026B8FBF3F803FB08F96FEA36
:1028100009093046A4F1300CBCF1090F10D8644608
:10282000A3421EDDB6F1FF3F07D0804516D301D18C
:10283000A14513DB00FB0340012615F8014BE9E736
:10284000A4F1410CBCF1190F01D8373CE8E7A4F121
:10285000610CBCF1190F04D8573CE1E74FF0FF368B
:10286000EBE7731C06D12223CEF80030304632B994
:10287000BDE8F08307B14042002AF9D006B1691ED5
:102880001160F5E71E380108FFF790BF9368013B20
:10289000002B10B4936007DA9469A34201DB0A2984
:1028A00002D110BC00F02EB91368581C10601970CA
:1028B000084610BC7047F8B506460F461446D518B2
:1028C000AC4201D1002007E014F8011B3A46304623
:1028D000FFF7DCFF431CF3D1F8BD00002DE9F04702
:1028E0000D469CB014461F46064618B1036A0BB944
:1028F000FEF7E8FC6B6ED90705D4AB899A0502D4C4
:10290000A86DFEF7D4FEAB891B0701D52B699BB9D7
:102910002946304600F034F970B16B6EDC0704D5FF
:102920004FF0FF301CB0BDE8F087AB899805F7D4B5
:10293000A86DFEF7BDFEF3E70023099320238DF871
:102940002930039730236A4F8DF82A304FF0010861
:102950002346994613F8012B0AB1252AF9D1B9EB80
:10296000040A0BD05346224629463046FFF7A3FF00
:10297000013000F0A480099A5244099299F800307D
:10298000002B00F09C8000234FF0FF32CDE905239F
:1029900009F10109049307938DF853301A934C46BB
:1029A000534814F8011B0522EDF7F2FB049BD0B944
:1029B000D90644BF20228DF853201A0744BF2B228A
:1029C0008DF8532099F800202A2A13D0079A4C46F4
:1029D00000204FF00A0C214611F8013B303B092B37
:1029E00049D968B913E0C01B08FA00F018430490F5
:1029F000A146D4E7039A111D12680391002A01DB56
:102A0000079204E0524243F00203079204932378B2
:102A10002E2B0AD163782A2B32D1039B1A1D1B68F7
:102A2000039243EAE37302340593DFF8C8902178F8
:102A300003224846EDF7ACFB38B1049BA0EB09003C
:102A40004022824013430134049314F8011B2A48A6
:102A50008DF828100622EDF79BFB00283ED0274872
:102A600018BB039B073323F0070308330393099B29
:102A7000034409936CE70CFB02320C460120AAE7E1
:102A800000230134059319464FF00A0C204610F834
:102A9000012B303A092A03D9002BC6D00591C4E78F
:102AA0000CFB012104460123F0E703AB00932A4607
:102AB000134B04A93046AFF30080431CD7D16B6E93
:102AC000D90705D4AB899A0502D4A86DFEF7F0FDAD
:102AD000AB895B063FF524AF099823E703AB00936E
:102AE0002A46074B04A93046FFF7F8F9E5E700BF8F
:102AF000CF370108D5370108D93701080000000099
:102B0000B7280108F8B50E461446054618B1036A01
:102B10000BB9FEF7D7FBA369A360A3891A0701D5F8
:102B2000236943B92146284600F02AF818B14FF02E
:102B3000FF373846F8BD23682269981A6369F6B2F0
:102B40008342374605DC21462846FFF7B7FC0028BC
:102B5000EDD1A368013BA36023685A1C22601E705C
:102B60006269431C9A4204D0A389DB07E1D50A2E8F
:102B7000DFD121462846FFF7A1FC0028D9D0D6E7AF
:102B800038B5284B054618680C4618B1036A0BB9CE
:102B9000FEF798FBB4F90C301A0721D4D80607D4F5
:102BA00009222A6043F04003A3814FF0FF3030E058
:102BB000590712D5616B41B104F14403994202D027
:102BC0002846FEF7A3FD002363630022B4F90C300E
:102BD00062602269226023F0240343F00803A3818A
:102BE00022693AB99A0501D5180603D52146284627
:102BF00000F08AF8B4F90C3013F001020AD0002278
:102C0000A26062695242A261226942B913F0800057
:102C1000C8D138BD990758BF6269A260F4E70020A7
:102C2000F7E700BFD80000201F2938B505460C463D
:102C300004D9162303604FF0FF3038BDC26B12B1C8
:102C400052F821304BB9284600F030F822460146B0
:102C50002846BDE8384000F017B8012B0AD0591CAF
:102C600003D1162303600120E7E7002142F8241076
:102C7000204698470020E0E7024B01461868FFF71E
:102C8000D3BF00BFD800002038B5074D002304464D
:102C9000084611462B60EDF7CCFF431C02D12B6890
:102CA00003B1236038BD00BF10DD0020EDF7BABFCF
:102CB00051F8043C181F002BBCBF0B58C0187047BC
:102CC00070B50C46B1F90E10002996B015461E4697
:102CD0000ADAA18911F0800113D14FF4806200203B
:102CE00031602A6016B070BD6A4600F047F80028CF
:102CF000EFDB019901F47041A1F5005359425941AC
:102D0000EBE700214022EAE78B8973B59E07054671
:102D10000C4607D504F14703236023610123636157
:102D200002B070BD01AB6A46FFF7CAFF009E28469D
:102D30003146FEF741F9B4F90C3038B99A05EFD4B1
:102D400023F0030343F00203A381E3E743F080038E
:102D5000A381019B2060C4E90406002BE0D0B4F9F4
:102D60000E10284600F01CF80028D9D0A38923F0C3
:102D7000030343F00103A381D2E7000038B5074DF8
:102D800000230446084611462B60EDF7B1FF431CB3
:102D900002D12B6803B1236038BD00BF10DD0020D5
:102DA00038B5064D0023044608462B60EDF7AFFF0B
:102DB000431C02D12B6803B1236038BD10DD002015
:102DC000F8B500BFF8BC08BC9E467047F8B500BF18
:082DD000F8BC08BC9E467047E8
:102DD80064656661756C745461736B002564732552
:102DE8003033643A000000006C6576656C3A256CF7
:102DF800752064626D0D0A00707562202564206973
:102E080074656D0D0A00000066616B65206C657362
:102E1800733A207072655F737A2025642063757237
:102E28005F737A2025640D0A0000000074785F70D3
:102E380075625F71756575655F66756C6C0D0A0006
:102E48007075625F7274636D0000000070756C6C61
:102E58005F7274636D000000756172745F636F6DFB
:102E680031000000756172745F636F6D320000009D
:102E7800256473253033643A0000000041542B5414
:102E880052414E530D0A0D0A4F4B0D0A0000000027
:102E9800257300002B2B2B0041542B5600000000FB
:102EA8000D0A4552524F520D0A000000332E302EA3
:102EB8003000000076657273696F6E3A25730D0AEB
:102EC8000D0A4F4B0D0A000041542B4D4F44453D10
:102ED80025640D0A0D0A4F4B0D0A000041542B4D75
:102EE8004F44453D25640D0A000000000D0A4F4B74
:102EF8000D0A000041542B545950453D25640D0AD4
:102F08000000000041542B545950453D256C750D67
:102F18000A0D0A4F4B0D0A0041542B5057523D25BC
:102F2800640D0A0041542B5057523D256C750D0A0B
:102F38000D0A4F4B0D0A000041542B4652513D25B6
:102F4800642E253033642025642E253033640D0A21
:102F58000000000041542B4652513D25642E253077
:102F680033642025642E253033640D0A0D0A4F4B37
:102F78000D0A000041542B42414E443D2564202552
:102F8800640D0A0041542B42414E443D256C752086
:102F9800256C750D0A0D0A4F4B0D0A0041542B4242
:102FA80050533D25640D0A0041542B4250533D2592
:102FB8006C640D0A0D0A4F4B0D0A000041542B009A
:102FC8000D0A0000636D645B25645D206E6F2073DD
:102FD80065742063620D0A001200240030000000AE
:102FE80006000C00100000000000000001000000B6
:102FF8000200000049444C4500000000546D722056
:1030080053766300546D725100000000B22700002F
:1030180000000000C194C1000000000030313233CC
:103028003435363738396162636465666768696A5A
:103038006B6C6D6E6F707172737475767778797A60
:1030480000000000303132333435363738394142E8
:10305800434445464748494A4B4C4D4E4F505152C0
:10306800535455565758595A000000003C4E554C79
:103078004C3E000014380108173801081A380108B6
:10308800D82D01080000000000000000000000002A
:10309800000000000002000018000000000000000E
:1030A80000000000C10D000800000000250E000807
:1030B800950E0008C90E0008E50E0008F90E000874
:1030C800210F0008490F0008630F00089D0F000832
:1030D800251100086511000845110008891100082C
:1030E8009710000865160008791600089F16000852
:1030F80087160008004B0000020702000096000037
:103108000205040024F4000002050100010000008B
:103118000200000000000000FB4C86000DD58A006C
:10312800F6990C00E1E693001AAA1500EC33190091
:10313800177F9F003981A100C2CD270034542B008E
:10314800CF18AD00D8673200232BB400D5B2B80031
:103158002EFE3E00894EC50072024300849B4F003C
:103168007FD7C90068A8560093E4D000657DDC00CD
:103178009E315A00B0CF64004B83E200BD1AEE00C6
:10318800465668005129F700AA6571005CFC7D006D
:10319800A7B0FB00E9D10C00129D8A00E404860068
:1031A8001F48000008379F00F37B190005E215004F
:1031B800FEAE9300D050AD002B1C2B00DD85270000
:1031C80026C9A10031B63E00CAFAB8003C63B40073
:1031D800C72F3200609FC9009BD34F006D4A430040
:1031E8009606C50081795A007A35DC008CACD0008F
:1031F80077E05600591E6800A252EE0054CBE20058
:10320800AF876400B8F8FB0043B47D00B52D7100AA
:103218004E61F700D2A3190029EF9F00DF769300D3
:10322800243A150033458A00C8090C003E90000076
:10323800C5DC8600EB22B800106E3E00E6F73200CF
:103248001DBBB4000AC42B00F188AD000711A10012
:10325800FC5D27005BEDDC00A0A15A005638560043
:10326800AD74D000BA0B4F004147C900B7DEC500A6
:103278004C924300626C7D009920FB006FB9F70007
:1032880094F57100838AEE0078C668008E5F64004A
:103298007513E2003B721500C03E930036A79F00ED
:1032A800CDEB1900DA94860021D80000D7410C0034
:1032B8002C0D8A0002F3B400F9BF32000F263E003D
:1032C800F46AB800E31527001859A100EEC0AD0054
:1032D800158C2B00B23CD00049705600BFE95A004B
:1032E80044A5DC0053DA4300A896C5005E0FC90068
:1032F800A5434F008BBD710070F1F7008668FB0095
:103308007D247D006A5BE20091176400678E680087
:103318009CC2EE00A44733005F0BB500A992B90028
:1033280052DE3F0045A1A000BEED260048742A00E9
:10333800B338AC009DC69200668A1400901318003A
:103348006B5F9E007C200100876C870071F58B0005
:103358008AB90D002D09F600D645700020DC7C00E6
:10336800DB90FA00CCEF650037A3E300C13AEF0029
:103378003A76690014885700EFC4D100195DDD0062
:10338800E2115B00F56EC4000E224200F8BB4E004D
:1033980003F7C8004D963F00B6DAB9004043B500C0
:1033A800BB0F3300AC70AC00573C2A00A1A5260027
:1033B8005AE9A00074179E008F5B180079C21400A8
:1033C800828E920095F10D006EBD8B0098248700C7
:1033D80063680100C4D8FA003F947C00C90D7000EE
:1033E8003241F600253E6900DE72EF0028EBE3006B
:1033F800D3A76500FD595B000615DD00F08CD100F0
:103408000BC057001CBFC800E7F34E00116A42000A
:10341800EA26C40076E42A008DA8AC007B31A0001F
:10342800807D26009702B9006C4E3F009AD7330082
:10343800619BB5004F658B00B4290D0042B00100B7
:10344800B9FC8700AE83180055CF9E00A3569200A2
:10345800581A1400FFAAEF0004E66900F27F65001D
:103468000933E3001E4C7C00E500FA001399F600CE
:10347800E8D57000C62B4E003D67C800CBFEC400DF
:1034880030B2420027CDDD00DC815B002A185700EE
:10349800D154D1009F3526006479A00092E0AC0099
:1034A80069AC2A007ED3B500859F330073063F00C0
:1034B800884AB900A6B487005DF80100AB610D0029
:1034C800502D8B0047521400BC1E92004A879E0064
:1034D800B1CB1800167BE300ED3765001BAE690021
:1034E800E0E2EF00F79D70000CD1F600FA48FA0010
:1034F80001047C002FFA4200D4B6C400222FC80071
:10350800D9634E00CE1CD10035505700C3C95B00AB
:103518003885DD0001000000030000000500000000
:103528000100000001000000060000000A00000081
:103538002000000002000000040000000800000055
:1035480010000000400000008000000000010000A2
:103558000002000000000000000000000000000061
:10356800000000000100000002000000030000004D
:1035780004000000A0860100400D0300801A060028
:1035880000350C0040420F0080841E0000093D00F9
:1035980000127A000024F40000366E010048E801A9
:1035A800006CDC02000000000000000000000000C9
:1035B80000000000010002000400060008000A00E4
:1035C8000C001000200040008000000101010103F0
:1035D8000701000008040204080101019DCD00084C
:1035E80055CE000885CE00083DCF000853CF00080F
:1035F80007D000082DD0000845D4000869D6000877
:1036080081D8000831D9000821DB000847DB000811
:1036180055DB00089DDC0008CDDC000831DD000822
:1036280049DD00086DDD000889DD0008AFDD000810
:10363800D5DD000831DE00088DDE000839DF00081E
:10364800D5DB000855DC000821E3000859E3000831
:10365800B5E4000841E800087D000108A100010860
:10366800B1EC0008C9EC000804050600C01200000F
:103678001F000000A816000017000000841C0000AE
:103688000F000000E42500001E000000B42D00001B
:1036980016000000083900000E0000002C4C000045
:1036A8001D000000685B0000150000007472000037
:1036B8000D000000589800001C00000034B70000FE
:1036C80014000000E8E400000C000000783101005C
:1036D8001B000000686E01001300000034CA0100DE
:1036E8000B000000286202001A00000040DB020004
:1036F800120000003C9303000A000000C0C204004E
:103708001900000060B30500110000003820070010
:103718000900000020A10700000000005245454EA6
:1037280054206D616C6C6F632073756363656564A9
:103738006564002F6275696C642F676E752D746FF0
:103748006F6C732D666F722D73746D33325F313405
:103758002E332E72656C312E32303235313032379D
:103768002D303730302F7372632F6E65776C696236
:103778002F6E65776C69622F6C6962632F7374644E
:103788006C69622F72616E642E63002C2066756E00
:103798006374696F6E3A2000617373657274696F40
:1037A8006E2022257322206661696C65643A206662
:1037B800696C6520222573222C206C696E65202592
:1037C80064257325730A00232D302B2000686C4C68
:1037D8000065666745464700303132333435363741
:1037E8003839414243444546003031323334353666
:1037F80037383961626364656600412D46612D661C
:10380800383930313233343536375D002B2D0030BE
:103818003000785800002020202020202020202858
:103828002828282820202020202020202020202070
:1038380020202020202088101010101010101010A8
:1038480010101010101004040404040404040404E8
:103858001010101010101041414141414101010167
:103868000101010101010101010101010101010140
:10387800011010101010104242424242420202024D
:103888000202020202020202020202020202020210
:1038980002101010102000000000000000000000BE
:1038A8000000000000000000000000000000000010
:1038B8000000000000000000000000000000000000
:1038C80000000000000000000000000000000000F0
:1038D80000000000000000000000000000000000E0
:1038E80000000000000000000000000000000000D0
:1038F80000000000000000000000000000000000C0
:1039080000000000000000000000000000000000AF
:083918000000000000000000A7
:0839200060C8FE7F01000000F9
:04392800650100082D
:04392C00410100084D
:103930000141542B56000000000000000000000070
:10394000D53900080241542B4652510000000000B6
:10395000853C0008453D00080341542B5057520058
:1039600000000000C93B00084D3C00080441542BF6
:1039700042414E4400000000E13D0008753E000851
:103980000541742B54595045000000000D3B0008C0
:10399000913B00080641542B4D4F44450000000068
:1039A000813A0008413A00080741542B5452414ED5
:1039B0005300000005390008000000000841542BA6
:1039C0004250530000000000AD3E00082D3F0008AB
:1039D00000000000000000000000000000000000E7
:1039E0000000000000093D0010000000AAAAAAAAD9
:1039F000FF000000243001084C30010800000000E6
:103A000003000000D4DB0020DC00002000000000E8
:103A1000D4DB00203CDC0020A4DC002000000000FF
:103A20000000000000000000000000000000000096
:103A30000000000000000000000000000000000086
:103A40000000000000000000000000000000000076
:083A500000000000000000006E
:04000005080016D900
:00000001FF
