:020000040800F2
:100000000000012075190008A5090008AD090008C5
:10001000B5090008BD090008C50900080000000076
:1000200000000000000000000000000081C6000881
:10003000CD0900080000000061C80008A9C8000838
:10004000C5190008C5190008D9090008C519000814
:10005000C5190008C5190008C5190008C519000808
:10006000C5190008C5190008C5190008C5190008F8
:10007000C5190008C5190008010A0008ED090008A3
:10008000150A0008290A0008C5190008C519000842
:1000900000000000C5190008C5190008C5190008AE
:1000A000C5190008C5190008C5190008C5190008B8
:1000B000C5190008C5190008C5190008C5190008A8
:1000C000C5190008C5190008C5190008C519000898
:1000D0003D0A0008510A0008C5190008C5190008A2
:1000E000C5190008C5190008650A0008C5190008E7
:1000F000C51900080000000000000000C519000834
:10010000C5190008C5190008790A0008C5190008B2
:10011000C5190008C5190008C5190008C519000847
:10012000C5190008C5190008C5190008C519000837
:08013000C5190008C5190008FB
:1001400010B5054C237833B9044B13B10448AFF311
:1001500000800123237010BD280100200000000052
:10016000BC51010808B5034B1BB103490348AFF369
:10017000008008BD000000002C010020BC510108D7
:10018000034613F8012B002AFBD1181A01387047D7
:1001900001F0FF01102A2BDB10F0070F08D010F838
:1001A000013B013A8B422DD010F0070F42B3F6D13C
:1001B000F0B441EA012141EA014122F007047FF055
:1001C00000070023F0E80256083C85EA010586EAAC
:1001D000010685FA47F5A3FA87F586FA47F6A5FAE8
:1001E00087F68EB9EED1F0BC01F0FF0102F00702F4
:1001F00032B110F8013B013A83EA010313B1F8D19F
:100200000020704701387047002D06BF354603387F
:10021000073815F0010F07D1013015F4807F02BFB8
:10022000013015F4C03F0130F0BC0138704700BF09
:1002300053B94AB9002908BF00281CBF4FF0FF314D
:100240004FF0FF3000F088B9ADF1080C6DE904CE35
:1002500000F006F8DDF804E0DDE9022304B07047A1
:100260002DE9F047089D0F4604468C46002B48D1E7
:100270008A42164661D9B2FA82F34BB1C3F1200229
:1002800001FA03FC20FA02F29E4042EA0C0C9C4068
:100290004FEA164EB7B2BCFBFEF1220C0EFB11CC9E
:1002A00042EA0C4201FB07F0904209D9B21801F171
:1002B000FF3C80F0EE80904240F2EB800239324405
:1002C000121AA4B2B2FBFEF00EFB102244EA024462
:1002D00000FB07F7A74209D9341900F1FF3280F07B
:1002E000DA80A74240F2D7803444023840EA014025
:1002F000E41B00211DB1DC400023C5E90043BDE83B
:10030000F0878B4206D90DB1C5E9000100210846EE
:10031000BDE8F087B3FA83F1002948D1BB4202D38C
:10032000824200F20781841A67EB0302012094469F
:10033000002DE4D0C5E9004CE1E7002A00F09280EE
:10034000B2FA82F3002B40F0A8808A1A4FEA164EC8
:100350001FFA86FC0121200CB2FBFEF70EFB1722D0
:1003600040EA02420CFB07F0904207D9B21807F1AD
:10037000FF3802D2904200F2E2804746121AA4B23D
:10038000B2FBFEF00EFB102244EA02440CFB00FC20
:10039000A44507D9341900F1FF3202D2A44500F276
:1003A000CB801046A4EB0C0440EA0740A2E7C1F161
:1003B00020068B4022FA06FC4CEA030C07FA01F4F3
:1003C00020FA06F3F7404FEA1C49234300FA01F8EC
:1003D0001FFA8CFEB7FBF9F01C0C09FB107744EAFE
:1003E000074400FB0EF7A74202FA01F20AD91CEB00
:1003F000040400F1FF3A80F09B80A74240F298800D
:1004000002386444E41B9FB2B4FBF9F309FB1344C4
:1004100047EA044403FB0EFEA64509D91CEB04047D
:1004200003F1FF3780F08280A6457FD9023B644408
:1004300043EA0040A4EB0E04A0FB02E7BC42734673
:10044000B94663D360D05DB1B8EB030264EB090435
:1004500004FA06F622FA01F31E43CC40C5E9006413
:1004600000214CE76208480842EAC1710B0C43EADC
:1004700000438AB242EA0342B3FBF6F1E407B44612
:100480003746B6461F23B0FBF6F0D21B41EA0041C7
:1004900061E7614614E7104628E7C3F1200120FA1E
:1004A00001F29E4027FA01F19F403A434FEA164E6F
:1004B0001FFA86FCB1FBFEF70EFB1710110C41EA88
:1004C000004107FB0CF8884504FA03F43AD9711887
:1004D00007F1FF3001D288451FD8A1EB0801B1FB1D
:1004E000FEF808FB0CF70EFB181192B242EA01422B
:1004F000BA422FD2B21808F1FF31C6D2BA42C4D2E2
:10050000A8F102013244C0E7F0459CD2BEEB0203E1
:1005100067EB0C070138B94695E7A6EB080841449C
:10052000B81EB1FBFEF808FB0CF7DCE73B467FE7A3
:10053000504667E70846FBE63444023832E7023F9C
:1005400032441BE7A1EB08013846B1FBFEF808FB7B
:100550000CF7C8E7414698E7704700BF80B500AF89
:10056000044A002104480BF0CFFA0346034A136003
:1005700000BF80BD8C5E0108810500084405002095
:1005800080B584B002AF786001F01DFA4FF480624C
:100590001249012004F072FB03F0FAFC104803F04A
:1005A00079FD0BF0A1FE034600930E4B01220021C2
:1005B000022011F04BFE03F043F80BF095FE0346CA
:1005C0000093094B01220021022011F03FFE002080
:1005D0000DF02EF900BF0837BD4680BD4401002054
:1005E000994E0008E05101081852010880B485B006
:1005F00000AF78604FF0B0439A6C4FF0B0417B6829
:1006000013438B644FF0B0439A6C7B681340FB60DC
:10061000FB6800BF1437BD4680BC704780B500AF93
:100620000420FFF7E3FF0120FFF7E0FF0022052190
:100630000E2004F0F6FD0E2004F00DFE022205212E
:100640000F2004F0EEFD0F2004F005FE002205212E
:10065000112004F0E6FD112004F0FDFD0222052129
:10066000102004F0DEFD102004F0F5FD00BF80BD79
:1006700080B485B000AF78604FF0B043DA6C4FF0D3
:10068000B0417B681343CB644FF0B043DA6C7B68B6
:100690001340FB60FB6800BF1437BD4680BC704749
:1006A00080B586B000AF3B1D00221A605A609A6088
:1006B000DA601A610220FFF7DBFF0120FFF7D8FFA5
:1006C0000420FFF7D5FF00224FF4E2710A4805F03D
:1006D0005FFD4FF4E2737B600123BB600023FB608E
:1006E00000233B613B1D1946034805F023FB00BF77
:1006F0001837BD4680BD00BF0004004880B483B0F9
:1007000000AF78604FF0B043D3F8903023F0180278
:100710004FF0B0417B681343C1F8903000BF0C37F5
:10072000BD4680BC704780B500AF04F06FFC00F0A0
:100730000BF8FFF7B5FF0BF07FF9FFF70FFF0BF09A
:10074000ADF900BFFDE7000080B59AB000AF07F13A
:10075000200348220021184613F07CF807F1080313
:1007600000221A605A609A60DA601A615A6105F0D4
:1007700027FD0020FFF7C2FF264B1B6823F4C06350
:10078000244A43F400731360224B1B6803F4C063D4
:100790007B607B6805233B624FF480337B6281235F
:1007A000FB620023BB620223FB6403233B6510232F
:1007B0007B650923BB654FF40033FB654FF0804335
:1007C0007B664FF000733B6607F12003184605F087
:1007D000A1FF0346002B01D000F01EF84F23BB60A1
:1007E0000323FB6000233B6100237B610023BB618B
:1007F0000023FB6107F108030221184606F00CFBF9
:100800000346002B01D000F007F800BF6837BD4653
:1008100080BD00BF0004005880B400AF72B600BFB6
:1008200000BFFDE780B400AF4FF0B043D3F8903085
:100830004FF0B04243F40043C2F8903000BFBD46D1
:1008400080BC704780B485B000AF78604FF0B04393
:100850009A6D4FF0B0417B6813438B654FF0B04306
:100860009A6D7B681340FB60FB6800BF1437BD4680
:1008700080BC704780B58CB000AF3B1D2C2200219E
:10088000184612F0E7FF224B224A1A60204B1F2223
:100890009A601F4B00221A611D4B00225A611C4BAB
:1008A00000229A611A4B4FF08042DA61184B002205
:1008B0001A62174B4FF480725A62154806F068FFAF
:1008C0000346002B01D0FFF7A7FF114807F05EFA9F
:1008D0000346002B01D0FFF79FFF00233B6200235C
:1008E000BB600023BB614FF00053FB614FF480738A
:1008F000FB623B1D00221946054806F0CBFF03466C
:10090000002B01D0FFF788FF00BF3037BD4680BD08
:10091000480500200028004080B590B000AF786006
:1009200007F1080338220021184612F093FF7B6874
:100930001B68164A934225D14FF48033BB604FF4B5
:100940008073FB6307F10803184606F007FE0346B1
:10095000002B01D0FFF760FFFFF764FF4FF48060CA
:10096000FFF770FF00220521022004F05AFC02204C
:1009700004F071FC002205212A2004F052FC2A20F8
:1009800004F069FC00BF4037BD4680BD0028004030
:1009900080B500AF00220F216FF0010004F041FC90
:1009A00000BF80BD80B400AF00BFFDE780B400AFE2
:1009B00000BFFDE780B400AF00BFFDE780B400AF2B
:1009C00000BFFDE780B400AF00BFFDE780B400AF1B
:1009D00000BFBD4680BC704780B500AF024807F03D
:1009E00011FA00BF80BD00BF4805002080B500AFF0
:1009F000024804F0C7FE00BF80BD00BF940700207E
:100A000080B500AF024804F0BDFE00BF80BD00BF4E
:100A10005408002080B500AF024804F0B3FE00BFC8
:100A200080BD00BF3407002080B500AF024804F04D
:100A3000A9FE00BF80BD00BFF407002080B500AF55
:100A4000024808F0CDF900BF80BD00BF9C05002022
:100A500080B500AF024808F0C3F900BF80BD00BFF9
:100A60006806002080B500AF024807F07BF800BFA1
:100A700080BD00BF4805002080B500AF024807F0E8
:100A80002FFD00BF80BD00BF8005002080B485B071
:100A900000AF78604FF0B0435A6E4FF0B0417B68C2
:100AA00013434B664FF0B0435A6E7B681340FB60B4
:100AB000FB6800BF1437BD4680BC704780B500AFEF
:100AC000064B08221A60054807F088FA0346002BF7
:100AD00001D0FFF7A1FE00BF80BD00BF8005002050
:100AE00080B582B000AF78600120FFF7CFFF002211
:100AF0000521322004F095FB322004F0ACFB00BF4E
:100B00000837BD4680BD80B483B000AF78604FF039
:100B1000B0439B6823F400424FF0B0417B6813431D
:100B20008B6000BF0C37BD4680BC704780B500AFFE
:100B30000020FFF7E8FF11F01DFF0A4B01221A7099
:100B400000F098F811F066FB074811F0FFFB022057
:100B500011F00AFC11F0F2FD0121012011F02EFE2E
:100B600000BF80BD8C0500206D0B000880B586B0ED
:100B700002AF7860396007F10803184611F0C2FE31
:100B8000BB68B7F90C200092074A1021786800F082
:100B90001DF87868FFF7F4FA03469AB23B681A80AA
:100BA00000BF1037BD4680BD4852010880B500AF78
:100BB0000121022011F0D2FD00BF80BD80B500AF41
:100BC0000021022011F0CAFD00BF80BD0CB480B529
:100BD00084B000AF7860396007F11C03FB603968AE
:100BE000FB68BA69786812F069FA00BF1037BD4631
:100BF000BDE8804002B0704780B483B000AF786039
:100C0000002318460C37BD4680BC704780B582B0C3
:100C100000AF00237B60064B1B78002B02D000F056
:100C2000B5F978607B6818460837BD4680BD00BFBF
:100C30008C05002080B582B000AF78607B681846D4
:100C400000F02BFA00BF0837BD4680BD80B483B0EA
:100C500000AF7860064BD3F8902005497B681343BA
:100C6000C1F8903000BF0C37BD4680BC704700BF54
:100C70000008005880B500AF4FF48040FFF7E6FF52
:100C800004F0E4F904F0E8F904F0ECF900BF80BDE9
:100C900080B400AF01231846BD4680BC704780B5C4
:100CA00082B000AF7860396012F0D4FE034616229D
:100CB0001A604FF0FF3318460837BD4680BD80B537
:100CC00082B000AF78604FF0FF317868FFF7E7FF40
:100CD00000BFFDE780B586B000AFF860B9607A600C
:100CE00000237B610AE0AFF300800146BB685A1C19
:100CF000BA60CAB21A707B6901337B617A697B681A
:100D00009A42F0DB7B6818461837BD4680BD80B537
:100D100086B000AFF860B9607A6000237B6109E0BB
:100D2000BB685A1CBA601B781846AFF300807B6919
:100D300001337B617A697B689A42F1DB7B681846F4
:100D40001837BD4680BD80B483B000AF78604FF0E7
:100D5000FF3318460C37BD4680BC704780B483B063
:100D600000AF786039603B684FF400525A6000234E
:100D700018460C37BD4680BC704780B483B000AFC6
:100D80007860012318460C37BD4680BC704780B49C
:100D900085B000AFF860B9607A6000231846143758
:100DA000BD4680BC7047000080B586B000AF78605B
:100DB000144A154BD31A7B617B693B61134B1B684B
:100DC000002B02D1114B124A1A60104B1A687B6833
:100DD00013443A699A4207D212F03CFE03460C22B1
:100DE0001A604FF0FF3309E0084B1B68FB60074BAC
:100DF0001A687B681344054A1360FB681846183765
:100E0000BD4680BD000001200008000090050020C4
:100E10000000001080B483B000AF78607B689B68EE
:100E200018460C37BD4680BC7047000080B582B0C4
:100E300000AF0023FB71144B1B7883F00103DBB27E
:100E4000002B1BD0114B4FF0FF321A63FFF712FD3E
:100E500000F056F84FF480710C4806F027FE0B4B5B
:100E60004FF0FF321A63094806F05EFF002000F0E1
:100E7000D3F900F05FF8044B01221A70FB79184691
:100E80000837BD4680BD00BF9405002048050020FE
:100E900080B58EB000AF7860002387F8373007F157
:100EA00008032C220021184612F0D4FC00F028F888
:100EB000114B1B687A6813447B6000237B627B685C
:100EC000DB43FB600023FB614FF000533B624FF4B8
:100ED00080733B6307F1080301221946074806F0B7
:100EE000D9FC0346002B01D0FFF796FC97F837306A
:100EF00018463837BD4680BD9805002048050020BB
:100F000080B582B000AF0023FB71084B0122DA6587
:100F10004FF48071064806F0C9FD054B4FF0FF32D3
:100F20001A63FB7918460837BD4680BD002800408B
:100F30004805002080B500AF00F08EF90346034A53
:100F40001360024B1B68184680BD00BF9805002047
:100F500080B400AF024B1B681846BD4680BC70478A
:100F60009805002080B582B000AF00237B6000F0C0
:100F700073F90246044B1B68D31A7B607B681846E2
:100F80000837BD4680BD00BF9805002080B582B0FF
:100F900000AF00237B60064B1B78002B02D000F0D3
:100FA0005BF978607B6818460837BD4680BD00BF96
:100FB0009405002080B483B000AF00237B6003233E
:100FC0007B607B6818460C37BD4680BC7047B0B567
:100FD00084B000AF78600021F960796800200A468B
:100FE0000346950D94024FF47A724FF000032046A9
:100FF0002946FFF71DF902460B461346FB60FB68C6
:1010000018461037BD46B0BD2DE9B00F85B000AF12
:1010100078600021F960796800200C46054620467A
:1010200029464FF0000A4FF0000B4FEA411B4BEAF4
:10103000D06B4FEA401A50465946021B61EB05033C
:101040004FF000004FF00001990041EA92719000CA
:1010500002460B4612EB040843EB05094FF0000271
:101060004FF000034FEAC90343EA58734FEAC8023E
:1010700090469946404649464FF000024FF0000323
:10108000820A42EA81528B0A1346FB60FB681846CB
:101090001437BD46BDE8B00F704780B584B000AFCF
:1010A00078607868FFF793FFF86000F0D5F8B860D3
:1010B00000E000BF00F0D0F80246BB68D31AFA681F
:1010C0009A42F6D800BF00BF1037BD4680BD80B53C
:1010D00082B000AF786011F09BFD00BF0837BD46BD
:1010E00080BD80B584B000AF786000F0A5F8F860EE
:1010F000FB680133184600F08FF800BF1037BD467B
:1011000080BD2DE9B04F8CB000AF78610023FB6249
:1011100000F0A2F8B86200F08FF878627B6A0022D3
:10112000BB60FA604FF000024FF00003B9680B009B
:101130000022B96A00200C46054612EB040843EB76
:101140000509C7E90689D7E906014FF000024FF00B
:101150000003820A42EA81528B0A1346FB62BB6992
:1011600000223B607A603B68C3F3090A4FF0000B32
:10117000C7E906ABBB691846FFF746FF03469AB2BC
:101180007B691A80FB6A18463037BD46BDE8B08FD0
:1011900080B582B000AF78607A680021034806F01D
:1011A00055FE00BF0837BD4680BD00BF4805002082
:1011B00080B582B000AF78607A680121034806F0FC
:1011C00045FE00BF0837BD4680BD00BF4805002072
:1011D00080B582B000AF00237B600021044806F098
:1011E0004DFE78607B6818460837BD4680BD00BF5D
:1011F0004805002080B582B000AF00237B6001214C
:10120000044806F03BFE78607B6818460837BD4608
:1012100080BD00BF4805002080B582B000AF786077
:101220007A680221034806F011FE00BF0837BD4668
:1012300080BD00BF4805002080B582B000AF02210C
:10124000044806F01BFE78607B6818460837BD46E8
:1012500080BD00BF4805002080B582B000AF0B48BC
:10126000FFF7D8FD786003E00848FFF7D3FD78600A
:101270000648FFF7CFFD02467B689342F4D17B68B6
:10128000DB4318460837BD4680BD00BF002800403C
:1012900080B485B000AF78604FF0B043DA6C4FF0A7
:1012A000B0417B681343CB644FF0B043DA6C7B688A
:1012B0001340FB60FB6800BF1437BD4680BC70471D
:1012C00080B485B000AF78604FF0B0439A6D4FF0B6
:1012D000B0417B6813438B654FF0B0439A6D7B68D8
:1012E0001340FB60FB6800BF1437BD4680BC7047ED
:1012F00080B483B000AF78604FF0B0439A6D7B68E4
:10130000DB434FF0B04113408B6500BF0C37BD4647
:1013100080BC704780B485B000AF78604FF0B043B8
:101320001A6E4FF0B0417B6813430B664FF0B04329
:101330001A6E7B681340FB60FB6800BF1437BD4624
:1013400080BC704780B483B000AF78604FF0B0438A
:101350001A6E7B68DB434FF0B04113400B6600BF51
:101360000C37BD4680BC704780B500AF224B234A86
:101370001A60214B4FF4E1325A601F4B00229A60F1
:101380001D4B0022DA601C4B00221A611A4B0C2202
:101390005A61194B00229A61174B0022DA61164BF1
:1013A00000221A62144B00225A62134B00229A62E6
:1013B000114807F05FFA0346002B01D0FFF72CFA23
:1013C00000210D480AF013F90346002B01D0FFF766
:1013D00023FA002108480AF048F90346002B01D0FF
:1013E000FFF71AFA04480AF0CAF80346002B01D0A6
:1013F000FFF712FA00BF80BD9C05002000380140B5
:1014000080B500AF224B234A1A60214B4FF4E132E2
:101410005A601F4B00229A601D4B0022DA601C4B61
:1014200000221A611A4B0C225A61194B00229A6150
:10143000174B0022DA61164B00221A62144B00226D
:101440005A62134B00229A62114807F013FA0346BE
:10145000002B01D0FFF7E0F900210D480AF0C7F892
:101460000346002B01D0FFF7D7F9002108480AF006
:10147000FCF80346002B01D0FFF7CEF904480AF030
:1014800043F80346002B01D0FFF7C6F900BF80BD2B
:10149000680600200044004080B596B000AF786038
:1014A00007F1440300221A605A609A60DA601A61F8
:1014B00007F10C0338220021184612F0CBF97B68A3
:1014C0001B688B4A934240F085800123FB604FF4F8
:1014D00040333B6107F10C03184606F03FF8034622
:1014E000002B01D0FFF798F94FF48040FFF712FF6F
:1014F0000120FFF7CDFE4FF4C0637B640223BB6481
:101500000023FB6403233B6507237B6507F144034A
:1015100019464FF0904004F00DFC764B764A1A6065
:10152000744B12225A60734B10229A60714B002246
:10153000DA60704B80221A616E4B00225A616D4B4B
:1015400000229A616B4B0022DA616A4B00221A6218
:10155000684803F09DFE0346002B01D0FFF75CF9BD
:101560007B68644ADA67634A7B689362634B644AC8
:101570001A60624B11225A60604B00229A605F4BE6
:101580000022DA605D4B80221A615C4B00225A61B6
:101590005A4B00229A61594B0022DA61574B4FF4A3
:1015A00080521A62554803F073FE0346002B01D0A7
:1015B000FFF732F97B68514AC3F880204F4A7B68B5
:1015C000936200220521242003F02BFE242003F047
:1015D00042FE88E07B681B684A4A934240F0838061
:1015E0000223FB604FF440237B6107F10C03184694
:1015F00005F0B4FF0346002B01D0FFF70DF94FF4BF
:101600000030FFF75DFE0120FFF742FE0C237B64F4
:101610000223BB640023FB6403233B6507237B6534
:1016200007F1440319464FF0904004F083FB364B1A
:10163000364A1A60344B14225A60334B10229A6097
:10164000314B0022DA60304B80221A612E4B00228F
:101650005A612D4B00229A612B4B0022DA612A4BF2
:1016600000221A62284803F013FE0346002B01D023
:10167000FFF7D2F87B68244ADA67234A7B689362D3
:10168000234B244A1A60224B13225A60204B00221B
:101690009A601F4B0022DA601D4B80221A611C4B9E
:1016A00000225A611A4B00229A61194B0022DA611A
:1016B000174B4FF480521A62154803F0E9FD0346B8
:1016C000002B01D0FFF7A8F87B68114AC3F88020EF
:1016D0000F4A7B68936200220521252003F0A1FDBB
:1016E000252003F0B8FD00BF5837BD4680BD00BFC0
:1016F00000380140340700206C000240F40700204D
:10170000800002400044004094070020580002403E
:10171000540800204400024080B582B000AF7860D9
:101720007B681B68174A934212D14FF48040FFF741
:1017300009FE4FF4C0614FF0904004F05BFC7B6801
:10174000DB6F184603F04CFE242003F092FD15E0F9
:101750007B681B680C4A934210D14FF40030FFF7AE
:10176000C7FD0C214FF0904004F044FC7B68DB6F18
:10177000184603F035FE252003F07BFD00BF083737
:10178000BD4680BD003801400044004080B483B0B5
:1017900000AF78604FF0B0431A6C4FF0B0417B68F7
:1017A00013430B6400BF0C37BD4680BC704780B448
:1017B00083B000AF78604FF0B0431A6C7B68DB43B6
:1017C0004FF0B04113400B6400BF0C37BD4680BCE6
:1017D0007047000080B483B000AF7860064BD3F848
:1017E000802005497B681343C1F8803000BF0C3767
:1017F000BD4680BC704700BF0008005880B582B06D
:1018000000AF7860074A7B681360FEF707FFFFF7B9
:10181000ABFD4FF08060FFF7DDFF0023184608376F
:10182000BD4680BDB808002080B500AF4FF48040B1
:10183000FFF7ACFF4FF48040FFF7B9FF0448FFF714
:101840006BFF0B2003F015FD0023184680BD00BF81
:101850009C05002080B582B000AF78600B467B808D
:101860007B881A467968044807F03AFA002318463C
:101870000837BD4680BD00BF9C05002080B584B000
:1018800000AF7860194A7B6813604FF40013BB60A7
:1018900007F1080393E80600154809F0A8FD00BF0A
:1018A000134B1B68DB6903F48033B3F5803FF7D03B
:1018B00000BF0F4B1B68DB6903F48003B3F5800F97
:1018C000F7D10B4B1B689A68094B1B6842F48002E6
:1018D0009A60074809F0E6FD01220649044807F02E
:1018E000B3F9002318461037BD4680BDBC08002060
:1018F0009C050020B408002080B582B000AF78605D
:101900007B681B68054A934203D1054B1B68002086
:10191000984700BF0837BD4680BD00BF0038014072
:10192000B808002080B582B000AF78607B681B6883
:101930000D4A934213D10D4B1B68002B0AD07B68D4
:10194000D3F89030002B05D1084B1B6800220121F1
:101950000748984701220649786807F075F900BFE3
:101960000837BD4680BD00BF00380140BC080020DC
:10197000B40800200D48854603F018FB0C480D49BB
:101980000D4A002302E0D458C4500433C4188C42DA
:10199000F9D30A4A0A4C002301E013600432A24240
:1019A000FBD312F05DF8FEF7BEFEFEE7000001205B
:1019B00000000020280100202C67010828010020D9
:1019C00038DE0020FEE780B500AFFFF7AFF802F089
:1019D000F7FC00BF80BD80B483B000AF78607B6847
:1019E000D3E90023104619460C37BD4680BC70472A
:1019F00090B587B000AFF860B9601346FB80002354
:101A0000FB8210E0FB8ADB00BA68D418F868FFF7A5
:101A1000E2FF02460B46C4E90023FB680833FB6083
:101A2000FB8A0133FB82FA8AFB889A42EAD300BF21
:101A300000BF1C37BD4690BD80B58EB004AFF860C6
:101A4000B9601346FB8000233B62FB880193FB686F
:101A50000093274B00220021002010F0F7FB002309
:101A6000FB843BE0BB6803F10802BA60D3E90023C2
:101A7000C7E9062304F03AF8D7E90623F9680120FC
:101A800003F0F0FF0346FB7504F052F8FB7D002BDA
:101A90001ED004F067F8386204F028F84FF47A702A
:101AA00004F06AF8D7E90623F968012003F0DAFFA9
:101AB0000346FB7504F03CF8FB7D3A6A0292019301
:101AC000FB6800930B4B00220021002010F0BEFBAE
:101AD000FB680833FB60FB8C0133FB84FA8CFB88CA
:101AE0009A42BFD300BF00BF2837BD4680BD00BFAC
:101AF000545201088452010880B588B000AFF860E4
:101B0000B9601346FB80FB68B3F1006FC0F08480BE
:101B1000FB68444A93427FD8FB6803F178433B61FA
:101B20003B69DB0AFB613B69C3F30A03DB087B8388
:101B30007B8BC3F580733B83FA883B8B9A4201D839
:101B4000FB883B83FB6903F58033DB024FF4807233
:101B500035491846FFF74CFFFA8A3B8B9A4234D23C
:101B600003F0C4FF314B4CF2FA321A61F86904F009
:101B7000C9F802200BF0D0FE2C4B5B692B4A23F4F2
:101B80007E7323F00203536103F0D2FF0023FB8234
:101B900010E0FB8ADB00BA681344F98A7A8B11449F
:101BA000D3E900232048C9000144C1E90023FB8A8E
:101BB0000133FB82FA8A3B8B9A42EAD33B8B1A466B
:101BC000B968F868FFF738FF05E03B8B1A46B9683B
:101BD000F868FFF731FFFA883B8B9A421ED0FB6909
:101BE0000133FB6100237B833B8BDB00BA6813442A
:101BF000BB603B8BFA681344FB60FA883B8BD31ABB
:101C0000FB80FB88B3F5807F03D94FF480733B835F
:101C100098E7FB883B8395E700BF00E000BF2037D3
:101C2000BD4680BDFFFF0308C008002000400058EB
:101C3000F0B5B5B00CAFF861B9611346FB7507F1AB
:101C4000240368220021184611F004FE0123C7F87E
:101C50009C300023C7F8983022E097F91730D7F866
:101C60009C209A4209D197F917300093834B0022A8
:101C70000021002010F0EAFA0DE0D7F898305A1C45
:101C8000C7F89820D7F89C2052B2903307F1100182
:101C90000B4403F87C2CD7F89C300133C7F89C30F8
:101CA000D7F89C20BB699A42D7DD0BF087FF03462B
:101CB000184611F00BFCBB69013BC7F8943036E0C5
:101CC00011F032FC0346D7F8942093FBF2F2D7F8D8
:101CD000941001FB02F29B1ADBB20133DBB287F8EE
:101CE0008F3007F12402D7F8943013441B7887F81B
:101CF0008E3097F98F30903307F11002134413F9A7
:101D00007C1C07F12402D7F8943013440A461A7059
:101D100097F98F30903307F11002134497F88E2013
:101D200003F87C2CD7F89430013BC7F89430D7F8EF
:101D30009430002BC4DCFB69002B06D0BA6907F194
:101D400024031946F86911F0B2FE0023C7F8903059
:101D500081E0D7F890304A4A82FB03129210DB17D9
:101D6000D31AD7F89020F9690A4492F90020104656
:101D7000D7F890200132F9690A4492F900201446FC
:101D8000D7F890200232F9690A4492F900201546EA
:101D9000D7F890200332F9690A4492F900201646D8
:101DA000D7F890200432F9690A4492F900203A6188
:101DB000D7F890200532F9690A4492F90020FA60B8
:101DC000D7F890200632F9690A4492F90020BA60E7
:101DD000D7F890200732F9690A4492F900207A6016
:101DE000D7F890200832F9690A4492F900203A6045
:101DF000D7F890200932F9690A4492F900200A9232
:101E00003968099179680891B9680791F96806916C
:101E10003A69059204960395029401900093194B38
:101E200000220021002010F011FAD7F89020164B64
:101E300083FB02131911D317CB1A322101FB03F3D1
:101E4000D31A002B02D105200BF066FDD7F8903095
:101E50000A33C7F89030D7F89020BB699A42FFF652
:101E600078AFBB690093094B00220021002010F0DD
:101E7000EDF900BFA437BD46F0BD00BFB052010868
:101E800067666666C05201081F85EB51FC52010867
:101E9000F0B597B00CAFF861B961FB693B62002304
:101EA0007B6273E07B6A3E4A82FB03129210DB176F
:101EB000D31A7A6A396A0A4492F9002010467A6A7B
:101EC0000132396A0A4492F9002014467A6A0232D1
:101ED000396A0A4492F9002015467A6A0332396A4F
:101EE0000A4492F9002016467A6A0432396A0A4492
:101EF00092F900207A617A6A0532396A0A4492F9C5
:101F000000203A617A6A0632396A0A4492F900205E
:101F1000FA607A6A0732396A0A4492F90020BA6094
:101F20007A6A0832396A0A4492F900207A607A6A39
:101F30000932396A0A4492F900200A9279680991B3
:101F4000B9680891F9680791396906917A6905922B
:101F500004960395029401900093124B00220021F5
:101F6000002010F073F97A6A0F4B83FB02131911EA
:101F7000D317CB1A322101FB03F3D31A002B02D162
:101F800001200BF0C9FC7B6A0A337B627A6ABB6969
:101F90009A4287DB00BF00BF2C37BD46F0BD00BFB3
:101FA00067666666C05201081F85EB5180B584B034
:101FB00002AF144B1B680093134B01220021022037
:101FC00010F044F900233B60104B1B683A46012196
:101FD00018460AF051F878607B68002B0AD03B68FD
:101FE000002B07D00A4B4FF080521A60BFF34F8F7F
:101FF000BFF36F8F074BDB6A984700BF0837BD46BA
:1020000080BD00BF941A002008530108A8190020C1
:1020100004ED00E0E063010890B589B002AFF8601C
:10202000084611461A4603467B810B463B81134600
:10203000FB7100233B617B8900933E4B0122002111
:10204000022010F003F9B7F9083097F90720019240
:102050000093394B01220021022010F0F7F8374B92
:102060009B69012B0FD17C897B891A46F96834481A
:1020700002F0CCF803469C4205D0324B01220021ED
:10208000002010F0E3F8304A3B8913802F4AFB7997
:1020900013707B892E4A53602D4B04221A607B8972
:1020A0001A46F9682B4811F002FD244B5B6E002B99
:1020B00005D1294B5B6B4FF4FA60984708E0274B3A
:1020C0001B7C0093264B01220021022010F0BEF859
:1020D0001A4B5B6E012B0AD100233B61214B1B681D
:1020E00007F110020421184609F0C6FF78611E4B63
:1020F0001B6818460BF05CF90346002B16D11A4BEF
:10210000186807F11002002311490AF09FFE786158
:102110007B69002B0AD03B69002B07D0134B4FF093
:1021200080521A60BFF34F8FBFF36F8F00BF1C3711
:10213000BD4690BD185301082C530108C010002063
:10214000841A002050530108801A0020821A0020AF
:10215000981A0020A01A0020E0630108381A002015
:102160005C530108A8190020A019002004ED00E02C
:1021700080B500AF054B01220021022010F066F867
:10218000034B01221A6000BF80BD00BF6C530108E1
:10219000741A002080B584B002AF00237B60184B16
:1021A00001220021022010F051F8164B5B6E002B2B
:1021B00008D0154B1B7C0093144B012200210220F8
:1021C00010F044F8124B01221A60124B1B68002BCE
:1021D00011D0104B1B683A1D0821184609F04CFF1E
:1021E0007B68002B07D00C4B4FF080521A60BFF376
:1021F0004F8FBFF36F8F00BF0837BD4680BD00BF54
:102200007C530108C0100020381A00205C530108DC
:10221000781A0020A819002004ED00E080B584B0F1
:1022200002AF00237B601B4B01220021022010F033
:102230000DF8194B01221A60184B5B6E002B05D16B
:10224000174B5B6B4FF4FA60984708E0154B1B7C0B
:102250000093154B0122002102200FF0F7FF134BD2
:102260001B68002B11D0114B1B683A1D102118461A
:1022700009F002FF7B68002B07D00D4B4FF0805216
:102280001A60BFF34F8FBFF36F8F00BF0837BD4693
:1022900080BD00BF8C5301087C1A0020C0100020B4
:1022A000E0630108381A00205C530108A8190020D7
:1022B00004ED00E080B400AF024B1846BD4680BC80
:1022C000704700BFC010002080B584B004AF002369
:1022D00002930323019301230093144B0022002156
:1022E00002200FF0B3FF0023029303230193012385
:1022F00000930F4B0022002102200FF0A7FF0D4B8F
:102300000D4A1A600B4B0D4A9A600A4B0C4A5A60F0
:10231000084B0C4ADA60074B0B4A1A610B4B1B68DF
:102320000448984700231846BD4680BD98530108CD
:10233000C0530108581A0020AD1F000819200008DA
:1023400071210008952100081D220008E0630108A2
:1023500090B58FB00AAFF860B9607A60FB70194B26
:10236000DB68F8689847174BDC6997F920107B6A9F
:10237000089300230793002306930023059301236A
:1023800004930023039306230293FB7801937B6855
:102390000093BB6800220120A0470A4B5B6DFF2120
:1023A00001209847BB680193FB680093064B01220C
:1023B000002102200FF04AFF002318461437BD46C3
:1023C00090BD00BFE0630108E853010890B58FB0ED
:1023D0000AAFF860B9607A60FB701B4BDB68F86885
:1023E0009847194B9C69FB780122099200220892B8
:1023F00000220792002206920122059200220492F6
:1024000000220392052202920622019200220092EB
:102410007A68B9680120A0470B4B5B6DFF21012052
:102420009847094B5B6B386A9847BB680193FB6818
:102430000093064B0122002102200FF007FF00232A
:1024400018461437BD4690BDE063010800540108EA
:1024500080B483B000AF78607B68074A934205D9A7
:102460007B68064A934201D8012300E00023184606
:102470000C37BD4680BC7047806DC335FF27503791
:1024800080B487B000AF78607B68254AA2FB032345
:102490009B093B613B69224AA2FB031292094FF45C
:1024A0007A7101FB02F29B1AFB6000237B61FB68DF
:1024B000F92B02D87D237B6123E0FB68F92B07D938
:1024C000FB68B3F5FA7F03D240F277137B6118E023
:1024D000FB68B3F5FA7F08D3FB6840F2ED22934224
:1024E00003D840F271237B610BE0FB6840F2ED22E0
:1024F000934206D9FB68B3F57A7F02D240F26B3380
:102500007B613A697B6913444FF47A7202FB03F3EF
:102510003B613B6918461C37BD4680BC704700BF15
:10252000D34D621080B582B000AF7860294B1B6834
:102530000133284A13607B681C221A607B680A22D8
:102540005A74244B1A687B68DA607B68224A5A60A6
:10255000224B1B69DAB27B681A747B6803F11200A4
:102560001E4B1A6913469B0013445B0020331B4A21
:1025700013440A22194611F09AFA184B1A691346A5
:102580009B0013445B002033144A98187B68173370
:102590000522194611F08BFA104B1A6913469B005D
:1025A00013445B00053320330C4A98187B681233C0
:1025B0000522194611F07BFA7B681B68194678687A
:1025C00001F0D4FE02467B68DA6100BF0837BD46E1
:1025D00080BD00BFBC1B0020EDFEEDFEB019002049
:1025E00080B485B000AF78600023FB737A680A4B33
:1025F00013440A4AA2FB03239B09BB60BB68074A3A
:10260000A2FB03231B09FB7397F90F3018461437FD
:10261000BD4680BC704700BF80923CCAD34D62105B
:1026200080B588B004AF78600F4A7B6813441233DA
:1026300093F90030FB60FB680C4A03FB02F20C4B81
:102640001344BB60BB680293FB6801937B680093F3
:10265000084B0122002102200FF0F8FDBB6818464C
:102660001037BD4680BD00BF381A002090D003004F
:10267000C855C5351854010880B483B000AF002395
:10268000FB711C4B1A681C4B1B689A4229D1194BD1
:10269000DA69194BDB699A4223D1164B1A6B164B38
:1026A0001B6B9A421DD1134B9A6C134B9B6C9A4235
:1026B00017D1104BDA6C104BDB6C9A4211D10D4BD9
:1026C0001A6D0D4B1B6D9A420BD10A4B5A6D0A4B7A
:1026D0005B6D9A4205D1074BDA6D074BDB6D9A4271
:1026E00001D00123FB71FB7918460C37BD4680BC35
:1026F000704700BF28110020C0100020F0B59BB02B
:1027000008AF05237B6402233B640123FB638D4BED
:102710001B6BFB624FF0FF33BB6300237B630CE05A
:10272000894A7B6B52F83330FA6A9A4202D17B6B4A
:10273000BB6305E07B6B01337B637B6B022BEFDDBF
:10274000BB6BB3F1FF3F12D07F4ABB6BDB0013447E
:102750001B793B647C4ABB6BDB0013445B797B6475
:10276000794ABB6BDB0013449B79FB6309E0774B31
:102770000122002102200FF069FD724B4FF4164236
:102780001A63704B9B69002B04D06E4B9B6B032B21
:1027900040F0928000233B636A4BDB69002B37D10A
:1027A000684B9B6C3B63674BDB6D0493FB6B039344
:1027B0007B6C02933B6C01933B6B0093644B012257
:1027C000002102200FF042FD5E4BDA6D07F10C0391
:1027D0006049184610F0AAFF07F10C031846FDF7F0
:1027E000CFFC03469AB207F10C031146184601F0DC
:1027F00037FEFB6BDAB2534BDB6D5BB242F210710A
:102800000191009313467A6C396C386BFFF7A0FD89
:102810004C4BDB69012B0CD14A4BDB6C3B63FB6BF4
:10282000DBB24FF4FA6200927A6C396C386BFFF7C6
:10283000CDFD386BFFF70CFE0346002B39D0414B22
:1028400001225A66386BFFF71BFE0346424A1360AB
:10285000414A3B6C5360404A7B6C9360FB6BDAB23D
:102860003D4B1A733C4B00221A613B4B00225A61CC
:10287000394B00229A61386BFFF7B2FE03461A46C5
:10288000354BDA61344B1B680093344B0122002135
:1028900002200FF0DBFC304B1B68184600F06AF892
:1028A0002D4BDB695BB21A4665212D48FFF7C0F955
:1028B00002E0244B00225A66FFF7DEFE0346002B9F
:1028C0003BD0284B0122002102200FF0BFFC264AFA
:1028D0001C4B1046194668231A4611F0E8F8224BA3
:1028E0001B68214AD2692049096B1F48806C1E4C25
:1028F000E46C1D4D2D6D1C4E766DDFF86CC0C7F875
:1029000004C0D7F804C0DCF85CC0C7F804C0D7F82E
:1029100004C0CDF81CC0069605950494039002915E
:1029200001920093114B0122002102200FF08EFC36
:102930000D220D490E48FFF7DFF8002318464C37EB
:10294000BD46F0BDC0100020005F01083C540108E6
:10295000505401087C540108B01900208C5401081F
:10296000D01900209C54010828110020AC54010803
:1029700000E80308B0B58CB00AAF7860384B5B6EE6
:102980007A6801920093374B0122002102200FF058
:102990005DFC334B5B6E012B5DD1314BDB69002B52
:1029A0002BD17B680093304B0122002102200FF0D5
:1029B0004DFC2E4BDB68786898472C4BDC69284B24
:1029C000DB6D59B22A4B5868294B9B68284A127B09
:1029D00042F21075089500250795002506950025FB
:1029E000059501250495002503950625029501927C
:1029F0000093034600220120A047194BDB69012BFD
:102A000029D17B6800931B4B0122002102200FF08B
:102A10001DFC164BDB6878689847144B9C69144B77
:102A20005968134B9A68124B1B7B012009900020B8
:102A300008900020079000200690012005900020BB
:102A400004900020039005200290062001900020B1
:102A500000900120A04700BF0837BD46B0BD00BFB1
:102A6000C0100020F454010808550108E063010873
:102A7000B01900201855010880B584B002AF786005
:102A800000220421074803F083FB00230093002366
:102A90000022032178680BF03DFE00BF0837BD46D9
:102AA00080BD00BF0004004880B582B000AF7860F0
:102AB00000220421034803F06BFB00BF0837BD462A
:102AC00080BD00BF0004004880B582B002AF104B4B
:102AD0000093002300225A2100200BF0BDFD034685
:102AE0000C4A1360002300930B4B00224FF0FF3180
:102AF0000A480FF04FFF4FF4C871084810F05EF815
:102B000000220421064803F043FB00BFBD4680BD00
:102B1000792A0008A01B0020A92A0008A41B002075
:102B20000004004890B583B002AF104B1B681846F4
:102B30000CF0FEF80346002B13D1012204210C48AF
:102B400003F026FB0B480FF05BFF084B1C680BF0F3
:102B500035F80246002300930023012120460BF0A4
:102B6000D9FD00BF0437BD4690BD00BFA01B0020AB
:102B700000040048A41B002080B586B002AF786036
:102B800039600523FB60074B1868FB68009300233E
:102B90000122796809F0AAF8B860BB6818461037B6
:102BA000BD4680BDA8190020B0B5D6B004AF07F56A
:102BB000A473A3F5A27318600023C7F83031002373
:102BC00087F847310023C7F840310023C7F83C316C
:102BD00028200AF0A1FEBF4BDB69042B0BD009F0C3
:102BE00083FB03460093BC4B0122002102200FF01F
:102BF0002DFB01F087FC4FF0FF33C7F82C311E236B
:102C0000C7F82C31B34B1B69002B07D0B14B5B6964
:102C1000002B03D1AF4BDB69012B11D0AF4B1B68ED
:102C200018460AF091FA03460A2B05D0AB4B1B68F5
:102C30000021184609F0BCFE0A200AF06DFEEBE107
:102C4000A64B1B6807F11001D7F82C2118460AF093
:102C500099F90346002B00F0AC8107F5A473A3F5A6
:102C60009C735B68002BCDD09A4B5B6E012B40F0C0
:102C7000578197F8473183F00103DBB2002B00F056
:102C8000C98007F5A473A3F59C735B68202B40F003
:102C9000C18007F110030833C7F82431D7F8243175
:102CA0005B688F4A934240F0B580D7F824311B68A7
:102CB0001C2B40F0AF808B4B1B681C21184609F081
:102CC000E7F8D7F824311B681A4607F110030833D8
:102CD0001146184601F04AFBC7F82001D7F8243105
:102CE0001B6807F11002083213441B681A4607F5E7
:102CF000A473A3F59E731A6007F5A473A3F59E73DE
:102D00001B68D7F820219A422DD007F5A473A3F5AC
:102D10009E731B680193D7F820310093724B0122F8
:102D2000002102200FF092FA704B1B68C7F8303177
:102D30006F4AD7F8243114461D460FCD0FC495E8CD
:102D40000F0084E80F00D7F83001FFF713FE694B3E
:102D50005B6B4FF4FA6098470023C7F83C310023BF
:102D6000C7F8403158E10023C7F84031012387F804
:102D700047315F4AD7F8243114461D460FCD0FC4A2
:102D800095E80F0084E80F000023C7F83C31D7F81E
:102D90003C01FFF745FCC7F83001554BDB68544A4E
:102DA000127C1046D7F830215349A1FB0212920938
:102DB000029201900093514B0122002102200FF05A
:102DC00045FAD7F83001FFF7D5FD4A4B5B6BC820B9
:102DD0009847D7F83031484AA2FB03239B09019357
:102DE000D7F83C310093464B0122002102200FF01E
:102DF0002DFAD7F840310133C7F84031D7F83C31CC
:102E00000133C7F83C313A4B5B7C19463D48FFF72C
:102E10003FF801E197F84731002B00F08180D7F8A7
:102E200040310133C7F8403107F5A473A3F59C7313
:102E30005B68FE2B21D807F5A473A3F59C735B6830
:102E40000093314B0122002102200FF0FFF90023F3
:102E500087F84731254B1B68C7F830312022002105
:102E6000234810F0F7FCD7F83001FFF783FD214B22
:102E70005B6B4FF4FA60984752E0D7F83C01FFF7DC
:102E8000CFFBC7F83001D7F830311B4AA2FB032330
:102E90009B090193D7F83C3100931C4B0122002180
:102EA00002200FF0D3F9D7F83C310133C7F83C3199
:102EB000D7F83C31092B2BDD0C4B1B68C7F83031A0
:102EC000D7F83001FFF756FD0A4B5B6B4FF4FA6001
:102ED000984725E0C010002028550108A0190020BF
:102EE000EDFEEDFEA819002064550108B019002080
:102EF000381A0020E0630108D34D62109455010890
:102F0000BC5501084A1A0020D4550108F45501089F
:102F1000D7F83001FFF72EFD404B5B6BC820984778
:102F2000FFF700FE07F5A473A3F59C735B6800939D
:102F30003B4B0122002102200FF088F907F5A47312
:102F4000A3F59C735B68C7F81C3107F110030833C5
:102F5000C7F838310023C7F8343123E0D7F83431CB
:102F6000D7F81C21D31A802B28BF8023C7F818312B
:102F7000D7F83431D7F838211344C7F83831D7F8A7
:102F800018311946D7F8380101F094F8D7F83431E0
:102F9000002B02D10520FDF74DFED7F834318033E8
:102FA000C7F83431D7F83431D7F81C219A42D5D834
:102FB00028E61C4B5B6E012B7FF424AE0021182009
:102FC000FFF7DAFDC7F82801D7F8283103F0180316
:102FD000002B3FF417AE20220021134810F03AFCDA
:102FE000124B1B68C7F83031002387F847310023A4
:102FF000C7F83C310023C7F84031D7F83001FFF75C
:10300000B9FC064B5B6B4FF4FA609847084B012202
:10301000002102200FF01AF9F4E500BFE063010877
:103020000C560108C0100020381A0020B0190020EA
:103030001C56010880B500AF074B01225A61064BB0
:103040000022DA6014200AF067FC034B00225A6168
:103050000023184680BD00BFC010002080B500AF1F
:10306000054B01225A61044B0122DA6014200AF058
:1030700053FC0023184680BDC010002090B5D1B08D
:1030800004AF07F59873A3F5967318600023C7F88B
:103090000C310023C7F82C3107F59873A3F5927310
:1030A00018464FF480731A46002110F0D3FB00231A
:1030B00087F82B310023C7F82431AA4B1B69002B5A
:1030C00007D0A84B5B69002B03D1A64BDB69002B13
:1030D00014D0A54B1B6818460AF036F80346142B8B
:1030E00008D0A14B1B680021184609F061FC9F48DD
:1030F00001F01EF90A200AF00FFC3CE29C4B1B6811
:10310000012B1BD1974BDB69002B11D1954B9B6990
:10311000012B0DD1FFF7F2FA964B1B6801211846DF
:1031200008F0EFFE944B0122002102200FF08EF8F0
:103130008F4B00221A6002200AF0EEFB8A4B1B68BC
:1031400007F586710522184609F01CFFC7F8200113
:10315000864801F0FDF8C7F82C01824BDB68002B94
:1031600040F00182D7F82C31002B00F0FC81D7F819
:103170002C31002B7FD07B4B5B6E012B7BD197F8E2
:103180002B3183F00103DBB2002B74D0012387F8CD
:103190002B317A4B00225A617948FFF7C3F901209D
:1031A0000AF0BAFB0A217748FEF772FE734B1B69DF
:1031B0000133724A1361714B1B690A2B02D16F4BA9
:1031C00000221A616D4B1B68C7F824316E4BDB6817
:1031D000D7F82401984707F10C03202268491846C4
:1031E00010F065FC694B1B680133694A1360642168
:1031F0000120FFF7C1FCC7F81C01D7F81C3103F010
:103200000103002B18D001200AF086FB5E4B9B6A5D
:1032100007F10C022021104698475D4B1B68019373
:10322000202300935B4B0122002102200FF00EF8B7
:1032300008200AF071FB14E005200AF06DFB524BE8
:103240009B6A07F10C02202110469847504B1B68DF
:10325000019320230093504B0122002102200EF005
:10326000F5FF4A4B1B680133484A13603F4801F0A1
:103270006FF8C7F82C01D7F82C31FE2B40F2F38001
:1032800007F10C03FF221946384801F007F8FFF751
:1032900049FCC8210120FFF76FFCC7F81401314B2E
:1032A0005B6E012B40D1354B5B691846FFF7B8F9CF
:1032B000C7F82401344BDB68D7F824019847304B1A
:1032C000DB682F4A127C14462C4A5269D7F8241125
:1032D0003248A0FB010189090391029201940093F5
:1032E0002F4B0122002102200EF0B0FF234B5B691F
:1032F0000133224A5361214B5B69092B14DD1F4BBB
:103300005B690A2201920093264B012200210220D0
:103310000EF09CFF194B5B691946234800F02AFF09
:10332000002387F82B3126E1D7F8143103F001038D
:10333000002B3DD0154B1B680133154A1360144B0D
:103340001B68FF2201920093184B012200210220EA
:103350000EF07CFF0C4B9B6A07F10C02FF2110461C
:1033600098475BE0C0100020A419002090110020B5
:10337000741A0020A819002030560108B019002046
:10338000381A00204A1A0020E0630108AC19002016
:10339000941A00205C56010884560108D34D62102F
:1033A000B0560108E45601081057010820570108DB
:1033B000714B1B680133714A136064210120FFF7D0
:1033C000DBFBC7F81001D7F8103103F00103002B25
:1033D00012D16B4B9B6A07F10C02FF2110469847F4
:1033E000664B1B68FF2201920093664B012200216D
:1033F00002200EF02BFF11E0614B9B6A07F10C02DB
:10340000FF21104698475D4B1B68FF2201920093F5
:103410005D4B0122002102200EF018FF5B4B1B6B5D
:10342000B3F5964F03D10C200AF076FA15E0574B0E
:103430001B6BB3F5164F03D108200AF06DFA0CE0B0
:10344000524B1B6B4FF22442934203D105200AF0EA
:1034500063FA02E00A200AF05FFA474B1B68013367
:10346000454A136086E0D7F82031002B40F0828077
:10347000D7F82C31002B7DD0D7F82C31FE2B79D802
:10348000424B5B6E012B40D1D7F82C31C7F8183175
:1034900003200AF041FA3E4800F05AFFC7F82C0119
:1034A000D7F82C21D7F818319A4207D9D7F82C2110
:1034B000D7F81811374800F05DFE5CE0364B5B69C9
:1034C0001846FFF7ADF8C7F82401D7F82401FFF735
:1034D00051FA324BDB68314A127C14462E4A52694B
:1034E000D7F824112E48A0FB01018909039102920B
:1034F000019400932B4B0122002102200EF0A6FE26
:10350000254B5B690133244A5361002387F82B3133
:1035100007F10C03D7F82C2119461D4800F0BEFE18
:10352000174B9B6AD7F82C21D1B207F10C02104639
:103530009847114B1B680133104A13600F4B1B68EF
:10354000D7F82C2101920093174B01220021022071
:103550000EF07CFE08200AF0DFF9074B1B680133F0
:10356000054A136006E0064BDB6A98470A200AF01A
:10357000D3F9A2E500BFA0E5AC190020941A002001
:10358000E0630108385701085C570108C0100020AB
:103590009011002074570108B0190020381A00203B
:1035A000D34D621098570108C857010890B585B0EF
:1035B00000AF78600B467B801B4B1B69002B2DD026
:1035C000194BDB68002B29D1174BDB69002B25D168
:1035D0007C887B881A467968144800F017FE0346F9
:1035E0009C4205D0124B0122002102200EF02EFE3B
:1035F0007B88FB600F4B186807F10C010023002249
:1036000009F022FB0346002B08D10B4B01220021BD
:1036100002200EF01BFE094800F0ACFD0023184606
:103620001437BD4690BD00BFC0100020901100208F
:10363000E8570108A4190020FC5701081458010894
:1036400080B586B004AF854B00221A61834B0022FF
:103650005A6608F031FB0346814A1360FEF734FED8
:1036600000224FF484710A2009F089FA03467D4A4A
:10367000136000220421142009F081FA03467A4ADB
:1036800013604FF400627949794800F0A3FD4FF4CC
:1036900000627649774800F09DFD05200AF03CF96C
:1036A000002301933623009300234FF48062724974
:1036B000724809F05FFF78607B68012B05D0704B82
:1036C0000122002102200EF0C1FD05200AF024F99C
:1036D000002301933623009300234FF4806269494D
:1036E000694809F047FF78607B68012B05D0674B7C
:1036F0000122002102200EF0A9FD594B1B68042174
:10370000184608F0FEFB564B1B680121184608F0CE
:10371000F8FBFFF7D9F908F0E7FD034600935C4B8F
:103720000122002102200EF091FD4C4B594A1A60F3
:103730004A4B01221A61494B00229A61474B0122F0
:103740005A61464B0122DA60444B0122DA61434B55
:10375000514A9A64414B504ADA64404BFA229A62C9
:103760003E4BFA22DA623D4B4FF416421A633B4B52
:1037700003225A63394B5B6B384A9363374B0A22F7
:10378000DA650D2245494648FEF732F9434B1B687E
:103790000093444B0122002102200EF057FD3F4BC5
:1037A0001B683C4A934213D03F4B01220021022068
:1037B0000EF04CFD394A294B1046194668231A462B
:1037C00010F075F90D2235493548FEF795F92DE0D1
:1037D000324BDB69214AD361304B9B6C1F4A9364A7
:1037E0002E4BDB6C1D4AD3642C4B1B6B1B4A1363A3
:1037F0002A4B5B6B194A5363284B9B6B174A9363A5
:10380000264BDB6D154AD365244BDB69234A126BCB
:103810002249896C2148406B0390029101920093E8
:10382000224B0122002102200EF010FD0B4B04223E
:10383000DA610A4B0122DA6008F056FD0346019373
:103840001B4B00931B4B0122002102200EF0FEFCBB
:10385000002318460837BD4680BD00BFC0100020B9
:10386000A8190020A0190020A4190020A0110020F0
:1038700090110020841A0020285801087D3000088B
:10388000345801084C580108A92B00085858010861
:1038900070580108EFBEEDFEC0CA8936281100201D
:1038A00000E80308AC580108C0580108DC580108BA
:1038B0003C5901080459010880B483B000AF786016
:1038C000064BD3F8802005497B681343C1F880304C
:1038D00000BF0C37BD4680BC704700BF00080058D1
:1038E00080B5AEB002AF78600B467B800023FB60F2
:1038F0007B88C7F8A43000237B6100233B617B8871
:103900007A68126F01920093584B01220021002027
:103910000EF09CFCD7F8A430002B40F3A380D7F81E
:10392000A4307B617B681B68514A93424AD17B6813
:103930001B6F022B03D07B681B6F002B42D100232F
:10394000C7F8AC3035E0D7F8A420D7F8AC30D31A9C
:10395000802BA8BF8023C7F8A030D7F8AC30454AE9
:103960009918D7F8A02007F110030833184610F073
:103970009EF8D7F8A0307B613F4B1B68184609F0D2
:1039800017FD0346002B09D13B4B186807F10C02C9
:1039900007F11001002309F059FA05E0374B012225
:1039A000002100200EF052FCD7F8AC308033C7F86D
:1039B000AC30D7F8AC20D7F8A4309A42C3DB786893
:1039C00000F0B2F87B681B682D4A93424AD17B68AD
:1039D0001B6F022B03D07B681B6F002B42D100238F
:1039E000C7F8A83035E0D7F8A420D7F8A830D31A04
:1039F000802BA8BF8023C7F89C30D7F8A830214A75
:103A00009918D7F89C2007F110030833184610F0D6
:103A10004EF8D7F89C307B611B4B1B68184609F0A9
:103A2000C7FC0346002B09D1174B186807F10C029D
:103A300007F11001002309F009FA05E00F4B0122FC
:103A4000002100200EF002FCD7F8A8308033C7F820
:103A5000A830D7F8A820D7F8A4309A42C3DB7868FA
:103A600000F062F800BFB037BD4680BD7459010850
:103A700000380140D81B0020C01B002084590108D9
:103A800000440040DC210020C41B002080B584B02D
:103A900000AF78600023BB607B681B681B4A9342C1
:103AA0000ED11B4B1B6807F108020121184608F0D4
:103AB000E3FAF860174B0122002100200EF0C6FB4C
:103AC0007B681B68144A93420ED1144B1B6807F1A4
:103AD00008020221184608F0CFFAF860104B0122C4
:103AE000002100200EF0B2FBFB68002B0AD0BB685F
:103AF000002B07D00B4B4FF080521A60BFF34F8F53
:103B0000BFF36F8F00BF1037BD4680BD0038014046
:103B1000C81B00209059010800440040CC1B002025
:103B2000A059010804ED00E080B586B002AF7860CE
:103B30000123FB737B681B68294A934220D14FF411
:103B4000C0622849786807F0CEFD0346FB737B68A6
:103B5000D3F88030002B0BD07B68D3F880301B6803
:103B60001A687B68D3F880301B6822F004021A6060
:103B7000FB7B00931C4B0122002100200EF066FB12
:103B80007B681B68194A934224D14FF4C0621849DC
:103B9000786807F0A8FD0346FB737B68D3F8803094
:103BA000002B0BD07B68D3F880301B681A687B68C9
:103BB000D3F880301B6822F004021A60FB7B7A681D
:103BC000D2F88020019200930A4B012200210020AC
:103BD0000EF03CFBFB7B18461037BD4680BD00BF96
:103BE00000380140D81B0020B059010800440040B3
:103BF000DC210020CC59010880B5AEB002AF78605E
:103C00007B681B68704A93420CBF01230023DBB220
:103C10001A467B68D3F89030019300926B4B0122D7
:103C2000002100200EF012FB7B68D3F89030102B9F
:103C300002D17868FFF778FF7B68D3F89030082BC3
:103C400040F0BD800023C7F894307B681B68604A51
:103C5000934257D17B68B3F85E309BB2C7F8A4306B
:103C6000D7F8A430002B41DD0023BB600023C7F848
:103C7000AC3035E0D7F8A420D7F8AC30D31A802B7D
:103C8000A8BF8023C7F8A030D7F8AC30514A9918A4
:103C9000D7F8A02007F10803083318460FF007FFF4
:103CA000D7F8A030FB604C4B1B68184609F080FB2E
:103CB0000346002B09D1484B186807F1940207F11D
:103CC0000801002309F0C2F805E0444B012200215D
:103CD00000200EF0BBFAD7F8AC308033C7F8AC3018
:103CE000D7F8AC20D7F8A4309A42C3DB7868FFF746
:103CF0001BFFD7F8A4300093394B0122002100208C
:103D00000EF0A4FA7B681B682F4A934257D17B6858
:103D1000B3F85E309BB2C7F89C30D7F89C30002BCC
:103D200041DD0023BB600023C7F8A83035E0D7F899
:103D30009C20D7F8A830D31A802BA8BF8023C7F8BF
:103D40009830D7F8A830274A9918D7F8982007F163
:103D50000803083318460FF0AAFED7F89830FB6026
:103D6000214B1B68184609F023FB0346002B09D1A1
:103D70001D4B186807F1940207F10801002309F0B0
:103D800065F805E0154B0122002100200EF05EFAD7
:103D9000D7F8A8308033C7F8A830D7F8A820D7F8CC
:103DA0009C309A42C3DB7868FFF7BEFED7F89C30A0
:103DB00000930E4B0122002100200EF047FA00BFB5
:103DC000B037BD4680BD00BF00440040F459010833
:103DD00000380140D81B0020C01B00208459010876
:103DE000105A0108DC210020C41B0020245A0108BD
:103DF00080B5AAB002AF78607B681B68C7F89430C2
:103E00000023C7F89C300023C7F898304F4B01229D
:103E1000002100200EF01AFA08F066FA034600931B
:103E20004B4B0122002100200EF010FAD7F89430FD
:103E3000012B04D0D7F89430022B12D024E0454B4C
:103E4000C7F89C30444BC7F8983037230193D7F814
:103E500094300093414B0122002100200EF0F6F92E
:103E600024E03F4BC7F89C303E4BC7F898303723CF
:103E70000193D7F894300093384B012200210020A1
:103E80000EF0E4F900BF11E0002009F0A5FE0346A2
:103E90000193D7F894300093334B01220021002086
:103EA0000EF0D4F9002009F0C3FC4BE0D7F89C30A9
:103EB0001B6807F108014FF0FF32184609F062F85D
:103EC0000346002BF2D0BB68012B03D9033B012B27
:103ED0002AD836E0FB680193D7F894300093234B3F
:103EE0000122002100200EF0B1F9D7F898301B68AC
:103EF000002B0BD1FB680193D7F8943000931C4B37
:103F00000122002100200EF0A1F919E0FB68002B2E
:103F100016D0D7F898301B68FA6891B207F10802FA
:103F20000832104698470BE0BB680193D7F89430ED
:103F30000093104B0122002100200EF087F900E0D1
:103F400000BFB3E7A037BD4680BD00BF3C5A0108A3
:103F5000545A0108C01B0020D01B0020885A0108B9
:103F6000C41B0020D41B0020B05A0108C45A010809
:103F7000DC5A0108F85A010880B500AFFCF74EFB87
:103F8000FDF73EFA4FF00060FFF796FC00BF80BDE2
:103F900080B584B002AF02237B6000228C21142004
:103FA00008F0EDFD03461D4A136007F085FE034649
:103FB0001B4A1360FFF7E0FF194B1B6802211846EC
:103FC00007F09FFF3B1D00220192372200924FF421
:103FD00040621449144809F0CDFA144A01211448EA
:103FE00004F0A8FC1349124804F05CFD124A0421B5
:103FF0000F4804F09FFC0E48FFF796FD08F074F997
:10400000034600930D4B0122002100200EF01EF903
:10401000002318460837BD4680BD00BFC41B0020E2
:10402000CC1B0020545B0108F13D00088D3A0008CC
:1040300068060020E1380008F93B0008205B010811
:1040400080B588B002AF78600B467B8005233B616A
:104050000E4B18683B69009300230122012107F0F1
:1040600045FEF8604FF0FF337B617B881A46796824
:10407000074804F055FD0346002B01D100237B6166
:104080007B6918461837BD4680BD00BFC81B00209D
:104090009C05002080B483B000AF7860044A7B6840
:1040A0001360002318460C37BD4680BC704700BF24
:1040B000D41B002080B588B002AF7860396005233A
:1040C0003B610F4B18683B690093002301220221DA
:1040D00007F00CFEF8604FF0FF337B613B689BB24A
:1040E0001A467968074804F01BFD0346002B01D1EE
:1040F00000237B617B6918461837BD4680BD00BF31
:10410000CC1B0020680600200CB480B584B000AF42
:104110007860396007F11C03FB603968FB68BA6995
:1041200078680EF0CBFF00BF1037BD46BDE8804079
:1041300002B0704780B586B002AF7860396007F191
:10414000080318460EF0DEFBBB68B7F90C2000929E
:10415000074A10217868FFF7D7FF7868FCF710F856
:1041600003469AB23B681A8000BF1037BD4680BD37
:10417000605B01080FB480B584B000AF0023FB8002
:104180000023FB81BB1D19461148FFF7D3FF07F140
:104190001C03BB60FB881A460D4BD018BB68BA697C
:1041A0004FF480710EF08AFF0346BB81FA88BB8909
:1041B0001344BB81BB891946054800F051F9BB89FE
:1041C00018461037BD46BDE8804004B0704700BFB8
:1041D000E027002080B584B000AFF860B9607A6055
:1041E00010220021F8680FF035FBFB68BA68DA602E
:1041F000FB6800229A60FB6800225A60FB687A68BC
:104200001A60002318461037BD4680BD80B588B0BF
:1042100000AFF860B9607A60FB681A68FB689B6859
:10422000D21AFB685B681344FB617A68FB699342AE
:1042300028BF13467B60FB689A68FB681B68013BDC
:104240001340BB61FB681A68BB69D31A7A68934252
:1042500028BF13467B61FB68DA68BB6913447A693F
:10426000B96818460FF023FC7A687B699A420AD92C
:10427000FB68D868BA687B69D1187A687B69D31AF9
:104280001A460FF014FCFB689A687B681A44FB68B6
:104290009A607B6818462037BD4680BD80B588B0DF
:1042A00000AFF860B9607A60FB689A68FB685B6889
:1042B000D31AFB61FB69002B01D1002334E07A683B
:1042C000FB69934228BF13467B60FB685A68FB6812
:1042D0001B68013B1340BB61FB681A68BB69D31ABA
:1042E0007A68934228BF13467B61FB68DA68BB6932
:1042F00013447A691946B8680FF0D9FB7A687B696C
:104300009A420AD9BA687B69D018FB68D9687A687A
:104310007B69D31A1A460FF0CAFBFB685A687B68A0
:104320001A44FB685A607B6818462037BD4680BD3A
:1043300080B483B000AF78607B6800225A607B68ED
:104340005A687B689A6000BF0C37BD4680BC7047D6
:1043500080B483B000AF78607B689A687B685B68E4
:10436000D31A18460C37BD4680BC704780B485B060
:1043700000AF786039600023FB600023BB6012E06F
:10438000FB681B0223F07F42FB681B0CB96878684E
:10439000014409784B40094951F823305340FB60F0
:1043A000BB680133BB60BA683B689A42E8DBFB68D4
:1043B00018461437BD4680BC704700BF185F01081F
:1043C00080B500AF0A4B0B4A1A60094B0A4A9A6043
:1043D000074B0A4A5A60064B094ADA60044B094AFD
:1043E0001A61094B1B680248984700BF80BD00BF97
:1043F000E02800200D440008194400083D4400084E
:104400004944000855440008E063010880B400AF47
:1044100000BFBD4680BC704780B485B000AFF86077
:10442000084611461A4603467B810B463B811346DC
:10443000FB7100BF1437BD4680BC704780B400AF2D
:1044400000BFBD4680BC704780B400AF00BFBD4612
:1044500080BC704780B400AF00BFBD4680BC7047D1
:1044600080B582B000AF78600B467B800A4B1B683A
:10447000002B06D17B8819467868FFF7E1FD0346DB
:1044800005E07B8819467868FFF714FE0346184656
:104490000837BD4680BD00BFFC28002080B584B031
:1044A00000AF786039603B68FB60114B1A681149B6
:1044B00013469B0013449B000B440C3302221A70DA
:1044C0000D4A0E49F8680FF031F9FEF717F9FEF7BB
:1044D000B1FDF868FBF754FEB860094B01220021DA
:1044E00002200DF0B3FEBB6818461037BD4680BDF4
:1044F000FC280020002900206C5B0108805B01087B
:10450000845B010880B590B000AF3B46402200219B
:1045100018460FF09FF9094B0122002102200DF0EF
:1045200095FE074B1B681A463B4619461046FFF797
:10453000B5FF00BF4037BD4680BD00BF945B01089A
:10454000FC28002080B584B000AF78603960104B43
:104550001A68104913469B0013449B000B440C330C
:1045600000221A700323FB60FB689BB219460A48BD
:10457000FFF776FFFEF772FD084B012200210220B3
:104580000DF064FE002318461037BD4680BD00BF05
:10459000FC28002000290020AC5B0108B05B01086A
:1045A00080B584B000AF786039603B68FB6004225E
:1045B000124938680FF064F90346002B0ED0F868F2
:1045C000FBF7DEFD0246FB6813440D4918460FF069
:1045D000ADF8F868FBF7D4FD03460BE00023BB60A1
:1045E000084A0949F8680FF0A1F8F868FBF7C8FD18
:1045F000B860BB6818461037BD4680BDC05B010877
:10460000C85B0108D45B0108DC5B010880B586B09B
:1046100000AF786039603B687B61FDF74BFE386125
:104620003B69DB69FB603B69DB69FB60FA68064953
:1046300078690FF07BF87869FBF7A2FD034618460E
:104640001837BD4680BD00BFF05B010880B586B05D
:1046500000AF786039603B687B61FDF72BFE386105
:104660000023FB6007F10C031A46174978690FF025
:104670007FF80346002B0FDA7869FBF781FD0246CD
:104680007B691344114A124918460FF04FF87869B4
:10469000FBF776FD034612E07869FBF771FD0246F1
:1046A0007B6913440B4A0A4918460FF03FF8FB6830
:1046B0001A463B69DA617869FBF762FD03461846E2
:1046C0001837BD4680BD00BF045C0108C85B010807
:1046D000805B0108145C010880B586B000AF78608B
:1046E00039603B687B61FDF7E5FD38610023FB60C5
:1046F00007F10C031A46154978690FF039F803469B
:10470000002B0BDA7869FBF73BFD02467B6913440B
:104710000F4A104918460FF009F80EE0FB681A46D8
:104720003B699A617869FBF72BFD02467B6913446C
:10473000094A084918460EF0F9FF7869FBF720FD91
:10474000034618461837BD4680BD00BF1C5C0108F3
:10475000C85B0108805B0108145C010880B584B067
:1047600000AF786039603B68FB60FDF7A3FDB8607F
:10477000BB689B691A460649F8680EF0D7FFF868CF
:10478000FBF7FEFC034618461037BD4680BD00BF50
:104790002C5C010880B586B000AF786039603B685A
:1047A0007B61FDF787FD38610023FB6007F10C0397
:1047B0001A46154978690EF0DBFF0346002B0BDA29
:1047C0007869FBF7DDFC02467B6913440F4A104908
:1047D00018460EF0ABFF0EE0FB681A463B69DA653F
:1047E0007869FBF7CDFC02467B691344094A084906
:1047F00018460EF09BFF7869FBF7C2FC034618468B
:104800001837BD4680BD00BF405C0108C85B010889
:10481000805B0108145C010880B584B000AF78604B
:104820003960FDF747FDF8603B68BB60FB68DB6DF6
:104830001A460649B8680EF079FFB868FBF7A0FC85
:10484000034618461037BD4680BD00BF4C5C0108CA
:1048500080B58AB002AF786039603B68FB61FDF7D4
:1048600029FDB86107F10C0107F1140207F10803F3
:10487000019307F1100300930B462049F8690EF0ED
:1048800077FF0346002B0BDAF869FBF779FC024649
:10489000FB6913441A4A1B4918460EF047FF24E0EF
:1048A0007B69194A03FB02F2FB684FF47A7101FB42
:1048B00003F313441A46BB699A643B69124A03FB2B
:1048C00002F2BB684FF47A7101FB03F313441A46FA
:1048D000BB69DA64F869FBF753FC0246FB691344D1
:1048E0000A4A084918460EF021FFF869FBF748FC10
:1048F000034618462037BD4680BD00BF605C0108F6
:10490000C85B0108805B010840420F00145C01088D
:10491000B0B586B002AF78603960FDF7CBFCF860C7
:104920003B68BB60FB689B6C1C4AA2FB03239B0C8F
:104930001C46FB689A6C194BA3FB02139B0C18498D
:1049400001FB03F3D31A174AA2FB03239B091D465D
:10495000FB68DB6C114AA2FB03239B0C1846FB6827
:10496000DA6C0E4BA3FB02139B0C0D4901FB03F306
:10497000D31A0C4AA2FB03239B09019300902B46F8
:1049800022460949B8680EF0D1FEB868FBF7F8FB7B
:10499000034618461037BD46B0BD00BF83DE1B433B
:1049A00040420F00D34D62107C5C010880B586B098
:1049B00000AF786039603B687B61FDF77BFC386154
:1049C0004FF4FA73BB604FF4FA73FB6007F108030E
:1049D00007F10802164978690EF0CAFE0346002B5B
:1049E0000BDA7869FBF7CCFB02467B691344114A6A
:1049F000114918460EF09AFE11E0BB681A463B6951
:104A00009A62FA683B69DA627869FBF7B9FB024699
:104A10007B691344094A084918460EF087FE7869F5
:104A2000FBF7AEFB034618461837BD4680BD00BFF6
:104A30009C5C0108C85B0108805B0108145C0108EC
:104A400080B584B000AF78603960FDF733FCF86062
:104A50003B68BB60FB689A6AFB68DB6A0549B8681B
:104A60000EF064FEB868FBF78BFB03461846103760
:104A7000BD4680BDAC5C010880B586B000AF7860F3
:104A800039603B687B61FDF715FC386107F10C0369
:104A90001A46154978690EF06BFE0346002B0BDAB7
:104AA0007869FBF76DFB02467B6913440F4A104996
:104AB00018460EF03BFE0EE0FB681A463B691A638F
:104AC0007869FBF75DFB02467B691344094A084994
:104AD00018460EF02BFE7869FBF752FB034618468A
:104AE0001837BD4680BD00BFC45C0108C85B010823
:104AF000805B0108145C010880B584B000AF786069
:104B00003960FDF7D7FBF8603B68BB60FB681B6B47
:104B10001A460649B8680EF009FEB868FBF730FB84
:104B2000034618461037BD4680BD00BFD05C010863
:104B300080B58CB002AFB9607B600346FB7313464F
:104B4000BB7300237B62FA7B13469B0013449B00DC
:104B5000434A13443B623B6A1B69FB610023BB6110
:104B60003B6A1B7B022B2CD13E49B8680EF0A8FE95
:104B70000346002B15D03C4B0122002102200DF0F2
:104B800065FB3B6A00229A603B6A5B681A4600211B
:104B9000F8690EF05FFEFB7BF9691846FFF7D2FC5F
:104BA0000DE0BB7B0093314B0122002102200DF070
:104BB0004DFBBB7B9BB21946B868FEF7F7FC0023A0
:104BC00049E0BA7B3B6A9B681A443B6A5B689A423D
:104BD0000BD93B6A00229A603B6A5B681A46002147
:104BE000F8690EF037FE002335E03B6A1A693B6A2C
:104BF0009B681344BA7BB96818460EF058FF3B6AAD
:104C00009B685A003B6A9A601949F8690EF058FE91
:104C1000B8611849F8690EF053FE78617B69002B82
:104C200018D0BB69002B15D07A69BB69D31A02333F
:104C30007B623B6A00229A603B6A1B6900930E4BC1
:104C40000122002102200DF001FB7B68BA691A6085
:104C50007B6A00E0002318462837BD4680BD00BFB0
:104C600000290020AC5B0108E45C0108EC5C010851
:104C7000F85C0108FC5C0108005D010880B586B0A5
:104C800002AF0346B9607A60FB73BB68002B02D0A9
:104C90007B687F2B08D87B680093234B012200217F
:104CA00002200DF0D3FA3BE0FA7B204913469B002B
:104CB00013449B000B441033BA681A60FA7B1B49FB
:104CC00013469B0013449B000B4404337A681A601C
:104CD000FA7B164913469B0013449B000B440C338C
:104CE00000221A70FA7B114913469B0013449B0063
:104CF0000B4400221A60FA7B0C4913469B001344B4
:104D00009B000B44083300221A60FB7B084A1360A7
:104D1000FB7B0093074B0022002102200DF096FA46
:104D20001037BD4680BD00BF105D0108002900207E
:104D3000FC2800202C5D010880B58AB002AFF86025
:104D4000B9607A603B600023FB6100237B613B68B4
:104D50003B617B68402B02D94FF0FF3391E0002389
:104D6000BB6189E04949BA6913469B0013449B0023
:104D70000B441B78002B7CD0BA6913469B0013446C
:104D80009B00424A134401331946B8680EF098FD5F
:104D900078617B69002B6CD0BB6800933C4B01228F
:104DA000002102200DF052FA8022002138690EF015
:104DB00051FD7A68B96838690EF079FE3F21B8680C
:104DC0000EF050FD0346002B22D03049BA6913463D
:104DD0009B0013449B000B4410331B68002B48D0EE
:104DE0002A49BA6913469B0013449B000B441033B5
:104DF0001B683969F86898470346FB61FB69002B1B
:104E000037DDFB699BB219463869FFF729FB30E0B3
:104E10001E49BA6913469B0013449B000B440C3394
:104E20001B68002B17D01949BA6913469B0013441D
:104E30009B000B440C331B683969F868984703469C
:104E4000FB61FB69002B14DDFB699BB219463869D5
:104E5000FFF706FB0DE0BA690E4938690EF066FCF3
:104E60003869FBF78DF903469BB219463869FFF79D
:104E7000F7FABB690133BB61BB69082B7FF772AFDF
:104E8000FB6918462037BD4680BD00BF00000020EA
:104E9000445D0108505D010880B588B002AF7860BC
:104EA0000B467B8000237B6100233B610023FB607A
:104EB0001E4B1B687A88019200931D4B0122002132
:104EC00002200DF0C3F9194B1B68002B29DB174B8F
:104ED0001B68D8B27B88DAB207F10C037968FFF758
:104EE00027FE03463B613B69002B1ADD3B69802BA3
:104EF00017DC802200210F480EF0ACFC802200213C
:104F00000D480EF0A7FCFB683A69194609480EF0F7
:104F1000CEFD064B1B6818463A69074B0549FFF75B
:104F20000BFF7B6918461837BD4680BDFC28002062
:104F3000645D010828290020AC29002080B500AF5D
:104F400006F0ACFC0346184680BD80B582B000AFC9
:104F50000346FB71FB79184606F0E0FC0346184651
:104F60000837BD4680BD80B500AF06F037FD03466B
:104F7000184680BD80B500AF06F037FD03461846E1
:104F800080BD80B500AF06F037FD0346184680BDF2
:104F900080B582B000AF0346FB71FB79184606F07E
:104FA00032FD034618460837BD4680BD80B400AFC9
:104FB00000BFBD4680BC704780B400AF044B5B6847
:104FC000034A43F00103536000BFBD4680BC7047F5
:104FD000002004E080B400AF044B5B68034A43F058
:104FE0000203536000BFBD4680BC7047002004E050
:104FF00080B400AF044B5B68034A43F00403536082
:1050000000BFBD4680BC7047002004E080B582B080
:1050100000AF0023FB71032000F0F8F802F0C0F8A5
:105020000346094A13600F20FBF7E6FD0346002BF9
:1050300002D00123FB7101E0FBF7AAFCFB791846C3
:105040000837BD4680BD00BFB400002080B500AF6A
:10505000FFF7B2FF00BF80BD80B500AFFFF7BAFF1A
:1050600000BF80BD80B500AFFFF7C2FF00BF80BDAD
:1050700080B485B000AF78607B6803F00703FB6005
:105080000C4BDB68BB60BA684FF6FF031340BB6094
:10509000FB681A02BB68134343F0BF6343F4003359
:1050A000BB60044ABB68D36000BF1437BD4680BCF8
:1050B000704700BF00ED00E080B400AF044BDB6838
:1050C0001B0A03F007031846BD4680BC704700BFAB
:1050D00000ED00E080B483B000AF0346FB7197F9A8
:1050E0000730002B0BDBFB7903F01F02064997F911
:1050F00007305B09012000FA02F241F8232000BFCB
:105100000C37BD4680BC704700E100E080B483B03E
:1051100000AF0346FB7197F90730002B12DBFB79D8
:1051200003F01F020A4997F907305B09012000FAD2
:1051300002F2203341F82320BFF34F8F00BFBFF3AB
:105140006F8F00BF00BF0C37BD4680BC704700BFEB
:1051500000E100E080B483B000AF03463960FB712A
:1051600097F90730002B0ADB3B68DAB20C4997F954
:1051700007301201D2B20B4483F800230AE03B68E7
:10518000DAB20849FB7903F00F03043B1201D2B2F3
:105190000B441A7600BF0C37BD4680BC704700BF79
:1051A00000E100E000ED00E080B489B000AFF860FD
:1051B000B9607A60FB6803F00703FB61FB69C3F128
:1051C0000703042B28BF0423BB61FB690433062BB0
:1051D00002D9FB69033B00E000237B614FF0FF3203
:1051E000BB6902FA03F3DA43BB681A407B699A4051
:1051F0004FF0FF317B6901FA03F3D9437B680B4021
:10520000134318462437BD4680BC704780B582B032
:1052100000AF78607868FFF72BFF00BF0837BD4606
:1052200080BD80B586B000AF0346B9607A60FB737D
:10523000FFF742FF78617A68B9687869FFF7B4FFD1
:10524000024697F90F3011461846FFF783FF00BF5B
:105250001837BD4680BD80B582B000AF0346FB71F4
:1052600097F907301846FFF735FF00BF0837BD46EE
:1052700080BD80B582B000AF0346FB7197F907305F
:105280001846FFF743FF00BF0837BD4680BD00004A
:1052900080B582B000AF78607B68002B01D101231C
:1052A0008EE07B681B681A46474B9A420FD87B6892
:1052B0001B681A46454B1344454AA2FB03231B09AE
:1052C0009A007B685A647B68424A1A640EE07B68E5
:1052D0001B681A46404B13443D4AA2FB03231B099B
:1052E0009A007B685A647B683C4A1A647B68022295
:1052F00083F825207B681B681B687A68126823F492
:10530000FF4323F0700313607B681B6819687B6898
:105310009A687B68DB681A437B681B691A437B6861
:105320005B691A437B689B691A437B68DB691A4394
:105330007B681B6A1A437B681B680A431A6078689B
:1053400000F024FB7B689B68B3F5804F02D17B683B
:1053500000225A607B685A687B689B6C02F07F026F
:105360001A607B68DB6C7A68126D5A607B685B68D8
:10537000002B10D07B685B68042B0CD8786800F099
:105380004DFB7B685B6D00221A607B689B6D7A68C1
:10539000D26D5A6008E07B6800225A657B68002263
:1053A0009A657B680022DA657B680022DA637B6895
:1053B000012283F825207B68002283F82420002323
:1053C00018460837BD4680BD07040240F8FFFDBF00
:1053D000CDCCCCCC00000240F8FBFDBF0004024065
:1053E00080B582B000AF78607B68002B01D10123CB
:1053F0007BE07B681B681A687B681B6822F00102EF
:105400001A607B681B681A463A4B9A420FD87B6831
:105410001B681A46384B1344384AA2FB03231B0966
:105420009A007B685A647B68354A1A640EE07B6890
:105430001B681A46334B1344304AA2FB03231B0953
:105440009A007B685A647B682F4A1A647B681B68E1
:1054500000221A607B685B6C03F01C027B681B6C8B
:10546000012101FA02F25A60786800F08FFA7B6835
:105470009B6C00221A607B68DB6C7A68126D5A6044
:105480007B685B68002B0FD07B685B68042B0BD8B4
:10549000786800F0C3FA7B685B6D00221A607B6855
:1054A0009B6D7A68D26D5A607B6800225A657B6872
:1054B00000229A657B680022DA657B680022DA6246
:1054C0007B6800221A637B6800225A637B68002293
:1054D0009A637B680022DA637B68002283F82520C8
:1054E0007B68002283F82420002318460837BD4635
:1054F00080BD00BF07040240F8FFFDBFCDCCCCCC7F
:1055000000000240F8FBFDBF0004024080B586B0F9
:1055100000AFF860B9607A603B600023FB75FB6800
:1055200093F82430012B01D1022369E0FB680122AA
:1055300083F82420FB6893F82530DBB2012B55D18A
:10554000FB68022283F82520FB680022DA63FB68EF
:105550001B681A68FB681B6822F001021A603B682E
:105560007A68B968F86800F0D3F9FB681B6B002B08
:1055700008D0FB681B681A68FB681B6842F00E02C3
:105580001A600FE0FB681B681A68FB681B6822F052
:1055900004021A60FB681B681A68FB681B6842F00B
:1055A0000A021A60FB689B6C1B6803F48033002BB3
:1055B00007D0FB689B6C1A68FB689B6C42F4807296
:1055C0001A60FB685B6D002B07D0FB685B6D1A6887
:1055D000FB685B6D42F480721A60FB681B681A6896
:1055E000FB681B6842F001021A6008E0FB68802239
:1055F000DA63FB68002283F824200123FB75FB7D1E
:1056000018461837BD4680BD80B483B000AF7860BF
:105610007B68002B01D101234FE07B6893F8253094
:10562000DBB2022B08D07B680422DA637B6800229D
:1056300083F82420012340E07B681B681A687B689C
:105640001B6822F00E021A607B689B6C1A687B68EC
:105650009B6C22F480721A607B681B681A687B68F6
:105660001B6822F001021A607B685B6C03F01C026D
:105670007B681B6C012101FA02F25A607B68DB6CCB
:105680007A68126D5A607B685B6D002B0CD07B686A
:105690005B6D1A687B685B6D22F480721A607B68B0
:1056A0009B6D7A68D26D5A607B68012283F8252051
:1056B0007B68002283F82420002318460C37BD465F
:1056C00080BC704780B584B000AF78600023FB7366
:1056D0007B6893F82530DBB2022B05D07B6804226F
:1056E000DA630123FB7347E07B681B681A687B68F9
:1056F0001B6822F00E021A607B681B681A687B68C0
:105700001B6822F001021A607B689B6C1A687B6838
:105710009B6C22F480721A607B685B6C03F01C0245
:105720007B681B6C012101FA02F25A607B68DB6C1A
:105730007A68126D5A607B685B6D002B0CD07B68B9
:105740005B6D1A687B685B6D22F480721A607B68FF
:105750009B6D7A68D26D5A607B68012283F82520A0
:105760007B68002283F824207B689B6B002B03D08E
:105770007B689B6B78689847FB7B18461037BD4663
:1057800080BD000080B584B000AF78607B681B6C82
:105790001B68FB607B681B681B68BB607B685B6C7D
:1057A00003F01C0304229A40FB681340002B27D00F
:1057B000BB6803F00403002B22D07B681B681B68C6
:1057C00003F02003002B07D17B681B681A687B68F5
:1057D0001B6822F004021A607B685B6C03F01C02F9
:1057E0007B681B6C042101FA02F25A607B681B6B18
:1057F000002B00F081807B681B6B786898477BE00A
:105800007B685B6C03F01C0302229A40FB68134028
:10581000002B3DD0BB6803F00203002B38D07B681F
:105820001B681B6803F02003002B0BD17B681B68EF
:105830001A687B681B6822F00A021A607B680122E2
:1058400083F825207B681B681A462E4B9A4209D99B
:105850007B685B6C03F01C032B4A022101FA03F303
:10586000536008E07B685B6C03F01C03274A02214D
:1058700001FA03F353607B68002283F824207B68DD
:10588000DB6A002B38D07B68DB6A7868984733E0A6
:105890007B685B6C03F01C0308229A40FB68134092
:1058A000002B2AD0BB6803F00803002B25D07B68AF
:1058B0001B681A687B681B6822F00E021A607B68FE
:1058C0005B6C03F01C027B681B6C012101FA02F285
:1058D0005A607B680122DA637B68012283F8252005
:1058E0007B68002283F824207B685B6B002B04D04C
:1058F0007B685B6B7868984700BF00BF1037BD4678
:1059000080BD00BF80000240000402400000024051
:1059100080B485B000AFF860B9607A603B60FB6826
:10592000DB6CFA68126D5A60FB685B6D002B04D06B
:10593000FB689B6DFA68D26D5A60FB685B6C03F084
:105940001C02FB681B6C012101FA02F25A60FB6821
:105950001B683A685A60FB689B68102B08D1FB688B
:105960001B687A689A60FB681B68BA68DA6007E0AF
:10597000FB681B68BA689A60FB681B687A68DA6023
:1059800000BF1437BD4680BC7047000080B485B0AE
:1059900000AF78607B681B681A461C4B9A4213D88C
:1059A0007B685B6C9B089B0003F1804303F502332B
:1059B0007A6893647B681B68DBB2083B144AA2FBDD
:1059C00003231B09FB6011E07B685B6C9B089A005A
:1059D000104B13447A6893647B681B68DBB2083B06
:1059E0000B4AA2FB03231B090733FB607B680A4AAF
:1059F000DA64FB6803F01F0301229A407B681A6592
:105A000000BF1437BD4680BC704700BF070402408A
:105A1000CDCCCCCC1C0802408008024080B485B0BC
:105A200000AF78607B685B6803F07F03FB60FA6817
:105A30000A4B13449B001A467B685A657B68084AE8
:105A40009A65FB68013B03F0030301229A407B68DF
:105A5000DA6500BF1437BD4680BC70473F82001036
:105A60004009024080B586B000AFF860B960C7E970
:105A700000231C4B1B78012B01D102232DE0194B75
:105A800001221A70174B00225A604FF47A7000F00E
:105A900073F80346FB75FB7D002B1AD1FB68012BC5
:105AA00005D1D7E90023B86800F0C8F804E03B68E6
:105AB0001946B86800F0E8F84FF47A7000F05CF826
:105AC0000346FB75084B5A69FB68DB4306491340E4
:105AD0004B61044B00221A70FB7D18461837BD46F7
:105AE00080BD00BF302A00200040005880B483B041
:105AF00000AF0023FB710B4B5B69002B0BDA094BEA
:105B0000094A9A60074B094A9A60064B5B69002B69
:105B100001DA0123FB71FB7918460C37BD4680BCC6
:105B2000704700BF0040005823016745AB89EFCDA7
:105B300080B483B000AF0023FB71094B5B69084A56
:105B400043F000435361064B5B69002B01DB0123EB
:105B5000FB71FB7918460C37BD4680BC704700BF0F
:105B60000040005880B400AF024B5B681846BD4649
:105B700080BC7047302A002080B584B000AF7860C8
:105B8000FBF744F8F86009E0FBF740F80246FB68D1
:105B9000D31A7A689A4201D8032346E0254B1B6941
:105BA00003F48033B3F5803FEED0224B1B69BB601A
:105BB000BB6803F00103002B02D01E4B01221A61C7
:105BC000BA684CF2FA331340BB60BB68B3F1804F44
:105BD00007D3184B9A69BB6803F040431549134338
:105BE0008B61BB6823F04043002B04D0114ABB6893
:105BF00023F040431361BB68002B0ED00E4ABB68F4
:105C00005360012311E0FBF701F80246FB68D31A49
:105C10007A689A4201D8032307E0064B1B6903F414
:105C20008023B3F5802FEED0002318461037BD46F1
:105C300080BD00BF00400058302A002080B485B0ED
:105C400000AFF860C7E900230E4B5B690D4A43F0D3
:105C500001035361FB683A681A60BFF36F8F00BF9E
:105C6000D7E900014FF000024FF000030A000023C3
:105C7000F968043113460B6000BF1437BD4680BC81
:105C8000704700BF0040005880B489B000AF786012
:105C900039604023FB777B68BB613B687B61184BB5
:105CA0005B69174A43F480235361EFF31083FB6071
:105CB000FB683B6172B600BF7B691A68BB691A60FA
:105CC000BB690433BB617B6904337B61FB7F013BB0
:105CD000FB77FB7F002BEFD100BF094B1B6903F45F
:105CE0008033B3F5803FF8D03B69BB60BB6883F37A
:105CF000108800BF00BF2437BD4680BC704700BF7E
:105D00000040005880B483B000AF7860084B5B69F6
:105D100023F47E727B68DB001343054A43F480332F
:105D200043F00203536100BF0C37BD4680BC70478F
:105D30000040005880B487B000AF7860396000231D
:105D40007B6140E13B681A6801217B6901FA03F33A
:105D50001340FB60FB68002B00F032813B685B68FE
:105D600003F00303012B05D03B685B6803F00303DA
:105D7000022B30D17B689B683B617B695B0003220F
:105D800002FA03F3DB433A6913403B613B68DA688C
:105D90007B695B0002FA03F33A6913433B617B685A
:105DA0003A699A607B685B683B6101227B6902FA11
:105DB00003F3DB433A6913403B613B685B681B09B3
:105DC00003F001027B6902FA03F33A6913433B6172
:105DD0007B683A695A603B685B6803F00303032BF6
:105DE00017D07B68DB683B617B695B00032202FAAA
:105DF00003F3DB433A6913403B613B689A687B6974
:105E00005B0002FA03F33A6913433B617B683A692A
:105E1000DA603B685B6803F00303022B23D17B69E4
:105E2000DA087B68083253F822303B617B6903F063
:105E300007039B000F2202FA03F3DB433A69134086
:105E40003B613B681A697B6903F007039B0002FA18
:105E500003F33A6913433B617B69DA087B680832D4
:105E6000396943F822107B681B683B617B695B00E2
:105E7000032202FA03F3DB433A6913403B613B68B8
:105E80005B6803F003027B695B0002FA03F33A6983
:105E900013433B617B683A691A603B685B6803F4B3
:105EA0004033002B00F08C804E4A7B699B08023304
:105EB00052F823303B617B6903F003039B00072208
:105EC00002FA03F3DB433A6913403B617B68B3F1A9
:105ED000904F0DD07B68444A934207D07B68434A79
:105EE000934201D1022304E0072302E0012300E0F2
:105EF00000237A6902F00302920093403A69134347
:105F00003B6138497B699B0802333A6941F8232099
:105F1000374B1B683B61FB68DB433A6913403B61CD
:105F20003B685B6803F48013002B03D03A69FB687D
:105F300013433B612E4A3B6913602D4B5B683B6109
:105F4000FB68DB433A6913403B613B685B6803F4E1
:105F50000013002B03D03A69FB6813433B61244ACA
:105F60003B695360224BD3F880303B61FB68DB43D5
:105F70003A6913403B613B685B6803F48033002B54
:105F800003D03A69FB6813433B61194A3B69C2F885
:105F90008030174BD3F884303B61FB68DB433A69B0
:105FA00013403B613B685B6803F40033002B03D074
:105FB0003A69FB6813433B610D4A3B69C2F8843080
:105FC0007B6901337B613B681A687B6922FA03F3C2
:105FD000002B7FF4B7AE00BF00BF1C37BD4680BCAE
:105FE000704700BF0000014000040048000800485E
:105FF0000008005880B487B000AF78603960002393
:106000007B61AFE001227B6902FA03F33A68134037
:106010003B613B69002B00F0A280594A7B699B08D9
:10602000023352F82330FB607B6903F003039B00CB
:10603000072202FA03F3FA681340FB607B68B3F1AE
:10604000904F0DD07B684F4A934207D07B684E4AF1
:10605000934201D1022304E0072302E0012300E080
:1060600000237A6902F0030292009340FA689A4290
:1060700036D1464BD3F880203B69DB43434913407C
:10608000C1F88030414BD3F884203B69DB433F4962
:106090001340C1F884303D4B1A683B69DB433B49F0
:1060A00013400B60394B5A683B69DB433749134057
:1060B0004B607B6903F003039B00072202FA03F3A2
:1060C000FB602F4A7B699B08023352F82310FB6860
:1060D000DA432B487B699B080A40023340F82320AF
:1060E0007B681A687B695B00032101FA03F31A439A
:1060F0007B681A607B69DA087B68083253F82210E3
:106100007B6903F007039B000F2202FA03F3DB43D2
:106110007A69D20819407B68083243F822107B68FC
:106120009A687B695B00032101FA03F3DB431A40A1
:106130007B689A607B685A6801217B6901FA03F3E6
:10614000DB431A407B685A607B68DA687B695B00D6
:10615000032101FA03F3DB431A407B68DA607B69B1
:1061600001337B613A687B6922FA03F3002B7FF4E9
:1061700049AF00BF00BF1C37BD4680BC704700BFA1
:1061800000000140000400480008004800080058D2
:1061900080B483B000AF78600B467B8013467B7081
:1061A0007B78002B03D07A887B689A6102E07A883A
:1061B0007B689A6200BF0C37BD4680BC7047000008
:1061C00080B400AF044B1B68034A43F48073136030
:1061D00000BFBD4680BC70470004005880B400AFCB
:1061E000034B1B6803F4C0631846BD4680BC704770
:1061F0000004005880B400AF064B1B6803F48073A2
:10620000B3F5807F01D1012300E000231846BD468D
:1062100080BC70470004005880B400AF4FF0B0431A
:106220001B684FF0B04243F40013136000BFBD463B
:1062300080BC704780B400AF4FF0B0431B684FF094
:10624000B04223F40013136000BFBD4680BC70470A
:1062500080B400AF4FF0B0431B6803F48013B3F574
:10626000801F01D1012300E000231846BD4680BCF9
:10627000704780B400AF4FF0B0431B684FF0B0429E
:1062800043F48033136000BFBD4680BC704780B4C8
:1062900000AF4FF0B0431B684FF0B04223F480339F
:1062A000136000BFBD4680BC704780B400AF4FF0A4
:1062B000B0431B6803F40033B3F5003F01D1012361
:1062C00000E000231846BD4680BC704780B400AF94
:1062D0004FF0B0431B684FF0B04243F4807313603B
:1062E00000BFBD4680BC704780B400AF4FF0B043E4
:1062F0001B684FF0B04223F48073136000BFBD46AB
:1063000080BC704780B400AF4FF0B0431B6803F40B
:106310008063B3F5806F01D1012300E000231846AC
:10632000BD4680BC704780B483B000AF78604FF04A
:10633000B0435B6823F0FE427B681B064FF0B04120
:1063400013434B6000BF0C37BD4680BC704780B420
:1063500000AF4FF0B043D3F8903003F00203022BAC
:1063600001D1012300E000231846BD4680BC7047E0
:1063700080B400AF4FF0B043D3F894304FF0B04248
:1063800043F00103C2F8943000BFBD4680BC7047A3
:1063900080B400AF4FF0B043D3F894304FF0B04228
:1063A00023F00103C2F8943000BFBD4680BC7047A3
:1063B00080B400AF4FF0B043D3F8943003F0020341
:1063C000022B01D1012300E000231846BD4680BC0A
:1063D000704780B400AF4FF0B0431B684FF0B0423D
:1063E00043F00103136000BFBD4680BC704780B41A
:1063F00000AF4FF0B0431B684FF0B04223F00103F1
:10640000136000BFBD4680BC704780B400AF4FF042
:10641000B0431B6803F00203022B01D1012300E00B
:1064200000231846BD4680BC704780B400AF4FF0D3
:10643000B0431B6803F00803082B01D1012300E0DF
:1064400000231846BD4680BC704780B400AF4FF0B3
:10645000B0431B6803F0F0031846BD4680BC70478C
:1064600080B400AF4FF0B043D3F8943003F47063BE
:106470001846BD4680BC704780B483B000AF7860DA
:106480004FF0B0435B6823F47F427B681B024FF000
:10649000B04113434B6000BF0C37BD4680BC704712
:1064A00080B483B000AF78604FF0B0439B6823F0B6
:1064B00003024FF0B0417B6813438B6000BF0C3781
:1064C000BD4680BC704780B400AF4FF0B0439B68BE
:1064D00003F00C031846BD4680BC704780B483B0FF
:1064E00000AF78604FF0B0439B6823F0F0024FF0AC
:1064F000B0417B6813438B6000BF0C37BD4680BC46
:10650000704780B483B000AF78604FF0B043D3F8E9
:10651000083123F00F027B681B094FF0B041134391
:10652000C1F8083100BF0C37BD4680BC704780B44D
:1065300083B000AF78604FF0B0439B6823F4E06213
:106540004FF0B0417B6813438B6000BF0C37BD46F2
:1065500080BC704780B483B000AF78604FF0B04328
:106560009B6823F460524FF0B0417B6813438B600B
:1065700000BF0C37BD4680BC704780B400AF4FF001
:10658000B0439B6803F0F0031846BD4680BC7047DB
:1065900080B400AF4FF0B043D3F808311B0103F0D3
:1065A000F0031846BD4680BC704780B400AF4FF082
:1065B000B0439B6803F4E0631846BD4680BC704757
:1065C00080B400AF4FF0B0439B6803F460531846AB
:1065D000BD4680BC704780B400AF4FF0B0431B682D
:1065E0004FF0B04243F08073136000BFBD4680BCE3
:1065F000704780B400AF4FF0B0431B684FF0B0421B
:1066000023F08073136000BFBD4680BC704780B428
:1066100000AF4FF0B0431B6803F00073B3F1007F8D
:1066200001D1012300E000231846BD4680BC70471D
:1066300080B400AF4FF0B043DB681B0A03F07F0368
:106640001846BD4680BC704780B400AF4FF0B043E1
:10665000DB6803F060431846BD4680BC704780B4D9
:1066600000AF4FF0B043DB6803F070031846BD463F
:1066700080BC704780B400AF4FF0B043DB6803F0DC
:1066800003031846BD4680BC704780B400AF4FF08E
:10669000B0439B6803F48033B3F5803F01D10123FD
:1066A00000E000231846BD4680BC704780B400AFB0
:1066B0004FF0B043D3F8083103F48033B3F5803F93
:1066C00001D1012300E000231846BD4680BC70477D
:1066D00080B400AF4FF0B0439B6803F40033B3F5D0
:1066E000003F01D1012300E000231846BD4680BCD5
:1066F000704780B400AF4FF0B0439B6803F4802331
:10670000B3F5802F01D1012300E000231846BD46D8
:1067100080BC704780B588B000AF78607B68002B84
:1067200001D101236FE3FFF7CEFEF861FFF7A2FF6F
:10673000B8617B681B6803F02003002B00F0C48065
:10674000FB69002B05D0FB690C2B76D1BB69012BB3
:1067500073D17B681B6A002B01D1012353E37B6853
:106760009A6A4FF0B0431B6803F00803002B05D072
:106770004FF0B0431B6803F0F00306E04FF0B04366
:10678000D3F894301B0903F0F003934222D27B68C4
:106790009B6A184600F03CFD0346002B01D0012304
:1067A00031E34FF0B0431B684FF0B04243F00803B1
:1067B00013604FF0B0431B6823F0F0027B689B6AC4
:1067C0004FF0B04113430B607B685B6A1846FFF7DC
:1067D00053FE21E04FF0B0431B684FF0B04243F04E
:1067E000080313604FF0B0431B6823F0F0027B688E
:1067F0009B6A4FF0B04113430B607B685B6A18469D
:10680000FFF73AFE7B689B6A184600F001FD0346DD
:10681000002B01D00123F6E200F0C2FC0346A74A98
:106820001360A74B1B681846FAF7E6F90346FB749A
:10683000FB7C002B47D0FB7CE5E27B681B6A002BCE
:106840002CD0FFF7C6FDFAF7E1F9786108E0FAF716
:10685000DDF902467B69D31A022B01D90323D2E268
:10686000FFF7D3FD0346002BF1D04FF0B0431B6878
:106870004FF0B04243F0080313604FF0B0431B6881
:1068800023F0F0027B689B6A4FF0B04113430B602A
:106890007B685B6A1846FFF7EFFD15E0FFF7A7FD81
:1068A000FAF7B4F9786108E0FAF7B0F902467B69C3
:1068B000D31A022B01D90323A5E2FFF7A6FD034655
:1068C000002BF1D100E000BF7B681B6803F00103DF
:1068D000002B58D0FB69082B05D0FB690C2B08D185
:1068E000BB69032B05D17B685B68002B4BD101236F
:1068F00089E24FF0B0431B6823F480127B689B68E9
:106900004FF0B04113430B607B685B68B3F5803F89
:1069100002D1FFF7AEFC0DE07B685B68B3F5041FA6
:1069200004D1FFF779FCFFF7A4FC03E0FFF7AFFC0D
:10693000FFF780FC7B685B68002B12D0FAF766F9E2
:10694000786108E0FAF762F902467B69D31A642B92
:1069500001D9032357E2FFF7A8FC0346002BF1D02F
:1069600011E0FAF753F9786108E0FAF74FF90246B7
:106970007B69D31A642B01D9032344E2FFF795FC0A
:106980000346002BF1D17B681B6803F00203002B48
:1069900046D0FB69042B05D0FB690C2B0ED1BB69DB
:1069A000022B0BD17B681B69002B01D101232AE24A
:1069B0007B685B691846FFF7B6FC31E07B681B69B2
:1069C000002B19D0FFF782FCFAF720F9786108E074
:1069D000FAF71CF902467B69D31A022B01D903236B
:1069E00011E2FFF78FFC0346002BF1D07B685B6957
:1069F0001846FFF798FC13E0FFF776FCFAF706F964
:106A0000786108E0FAF702F902467B69D31A022B93
:106A100001D90323F7E1FFF775FC0346002BF1D101
:106A20007B681B6803F00803002B6ED07B689B69B2
:106A3000002B56D04FF0B043D3F89430FB607B6806
:106A4000DA69FB6803F010039A4231D0FB6803F067
:106A50000203002B06D0FB6803F00103002B01D1D9
:106A60000123D0E1FB6803F00103002B13D0FFF7F3
:106A70008FFCFAF7CBF8786108E0FAF7C7F802461E
:106A80007B69D31A112B01D90323BCE1FFF790FCDA
:106A90000346002BF1D14FF0B043D3F8943023F0EC
:106AA00010027B68DB694FF0B0411343C1F89430AA
:106AB000FFF75EFCFAF7AAF878610CE0B40000205A
:106AC000B8000020FAF7A2F802467B69D31A112B0E
:106AD00001D9032397E1FFF76BFC0346002BF1D0AC
:106AE00013E0FFF755FCFAF791F8786108E0FAF740
:106AF0008DF802467B69D31A112B01D9032382E159
:106B0000FFF756FC0346002BF1D17B681B6803F0AE
:106B10000403002B00F0D880FFF76CFB0346002B2A
:106B200013D1FFF74DFBFAF771F8786108E0FAF737
:106B30006DF802467B69D31A022B01D9032362E167
:106B4000FFF758FB0346002BF1D07B68DB68002B76
:106B50007BD07B68DB68852B03D07B68DB68052BEB
:106B600009D14FF0B043D3F890304FF0B04243F02A
:106B70000403C2F89030FAF749F878614FF0B04357
:106B8000D3F890304FF0B04243F00103C2F8903098
:106B90000AE0FAF73BF802467B69D31A41F28832E1
:106BA000934201D903232EE1FFF7D1FB0346002BCB
:106BB000EFD07B68DB68812B03D07B68DB68852B9B
:106BC00021D1FAF723F878614FF0B043D3F8903031
:106BD0004FF0B04243F08003C2F890300AE0FAF779
:106BE00015F802467B69D31A41F28832934201D9E3
:106BF000032308E14FF0B043D3F8903003F400636F
:106C0000002BECD060E0FAF701F878614FF0B04368
:106C1000D3F890304FF0B04223F08003C2F89030A8
:106C20000AE0F9F7F3FF02467B69D31A41F2883292
:106C3000934201D90323E6E04FF0B043D3F89030FC
:106C400003F40063002BECD13EE0F9F7DFFF78613D
:106C50004FF0B043D3F890304FF0B04223F08003B0
:106C6000C2F890300AE0F9F7D1FF02467B69D31AE7
:106C700041F28832934201D90323C4E04FF0B0437C
:106C8000D3F8903003F40063002BECD1F9F7BEFF8A
:106C900078614FF0B043D3F890304FF0B04223F01A
:106CA0000103C2F890300AE0F9F7B0FF02467B69B1
:106CB000D31A41F28832934201D90323A3E0FFF7AC
:106CC00046FB0346002BEFD17B68DB6A002B00F00C
:106CD0009980FB690C2B6CD07B68DB6A022B4BD153
:106CE000FFF787FCF9F792FF786108E0F9F78EFF6C
:106CF00002467B69D31A0A2B01D9032383E0FFF7ED
:106D000086FC0346002BF1D14FF0B043DA68404BCC
:106D100013407A68116B7A68526B11437A68926BF0
:106D2000120211437A68D26B11437A68126C1143D4
:106D30007A68526C0A434FF0B0411343CB60FFF7BF
:106D40004AFC4FF0B043DB684FF0B04243F0805351
:106D5000D360F9F75BFF786108E0F9F757FF024667
:106D60007B69D31A0A2B01D903234CE0FFF74FFCB0
:106D70000346002BF1D045E0FFF73BFCF9F746FF57
:106D8000786108E0F9F742FF02467B69D31A0A2BC3
:106D900001D9032337E0FFF73AFC0346002BF1D17A
:106DA0004FF0B043DA684FF0B0411A4B1340CB605C
:106DB00028E07B68DB6A012B01D1012323E04FF03F
:106DC000B043DB68BB61BB6903F003027B681B6BEC
:106DD0009A4215D1BB6903F070027B685B6B9A42E3
:106DE0000ED1BB6903F4FE427B689B6B1B029A4287
:106DF00006D1BB6903F060427B685B6C9A4201D0AC
:106E0000012300E0002318462037BD4680BD00BFA7
:106E10008C80C111FCFFFEEE80B584B000AF7860BD
:106E200039607B68002B01D101230FE1894B1B687E
:106E300003F007033A689A421BD9864B1B6823F07C
:106E4000070284493B6813430B60F9F7DFFEF860E3
:106E500008E0F9F7DBFE0246FB68D31A022B01D9E2
:106E60000323F3E07B4B1B6803F007033A689A4265
:106E7000EFD17B681B6803F00203002B16D07B6800
:106E80009B681846FFF72AFBF9F7C0FEF86008E098
:106E9000F9F7BCFE0246FB68D31A022B01D9032383
:106EA000D4E0FFF7F2FB0346002BF1D07B681B68B0
:106EB00003F04003002B16D07B685B691846FFF790
:106EC00020FBF9F7A3FEF86008E0F9F79FFE024601
:106ED000FB68D31A022B01D90323B7E0FFF7E6FBC7
:106EE0000346002BF1D07B681B6803F00403002BE2
:106EF00016D07B68DB681846FFF719FBF9F786FEAA
:106F0000F86008E0F9F782FE0246FB68D31A022B0C
:106F100001D903239AE0FFF7DBFB0346002BF1D0F6
:106F20007B681B6803F00803002B17D07B681B6984
:106F3000DB001846FFF70EFBF9F768FEF86008E083
:106F4000F9F764FE0246FB68D31A022B01D903232A
:106F50007CE0FFF7CEFB0346002BF1D07B681B687B
:106F600003F00103002B43D07B685B68022B06D142
:106F7000FFF79BF90346002B1ED1012366E07B68D7
:106F80005B68032B06D1FFF742FB0346002B13D1AE
:106F900001235BE07B685B68002B06D1FFF735FAC5
:106FA0000346002B08D1012350E0FFF7ABF903465D
:106FB000002B01D1012349E07B685B681846FFF78D
:106FC0006FFAF9F723FEF8600AE0F9F71FFE0246B0
:106FD000FB68D31A41F28832934201D9032335E08A
:106FE000FFF771FA02467B685B689B009A42ECD11E
:106FF000184B1B6803F007033A689A421BD2154BE3
:107000001B6823F0070213493B6813430B60F9F731
:10701000FDFDF86008E0F9F7F9FD0246FB68D31AB8
:10702000022B01D9032311E00A4B1B6803F007036D
:107030003A689A42EFD100F0B3F80346064A13606B
:10704000064B1B681846F9F7D7FD0346184610375C
:10705000BD4680BD00400058B4000020B8000020AC
:1070600090B587B000AF00237B6100233B61FFF741
:107070002AFAB860FFF7FEFA7860BB68002B05D0EB
:10708000BB680C2B39D17B68012B36D1FFF7CDF9CA
:107090000346002B15D1FFF7C8F90346012B06D193
:1070A000FFF7D3F903461B0A03F00F0305E0FFF7D0
:1070B000D7F903461B0A03F00F03364A52F8233070
:1070C00014E0FFF7B2F90346012B06D1FFF7BDF933
:1070D00003461B0903F00F0305E0FFF7C1F9034660
:1070E0001B0903F00F032B4A52F823303B61BB68A6
:1070F000002B15D13B697B6112E0BB68042B02D1E8
:10710000254B7B610CE0BB68082B09D1FFF7A0F889
:107110000346012B02D1204B7B6101E01F4B7B61B9
:10712000FFF7D1F903460C2B2FD1FFF7A3FA7860B4
:107130007B68022B03D07B68032B03D00DE0164B3A
:10714000FB600DE0FFF784F80346012B02D1124BE0
:10715000FB6005E0114BFB6002E03B69FB6000BF98
:10716000FFF766FA0246FB6803FB02F4FFF777FAC3
:1071700003461B090133B4FBF3F4FFF765FA03463A
:107180005B0F0133B4FBF3F37B617B6918461C375B
:10719000BD4690BD786301080024F4000048E80172
:1071A00098B500AFFFF75CFF0446FFF7E6F903462A
:1071B0001B0903F00F03034A52F82330B4FBF3F327
:1071C000184698BD1863010898B500AFFFF7E8FFAF
:1071D0000446FFF7EAF903461B0A034A52F8233034
:1071E00024FA03F3184698BD5863010898B500AF18
:1071F000FFF7D6FF0446FFF7E3F90346DB0A034A2D
:1072000052F8233024FA03F3184698BD5863010856
:1072100090B585B000AF78607B681B0903F00F0361
:10722000104A52F82330FB60FFF7B2F903461B09FE
:1072300003F00F030C4A52F82330FA68B2FBF3F361
:10724000BB60BB68094AA2FB03239C0CFEF7C6FF88
:1072500003461946204600F00BF80346184614373B
:10726000BD4690BD786301081863010883DE1B43A7
:1072700080B58EB000AF786039603A4A07F12003DC
:1072800092E80300186004331980374A07F11803A5
:1072900092E80300186004331980344A07F10C03A4
:1072A00007CA83E8070000237B633B68B3F5007FD0
:1072B0001BD100233B6314E03B6B5B0038333B4442
:1072C00033F8183C1A467B68934207D83B6B9B0007
:1072D00038333B4453F82C3C7B6321E03B6B013358
:1072E0003B633B6B022BE7D91AE00023FB6214E0FF
:1072F000FB6A5B0038333B4433F8203C1A467B681A
:10730000934207D8FB6A9B0038333B4453F82C3C2C
:107310007B6305E0FB6A0133FB62FB6A022BE7D962
:10732000134B1B6823F0070211497B6B13430B605F
:10733000F9F76CFCB86208E0F9F768FC0246BB6A32
:10734000D31A022B01D9032307E0094B1B6803F072
:1073500007037A6B9A42EFD1002318463837BD46AF
:1073600080BD00BF785D0108805D0108885D01086F
:107370000040005880B400AF4FF0B043D3F89030D5
:1073800003F00203022B01D1012300E00023184681
:10739000BD4680BC704780B483B000AF78604FF0CA
:1073A000B043D3F888207B681B0CDB431A407B6812
:1073B0009BB24FF0B0411343C1F8883000BF0C3787
:1073C000BD4680BC704780B483B000AF78604FF09A
:1073D000B043D3F8883023F440724FF0B0417B685B
:1073E0001343C1F8883000BF0C37BD4680BC7047DE
:1073F00080B483B000AF78604FF0B043D3F88830EA
:1074000023F440624FF0B0417B681343C1F88830E9
:1074100000BF0C37BD4680BC704780B483B000AF5E
:1074200078604FF0B043D3F888207B681B0903F4E1
:107430007F23DB431A407B681B0103F47F234FF05B
:10744000B0411343C1F8883000BF0C37BD4680BC43
:10745000704780B483B000AF78604FF0B043D3F88A
:1074600088207B681B0C1B04DB431A407B681B04D1
:107470004FF0B0411343C1F8883000BF0C37BD4610
:1074800080BC704780B483B000AF78604FF0B043E9
:10749000D3F8883023F040424FF0B0417B6813436B
:1074A000C1F8883000BF0C37BD4680BC704780B43F
:1074B00083B000AF78604FF0B043D3F8883023F04A
:1074C00040524FF0B0417B681343C1F8883000BF91
:1074D0000C37BD4680BC704780B483B000AF786085
:1074E0004FF0B043D3F8903023F440724FF0B041E6
:1074F0007B681343C1F8903000BF0C37BD4680BC99
:10750000704780B400AF4FF0B043D3F8903003F42D
:1075100040731846BD4680BC704780B400AF4FF042
:10752000B043D3F890304FF0B04243F48033C2F808
:10753000903000BFBD4680BC704780B400AF4FF0B4
:10754000B043D3F890304FF0B04223F48033C2F808
:10755000903000BFBD4680BC7047000080B586B04B
:1075600000AF786000237B610023FB740023BB74B1
:107570007B681B6803F48033002B58D0FEF720FE95
:10758000F9F744FBF86009E0F9F740FB0246FB68B5
:10759000D31A022B02D90323FB7406E07B4B1B6832
:1075A00003F48073B3F5807FEED1FB7C002B3CD1DC
:1075B000FFF7A7FF02467B685B6B9A420FD04FF044
:1075C000B043D3F8903023F440737B61FFF7A5FFFD
:1075D000FFF7B3FF4FF0B0427B69C2F890307B6990
:1075E00003F00203002B14D0F9F710FBF8600BE056
:1075F000F9F70CFB0246FB68D31A41F2883293423A
:1076000002D90323FB7404E0FFF7B4FE0346012B09
:10761000EED1FB7C002B05D17B685B6B1846FFF736
:107620005BFF04E0FB7CBB7401E0FB7CBB747B680C
:107630001B6803F00103002B04D07B685B681846CD
:10764000FFF7A9FE7B681B6803F00203002B04D040
:107650007B689B681846FFF79EFE7B681B6803F0FB
:107660002003002B04D07B681B691846FFF7C0FE7F
:107670007B681B6803F40073002B04D07B681B6AD3
:107680001846FFF7E6FE7B681B6803F48063002B57
:1076900004D07B685B6A1846FFF7DBFE7B681B68DB
:1076A00003F40063002B04D07B689B6A1846FFF745
:1076B000D0FE7B681B6803F04003002B04D07B687E
:1076C0005B691846FFF7A9FE7B681B6803F080031F
:1076D000002B04D07B689B691846FFF79EFE7B68F1
:1076E0001B6803F48073002B04D07B68DB691846A9
:1076F000FFF793FE7B681B6803F01003002B11D08B
:107700007B68DB681846FFF75EFE7B68DB68B3F5D5
:10771000807F07D14FF0B043DB684FF0B04243F0B9
:107720008073D3607B681B6803F40043002B10D088
:107730007B681B6B1846FFF7A5FE7B681B6B002B55
:1077400007D14FF0B043DB684FF0B04243F0807395
:10775000D3607B681B6803F48043002B11D07B68E7
:10776000DB6A1846FFF7A3FE7B68DB6AB3F1005FB4
:1077700007D14FF0B043DB684FF0B04243F48033A1
:10778000D360BB7C18461837BD4680BD0004005846
:1077900080B584B000AF78600123FB737B68002B59
:1077A00071D07B6893F82D30DBB2002B06D17B685B
:1077B000002283F82C207868F9F7AEF87B68022263
:1077C00083F82D20324BDB6803F01003102B51D0CF
:1077D0002F4BCA225A622E4B53225A62786800F00D
:1077E00011FA0346FB73FB7B002B3FD1284B9B69AF
:1077F000274A23F08E6323F040039361244B9A6958
:107800007B6859687B681B6919437B689B690B43DC
:107810001F4913438B617B68DA687B689B681B0494
:107820001B4913430B611A4BDB6823F4F8527B6846
:10783000596A7B689B6A0B4315491343CB60786890
:1078400000F014FA0346FB73FB7B002B0ED1104BA8
:107850009B6923F060427B68196A7B68DB69194386
:107860007B685B690B430A4913438B61084BFF221A
:107870005A6201E00023FB73FB7B002B03D17B6882
:10788000012283F82D20FB7B18461037BD4680BDB2
:107890000028004090B587B000AFF860B9607A600A
:1078A00000237B61FB6893F82C30012B01D102236C
:1078B000F3E0FB68012283F82C20FB68022283F8A6
:1078C0002D20784BDB6803F440733B613B69B3F5D3
:1078D000807F6AD07B68002B3AD1724B9B6903F0A2
:1078E0004003002B02D1BB680022DA70BB685B69E1
:1078F000B3F1004FBB681B78184600F0F5F903465A
:107900001C04BB685B78184600F0EEF903461B02C6
:107910001C43BB689B78184600F0E6F9034644EA2E
:107920000302BB68DB789B0542EA0304BB6893F85B
:107930002430184600F0D8F903461B0644EA030237
:10794000BB681B6A1A43BB685B6913437B612CE00D
:10795000BB685B69B3F1803F0DD0BB685B69B3F571
:10796000000F08D04F4B9B6903F04003002B02D15E
:10797000BB680022DA70BB681B781A04BB685B78AE
:107980001B021343BA6892781A43BB68DB789B05E5
:107990001A43BB6893F824301B061A43BB681B6A62
:1079A0001A43BB685B6913437B613E4BCA225A6230
:1079B0003C4B53225A62BB689B6AB3F5807F2CD143
:1079C000384B9B69374A23F488539361354B012226
:1079D000DA653B69B3F5807F07D1BB689A69BB68FC
:1079E000DB69304913434B6406E02E4A7B6913641C
:1079F0002C4ABB689B6953642A4ABB685B6813675F
:107A0000FB681B6B43F00102FB681A63254B9B6903
:107A1000244A43F4885393612BE0224B9B69214A0B
:107A200023F4085393611F4B0222DA653B69B3F5D7
:107A3000807F07D1BB689A69BB68DB69194913432A
:107A4000CB6406E0174A7B699364164ABB689B695E
:107A5000D364144ABB685B685367FB681B6B43F0D5
:107A60000202FB681A630F4B9B690E4A43F40853EA
:107A700093610D4BD3F880300B4A43F40033C2F8C6
:107A80008030084BFF225A62FB68012283F82D20C8
:107A9000FB68002283F82C20002318461C37BD46C3
:107AA00090BD00BF002800400008005880B483B09B
:107AB00000AF786039607B6893F82C30012B01D1DE
:107AC000022348E07B68012283F82C207B68022295
:107AD00083F82D20224BCA225A62214B53225A622C
:107AE0003B68B3F5807F15D11D4B9B691C4A23F47D
:107AF000885393611A4B5B6C194A23F0004353641B
:107B00007B681B6B23F001027B681A63144B012214
:107B1000DA6514E0124B9B69114A23F40853936110
:107B20000F4BDB6C0E4A23F00043D3647B681B6B66
:107B300023F002027B681A63094B0222DA65084BC4
:107B4000FF225A627B68012283F82D207B68002285
:107B500083F82C20002318460C37BD4680BC7047A4
:107B60000028004080B584B000AF7860114B5A6D9A
:107B70007B681B6B1340FB60FB6803F00103002B69
:107B800005D00C4B0122DA657868F9F7A0FAFB689A
:107B900003F00203002B05D0064B0222DA65786859
:107BA00000F04AF97B68012283F82D2000BF1037CE
:107BB000BD4680BD0028004080B584B000AF78602D
:107BC0000F4BDB680E4A23F02003D360F9F71EF851
:107BD000F86009E0F9F71AF80246FB68D31AB3F522
:107BE0007A7F01D9032306E0054BDB6803F020030D
:107BF000002BEFD0002318461037BD4680BD00BFD4
:107C00000028004080B584B000AF78600023FB738B
:107C1000154BDB6803F04003002B20D1124BDB68CF
:107C2000114A43F08003D360F8F7F0FFB8600DE02D
:107C3000F8F7ECFF0246BB68D31AB3F57A7F05D993
:107C40000323FB737B68032283F82D20064BDB683C
:107C500003F04003002B02D1FB7B032BE8D1FB7B1D
:107C600018461037BD4680BD0028004080B584B05E
:107C700000AF78600023FB731A4BDB68194A23F0CE
:107C80008003D360174B9B6903F02003002B0CD1BA
:107C90007868FFF791FF0346002B1ED07B68032214
:107CA00083F82D200323FB7317E00E4B9B690D4ACD
:107CB00023F0200393617868FFF77EFF0346002BD3
:107CC00005D07B68032283F82D200323FB73054B2B
:107CD0009B69044A43F020039361FB7B18461037ED
:107CE000BD4680BD0028004080B485B000AF03468B
:107CF000FB710023FB60FB79FB7205E0FB6801333D
:107D0000FB60FB7A0A3BFB72FB7A092BF6D8FB6817
:107D1000DBB21B01DAB2FB7A1343DBB2184614372D
:107D2000BD4680BC7047000080B483B000AF78606F
:107D30007B6893F82C30012B01D102231FE07B6874
:107D4000012283F82C207B68022283F82D200E4B21
:107D5000CA225A620C4B53225A620B4B9B690A4A45
:107D600043F020039361084BFF225A627B68012293
:107D700083F82D207B68002283F82C2000231846EE
:107D80000C37BD4680BC70470028004080B483B0EB
:107D900000AF78607B6893F82C30012B01D102236F
:107DA00027E07B68012283F82C207B68022283F87D
:107DB0002D20124BCA225A62104B53225A620F4B8B
:107DC0009B690E4A43F0800393610D4BD3F88030DA
:107DD0000B4A43F48023C2F88030084BFF225A62DA
:107DE0007B68012283F82D207B68002283F82C20F9
:107DF000002318460C37BD4680BC70470028004061
:107E00000008005880B582B000AF7860094B5B6D08
:107E100003F04003002B05D0064B4022DA6578685A
:107E2000F9F75FF97B68012283F82D2000BF08373E
:107E3000BD4680BD0028004080B483B000AF7860AC
:107E400000BF0C37BD4680BC7047000080B487B0CF
:107E500000AFF860B9607A60074B7B61BB689B003C
:107E60007A6913447B617B697A681A6000BF1C37AA
:107E7000BD4680BC704700BF00B1004080B485B0F3
:107E800000AF78603960074BFB603B689B00FA6885
:107E90001344FB60FB681B6818461437BD4680BC62
:107EA000704700BF00B1004080B483B000AF78607D
:107EB000064B9B6823F4006204497B6813438B6084
:107EC00000BF0C37BD4680BC704700BF000400589F
:107ED00080B400AF054BD3F89030044A43F400431C
:107EE000C2F8903000BFBD4680BC70470004005807
:107EF00080B400AF054BD3F89030044A23F400431C
:107F0000C2F8903000BFBD4680BC704700040058E6
:107F100080B400AF034B4FF400629A6100BFBD46CE
:107F200080BC70470004005880B400AF064B5B690A
:107F300003F00203022B01D1012300E000231846C5
:107F4000BD4680BC704700BF0004005880B400AF3D
:107F5000064B5B6903F00403042B01D1012300E00D
:107F600000231846BD4680BC704700BF000400587F
:107F700080B400AF4FF0B043D3F894304FF0B0422C
:107F800023F40043C2F8943000BFBD4680BC704764
:107F900080B400AF4FF0B043D3F8943003F4804383
:107FA000B3F5804F01D1012300E000231846BD4600
:107FB00080BC704780B483B000AF7860064BD3F8C4
:107FC000902005497B681343C1F8903000BF0C37FF
:107FD000BD4680BC704700BF0008005880B584B023
:107FE00000AF78607B68002B03D10123FB73FB7B20
:107FF00052E00023FB737B689B79BB73BB7B002B38
:1080000002D0BB7B032B09D17B6800225A717868B0
:10801000F8F766FD4FF48050FFF7CCFFBB7B002BD9
:1080200026D17B6802229A71FFF7A2FF1C4B1A68C7
:108030001346DB009B1A9B00DB0C642202FB03F35C
:10804000BB60BB68002B05D10123FB737B68012259
:108050009A6007E0BB68013BBB60FFF799FF0346EE
:10806000002BEED1FFF734FF4FF40060FFF71CFF49
:10807000FFF74EFFFB7B002B0AD17B681B6818467D
:1080800000F0B6FA7B6801221A717B6800229A60C0
:108090007B6801229A71FB7B18461037BD4680BD74
:1080A000B400002080B586B000AFF8607A601A4650
:1080B0000B467B8113463B81FB689B79DBB2012B2E
:1080C0004AD1FB685B79012B01D1022345E0FB68B3
:1080D00001225A71FB6802229A71F86800F056FB7F
:1080E000FFF706FF0D21F86800F0A2FA7B891B0A52
:1080F0009BB2DBB21946F86800F09AFA7B89DBB2D2
:108100001946F86800F094FA0023BB820AE0BB8AA3
:108110007A6813441B781946F86800F089FABB8A1C
:108120000133BB82BA8A3B899A42F0D3FFF7D0FE73
:10813000F86800F04FFBFB689B68002B02D001231E
:10814000FB7501E00023FB75FB6801229A71FB6857
:1081500000225A71FB7D00E0022318461837BD4605
:1081600080BD80B588B000AFF8607A601A460B46D3
:108170007B8113463B817B68BB61FB689B79DBB2EB
:10818000012B4AD1FB685B79012B01D1022345E029
:10819000FB6801225A71F86800F0F8FAFFF7A8FEB0
:1081A0001D21F86800F044FA7B891B0A9BB2DBB200
:1081B0001946F86800F03CFA7B89DBB21946F8688A
:1081C00000F036FA0021F86800F032FA0023FB8252
:1081D00009E0B969F86800F081FABB690133BB6155
:1081E000FB8A0133FB82FA8A3B899A42F1D3FFF77B
:1081F0006FFEF86800F0EEFAFB689B68002B02D077
:108200000123FB7701E00023FB77FB6801229A71D1
:10821000FB6800225A71FB7F00E0022318462037DA
:10822000BD4680BD80B586B000AFF8607A601A4662
:108230000B46FB7213463B81FB689B79DBB2012B3B
:108240004AD1FB685B79012B01D1022345E0FB6831
:1082500001225A71F86800F099FAFB7A842B02D057
:10826000FB7A942B03D1FB6801221A7102E0FB68B0
:1082700000221A71FFF73CFEFB7A1946F86800F0FD
:10828000D7F90023BB820AE0BB8A7A6813441B78C3
:108290001946F86800F0CCF9BB8A0133BB82BA8A70
:1082A0003B899A42F0D3FFF713FEFB7A842B02D06E
:1082B000F86800F08FFAFB689B68002B02D001235E
:1082C000FB7501E00023FB75FB6801229A71FB68D6
:1082D00000225A71FB7D00E0022318461837BD4684
:1082E00080BD80B588B000AFF8607A601A460B4652
:1082F000FB7213463B817B68BB61FB689B79DBB2F9
:10830000012B3DD1FB685B79012B01D1022338E0C1
:10831000FB6801225A71F86800F038FAFFF7E8FDAF
:10832000FB7A1946F86800F083F90021F86800F03C
:108330007FF90023FB8209E0B969F86800F0CEF903
:10834000BB690133BB61FB8A0133FB82FA8A3B893B
:108350009A42F1D3FFF7BCFDF86800F03BFAFB68E6
:108360009B68002B02D00123FB7701E00023FB7701
:10837000FB6801229A71FB6800225A71FB7F00E0C2
:10838000022318462037BD4680BD80B586B000AFB9
:10839000F8607A601A460B46FB7213463B81FB6815
:1083A0009B79DBB2012B3ED1FB685B79012B01D1BC
:1083B000022339E0FB6801225A71F86800F0E6F9FF
:1083C000FFF796FD0E21F86800F032F9FB7A1946A6
:1083D000F86800F02DF90023BB820AE0BB8A7A68B6
:1083E00013441B781946F86800F022F9BB8A013360
:1083F000BB82BA8A3B899A42F0D3FFF769FDF868DD
:1084000000F0E8F9FB689B68002B02D00123FB75A4
:1084100001E00023FB75FB6801229A71FB680022D2
:108420005A71FB7D00E0022318461837BD4680BD17
:1084300080B588B000AFF8607A601A460B46FB72D0
:1084400013463B817B68BB61FB689B79DBB2012BE8
:1084500041D1FB685B79012B01D102233CE0FB6831
:1084600001225A71F86800F091F9FFF741FD1E21D1
:10847000F86800F0DDF8FB7A1946F86800F0D8F8E3
:108480000021F86800F0D4F80023FB8209E0B96904
:10849000F86800F023F9BB690133BB61FB8A013343
:1084A000FB82FA8A3B899A42F1D3FFF711FDF86803
:1084B00000F090F9FB689B68002B02D00123FB774A
:1084C00001E00023FB77FB6801229A71FB68002220
:1084D0005A71FB7F00E0022318462037BD4680BD5D
:1084E00080B584B000AF78600023BB8107F10C0237
:1084F000022312217868FFF7F4FE3B7BFB81B7F97A
:108500000E301B021AB27B7B1BB213431BB2FB81E2
:1085100007F10C02022302217868FFF783FEFB8932
:1085200003F00103002B02D0786809F097FCFB8967
:108530005B0803F00103002B02D0786809F09CFC73
:10854000FB899B0803F00103002B02D0786809F037
:10855000EBFCFB89DB0803F00103002B02D07868F9
:1085600009F0F0FCFB891B0903F00103002B02D08A
:10857000786809F0F5FCFB895B0903F00103002B27
:1085800002D0786809F0C2FCFB899B0903F0010363
:10859000002B02D0786809F07DFCFB89DB0903F031
:1085A0000103002B0ED0FB891B0A03F00103002BF3
:1085B00004D00121786809F07BFC03E00021786891
:1085C00009F076FCFB895B0A03F00103002B02D063
:1085D000786809F08BFCFB899B0B03F00103002BEF
:1085E00002D0786809F0CAFC00BF1037BD4680BDD4
:1085F00080B483B000AF78600C4B1B680B4A23F04B
:1086000040031360094A7B6843F441731360074BCE
:108610004FF4B8525A60054B1B68044A43F04003BC
:10862000136000BF0C37BD4680BC70470000015886
:1086300080B487B000AF78600B46FB700023FB75F9
:10864000234B1A681346DB009B1A9B00DB0C642249
:1086500002FB03F3FB60FB68002B05D10123FB75D4
:108660007B6801229A6008E0FB68013BFB60194BC4
:108670009B6803F00203022BEDD1174B3B613B6972
:10868000FA781A70124B1A681346DB009B1A9B008B
:10869000DB0C642202FB03F3FB60FB68002B05D1BB
:1086A0000123FB757B6801229A6008E0FB68013BAF
:1086B000FB60084B9B6803F00103012BEDD1054BD8
:1086C000DB68FB7D18461C37BD4680BC704700BF89
:1086D000B4000020000001580C00015880B487B09D
:1086E00000AF786039600023FB75254B1A6813468C
:1086F000DB009B1A9B00DB0C642202FB03F3FB6094
:10870000FB68002B05D10123FB757B6801229A6071
:1087100008E0FB68013BFB601A4B9B6803F0020317
:10872000022BEDD1184B3B613B69FF221A70144BB1
:108730001A681346DB009B1A9B00DB0C642202FBC9
:1087400003F3FB60FB68002B05D10123FB757B68FD
:1087500001229A6008E0FB68013BFB60094B9B68C3
:1087600003F00103012BEDD1064BDB68DAB23B6865
:108770001A70FB7D18461C37BD4680BC704700BF91
:10878000B4000020000001580C00015880B584B0EE
:1087900000AF78607B681B79012B11D10C4B1A68F4
:1087A00013465B001344DB001B0CFB60FFF7A0FBD0
:1087B000FB68013BFB60FB68002BF9D1FFF788FBEE
:1087C000786800F007F8034618461037BD4680BDAC
:1087D000B400002080B586B000AF78600023FB7540
:1087E000124B1A6813465B001344DB001B0D642216
:1087F00002FB03F3FB60FFF7A9FB3861FB68002B6A
:1088000005D10123FB757B6802229A6009E0FB68B1
:10881000013BFB60FFF788FB02463B691340012BDD
:10882000E9D0FB7D18461837BD4680BDB400002056
:1088300080B483B000AF78604FF0B043D3F88820A5
:108840007B681A407B681B04134318460C37BD46EF
:1088500080BC704780B483B000AF78604FF0B04305
:10886000D3F888207B68134018460C37BD4680BC7F
:108870007047000080B582B000AF78607B68002B45
:1088800001D1012350E07B68D3F88830002B14D14C
:108890007B68002283F88420786800F033FE7B68D0
:1088A000D3F8C430002B03D17B68214AC3F8C4201D
:1088B0007B68D3F8C430786898477B682422C3F873
:1088C00088207B681B681A687B681B6822F001029D
:1088D0001A60786800F068FE0346012B01D101237D
:1088E00022E07B689B6A002B02D0786801F0D0F808
:1088F0007B681B685A687B681B6822F490425A6048
:108900007B681B689A687B681B6822F02A029A6061
:108910007B681B681A687B681B6842F001021A605A
:10892000786801F056F9034618460837BD4680BD01
:108930009914000880B487B000AFF8600B467A60E5
:10894000FB720023FB757B68002B09D1FB68D3F811
:10895000903043F04002FB68C3F8902001239CE074
:10896000FB68D3F88830202B6CD1FB7A0C2B5ED8B7
:1089700001A252F823F000BFAD890008B7890008B2
:10898000C1890008CB890008D5890008DF89000863
:10899000E9890008F3890008FD890008078A0008B2
:1089A000118A00081B8A0008258A0008FB687A687B
:1089B000C3F8942070E0FB687A68C3F898206BE0F5
:1089C000FB687A68C3F89C2066E0FB687A68C3F8A5
:1089D000A02061E0FB687A68C3F8A4205CE0FB6833
:1089E0007A68C3F8A82057E0FB687A68C3F8AC201F
:1089F00052E0FB687A68C3F8B0204DE0FB687A6803
:108A0000C3F8B42048E0FB687A68C3F8B82043E0B4
:108A1000FB687A68C3F8BC203EE0FB687A68C3F85C
:108A2000C42039E0FB687A68C3F8C82034E0FB68EA
:108A3000D3F8903043F04002FB68C3F89020012344
:108A4000FB7529E0FB68D3F88830002B1AD1FB7A3C
:108A50000B2B02D00C2B05D009E0FB687A68C3F819
:108A6000C42019E0FB687A68C3F8C82014E0FB68EA
:108A7000D3F8903043F04002FB68C3F89020012304
:108A8000FB7509E0FB68D3F8903043F04002FB68C7
:108A9000C3F890200123FB75FB7D18461C37BD46AB
:108AA00080BC704780B485B000AF78603960002327
:108AB000FB733B68002B09D17B68D3F8903043F0FF
:108AC00040027B68C3F89020012323E07B6893F881
:108AD0008430012B01D102231CE07B68012283F842
:108AE00084207B68D3F88830202B04D17B683A68D7
:108AF000C3F8C02009E07B68D3F8903043F040020F
:108B00007B68C3F890200123FB737B68002283F805
:108B10008420FB7B18461437BD4680BC704700009C
:108B200080B491B000AFF860B9601346FB80FB6879
:108B3000D3F88830202B78D1BB68002B02D0FB887B
:108B4000002B01D1012371E0FB68BA681A65FB684C
:108B5000FA88A3F85420FB68FA88A3F85620FB682B
:108B600000229A67FB680022C3F89020FB6821224C
:108B7000C3F88820FB685B6EB3F1005F2AD1FB6805
:108B80009B68B3F5805F07D1FB681B69002B03D19D
:108B9000FB68294A9A6702E0FB68284A9A67FB68E3
:108BA0001B680833BB62BB6A53E8003F7B627B6A89
:108BB00043F40003BB63FB681B680833BA6B7A633A
:108BC0003B63396B7A6B41E80023FB62FB6A002B45
:108BD000E5D128E0FB689B68B3F5805F07D1FB68AF
:108BE0001B69002B03D1FB68154A9A6702E0FB68FA
:108BF000144A9A67FB681B687B617B6953E8003FF6
:108C00003B613B6943F08003FB63FB681B681A46CA
:108C1000FB6B3B62FA61F9693A6A41E80023BB6188
:108C2000BB69002BE6D1002300E00223184644373D
:108C3000BD4680BC704700BF17A8000839A70008D0
:108C400079A60008C3A5000880B58AB000AFF86017
:108C5000B9601346FB80FB68D3F88C30202B37D1EA
:108C6000BB68002B02D0FB88002B01D1012330E030
:108C7000FB680022DA66FB681B68184A93421FD023
:108C8000FB681B685B6803F40003002B18D0FB68CB
:108C90001B687B617B6953E8003F3B613B6943F0A4
:108CA00080637B62FB681B681A467B6A3B62FA61E1
:108CB000F9693A6A41E80023BB61BB69002BE6D140
:108CC000FB881A46B968F86801F09AF8034600E094
:108CD000022318462837BD4680BD00BF00800040F3
:108CE00080B58AB000AFF860B9601346FB80FB68BE
:108CF000D3F88830202B67D1BB68002B02D0FB88CB
:108D0000002B01D1012360E0FB68BA681A65FB689B
:108D1000FA88A3F85420FB68FA88A3F85620FB6869
:108D20000022C3F89020FB682122C3F88820FB684A
:108D3000DB6F002B28D0FB68DB6F264ADA62FB680A
:108D4000DB6F254A1A63FB68DB6F244A5A63FB68B2
:108D5000DB6F00229A63FB68D86FFB681B6D1946B6
:108D6000FB681B6828331A46FB88FCF7CFFB0346D9
:108D7000002B09D0FB681022C3F89020FB6820224A
:108D8000C3F88820012320E0FB681B6840221A6298
:108D9000FB681B6808337B617B6953E8003F3B61DC
:108DA0003B6943F080037B62FB681B6808337A6A87
:108DB0003A62FB61F9693A6A41E80023BB61BB6929
:108DC000002BE5D1002300E0022318462837BD46DA
:108DD00080BD00BFD7A2000875A300080FA500083A
:108DE00080B5BAB000AF78607B681B68DB69C7F8F4
:108DF000E4307B681B681B68C7F8E0307B681B6841
:108E00009B68C7F8DC30D7F8E42040F60F03134026
:108E1000C7F8D830D7F8D830002B1BD1D7F8E430BA
:108E200003F02003002B15D0D7F8E03003F0200327
:108E3000002B05D1D7F8DC3003F08053002B09D08C
:108E40007B685B6F002B00F00F837B685B6F78683B
:108E5000984709E3D7F8D830002B00F04581D7F8C0
:108E6000DC209E4B1340002B06D1D7F8E0209C4B12
:108E70001340002B00F03881D7F8E43003F00103F1
:108E8000002B11D0D7F8E03003F48073002B0BD007
:108E90007B681B6801221A627B68D3F8903043F02C
:108EA00001027B68C3F89020D7F8E43003F0020396
:108EB000002B11D0D7F8DC3003F00103002B0BD0CE
:108EC0007B681B6802221A627B68D3F8903043F0FB
:108ED00004027B68C3F89020D7F8E43003F0040361
:108EE000002B11D0D7F8DC3003F00103002B0BD09E
:108EF0007B681B6804221A627B68D3F8903043F0C9
:108F000002027B68C3F89020D7F8E43003F008032E
:108F1000002B17D0D7F8E03003F02003002B05D149
:108F2000D7F8DC206D4B1340002B0BD07B681B68FF
:108F300008221A627B68D3F8903043F008027B68FD
:108F4000C3F89020D7F8E43003F40063002B12D06C
:108F5000D7F8E03003F08063002B0CD07B681B68EF
:108F60004FF400621A627B68D3F8903043F020021D
:108F70007B68C3F890207B68D3F89030002B00F01A
:108F80007582D7F8E43003F02003002B13D0D7F814
:108F9000E03003F02003002B05D1D7F8DC3003F0DC
:108FA0008053002B07D07B685B6F002B03D07B685E
:108FB0005B6F786898477B68D3F89030C7F8D430F7
:108FC0007B681B689B6803F04003402B05D0D7F8F3
:108FD000D43003F02803002B74D0786801F016F920
:108FE0007B681B689B6803F04003402B64D17B685F
:108FF0001B680833C7F89C30D7F89C3053E8003F13
:10900000C7F89830D7F8983023F04003C7F8D0302D
:109010007B681B680833D7F8D020C7F8A820C7F8AA
:10902000A430D7F8A410D7F8A82041E80023C7F847
:10903000A030D7F8A030002BD9D17B68D3F880308E
:109040001B685B68A7F8CE30B7F8CE30002B0BD08A
:109050007B68B3F85C30B7F8CE209A4204D27B68C4
:10906000B7F8CE20A3F85E207B68D3F8A4307868E8
:1090700098477B68D3F88030002B17D07B68D3F8F3
:109080008030184A9A637B68D3F880301846FCF722
:1090900019FB0346002B1FD07B68D3F880309B6BF5
:1090A0007A68D2F880201046984715E07B68D3F89C
:1090B000A430786898470FE07B68D3F8A4307868CC
:1090C000984709E07B68D3F8A430786898477B68B4
:1090D0000022C3F89020C9E100BFC7E101000010E1
:1090E0002001000493A500087B68DB6E012B40F093
:1090F0005781D7F8E43003F01003002B00F05081C3
:10910000D7F8E03003F01003002B00F049817B68B2
:109110001B6810221A627B681B689B6803F040037F
:10912000402B40F0BD807B68D3F880301B685B68C3
:10913000A7F8BE30B7F8BE30002B00F099817B68ED
:10914000B3F85C30B7F8BE209A4280F091817B681A
:10915000B7F8BE20A3F85E207B68D3F880301B6888
:109160001B6803F02003002B40F087807B681B689E
:10917000C7F88830D7F8883053E8003FC7F8843004
:10918000D7F8843023F48073C7F8B8307B681B6845
:109190001A46D7F8B830C7F89430C7F89020D7F8F7
:1091A0009010D7F8942041E80023C7F88C30D7F806
:1091B0008C30002BDAD17B681B6808337B677B6FB0
:1091C00053E8003F3B673B6F23F00103C7F8B4301F
:1091D0007B681B680833D7F8B420C7F88020FB678A
:1091E000F96FD7F8802041E80023BB67BB6F002BE5
:1091F000E1D17B681B6808333B663B6E53E8003F58
:10920000FB65FB6D23F04003C7F8B0307B681B683B
:109210000833D7F8B020FA66BB66B96EFA6E41E83B
:1092200000237B667B6E002BE3D17B682022C3F892
:109230008C207B680022DA667B681B68FB64FB6C11
:1092400053E8003FBB64BB6C23F01003C7F8AC309D
:109250007B681B681A46D7F8AC30BB657A65796DB8
:10926000BA6D41E800233B653B6D002BE4D17B6880
:10927000D3F880301846FCF7C7F97B6802221A67DA
:109280007B68D3F8C0307A68B2F85C107A68B2F8BC
:109290005E2092B28A1A92B2114678689847E7E047
:1092A0007B68B3F85C207B68B3F85E309BB2D31A5E
:1092B000A7F8CC307B68B3F85E309BB2002B00F08F
:1092C000D980B7F8CC30002B00F0D4807B681B68C5
:1092D000BB63BB6B53E8003F7B637B6B23F49073F2
:1092E000C7F8C8307B681B681A46D7F8C8307B645B
:1092F0003A64396C7A6C41E80023FB63FB6B002B0A
:10930000E4D17B681B6808337B627B6A53E8003FCB
:109310003B623B6A23F0805323F00103C7F8C4305B
:109320007B681B680833D7F8C4203A63FB62F96A8C
:109330003A6B41E80023BB62BB6A002BE1D17B683A
:109340002022C3F88C207B680022DA667B6800222A
:109350005A677B681B683B613B6953E8003FFB60D1
:10936000FB6823F01003C7F8C0307B681B681A46FF
:10937000D7F8C030FB61BA61B969FA6941E80023E6
:109380007B617B69002BE4D17B6802221A677B68D2
:10939000D3F8C030B7F8CC2011467868984769E018
:1093A000D7F8E43003F48013002B10D0D7F8DC306A
:1093B00003F48003002B0AD07B681B684FF48012F3
:1093C0001A627B68D3F8B4307868984755E0D7F8CC
:1093D000E43003F08003002B14D0D7F8E03003F022
:1093E0008003002B05D1D7F8DC3003F40003002BF9
:1093F00008D07B689B6F002B3ED07B689B6F7868A2
:10940000984739E0D7F8E43003F04003002B09D047
:10941000D7F8E03003F04003002B03D0786801F068
:109420006EFA2AE0D7F8E43003F40003002B0BD0E7
:10943000D7F8E03003F08043002B05D07B68D3F8E9
:10944000BC307868984718E0D7F8E43003F08073B0
:10945000002B12D0D7F8E030002B0EDA7B68D3F85F
:10946000B8307868984708E000BF06E000BF04E025
:1094700000BF02E000BF00E000BFE837BD4680BD8E
:1094800080B483B000AF786000BF0C37BD4680BCAD
:10949000704780B483B000AF786000BF0C37BD4622
:1094A00080BC704780B483B000AF786000BF0C37D9
:1094B000BD4680BC704780B483B000AF786000BF09
:1094C0000C37BD4680BC704780B483B000AF786075
:1094D00000BF0C37BD4680BC704780B483B000AF7E
:1094E000786000BF0C37BD4680BC704780B483B045
:1094F00000AF78600B467B8000BF0C37BD4680BC58
:109500007047000080B483B000AF78607B681A4A6F
:10951000C3F894207B68194AC3F898207B68184ADE
:10952000C3F89C207B68174AC3F8A0207B68164AC2
:10953000C3F8A4207B68154AC3F8A8207B68144AA6
:10954000C3F8AC207B68134AC3F8B0207B68124A8A
:10955000C3F8B4207B68114AC3F8B8207B68104A6E
:10956000C3F8BC207B680F4AC3F8C02000BF0C378B
:10957000BD4680BC704700BF81940008F918000800
:109580009394000825190008A5940008B7940008D2
:10959000C9940008DB940008B9B30008CBB30008F5
:1095A000DDB30008ED9400082DE9B04F8CB000AF9A
:1095B0007861002387F82A307B699A687B691B6988
:1095C0001A437B695B691A437B69DB691343FB625E
:1095D0007B691B681A68944B13407A691268F96AB0
:1095E0000B4313607B691B685B6823F440517B6904
:1095F000DA687B691B680A435A607B699B69FB6276
:109600007B691B68894A934204D07B691B6AFA6AAA
:109610001343FB627B691B689B6823F06E4323F452
:1096200030637A691268F96A0B4393607B691B683F
:10963000DB6A23F00F017B695A6A7B691B680A4366
:10964000DA627B691B687A4A934227D10320FFF7CD
:10965000EFF80346A3F54033032B1BD801A252F8C1
:1096600023F000BF75960008859600087D960008D7
:109670008D960008012387F82B3080E0022387F8BD
:109680002B307CE0042387F82B3078E0082387F820
:109690002B3074E0102387F82B3070E07B691B6857
:1096A000644A934238D10C20FFF7C2F80346A3F571
:1096B00040230C2B2CD801A252F823F0F19600087D
:1096C00011970008119700081197000801970008EA
:1096D000119700081197000811970008F9960008E3
:1096E00011970008119700081197000809970008C2
:1096F000002387F82B3042E0022387F82B303EE02E
:10970000042387F82B303AE0082387F82B3036E023
:10971000102387F82B3032E07B691B68434A934261
:109720002AD14FF44060FFF795F80346B3F5406F38
:109730001AD0B3F5406F1BD8B3F5006F0CD0B3F55A
:10974000006F15D8002B03D0B3F5806F08D00FE061
:10975000002387F82B3012E0022387F82B300EE02D
:10976000042387F82B300AE0082387F82B3006E023
:10977000102387F82B3002E0102387F82B307B6909
:109780001B682A4A934240F0A48097F82B30082B9C
:1097900023D801A252F823F0BD970008DB970008F8
:1097A000C5970008DB970008CB970008DB970008F7
:1097B000DB970008DB970008D3970008FDF704FD4E
:1097C000786210E01C4B7B620DE0FDF749FC78628B
:1097D00009E04FF400437B6205E000237B62012334
:1097E00087F82A3000BF7B6A002B00F037817B6945
:1097F0005B6A124A32F813301A467B6AB3FBF2F303
:10980000BB617B695A6813465B001344BA699A428C
:1098100005D37B695B681B03BA699A4210D901239F
:1098200087F82A301AE100BFF369FFCF00800040BB
:1098300000380140004400400024F400B8630108EF
:109840007B6A0022BB60FA607B695B6A8E4A32F8F1
:1098500013309BB200223B607A60D7E90023D7E93E
:109860000201F6F7E5FC02460B46104619464FF09A
:1098700000024FF000030B0243EA10630202796911
:109880004968490800200C46054612EB040843EBE2
:1098900005097B695B6800229A46934652465B46FF
:1098A00040464946F6F7C4FC02460B4613463B6267
:1098B0003B6AB3F5407F08D33B6AB3F5801F04D2FF
:1098C0007B691B683A6ADA60C8E0012387F82A30AE
:1098D000C4E07B69DB69B3F5004F67D197F82B30A3
:1098E000082B28D801A252F823F000BF11990008D4
:1098F000199900082199000837990008279900084C
:109900003799000837990008379900082F990008FF
:10991000FDF75AFC786214E0FDF768FC786210E00D
:109920005A4B7B620DE0FDF79BFB786209E04FF438
:1099300000437B6205E000237B62012387F82A3025
:1099400000BF7B6A002B00F089807B695B6A4E4A0E
:1099500032F813301A467B6AB3FBF2F35A007B6984
:109960005B685B081A447B695B68B2FBF3F33B629C
:109970003B6A0F2B16D93B6AB3F5803F12D23B6A84
:109980009BB223F00F03FB833B6A5B089BB203F09F
:1099900007039AB2FB8B1343FB837B691B68FA8B2B
:1099A000DA605BE0012387F82A3057E097F82B3024
:1099B000082B28D801A252F823F000BFE199000833
:1099C000E9990008F1990008079A0008F79900083A
:1099D000079A0008079A0008079A0008FF990008EC
:1099E000FDF7F2FB786214E0FDF700FC786210E00E
:1099F000264B7B620DE0FDF733FB786209E04FF404
:109A000000437B6205E000237B62012387F82A3054
:109A100000BF7B6A002B21D07B695B6A1A4A32F84F
:109A200013301A467B6AB3FBF2F27B695B685B0812
:109A30001A447B695B68B2FBF3F33B623B6A0F2B12
:109A400009D93B6AB3F5803F05D23B6A9AB27B697C
:109A50001B68DA6002E0012387F82A307B69012263
:109A6000A3F86A207B690122A3F868207B690022A1
:109A70005A677B6900229A6797F82A301846303770
:109A8000BD46BDE8B08F00BFB86301080024F400F4
:109A900080B483B000AF78607B689B6A03F00103F9
:109AA000002B0AD07B681B685B6823F400317B685D
:109AB000DA6A7B681B680A435A607B689B6A03F01A
:109AC0000203002B0AD07B681B685B6823F480319B
:109AD0007B681A6B7B681B680A435A607B689B6AC9
:109AE00003F00403002B0AD07B681B685B6823F437
:109AF00080217B685A6B7B681B680A435A607B68CD
:109B00009B6A03F00803002B0AD07B681B685B6824
:109B100023F400417B689A6B7B681B680A435A6098
:109B20007B689B6A03F01003002B0AD07B681B68DC
:109B30009B6823F480517B68DA6B7B681B680A435F
:109B40009A607B689B6A03F02003002B0AD07B6835
:109B50001B689B6823F400517B681A6C7B681B6848
:109B60000A439A607B689B6A03F04003002B1AD07B
:109B70007B681B685B6823F480117B685A6C7B6888
:109B80001B680A435A607B685B6CB3F5801F0AD17F
:109B90007B681B685B6823F4C0017B689A6C7B68F8
:109BA0001B680A435A607B689B6A03F08003002BA2
:109BB0000AD07B681B685B6823F400217B68DA6C41
:109BC0007B681B680A435A6000BF0C37BD4680BCE7
:109BD000704780B586B002AF78607B680022C3F81A
:109BE0009020F7F713F8F8607B681B681B6803F098
:109BF0000803082B0ED16FF07E430093FB68002210
:109C00004FF40011786800F032F80346002B01D0C1
:109C1000032328E07B681B681B6803F00403042B04
:109C20000ED16FF07E430093FB6800224FF4800159
:109C3000786800F01CF80346002B01D0032312E0E3
:109C40007B682022C3F888207B682022C3F88C2000
:109C50007B680022DA667B6800221A677B68002234
:109C600083F88420002318461037BD4680BD80B598
:109C70009CB000AFF860B9603B601346FB71A9E08F
:109C8000BB6FB3F1FF3F00F0A580F6F7BFFF0246C0
:109C90003B68D31ABA6F9A4202D3BB6F002B40D1F4
:109CA000FB681B683B653B6D53E8003FFB64FB6C46
:109CB00023F4D0737B66FB681B681A467B6EFB65DA
:109CC000BA65B96DFA6D41E800237B657B6D002BA9
:109CD000E6D1FB681B680833FB63FB6B53E8003F6E
:109CE000BB63BB6B23F001033B66FB681B68083357
:109CF0003A6EBA647B64796CBA6C41E800233B64C9
:109D00003B6C002BE5D1FB682022C3F88820FB6860
:109D10002022C3F88C20FB68002283F884200323D0
:109D200069E0FB681B681B6803F00403002B51D03B
:109D3000FB681B68DB6903F40063B3F5006F49D16E
:109D4000FB681B684FF400621A62FB681B68BB6209
:109D5000BB6A53E8003F7B627B6A23F4D073FB66E7
:109D6000FB681B681A46FB6E7B633A63396B7A6B40
:109D700041E80023FB62FB6A002BE6D1FB681B680D
:109D800008337B617B6953E8003F3B613B6923F00B
:109D90000103BB66FB681B680833BA6E3A62FB615D
:109DA000F9693A6A41E80023BB61BB69002BE5D140
:109DB000FB682022C3F88820FB682022C3F88C208F
:109DC000FB682022C3F89020FB68002283F88420DF
:109DD000032310E0FB681B68DA69BB681340BA68AC
:109DE0009A420CBF01230023DBB21A46FB799A4248
:109DF0003FF446AF002318467037BD4680BD0000D3
:109E000080B4A3B000AFF860B9601346FB80FB6874
:109E1000BA689A65FB68FA88A3F85C20FB68FA8840
:109E2000A3F85E20FB6800225A67FB689B68B3F5C5
:109E3000805F0ED1FB681B69002B05D1FB6840F2E7
:109E4000FF12A3F860202DE0FB68FF22A3F860203A
:109E500028E0FB689B68002B0DD1FB681B69002B79
:109E600004D1FB68FF22A3F860201BE0FB687F227F
:109E7000A3F8602016E0FB689B68B3F1805F0DD10A
:109E8000FB681B69002B04D1FB687F22A3F86020CC
:109E900008E0FB683F22A3F8602003E0FB68002293
:109EA000A3F86020FB680022C3F89020FB68222200
:109EB000C3F88C20FB681B6808337B667B6E53E815
:109EC000003F3B663B6E43F00103C7F88430FB68FC
:109ED0001B680833D7F884203A67FB66F96E3A6F3F
:109EE00041E80023BB66BB6E002BE3D1FB685B6ED1
:109EF000B3F1005F4FD1FB68B3F86830FA889A423B
:109F000049D3FB689B68B3F5805F07D1FB681B6989
:109F1000002B03D1FB68464A5A6702E0FB68454ABA
:109F20005A67FB681B69002B1AD0FB681B683B65EE
:109F30003B6D53E8003FFB64FB6C43F48073C7F850
:109F40008030FB681B681A46D7F88030FB65BA651D
:109F5000B96DFA6D41E800237B657B6D002BE4D180
:109F6000FB681B680833FB63FB6B53E8003FBB6374
:109F7000BB6B43F08053FB67FB681B680833FA6FC9
:109F8000BA647B64796CBA6C41E800233B643B6C37
:109F9000002BE5D146E0FB689B68B3F5805F07D1F5
:109FA000FB681B69002B03D1FB68234A5A6702E058
:109FB000FB68224A5A67FB681B69002B19D0FB68B3
:109FC0001B68BB62BB6A53E8003F7B627B6A43F459
:109FD00090737B67FB681B681A467B6F7B633A63F1
:109FE000396B7A6B41E80023FB62FB6A002BE6D1F8
:109FF00018E0FB681B687B617B6953E8003F3B61AD
:10A000003B6943F02003BB67FB681B681A46BB6FC4
:10A010003B62FA61F9693A6A41E80023BB61BB69B6
:10A02000002BE6D1002318468C37BD4680BC704714
:10A0300045B00008D9AC000819AB000859A90008C0
:10A0400080B596B000AFF860B9601346FB80FB683E
:10A05000BA689A65FB68FA88A3F85C20FB6800225E
:10A06000C3F89020FB682222C3F88C20FB68D3F849
:10A070008030002B2DD0FB68D3F88030404ADA6264
:10A08000FB68D3F880303F4A1A63FB68D3F880300E
:10A090003D4A5A63FB68D3F8803000229A63FB681C
:10A0A000D3F88000FB681B6824331946FB689B6D5E
:10A0B0001A46FB88FBF72AFA0346002B09D0FB68F7
:10A0C0001022C3F89020FB682022C3F88C200123C3
:10A0D00051E0FB681B69002B18D0FB681B68FB6311
:10A0E000FB6B53E8003FBB63BB6B43F480737B6542
:10A0F000FB681B681A467B6DBB647A64796CBA6C2A
:10A1000041E800233B643B6C002BE6D1FB681B68F5
:10A110000833BB62BB6A53E8003F7B627B6A43F053
:10A1200001033B65FB681B6808333A6D7A633B6348
:10A13000396B7A6B41E80023FB62FB6A002BE5D1A7
:10A14000FB681B6808337B617B6953E8003F3B6118
:10A150003B6943F04003FB64FB681B680833FA6CFF
:10A160003A62FB61F9693A6A41E80023BB61BB6965
:10A17000002BE5D1002318465837BD4680BD00BFEF
:10A1800095A30008C9A400080FA5000880B48FB0EB
:10A1900000AF78607B681B683B623B6A53E8003F16
:10A1A000FB61FB6923F0C0037B637B681B681A4675
:10A1B0007B6BFB62BA62B96AFA6A41E800237B6290
:10A1C0007B6A002BE6D17B681B680833FB60FB6869
:10A1D00053E8003FBB60BB6823F400033B637B682C
:10A1E0001B6808333A6BBA617B617969BA6941E8E7
:10A1F00000233B613B69002BE5D17B682022C3F83B
:10A20000882000BF3C37BD4680BC704780B495B005
:10A2100000AF78607B681B687B637B6B53E8003F13
:10A220003B633B6B23F49073FB647B681B681A46AB
:10A23000FB6C3B64FA63F96B3A6C41E80023BB6347
:10A24000BB6B002BE6D17B681B6808333B623B6A23
:10A2500053E8003FFB61FB6923F0805323F00103C7
:10A26000BB647B681B680833BA6CFA62BB62B96A6C
:10A27000FA6A41E800237B627B6A002BE3D17B68AA
:10A28000DB6E012B18D17B681B68FB60FB6853E811
:10A29000003FBB60BB6823F010037B647B681B68D6
:10A2A0001A467B6CBB617A617969BA6941E800231F
:10A2B0003B613B69002BE6D17B682022C3F88C20F0
:10A2C0007B680022DA667B6800225A6700BF543739
:10A2D000BD4680BC704780B590B000AF78607B68A9
:10A2E0009B6AFB637B681B681B6803F02003002BE1
:10A2F00037D1FB6B0022A3F85620FB6B1B68083399
:10A300007B627B6A53E8003F3B623B6A23F0800339
:10A31000BB63FB6B1B680833BA6B3A63FB62F96A79
:10A320003A6B41E80023BB62BB6A002BE5D1FB6BB3
:10A330001B683B613B6953E8003FFB60FB6843F0EF
:10A3400040037B63FB6B1B681A467B6BFB61BA6146
:10A35000B969FA6941E800237B617B69002BE6D18A
:10A3600004E0FB6BD3F89830F86B984700BF403798
:10A37000BD4680BD80B584B000AF78607B689B6AC5
:10A38000FB60FB68D3F89430F868984700BF10373B
:10A39000BD4680BD80B59CB000AF78607B689B6A8D
:10A3A000FB667B681B681B6803F02003002B71D1E0
:10A3B000FB6E0022A3F85E20FB6E1B68FB64FB6C47
:10A3C00053E8003FBB64BB6C23F48073BB66FB6E39
:10A3D0001B681A46BB6EBB657A65796DBA6D41E83C
:10A3E00000233B653B6D002BE6D1FB6E1B680833F9
:10A3F000BB63BB6B53E8003F7B637B6B23F00103C4
:10A400007B66FB6E1B6808337A6E7A643B64396C3A
:10A410007A6C41E80023FB63FB6B002BE5D1FB6EFC
:10A420001B6808337B627B6A53E8003F3B623B6AF0
:10A4300023F040033B66FB6E1B6808333A6E3A63B9
:10A44000FB62F96A3A6B41E80023BB62BB6A002BEE
:10A45000E5D1FB6E2022C3F88C20FB6EDB6E012B56
:10A4600018D1FB6E1B683B613B6953E8003FFB6002
:10A47000FB6823F01003FB65FB6E1B681A46FB6D3F
:10A48000FB61BA61B969FA6941E800237B617B69C4
:10A49000002BE6D1FB6E00221A67FB6EDB6E012BF0
:10A4A00009D1FB6ED3F8C030FA6EB2F85C201146C9
:10A4B000F86E984704E0FB6ED3F8A030F86E98472A
:10A4C00000BF7037BD4680BD80B584B000AF7860F6
:10A4D0007B689B6AFB60FB6801221A67FB68DB6E86
:10A4E000012B0BD1FB68D3F8C030FA68B2F85C20BE
:10A4F000520892B21146F868984704E0FB68D3F816
:10A500009C30F868984700BF1037BD4680BD80B5C5
:10A5100086B000AF78607B689B6A7B617B69D3F80B
:10A5200088303B617B69D3F88C30FB607B691B68AA
:10A530009B6803F08003802B09D13B69212B06D156
:10A540007B690022A3F856207869FFF71FFE7B691C
:10A550001B689B6803F04003402B09D1FB68222B4A
:10A5600006D17B690022A3F85E207869FFF74EFED2
:10A570007B69D3F8903043F010027B69C3F89020D8
:10A580007B69D3F8A4307869984700BF1837BD4677
:10A5900080BD80B584B000AF78607B689B6AFB604B
:10A5A000FB680022A3F85E20FB680022A3F8562077
:10A5B000FB68D3F8A430F868984700BF1037BD4651
:10A5C00080BD80B48FB000AF78607B68D3F88830EE
:10A5D000212B4CD17B68B3F856309BB2002B32D183
:10A5E0007B681B683B623B6A53E8003FFB61FB6989
:10A5F00023F080037B637B681B681A467B6BFB62DE
:10A60000BA62B96AFA6A41E800237B627B6A002B6E
:10A61000E6D17B681B68FB60FB6853E8003FBB60CA
:10A62000BB6843F040033B637B681B681A463B6B87
:10A63000BB617A617969BA6941E800233B613B6992
:10A64000002BE6D113E07B681B6D1A787B681B68D2
:10A650009A627B681B6D5A1C7B681A657B68B3F82D
:10A6600056309BB2013B9AB27B68A3F8562000BFDC
:10A670003C37BD4680BC704780B491B000AF786075
:10A680007B68D3F88830212B51D17B68B3F85630E2
:10A690009BB2002B32D17B681B687B627B6A53E8DC
:10A6A000003F3B623B6A23F08003BB637B681B680F
:10A6B0001A46BB6B3B63FA62F96A3A6B41E80023C6
:10A6C000BB62BB6A002BE6D17B681B683B613B69C0
:10A6D00053E8003FFB60FB6843F040037B637B680B
:10A6E0001B681A467B6BFB61BA61B969FA6941E87C
:10A6F00000237B617B69002BE6D118E07B681B6D32
:10A70000FB63FB6B1B881A467B681B68C2F308025D
:10A710009A627B681B6D9A1C7B681A657B68B3F82C
:10A7200056309BB2013B9AB27B68A3F8562000BF1B
:10A730004437BD4680BC704780B491B000AF7860AC
:10A740007B68D3F88830212B60D17B68B3F86A30FE
:10A75000FB8757E07B68B3F856309BB2002B33D1B0
:10A760007B681B6808337B627B6A53E8003F3B626F
:10A770003B6A23F40003BB637B681B680833BA6B36
:10A780003A63FB62F96A3A6B41E80023BB62BB6A39
:10A79000002BE5D17B681B683B613B6953E8003FB8
:10A7A000FB60FB6843F040037B637B681B681A46D1
:10A7B0007B6BFB61BA61B969FA6941E800237B618F
:10A7C0007B69002BE6D121E07B681B68DB6903F025
:10A7D0008003002B13D07B681B6D1A787B681B6885
:10A7E0009A627B681B6D5A1C7B681A657B68B3F89C
:10A7F00056309BB2013B9AB27B68A3F85620FB8F80
:10A80000013BFB87FB8F002BA4D1FFE700BF443740
:10A81000BD4680BC704780B491B000AF78607B6863
:10A82000D3F88830212B65D17B68B3F86A30FB8779
:10A830005CE07B68B3F856309BB2002B33D17B6869
:10A840001B6808333B623B6A53E8003FFB61FB69CE
:10A8500023F400037B637B681B6808337A6BFA621E
:10A86000BB62B96AFA6A41E800237B627B6A002B0B
:10A87000E5D17B681B68FB60FB6853E8003FBB6069
:10A88000BB6843F040033B637B681B681A463B6B25
:10A89000BB617A617969BA6941E800233B613B6930
:10A8A000002BE6D126E07B681B68DB6903F08003A0
:10A8B000002B18D07B681B6DBB63BB6B1B881A46D3
:10A8C0007B681B68C2F308029A627B681B6D9A1C46
:10A8D0007B681A657B68B3F856309BB2013B9AB22D
:10A8E0007B68A3F85620FB8F013BFB87FB8F002B77
:10A8F0009FD1FFE700BF4437BD4680BC704780B59D
:10A9000088B000AF78607B681B68FB60FB6853E829
:10A91000003FBB60BB6823F04003FB617B681B68A2
:10A920001A46FB69BB617A617969BA6941E800231B
:10A930003B613B69002BE6D17B682022C3F888206D
:10A940007B6800229A677B68D3F8983078689847CC
:10A9500000BF2037BD4680BD80B59CB000AF786099
:10A960007B68B3F86030A7F86E307B68D3F88C3022
:10A97000222B40F0C2807B681B685B6AA7F86C30B2
:10A98000B7F86C30D9B2B7F86E30DAB27B689B6D2D
:10A990000A40D2B21A707B689B6D5A1C7B689A651C
:10A9A0007B68B3F85E309BB2013B9AB27B68A3F838
:10A9B0005E207B68B3F85E309BB2002B40F0A58030
:10A9C0007B681B68FB64FB6C53E8003FBB64BB6C9B
:10A9D00023F49073BB667B681B681A46BB6EBB652D
:10A9E0007A65796DBA6D41E800233B653B6D002BBC
:10A9F000E6D17B681B680833BB63BB6B53E8003F41
:10AA00007B637B6B23F001037B667B681B680833E9
:10AA10007A6E7A643B64396C7A6C41E80023FB639C
:10AA2000FB6B002BE5D17B682022C3F88C207B6870
:10AA300000225A677B6800221A677B681B68354AC8
:10AA400093421FD07B681B685B6803F40003002BF4
:10AA500018D07B681B687B627B6A53E8003F3B62CF
:10AA60003B6A23F080633B667B681B681A463B6E3B
:10AA70003B63FA62F96A3A6B41E80023BB62BB6A46
:10AA8000002BE6D17B68DB6E012B30D17B68002286
:10AA9000DA667B681B683B613B6953E8003FFB60FB
:10AAA000FB6823F01003FB657B681B681A46FB6D8F
:10AAB000FB61BA61B969FA6941E800237B617B698E
:10AAC000002BE6D17B681B68DB6903F01003102BB9
:10AAD00003D17B681B6810221A627B68D3F8C030F0
:10AAE0007A68B2F85C201146786898470DE07B6878
:10AAF000D3F8A0307868984707E07B681B689A69AC
:10AB00007B681B6842F008029A6100BF7037BD463F
:10AB100080BD00BF0080004080B59CB000AF786071
:10AB20007B68B3F86030A7F86E307B68D3F88C3060
:10AB3000222B40F0C2807B681B685B6AA7F86C30F0
:10AB40007B689B6DBB66B7F86C20B7F86E3013401E
:10AB50009AB2BB6E1A807B689B6D9A1C7B689A6563
:10AB60007B68B3F85E309BB2013B9AB27B68A3F876
:10AB70005E207B68B3F85E309BB2002B40F0A5806E
:10AB80007B681B68BB64BB6C53E8003F7B647B6CD9
:10AB900023F490737B667B681B681A467B6E7B652B
:10ABA0003A65396D7A6D41E80023FB64FB6C002B3C
:10ABB000E6D17B681B6808337B637B6B53E8003FFF
:10ABC0003B633B6B23F001033B667B681B680833E8
:10ABD0003A6E3A64FB63F96B3A6C41E80023BB635D
:10ABE000BB6B002BE5D17B682022C3F88C207B68EF
:10ABF00000225A677B6800221A677B681B68354A07
:10AC000093421FD07B681B685B6803F40003002B32
:10AC100018D07B681B683B623B6A53E8003FFB61CE
:10AC2000FB6923F08063FB657B681B681A46FB6D3C
:10AC3000FB62BA62B96AFA6A41E800237B627B6A06
:10AC4000002BE6D17B68DB6E012B30D17B680022C4
:10AC5000DA667B681B68FB60FB6853E8003FBB60FB
:10AC6000BB6823F01003BB657B681B681A46BB6D8D
:10AC7000BB617A617969BA6941E800233B613B694C
:10AC8000002BE6D17B681B68DB6903F01003102BF7
:10AC900003D17B681B6810221A627B68D3F8C0302E
:10ACA0007A68B2F85C201146786898470DE07B68B6
:10ACB000D3F8A0307868984707E07B681B689A69EA
:10ACC0007B681B6842F008029A6100BF7037BD467E
:10ACD00080BD00BF0080004080B5ACB000AF7860A0
:10ACE0007B68B3F86030A7F8AA307B681B68DB6923
:10ACF000C7F8AC307B681B681B68C7F8A4307B685A
:10AD00001B689B68C7F8A0307B68D3F88C30222B77
:10AD100040F088817B68B3F86830A7F89E302BE15B
:10AD20007B681B685B6AA7F89C30B7F89C30D9B287
:10AD3000B7F8AA30DAB27B689B6D0A40D2B21A70BB
:10AD40007B689B6D5A1C7B689A657B68B3F85E30A4
:10AD50009BB2013B9AB27B68A3F85E207B681B68BC
:10AD6000DB69C7F8AC30D7F8AC3003F00703002B31
:10AD700055D0D7F8AC3003F00103002B11D0D7F831
:10AD8000A43003F48073002B0BD07B681B68012276
:10AD90001A627B68D3F8903043F001027B68C3F8F5
:10ADA0009020D7F8AC3003F00203002B11D0D7F875
:10ADB000A03003F00103002B0BD07B681B6802223C
:10ADC0001A627B68D3F8903043F004027B68C3F8C2
:10ADD0009020D7F8AC3003F00403002B11D0D7F843
:10ADE000A03003F00103002B0BD07B681B6804220A
:10ADF0001A627B68D3F8903043F002027B68C3F894
:10AE000090207B68D3F89030002B08D07B68D3F873
:10AE1000A430786898477B680022C3F890207B684C
:10AE2000B3F85E309BB2002B40F0A6807B681B68B5
:10AE30003B673B6F53E8003FFB66FB6E23F4807378
:10AE4000C7F898307B681B681A46D7F89830FB67BC
:10AE5000BA67B96FFA6F41E800237B677B6F002BFD
:10AE6000E4D17B681B680833FB65FB6D53E8003F4A
:10AE7000BB65BB6D23F0805323F00103C7F894300A
:10AE80007B681B680833D7F89420BA667B66796EB6
:10AE9000BA6E41E800233B663B6E002BE1D17B6834
:10AEA0002022C3F88C207B6800225A677B6800222E
:10AEB0001A677B681B68614A934221D07B681B68D4
:10AEC0005B6803F40003002B1AD07B681B68BB642B
:10AED000BB6C53E8003F7B647B6C23F08063C7F856
:10AEE00090307B681B681A46D7F890307B653A65CE
:10AEF000396D7A6D41E80023FB64FB6C002BE4D1D3
:10AF00007B68DB6E012B32D17B680022DA667B68BE
:10AF10001B687B637B6B53E8003F3B633B6B23F019
:10AF20001003C7F88C307B681B681A46D7F88C3042
:10AF30003B64FA63F96B3A6C41E80023BB63BB6B7B
:10AF4000002BE4D17B681B68DB6903F01003102B36
:10AF500003D17B681B6810221A627B68D3F8C0306B
:10AF60007A68B2F85C2011467868984704E07B68FC
:10AF7000D3F8A03078689847B7F89E30002B06D0F9
:10AF8000D7F8AC3003F02003002B7FF4C9AE7B6808
:10AF9000B3F85E30A7F88A30B7F88A30002B49D072
:10AFA0007B68B3F86830B7F88A209A4242D27B684F
:10AFB0001B6808333B623B6A53E8003FFB61FB6957
:10AFC00023F08053C7F884307B681B680833D7F8B8
:10AFD0008420FA62BB62B96AFA6A41E800237B62A4
:10AFE0007B6A002BE3D17B68154A5A677B681B6834
:10AFF000FB60FB6853E8003FBB60BB6843F0200385
:10B00000C7F880307B681B681A46D7F88030BB6170
:10B010007A617969BA6941E800233B613B69002B99
:10B02000E4D107E07B681B689A697B681B6842F083
:10B0300008029A6100BFB037BD4680BD0080004065
:10B0400059A9000880B5AEB000AF78607B68B3F84E
:10B050006030A7F8B2307B681B68DB69C7F8B43092
:10B060007B681B681B68C7F8AC307B681B689B68F3
:10B07000C7F8A8307B68D3F88C30222B40F08C8145
:10B080007B68B3F86830A7F8A6302FE17B681B68AF
:10B090005B6AA7F8A4307B689B6DC7F8A030B7F84F
:10B0A000A420B7F8B23013409AB2D7F8A0301A8073
:10B0B0007B689B6D9A1C7B689A657B68B3F85E30F1
:10B0C0009BB2013B9AB27B68A3F85E207B681B6849
:10B0D000DB69C7F8B430D7F8B43003F00703002BAE
:10B0E00055D0D7F8B43003F00103002B11D0D7F8B6
:10B0F000AC3003F48073002B0BD07B681B680122FB
:10B100001A627B68D3F8903043F001027B68C3F881
:10B110009020D7F8B43003F00203002B11D0D7F8F9
:10B12000A83003F00103002B0BD07B681B680222C0
:10B130001A627B68D3F8903043F004027B68C3F84E
:10B140009020D7F8B43003F00403002B11D0D7F8C7
:10B15000A83003F00103002B0BD07B681B6804228E
:10B160001A627B68D3F8903043F002027B68C3F820
:10B1700090207B68D3F89030002B08D07B68D3F800
:10B18000A430786898477B680022C3F890207B68D9
:10B19000B3F85E309BB2002B40F0A8807B681B6840
:10B1A0007B677B6F53E8003F3B673B6F23F4807303
:10B1B000C7F89C307B681B681A46D7F89C30C7F8E4
:10B1C0008030FA67F96FD7F8802041E80023BB6729
:10B1D000BB6F002BE2D17B681B6808333B663B6E7C
:10B1E00053E8003FFB65FB6D23F0805323F0010320
:10B1F000C7F898307B681B680833D7F89820FA6640
:10B20000BB66B96EFA6E41E800237B667B6E002B4D
:10B21000E1D17B682022C3F88C207B6800225A672A
:10B220007B6800221A677B681B68614A934221D0C1
:10B230007B681B685B6803F40003002B1AD07B68F3
:10B240001B68FB64FB6C53E8003FBB64BB6C23F0E2
:10B250008063C7F894307B681B681A46D7F894302F
:10B26000BB657A65796DBA6D41E800233B653B6D3E
:10B27000002BE4D17B68DB6E012B32D17B6800228E
:10B28000DA667B681B68BB63BB6B53E8003F7B637C
:10B290007B6B23F01003C7F890307B681B681A465D
:10B2A000D7F890307B643A64396C7A6C41E80023BB
:10B2B000FB63FB6B002BE4D17B681B68DB6903F04D
:10B2C0001003102B03D17B681B6810221A627B6865
:10B2D000D3F8C0307A68B2F85C2011467868984795
:10B2E00004E07B68D3F8A03078689847B7F8A630B8
:10B2F000002B06D0D7F8B43003F02003002B7FF4E6
:10B30000C5AE7B68B3F85E30A7F88E30B7F88E30E4
:10B31000002B49D07B68B3F86830B7F88E209A428A
:10B3200042D27B681B6808337B627B6A53E8003F2C
:10B330003B623B6A23F08053C7F888307B681B6808
:10B340000833D7F888203A63FB62F96A3A6B41E820
:10B350000023BB62BB6A002BE3D17B68154A5A67A6
:10B360007B681B683B613B6953E8003FFB60FB68FF
:10B3700043F02003C7F884307B681B681A46D7F86F
:10B380008430FB61BA61B969FA6941E800237B61E5
:10B390007B69002BE4D107E07B681B689A697B68B6
:10B3A0001B6842F008029A6100BFB837BD4680BDF5
:10B3B0000080004019AB000880B483B000AF786013
:10B3C00000BF0C37BD4680BC704780B483B000AF6F
:10B3D000786000BF0C37BD4680BC704780B483B036
:10B3E00000AF786000BF0C37BD4680BC704780B5A9
:10B3F00088B002AFF8603B1D83E806000023FB75B0
:10B40000FB6893F88430012B01D1022346E0FB68EE
:10B41000012283F88420FB682422C3F88820FB687B
:10B420001B681A68FB681B6822F001021A60FB683F
:10B430001B689B6823F440117A68FB681B680A4309
:10B440009A607B68002B05D13B1D93E80600F868E5
:10B4500000F09DF9FB681B681A68FB681B6842F0E6
:10B4600001021A60F5F7D2FB38616FF07E4300935A
:10B470003B6900224FF48001F868FEF7F8FB0346B1
:10B48000002B02D00323FB7503E0FB682022C3F8E6
:10B490008820FB68002283F88420FB7D184618373B
:10B4A000BD4680BD80B489B000AF78607B6893F8FA
:10B4B0008430012B01D1022321E07B68012283F833
:10B4C00084207B681B68FB60FB6853E8003FBB601F
:10B4D000BB6843F00203FB617B681B681A46FB698B
:10B4E000BB617A617969BA6941E800233B613B69D4
:10B4F000002BE6D17B68002283F8842000231846C5
:10B500002437BD4680BC704780B584B000AF7860FA
:10B510007B6893F88430012B01D102232BE07B68F8
:10B52000012283F884207B682422C3F888207B686A
:10B530001B681B68FB607B681B681A687B681B685C
:10B5400022F001021A60FB6843F00053FB607B6845
:10B550004FF000525A667B681B68FA681A60786878
:10B5600000F038F97B682022C3F888207B6800222D
:10B5700083F88420002318461037BD4680BD80B470
:10B5800085B000AF78607B6893F88430012B01D1DF
:10B59000022327E07B68012283F884207B68242231
:10B5A000C3F888207B681B681B68FB607B681B688E
:10B5B0001A687B681B6822F001021A60FB6823F09E
:10B5C0000053FB607B6800225A667B681B68FA6840
:10B5D0001A607B682022C3F888207B68002283F8E9
:10B5E0008420002318461437BD4680BC704780B5C0
:10B5F00084B000AF786039607B6893F88430012BA9
:10B6000001D102232DE07B68012283F884207B682E
:10B610002422C3F888207B681B681B68FB607B685A
:10B620001B681A687B681B6822F001021A607B683D
:10B630001B689B6823F060417B681B683A680A437B
:10B640009A60786800F0C6F87B681B68FA681A6030
:10B650007B682022C3F888207B68002283F884203E
:10B66000002318461037BD4680BD80B584B000AFBA
:10B67000786039607B6893F88430012B01D1022314
:10B680002DE07B68012283F884207B682422C3F8A4
:10B6900088207B681B681B68FB607B681B681A68D6
:10B6A0007B681B6822F001021A607B681B689B683C
:10B6B00023F060617B681B683A680A439A60786887
:10B6C00000F088F87B681B68FA681A607B682022A3
:10B6D000C3F888207B68002283F884200023184662
:10B6E0001037BD4680BD80B58CB000AFF860B96042
:10B6F0001346FB80FB68D3F88C30202B42D1BB680B
:10B70000002B02D0FB88002B01D101233BE0FB681A
:10B710000122DA66FB6800221A67FB881A46B968BC
:10B72000F868FEF78DFC034687F82F3097F82F3026
:10B73000002B24D1FB68DB6E012B1DD1FB681B683D
:10B7400010221A62FB681B68BB61BB6953E8003FAB
:10B750007B617B6943F01003BB62FB681B681A4680
:10B76000BB6A7B623A62396A7A6A41E80023FB610C
:10B77000FB69002BE6D102E0012387F82F3097F810
:10B780002F3000E0022318463037BD4680BD80B41C
:10B7900085B000AFF8603B1D83E80600FB681B68BE
:10B7A0005B6823F010023B891946FB681B680A435B
:10B7B0005A60FB681B685B6823F07F41BB7A1A06FE
:10B7C000FB681B680A435A6000BF1437BD4680BC43
:10B7D0007047000080B485B000AF78607B685B6E16
:10B7E000002B08D17B680122A3F86A207B68012224
:10B7F000A3F8682031E00823FB730823BB737B6840
:10B800001B689B685B0EDBB203F007037B737B68EE
:10B810001B689B685B0FDBB203F007033B73BB7BCA
:10B820003A7B10498A5C02FB03F33A7B0E498A5C3F
:10B8300093FBF2F39AB27B68A3F86A20FB7B7A7BD6
:10B8400008498A5C02FB03F37A7B07498A5C93FB15
:10B85000F2F39AB27B68A3F8682000BF1437BD46A4
:10B8600080BC7047D0630108D863010880B485B0FC
:10B8700000AF78604FF0B043DA6C4FF0B0417B68B6
:10B880001343CB644FF0B043DA6C7B681340FB602A
:10B89000FB6800BF1437BD4680BC704780B586B0DA
:10B8A00000AF3B1D00221A605A609A60DA601A618C
:10B8B0000220FFF7DBFF40237B600123BB600023F6
:10B8C000FB6003233B613B1D19461348FAF732FA2C
:10B8D00080237B603B1D19460F48FAF72BFA4FF483
:10B8E00080737B603B1D19460B48FAF723FA002250
:10B8F00080210948FAF74CFC002240210648FAF75B
:10B9000047FC00224FF480710348FAF741FC002302
:10B9100018461837BD4680BD0004004880B582B087
:10B9200000AF0346FB71FB79032B4FD801A252F8FD
:10B9300023F000BF45B9000867B9000889B90008BD
:10B94000ABB9000800224FF480712348FAF720FCBD
:10B95000002240212048FAF71BFC002280211E48CB
:10B96000FAF716FC33E0002240211B48FAF710FCDE
:10B97000012280211848FAF70BFC00224FF4807155
:10B980001548FAF705FC22E0012240211248FAF797
:10B99000FFFB012280211048FAF7FAFB00224FF446
:10B9A00080710D48FAF7F4FB11E0012240210A48AA
:10B9B000FAF7EEFB012280210748FAF7E9FB0022A3
:10B9C0004FF480710448FAF7E3FB00E000BF002366
:10B9D00018460837BD4680BD0004004880B400AF5B
:10B9E00001231846BD4680BC704780B400AF0023D9
:10B9F0001846BD4680BC704780B400AF012318468E
:10BA0000BD4680BC704780B485B000AF0346FB7173
:10BA1000FB79002B02D10F23FB6001E01623FB60B2
:10BA2000FB6818461437BD4680BC704780B400AF31
:10BA300000BFBD4680BC704780B485B000AFEFF357
:10BA40000583BB60BB68002B0FD1EFF310837B60D5
:10BA50007B68002B05D1EFF311833B603B68002B23
:10BA600007D00D4B1B68022B03D16FF00503FB6061
:10BA70000CE0094B1B68002B05D1074B01221A6013
:10BA80000023FB6002E04FF0FF33FB60FB681846C9
:10BA90001437BD4680BC7047482A002080B584B06A
:10BAA00000AFEFF30583BB60BB68002B0FD1EFF352
:10BAB00010837B607B68002B05D1EFF311833B6023
:10BAC0003B68002B07D00F4B1B68022B03D16FF094
:10BAD0000503FB6010E00B4B1B68012B09D1FFF73E
:10BAE000A5FF084B02221A6001F04CFF0023FB6007
:10BAF00002E04FF0FF33FB60FB6818461037BD468D
:10BB000080BD00BF482A002080B590B004AFF86027
:10BB1000B9607A6000233B61EFF30583FB61FB6949
:10BB2000002B40F08F80EFF31083BB61BB69002BCB
:10BB300005D1EFF311837B617B69002B03D0444B6C
:10BB40001B68022B7ED0FB68002B7BD08023BB625E
:10BB500018237B620023FB624FF0FF333B627B685C
:10BB6000002B45D07B681B68002B02D07B681B68CC
:10BB7000FB627B689B69002B02D07B689B697B62C0
:10BB80007B6A002B08D07B6A382B05D87B685B6802
:10BB900003F00103002B01D0002354E07B685B69B4
:10BBA000002B03D07B685B699B08BB627B689B684A
:10BBB000002B0ED07B68DB68A72B0AD97B681B693A
:10BBC000002B06D07B685B69002B02D001233B620F
:10BBD00010E07B689B68002B0CD17B68DB68002B36
:10BBE00008D17B681B69002B04D100233B6201E074
:10BBF00000233B623B6A012B10D17B681B697A688A
:10BC00009268029201937B6A0093BB68BA6AF96AF0
:10BC1000F86801F04FFC03463B6113E03B6A002BE0
:10BC200010D1BB6A9AB207F1100301937B6A0093AB
:10BC3000BB68F96AF86801F09DFC0346012B01D04E
:10BC400000233B613B6918463037BD4680BD00BFCD
:10BC5000482A002080B485B000AFF860B9607A60EF
:10BC6000FB68064A1A60BB68054A1A607B68802236
:10BC70001A6000BF1437BD4680BC70474C2A0020B4
:10BC8000F42A002080B485B000AFF860B9607A6013
:10BC9000FB68074A1A60BB68064A1A607B684FF463
:10BCA00080721A6000BF1437BD4680BC704700BF69
:10BCB000F42C00209C2D002080B582B000AF202005
:10BCC00000F0EEF978607B68002B0AD07B680022D8
:10BCD0001A607B680433184600F0CAFB7B680022B8
:10BCE0001A777B6818460837BD4680BD80B590B08E
:10BCF00000AFF860B9607A603B60FB687B6300234B
:10BD0000BB6300233B63FB68002B0BD14FF0500358
:10BD100083F31188BFF36F8FBFF34F8F3B6200BF78
:10BD200000BFFDE7BB68B3F1807F0BD34FF050033A
:10BD300083F31188BFF36F8FBFF34F8FFB6100BF99
:10BD400000BFFDE7BB68002B0BD14FF0500383F31E
:10BD50001188BFF36F8FBFF34F8FBB6100BF00BF70
:10BD6000FDE702F035FB0346002B02D1BB6C002B34
:10BD700001D1012300E00023002B0BD14FF0500331
:10BD800083F31188BFF36F8FBFF34F8F7B6100BFC9
:10BD900000BFFDE701F066FE7B6B1B68FB623A6843
:10BDA000B968F86A00F046F9B862BB6A002B0ED099
:10BDB000FB6AFB630023BB647B68002B28D07B6B92
:10BDC0001A68BB68DB431A407B6B1A6020E0BB6CCF
:10BDD000002B04D1FB6AFB6301233B6318E07B6803
:10BDE000002B03D0BB6B43F08073BB633B68002B1D
:10BDF00003D0BB6B43F08063BB637B6B181DBA68D9
:10BE0000BB6B1343BA6C194602F04EF80023FB6378
:10BE100001F036FE7862BB6C002B31D07B6A002BC0
:10BE200007D11A4B4FF080521A60BFF34F8FBFF308
:10BE30006F8F02F05BFBF863FB6B03F00073002B6A
:10BE40001AD100F0B3FC7B6B1B68FB633A68B968DE
:10BE5000F86B00F0EFF80346002B09D07B68002B4D
:10BE600006D07B6B1A68BB68DB431A407B6B1A6099
:10BE700001233B6300F0CAFCFB6B23F07F43FB63B1
:10BE8000FB6B18464037BD4680BD00BF04ED00E0A7
:10BE900080B586B000AF786039607B687B617B6875
:10BEA000002B0BD14FF0500383F31188BFF36F8F3A
:10BEB000BFF34F8FFB6000BF00BFFDE73B68B3F1EE
:10BEC000807F0BD34FF0500383F31188BFF36F8F44
:10BED000BFF34F8FBB6000BF00BFFDE700F066FC03
:10BEE0007B691B683B617B691A683B68DB431A40CE
:10BEF0007B691A6000F08AFC3B6918461837BD461A
:10BF000080BD80B58EB000AF7860396000233B63A0
:10BF10007B68BB620023FB627B68002B0BD14FF078
:10BF2000500383F31188BFF36F8FBFF34F8F3B61D3
:10BF300000BF00BFFDE73B68B3F1807F0BD34FF03C
:10BF4000500383F31188BFF36F8FBFF34F8FFB60F4
:10BF500000BF00BFFDE7BB6A04337B627B6A083326
:10BF60003B6201F07FFD7B6ADB687B63BB6A1A681A
:10BF70003B681A43BB6A1A603CE07B6B5B68FB6101
:10BF80007B6B1B68BB610023FB62BB6903F07F43D3
:10BF90007B61BB6923F07F43BB617B6903F08063F6
:10BFA000002B08D1BB6A1A68BB691340002B0BD069
:10BFB0000123FB6208E0BB6A1A68BB691340BA69D7
:10BFC0009A4201D10123FB62FB6A002B10D07B69EE
:10BFD00003F08073002B03D03A6BBB6913433B63C0
:10BFE000BB6A1B6843F000731946786B02F02AF8AD
:10BFF000FB697B637A6B3B6A9A42BED1BB6A1A6863
:10C000003B6BDB431A40BB6A1A6001F039FDBB6A27
:10C010001B6818463837BD4680BD80B582B000AF7A
:10C020007860396039687868FFF76BFF00BF0837C0
:10C03000BD4680BD80B487B000AFF860B9607A605B
:10C0400000237B617B68002B07D1FA68BB68134033
:10C05000002B0AD001237B6107E0FA68BB6813401C
:10C06000BA689A4201D101237B617B6918461C376B
:10C07000BD4680BC7047000080B586B000AFF86058
:10C08000B9607A607B68BA68F968044802F07AFEA1
:10C0900078617B6918461837BD4680BD1BC0000813
:10C0A00080B58AB000AF78600023FB6101F0DAFC54
:10C0B0005A4B1B68002B01D100F020F9584B1A682D
:10C0C0007B681340002B40F090807B68002B1ED0D3
:10C0D00008227B6813447B607B6803F00703002B16
:10C0E00015D07B6823F0070308337B607B6803F07F
:10C0F0000703002B0BD04FF0500383F31188BFF3DD
:10C100006F8FBFF34F8F7B6100BF00BFFDE77B6880
:10C11000002B6AD0434B1B687A689A4265D8424B21
:10C120003B62414B1B687B6204E07B6A3B627B6A3B
:10C130001B687B627B6A5B687A689A4203D97B6A78
:10C140001B68002BF1D1354B1B687A6A9A424CD0A0
:10C150003B6A1B6808221344FB617B6A1A683B6ACE
:10C160001A607B6A5A687B68D21A08235B009A427D
:10C1700020D97A6A7B681344BB61BB6903F007036B
:10C18000002B0BD04FF0500383F31188BFF36F8F58
:10C19000BFF34F8F3B6100BF00BFFDE77B6A5A686A
:10C1A0007B68D21ABB695A607B6A7A685A60B86940
:10C1B00000F006F91B4B1A687B6A5B68D31A194AB0
:10C1C0001360184B1A68194B1B689A4203D2154B1F
:10C1D0001B68164A13607B6A5A68114B1B681A4326
:10C1E0007B6A5A607B6A00221A6001F049FCFB6995
:10C1F00003F00703002B0BD04FF0500383F311889B
:10C20000BFF36F8FBFF34F8FFB6000BF00BFFDE731
:10C21000FB6918462837BD4680BD00BFA4D1002069
:10C22000B0D10020A8D100209CD10020ACD10020AA
:10C2300080B586B000AF78607B687B617B68002B3F
:10C240004AD008235B427A6913447B617B693B6176
:10C250003B695A68224B1B681340002B0BD14FF0EF
:10C26000500383F31188BFF36F8FBFF34F8FFB60D1
:10C2700000BF00BFFDE73B691B68002B0BD04FF0F0
:10C28000500383F31188BFF36F8FBFF34F8FBB60F1
:10C2900000BF00BFFDE73B695A68114B1B681340A4
:10C2A000002B19D03B691B68002B15D13B695A68DC
:10C2B0000B4B1B68DB431A403B695A6001F0D2FB11
:10C2C0003B695A68074B1B681344064A1360386978
:10C2D00000F076F801F0D4FB00BF1837BD4680BDF2
:10C2E000B0D10020A8D1002080B400AF024B1B6861
:10C2F0001846BD4680BC7047A8D1002080B485B0E8
:10C3000000AF4FF42043BB60274BFB60FB6803F09A
:10C310000703002B0CD0FB680733FB60FB6823F09E
:10C320000703FB60BA68FB68D31A1F4A1344BB605B
:10C33000FB687B601D4A7B6813601C4B00225A60BF
:10C340007B68BA681344FB600822FB689B1AFB6099
:10C35000FB6823F00703FB60FB68154A1360144B6E
:10C360001B6800225A60124B1B6800221A607B680F
:10C370003B603B68FA68D21A3B685A600C4B1A68FB
:10C380003B681A603B685B680A4A13603B685B68FD
:10C39000094A1360094B4FF000421A6000BF14377E
:10C3A000BD4680BC704700BF9C3100209CD100205E
:10C3B000A4D10020ACD10020A8D10020B0D1002011
:10C3C00080B485B000AF7860274BFB6002E0FB686B
:10C3D0001B68FB60FB681B687A689A42F7D8FB68A9
:10C3E000BB60FB685B68BA6813447A689A4208D1FC
:10C3F000FB685A687B685B681A44FB685A60FB6894
:10C400007B607B68BB607B685B68BA681A44FB68CA
:10C410001B689A4218D1FB681A68144B1B689A4231
:10C420000DD07B685A68FB681B685B681A447B68A0
:10C430005A60FB681B681A687B681A6008E00B4B3F
:10C440001A687B681A6003E0FB681A687B681A60E8
:10C45000FA687B689A4202D0FB687A681A6000BF6B
:10C460001437BD4680BC70479CD10020A4D1002069
:10C4700080B483B000AF78607B6803F108027B680A
:10C480005A607B684FF0FF329A607B6803F10802C4
:10C490007B68DA607B6803F108027B681A617B685D
:10C4A00000221A6000BF0C37BD4680BC704780B4C4
:10C4B00083B000AF78607B6800221A6100BF0C3740
:10C4C000BD4680BC704780B485B000AF78603960ED
:10C4D0007B685B68FB603B68FA685A60FB689A6837
:10C4E0003B689A60FB689B683A685A60FB683A68E8
:10C4F0009A603B687A681A617B681B685A1C7B6883
:10C500001A6000BF1437BD4680BC704780B485B048
:10C5100000AF786039603B681B68BB60BB68B3F1F3
:10C52000FF3F03D17B681B69FB600CE07B6808332D
:10C53000FB6002E0FB685B68FB60FB685B681B6894
:10C54000BA689A42F6D2FB685A683B685A603B6800
:10C550005B683A689A603B68FA689A60FB683A6878
:10C560005A603B687A681A617B681B685A1C7B6852
:10C570001A6000BF1437BD4680BC704780B485B0D8
:10C5800000AF78607B681B69FB607B685B687A68DA
:10C5900092689A607B689B687A6852685A60FB6808
:10C5A0005B687A689A4203D17B689A68FB685A6034
:10C5B0007B6800221A61FB681B685A1EFB681A60C0
:10C5C000FB681B6818461437BD4680BC70470000E6
:10C5D00080B485B000AFF860B9607A60FB68043B56
:10C5E000FB60FB684FF080721A60FB68043BFB60E5
:10C5F000BB6823F00102FB681A60FB68043BFB6028
:10C60000084AFB681A60FB68143BFB607A68FB68A9
:10C610001A60FB68203BFB60FB6818461437BD4678
:10C6200080BC704729C6000880B485B000AF0023E5
:10C630007B60124B1B68B3F1FF3F0BD04FF05003F0
:10C6400083F31188BFF36F8FBFF34F8FFB6000BF81
:10C6500000BFFDE74FF0500383F31188BFF36F8FE6
:10C66000BFF34F8FBB6000BF00BF7B68002BFCD0C7
:10C6700000BF00BF1437BD4680BC7047BC0000201F
:10C68000074B19680868B0E8F00F80F30988BFF31A
:10C690006F8F4FF0000080F311884EF00D0E704741
:10C6A000FCD1002000BF00BF06480068006880F38E
:10C6B000088862B661B6BFF34F8FBFF36F8F00DF9C
:10C6C00000BF00BF08ED00E080B584B000AF324B82
:10C6D000FB60FB681B78DBB27B60FB68FF221A7093
:10C6E000FB681B78DBB2FB70FB78DBB203F0500316
:10C6F000DAB22A4B1A702A4B07221A6009E0284B3B
:10C700001B68013B264A1360FB78DBB25B00DBB29F
:10C71000FB70FB78DBB203F08003802BEFD0204B63
:10C720001B68C3F10703042B0BD04FF0500383F3B6
:10C730001188BFF36F8FBFF34F8FBB6000BF00BF87
:10C74000FDE7174B1B681B02154A1360144B1B684F
:10C7500003F4E063124A13607B68DAB2FB681A7074
:10C76000104B1B680F4A43F4700313600D4B1B689A
:10C770000C4A43F07043136000F0B8F80A4B0022F3
:10C780001A60FFF791FF01F005FBFFF74DFF002353
:10C7900018461037BD4680BD00E400E0B4D100204B
:10C7A000B8D1002020ED00E0BC00002080B483B0B0
:10C7B00000AF4FF0500383F31188BFF36F8FBFF3C7
:10C7C0004F8F7B6000BF0F4B1B6801330D4A136016
:10C7D0000C4B1B68012B10D10B4B1B68DBB2002BE1
:10C7E0000BD04FF0500383F31188BFF36F8FBFF36B
:10C7F0004F8F3B6000BF00BFFDE700BF0C37BD4659
:10C8000080BC7047BC00002004ED00E080B483B021
:10C8100000AF124B1B68002B0BD14FF0500383F37A
:10C820001188BFF36F8FBFF34F8F7B6000BF00BFD6
:10C83000FDE70A4B1B68013B084A1360074B1B6866
:10C84000002B05D100233B603B6883F3118800BFB8
:10C8500000BF0C37BD4680BC704700BFBC00002045
:10C86000EFF30980BFF36F8F0D4B1A6820E9F00FCB
:10C87000106008B54FF0500080F3118801F08AFA7B
:10C880004FF0000080F31188BDE80840196808687F
:10C89000B0E8F00F80F30988BFF36F8F704700BFD7
:10C8A000FCD1002000BF00BF80B582B000AF4FF0C8
:10C8B000500383F31188BFF36F8FBFF34F8F7B60FB
:10C8C00000BF01F0ADF90346002B03D0064B4FF03B
:10C8D00080521A6000233B603B6883F3118800BFDD
:10C8E00000BF0837BD4680BD04ED00E080B400AF56
:10C8F0000A4B00221A600A4B00221A60094B1B687F
:10C90000094AA2FB03235B09084A013B1360034B5E
:10C9100007221A6000BFBD4680BC704710E000E0EF
:10C9200018E000E0B40000201F85EB5114E000E0A7
:10C9300080B485B000AFEFF30583FB60FB680F2B7D
:10C9400015D9174AFB6813441B78FB72154B1B78EB
:10C95000FA7A9A420BD24FF0500383F31188BFF357
:10C960006F8FBFF34F8F7B6000BF00BFFDE70E4BA3
:10C970001B6803F4E0620D4B1B689A420BD94FF021
:10C98000500383F31188BFF36F8FBFF34F8F3B606A
:10C9900000BF00BFFDE700BF1437BD4680BC704735
:10C9A000F0E300E0B4D100200CED00E0B8D10020AD
:10C9B00080B584B000AF786039607B68FB60FB684D
:10C9C000002B0BD14FF0500383F31188BFF36F8F0F
:10C9D000BFF34F8FBB6000BF00BFFDE7FFF7E6FE70
:10C9E000FB681A68FB68DB6BF968096C01FB03F3F1
:10C9F0001A44FB689A60FB6800229A63FB681A6815
:10CA0000FB685A60FB681A68FB68DB6B013BF968DE
:10CA1000096C01FB03F31A44FB68DA60FB68FF2230
:10CA200083F84420FB68FF2283F845203B68002BF5
:10CA300014D1FB681B69002B1AD0FB681033184611
:10CA400001F09CFA0346002B12D00D4B4FF08052A0
:10CA50001A60BFF34F8FBFF36F8F09E0FB6810338D
:10CA60001846FFF705FDFB6824331846FFF700FD65
:10CA7000FFF7CCFE012318461037BD4680BD00BF2E
:10CA800004ED00E080B58EB002AFF860B9607A6066
:10CA90003B60FB68002B0BD14FF0500383F31188F0
:10CAA000BFF36F8FBFF34F8FBB6200BF00BFFDE7C7
:10CAB0003B68002B0BD14FF0500383F31188BFF379
:10CAC0006F8FBFF34F8F7B6200BF00BFFDE77B68B6
:10CAD000002B02D0BB68002B01D0012300E0002313
:10CAE000002B0BD14FF0500383F31188BFF36F8FEE
:10CAF000BFF34F8F3B6200BF00BFFDE77B68002B99
:10CB000002D1BB68002B01D1012300E00023002BE0
:10CB10000BD14FF0500383F31188BFF36F8FBFF336
:10CB20004F8FFB6100BF00BFFDE750237B617B6936
:10CB3000502B0BD04FF0500383F31188BFF36F8F4E
:10CB4000BFF34F8FBB6100BF00BFFDE77B693B6850
:10CB5000FB62FB6A002B0DD0FB6A012283F84620A2
:10CB600097F83820FB6A009313467A68B968F8682A
:10CB700000F046F8FB6A18463037BD4680BD80B5E8
:10CB80008AB002AFF860B9601346FB71FB68002BF6
:10CB90000BD14FF0500383F31188BFF36F8FBFF3B6
:10CBA0004F8F3B6100BF00BFFDE7BB68002B02D188
:10CBB0000023FB6104E0FB68BA6802FB03F3FB613E
:10CBC000FB6950331846FFF76BFAB861BB69002B5D
:10CBD00011D0BB697B617B6950337B61BB690022EB
:10CBE00083F84620FA79BB69009313467A69B968DD
:10CBF000F86800F005F8BB6918462037BD4680BDCF
:10CC000080B584B000AFF860B9607A60FB70BB6833
:10CC1000002B03D1BB69BA691A6002E0BB697A686C
:10CC20001A60BB69FA68DA63BB69BA681A640121E1
:10CC3000B869FFF7BDFEBB69FA7883F84C2000BFE6
:10CC40001037BD4680BD000080B58EB000AFF860E3
:10CC5000B9607A603B6000237B63FB683B633B6B9E
:10CC6000002B0BD14FF0500383F31188BFF36F8F6C
:10CC7000BFF34F8FBB6200BF00BFFDE7BB68002B57
:10CC800003D13B6B1B6C002B01D1012300E000237F
:10CC9000002B0BD14FF0500383F31188BFF36F8F3C
:10CCA000BFF34F8F7B6200BF00BFFDE73B68022BE5
:10CCB00003D13B6BDB6B012B01D1012300E000238F
:10CCC000002B0BD14FF0500383F31188BFF36F8F0C
:10CCD000BFF34F8F3B6200BF00BFFDE701F078FB61
:10CCE0000346002B02D17B68002B01D1012300E019
:10CCF0000023002B0BD14FF0500383F31188BFF3B7
:10CD00006F8FBFF34F8FFB6100BF00BFFDE7FFF7E1
:10CD10004DFD3B6B9A6B3B6BDB6B9A4202D33B68DE
:10CD2000022B29D13A68B968386B00F031FAF86201
:10CD30003B6B5B6A002B10D03B6B2433184601F031
:10CD40001DF90346002B13D03F4B4FF080521A6061
:10CD5000BFF34F8FBFF36F8F0AE0FB6A002B07D042
:10CD6000394B4FF080521A60BFF34F8FBFF36F8F74
:10CD7000FFF74CFD012363E07B68002B03D1FFF735
:10CD800045FD00235CE07B6B002B06D107F114030B
:10CD9000184601F0BBF901237B63FFF737FD00F074
:10CDA00061FEFFF703FD3B6B93F844305BB2B3F1D8
:10CDB000FF3F03D13B6B002283F844203B6B93F889
:10CDC00045305BB2B3F1FF3F03D13B6B002283F8E8
:10CDD0004520FFF71BFD3A1D07F1140311461846C5
:10CDE00001F0AAF90346002B24D1386B00F0C8FAF1
:10CDF0000346002B18D03B6B10337A681146184657
:10CE000001F02CF8386B00F053FA00F039FE0346BD
:10CE1000002B7FF47CAF0C4B4FF080521A60BFF3B5
:10CE20004F8FBFF36F8F72E7386B00F041FA00F05D
:10CE300027FE6CE7386B00F03BFA00F021FE002380
:10CE400018463837BD4680BD04ED00E080B58EB091
:10CE500000AFF860B9607A603B60FB683B633B6B96
:10CE6000002B0BD14FF0500383F31188BFF36F8F6A
:10CE7000BFF34F8F7B6200BF00BFFDE7BB68002B95
:10CE800003D13B6B1B6C002B01D1012300E000237D
:10CE9000002B0BD14FF0500383F31188BFF36F8F3A
:10CEA000BFF34F8F3B6200BF00BFFDE73B68022B23
:10CEB00003D13B6BDB6B012B01D1012300E000238D
:10CEC000002B0BD14FF0500383F31188BFF36F8F0A
:10CED000BFF34F8FFB6100BF00BFFDE7FFF728FDE9
:10CEE000EFF311824FF0500383F31188BFF36F8F7C
:10CEF000BFF34F8FBA617B61BB69FB623B6B9A6B7F
:10CF00003B6BDB6B9A4202D33B68022B2CD13B6B11
:10CF100093F8453087F82B303A68B968386B00F0E1
:10CF200037F997F92B30B3F1FF3F12D13B6B5B6AB6
:10CF3000002B16D03B6B2433184601F01FF8034634
:10CF4000002B0ED07B68002B0BD07B6801221A606F
:10CF500007E097F82B300133DBB25AB23B6B83F812
:10CF6000452001237B6301E000237B63FB6A3B6177
:10CF70003B6983F3118800BF7B6B18463837BD4689
:10CF800080BD000080B58CB000AFF860B9607A60F9
:10CF90000023FB62FB68BB62BB6A002B0BD14FF026
:10CFA000500383F31188BFF36F8FBFF34F8F3B6242
:10CFB00000BF00BFFDE7BB68002B03D1BB6A1B6C41
:10CFC000002B01D1012300E00023002B0BD14FF0F7
:10CFD000500383F31188BFF36F8FBFF34F8FFB6153
:10CFE00000BF00BFFDE701F0F3F90346002B02D1BB
:10CFF0007B68002B01D1012300E00023002B0BD123
:10D000004FF0500383F31188BFF36F8FBFF34F8F3F
:10D01000BB6100BF00BFFDE7FFF7C8FBBB6A9B6BAE
:10D020007B627B6A002B1FD0B968B86A00F01AF9DE
:10D030007B6A5A1EBB6A9A63BB6A1B69002B0FD0BE
:10D04000BB6A1033184600F099FF0346002B07D047
:10D050003C4B4FF080521A60BFF34F8FBFF36F8F7E
:10D06000FFF7D4FB012369E07B68002B03D1FFF7B6
:10D07000CDFB002362E0FB6A002B06D107F1100311
:10D08000184601F043F80123FB62FFF7BFFB00F0F5
:10D09000E9FCFFF78BFBBB6A93F844305BB2B3F15A
:10D0A000FF3F03D1BB6A002283F84420BB6A93F898
:10D0B00045305BB2B3F1FF3F03D1BB6A002283F876
:10D0C0004520FFF7A3FB3A1D07F110031146184650
:10D0D00001F032F80346002B23D1B86A00F03AF988
:10D0E0000346002B17D0BB6A24337A6811461846D2
:10D0F00000F0B4FEB86A00F0DBF800F0C1FC0346B3
:10D10000002B89D10F4B4FF080521A60BFF34F8F25
:10D11000BFF36F8F80E7B86A00F0CAF800F0B0FC88
:10D120007AE7B86A00F0C4F800F0AAFCB86A00F028
:10D1300011F90346002B3FF46FAF00231846303738
:10D14000BD4680BD04ED00E080B586B000AF7860DC
:10D150007B687B617B69002B0BD14FF0500383F31D
:10D160001188BFF36F8FBFF34F8FFB6000BF00BF0D
:10D17000FDE7FFF71BFB7B69DA6B7B699B6BD31ABF
:10D180003B61FFF743FB3B6918461837BD4680BD3E
:10D1900080B586B000AFF860B9607A6000237B612B
:10D1A000FB689B6B3B61FB681B6C002B0DD1FB6824
:10D1B0001B68002B4DD1FB689B68184601F026F9CF
:10D1C0007861FB6800229A6043E07B68002B19D1EC
:10D1D000FB685868FB681B6C1A46B96806F067FC68
:10D1E000FB685A68FB681B6C1A44FB685A60FB6852
:10D1F0005A68FB689B689A422BD3FB681A68FB68E5
:10D200005A6026E0FB68D868FB681B6C1A46B96850
:10D2100006F04DFCFB68DA68FB681B6C5B421A4445
:10D22000FB68DA60FB68DA68FB681B689A4207D221
:10D23000FB689A68FB681B6C5B421A44FB68DA6007
:10D240007B68022B05D13B69002B02D03B69013B77
:10D250003B613B695A1CFB689A637B691846183727
:10D26000BD4680BD80B582B000AF786039607B6814
:10D270001B6C002B18D07B68DA687B681B6C1A4427
:10D280007B68DA607B68DA687B689B689A4203D3C4
:10D290007B681A687B68DA607B68D9687B681B6C7E
:10D2A0001A46386806F003FC00BF0837BD4680BD4B
:10D2B00080B584B000AF7860FFF778FA7B6893F8A8
:10D2C0004530FB7311E07B685B6A002B12D07B68F2
:10D2D0002433184600F052FE0346002B01D000F024
:10D2E0008FFFFB7B013BDBB2FB7397F90F30002B09
:10D2F000E9DC00E000BF7B68FF2283F84520FFF7F0
:10D3000085FAFFF753FA7B6893F84430BB7311E05A
:10D310007B681B69002B12D07B681033184600F025
:10D320002DFE0346002B01D000F06AFFBB7B013BC2
:10D33000DBB2BB7397F90E30002BE9DC00E000BFD5
:10D340007B68FF2283F84420FFF760FA00BF1037A4
:10D35000BD4680BD80B584B000AF7860FFF726FA87
:10D360007B689B6B002B02D10123FB6001E0002353
:10D37000FB60FFF74BFAFB6818461037BD4680BDCF
:10D3800080B584B000AF7860FFF710FA7B689A6BC5
:10D390007B68DB6B9A4202D10123FB6001E0002332
:10D3A000FB60FFF733FAFB6818461037BD4680BDB7
:10D3B00080B487B000AF78607B683B613B69002B2D
:10D3C0000BD14FF0500383F31188BFF36F8FBFF37E
:10D3D0004F8FFB6000BF00BFFDE73B699A6B3B6965
:10D3E000DB6B9A4202D101237B6101E000237B6168
:10D3F0007B6918461C37BD4680BC704780B485B039
:10D4000000AF786039600023FB6014E00E4AFB68CF
:10D4100052F83330002B0BD10B49FB683A6841F8C6
:10D420003320094AFB68DB0013447A685A6006E03F
:10D43000FB680133FB60FB68072BE7D900BF00BF27
:10D440001437BD4680BC7047BCD1002080B586B083
:10D4500000AFF860B9607A60FB687B61FFF7A6F9FE
:10D460007B6993F844305BB2B3F1FF3F03D17B6932
:10D47000002283F844207B6993F845305BB2B3F116
:10D48000FF3F03D17B69002283F84520FFF7BEF9F7
:10D490007B699B6B002B06D17B6924337A68B96862
:10D4A000184600F03FFD7869FFF702FF00BF18370C
:10D4B000BD4680BD80B58EB004AFF860B9607A60BB
:10D4C0003B607B6B002B0BD14FF0500383F3118833
:10D4D000BFF36F8FBFF34F8F3B6200BF00BFFDE70D
:10D4E000BB6B002B0BD14FF0500383F31188BFF3BC
:10D4F0006F8FBFF34F8FFB6100BF00BFFDE7A82315
:10D500003B613B69A82B0BD04FF0500383F311888C
:10D51000BFF36F8FBFF34F8FBB6100BF00BFFDE74D
:10D520003B69BB6B002B1ED07B6B002B1BD0BB6BF6
:10D530007B627B6A7A6B1A637B6A022283F8A5207E
:10D54000002303937B6A029307F1140301933B6B5F
:10D5500000933B687A68B968F86800F051F8786A17
:10D5600000F0F6F801E000237B617B69184628375C
:10D57000BD4680BD80B58CB004AFF860B9603B603B
:10D580001346FB80FB889B001846FEF789FD7861F7
:10D590007B69002B0ED0A820FEF782FDF861FB69A5
:10D5A000002B03D0FB697A691A6305E07869FEF7FE
:10D5B0003FFE01E00023FB61FB69002B17D0FB69F4
:10D5C000002283F8A520FA8800230393FB690293C5
:10D5D000FB6A0193BB6A00933B68B968F86800F086
:10D5E0000FF8F86900F0B4F80123BB6102E04FF0D6
:10D5F000FF33BB61BB6918462037BD4680BD0000C4
:10D6000080B588B000AFF860B9607A603B603B6B72
:10D61000186B7B689B001A46A52106F01BF93B6B33
:10D620001A6B7B6803F18043013B9B001344BB6191
:10D63000BB6923F00703BB61BB6903F00703002B41
:10D640000BD04FF0500383F31188BFF36F8FBFF3FC
:10D650004F8F7B6100BF00BFFDE7BB68002B1FD071
:10D660000023FB6112E0BA68FB69134419783A6B36
:10D67000FB69134434330A461A70BA68FB691344D1
:10D680001B78002B06D0FB690133FB61FB690F2B74
:10D69000E9D900E000BF3B6B002283F8432003E0A0
:10D6A0003B6B002283F83420BB6A372B01D9372328
:10D6B000BB623B6BBA6ADA623B6BBA6ADA643B6B99
:10D6C00000221A653B6B04331846FEF7F0FE3B6BF5
:10D6D00018331846FEF7EBFE3B6B3A6B1A61BB6AD8
:10D6E000C3F138023B6B9A613B6B3A6B5A623B6BFE
:10D6F0000022C3F8A0203B6B002283F8A4203B6BE0
:10D7000054334C220021184606F0A4F83B6B0D4A16
:10D710009A653B6B0C4ADA653B6B0C4A1A663A68B1
:10D72000F968B869FEF754FF02463B6B1A60FB6A62
:10D73000002B02D0FB6A3A6B1A6000BF2037BD464F
:10D7400080BD00BFF4DC00205CDD0020C4DD0020D3
:10D7500080B582B000AF7860FFF728F82D4B1B68CA
:10D7600001332C4A13602C4B1B68002B09D12A4A29
:10D770007B681360274B1B68012B10D100F064FD00
:10D780000DE0264B1B68002B09D1234B1B68DA6A7E
:10D790007B68DB6A9A4202D81F4A7B681360204B81
:10D7A0001B6801331E4A13601D4B1A687B685A645C
:10D7B0007B68DA6A1B4B1B689A4203D97B68DB6A79
:10D7C000184A13607B68DA6A13469B0013449B0077
:10D7D000154A1A447B68043319461046FEF773FE57
:10D7E000FFF714F80D4B1B68002B0ED00A4B1B687B
:10D7F000DA6A7B68DB6A9A4207D20C4B4FF08052A0
:10D800001A60BFF34F8FBFF36F8F00BF0837BD465D
:10D8100080BD00BFD0D60020FCD10020DCD6002087
:10D82000ECD60020D8D6002000D2002004ED00E085
:10D8300080B584B000AF7860FEF7B8FF7B68002B3E
:10D8400002D12D4B1B6800E07B68FB60FB68043352
:10D850001846FEF793FEFB689B6A002B04D0FB681A
:10D8600018331846FEF78AFE244B1B680133234AFF
:10D870001360214B1B68FA689A420BD1FB68043392
:10D8800019461F48FEF71FFE1E4B1B6801331D4A39
:10D89000136009E01C4B1B68013B1B4A1360F868CE
:10D8A00000F040FD00F074FDFEF7B0FF174B1B6861
:10D8B000002B1CD0104B1B68FA689A4217D1144BEE
:10D8C0001B68002B0BD04FF0500383F31188BFF37C
:10D8D0006F8FBFF34F8FBB6000BF00BFFDE70D4BE5
:10D8E0004FF080521A60BFF34F8FBFF36F8F00BFAE
:10D8F0001037BD4680BD00BFFCD10020ECD6002013
:10D90000A4D60020B8D60020D0D60020DCD6002037
:10D91000F8D6002004ED00E080B584B000AF786058
:10D920000023FB607B68002B18D0144B1B68002B76
:10D930000BD04FF0500383F31188BFF36F8FBFF309
:10D940004F8FBB6000BF00BFFDE700F08BF80021E8
:10D95000786800F0E3FD00F093F8F860FB68002BB6
:10D9600007D1074B4FF080521A60BFF34F8FBFF3C0
:10D970006F8F00BF1037BD4680BD00BFF8D60020B6
:10D9800004ED00E080B58AB004AF0023BB60002343
:10D990007B603A46391D07F108031846FEF75AF92D
:10D9A00039687B68BA6802920193002300930023D0
:10D9B0000A4624492448FFF77DFD0346234A1360A5
:10D9C000224B1B68002B02D001237B6101E0002366
:10D9D0007B617B69012B02D100F0F4FD78617B69EA
:10D9E000012B1BD14FF0500383F31188BFF36F8FCE
:10D9F000BFF34F8F3B6100BF154B1B685433154A73
:10DA00001360154B4FF0FF321A60144B01221A605D
:10DA1000134B00221A60FEF757FE0FE07B69B3F14B
:10DA2000FF3F0BD14FF0500383F31188BFF36F8F8B
:10DA3000BFF34F8FFB6000BF00BFFDE700BF18378B
:10DA4000BD4680BD945D010819E20008F4D60020AF
:10DA5000FCD10020D8000020F0D60020DCD6002029
:10DA6000D4D6002080B400AF044B1B680133034AB6
:10DA7000136000BFBD4680BC704700BFF8D60020D1
:10DA800080B584B000AF0023FB600023BB60424B35
:10DA90001B68002B0BD14FF0500383F31188BFF3A9
:10DAA0006F8FBFF34F8F3B6000BF00BFFDE7FEF7F6
:10DAB0007DFE394B1B68013B374A1360364B1B68B0
:10DAC000002B62D1354B1B68002B5ED02FE0344B0E
:10DAD000DB68DB68FB60FB6818331846FEF74EFD19
:10DAE000FB6804331846FEF749FDFB68DA6A2D4BE4
:10DAF0001B689A4203D9FB68DB6A2A4A1360FB68F9
:10DB0000DA6A13469B0013449B00274A1A44FB68B9
:10DB1000043319461046FEF7D6FCFB68DA6A234B3D
:10DB20001B68DB6A9A4202D3214B01221A601C4B0C
:10DB30001B68002BCBD1FB68002B01D000F028FC28
:10DB40001C4B1B687B607B68002B10D000F068F8D2
:10DB50000346002B02D0164B01221A607B68013B62
:10DB60007B607B68002BF1D1124B00221A60104BB6
:10DB70001B68002B09D00123BB600F4B4FF0805274
:10DB80001A60BFF34F8FBFF36F8FFEF73FFEBB6886
:10DB900018461037BD4680BDF8D60020D0D60020EC
:10DBA00090D60020D8D6002000D20020FCD1002042
:10DBB000E4D60020E0D6002004ED00E080B483B07D
:10DBC00000AF044B1B687B607B6818460C37BD4672
:10DBD00080BC7047D4D6002080B485B000AF786098
:10DBE0007B68002B02D10D4B1B6800E07B68FB605B
:10DBF000FB68002B0BD14FF0500383F31188BFF368
:10DC00006F8FBFF34F8FBB6000BF00BFFDE7FB68A6
:10DC1000343318461437BD4680BC7047FCD1002011
:10DC200080B586B000AF00237B614F4B1B68002B93
:10DC300040F08A804D4B1B6801333B614B4A3B6986
:10DC400013603B69002B21D1494B1B681B68002BDB
:10DC50000BD04FF0500383F31188BFF36F8FBFF3E6
:10DC60004F8F3B6000BF00BFFDE7414B1B68FB606F
:10DC7000404B1B683E4A13603E4AFB6813603E4BB4
:10DC80001B6801333C4A136000F082FB3B4B1B686E
:10DC90003A699A4249D3364B1B681B68002B04D162
:10DCA000364B4FF0FF321A603FE0314B1B68DB68A8
:10DCB000DB68BB60BB685B687B603A697B689A42E3
:10DCC00003D22E4A7B6813602FE0BB6804331846EA
:10DCD000FEF754FCBB689B6A002B04D0BB6818336A
:10DCE0001846FEF74BFCBB68DA6A254B1B689A4264
:10DCF00003D9BB68DB6A224A1360BB68DA6A134641
:10DD00009B0013449B001F4A1A44BB680433194606
:10DD10001046FEF7D8FBBB68DA6A1B4B1B68DB6A50
:10DD20009A42B8D301237B61B5E7174B1B68DA6AC7
:10DD3000144913469B0013449B000B441B68012BA2
:10DD400007D901237B6104E0104B1B6801330F4AA4
:10DD500013600F4B1B68002B01D001237B617B6993
:10DD600018461837BD4680BDF8D60020D4D600200E
:10DD700088D600208CD60020E8D60020F0D60020DF
:10DD8000D8D6002000D20020FCD10020E0D6002010
:10DD9000E4D6002080B485B000AF2A4B1B68002B6E
:10DDA00003D0294B01221A6047E0274B00221A605A
:10DDB000264B1B68FB6011E0FB68002B0BD14FF07A
:10DDC000500383F31188BFF36F8FBFF34F8F7B60D6
:10DDD00000BF00BFFDE7FB68013BFB601C49FA6820
:10DDE00013469B0013449B000B441B68002BE3D09D
:10DDF000FA6813469B0013449B00154A1344BB600A
:10DE0000BB685B685A68BB685A60BB685A68BB6885
:10DE100008339A4204D1BB685B685A68BB685A6091
:10DE2000BB685B68DB680B4A1360084AFB681360D9
:10DE3000084B1B685433084A136000BF1437BD46B3
:10DE400080BC7047F8D60020E4D60020D8D6002049
:10DE500000D20020FCD10020D800002080B584B082
:10DE600000AF786039607B68002B0BD14FF0500316
:10DE700083F31188BFF36F8FBFF34F8FFB6000BF39
:10DE800000BFFDE7074B1B68183319467868FEF79B
:10DE90003DFB0121386800F041FB00BF1037BD4653
:10DEA00080BD00BFFCD1002080B586B000AFF86017
:10DEB000B9607A60FB68002B0BD14FF0500383F3FD
:10DEC0001188BFF36F8FBFF34F8F7B6100BF00BF1F
:10DED000FDE7124B1B68002B0BD14FF0500383F36F
:10DEE0001188BFF36F8FBFF34F8F3B6100BF00BF3F
:10DEF000FDE70B4B1B68BA6842F000429A61084B81
:10DF00001B6818331946F868FEF7DDFA01217868B6
:10DF100000F004FB00BF1837BD4680BDF8D60020D6
:10DF2000FCD1002080B586B000AFF860B9607A609F
:10DF3000FB68002B0BD14FF0500383F31188BFF324
:10DF40006F8FBFF34F8F7B6100BF00BFFDE70A4BB0
:10DF50001B6818331946F868FEF7B5FA7B68002B82
:10DF600002D04FF0FF33BB607968B86800F0D6FA92
:10DF700000BF1837BD4680BDFCD1002080B586B0FB
:10DF800000AF78607B68DB68DB683B613B69002B36
:10DF90000BD14FF0500383F31188BFF36F8FBFF3A2
:10DFA0004F8FFB6000BF00BFFDE73B691833184689
:10DFB000FEF7E4FA1D4B1B68002B1DD13B690433AF
:10DFC0001846FEF7DBFA3B69DA6A194B1B689A427E
:10DFD00003D93B69DB6A164A13603B69DA6A134668
:10DFE0009B0013449B00134A1A443B6904331946AF
:10DFF0001046FEF768FA05E03B69183319460E48EB
:10E00000FEF761FA3B69DA6A0C4B1B68DB6A9A42DD
:10E0100005D901237B610A4B01221A6001E000232C
:10E020007B617B6918461837BD4680BDF8D6002055
:10E03000D8D6002000D2002090D60020FCD10020AD
:10E04000E4D6002080B586B000AF786039602A4BF6
:10E050001B68002B0BD14FF0500383F31188BFF3E3
:10E060006F8FBFF34F8F3B6100BF00BFFDE73B6881
:10E0700043F000427B681A607B68DB687B617B69E8
:10E08000002B0BD14FF0500383F31188BFF36F8F38
:10E09000BFF34F8FFB6000BF00BFFDE77868FEF75E
:10E0A0006DFA7B6904331846FEF768FA7B69DA6A11
:10E0B000124B1B689A4203D97B69DB6A0F4A1360D3
:10E0C0007B69DA6A13469B0013449B000C4A1A448E
:10E0D0007B69043319461046FEF7F5F97B69DA6A65
:10E0E000084B1B68DB6A9A4202D9074B01221A606F
:10E0F00000BF1837BD4680BDF8D60020D8D6002016
:10E1000000D20020FCD10020E4D6002080B483B0EF
:10E1100000AF7860064B1A687B681A60054B1A6876
:10E120007B685A6000BF0C37BD4680BC704700BF9B
:10E13000E8D60020D4D6002080B588B000AF786043
:10E1400039607B68002B0BD14FF0500383F31188AB
:10E15000BFF36F8FBFF34F8F3B6100BF00BFFDE781
:10E160003B68002B0BD14FF0500383F31188BFF3B2
:10E170006F8FBFF34F8FFB6000BF00BFFDE7FEF75F
:10E1800015FB1D4B1B68BB617B685B68BA69D31AC2
:10E190007B613B681B68B3F1FF3F02D10023FB6149
:10E1A00023E07B681A68154B1B689A4207D07B688E
:10E1B0005B68BA699A4202D30123FB6115E03B68B0
:10E1C0001B687A699A420BD23B681A687B69D21A3B
:10E1D0003B681A607868FFF799FF0023FB6104E051
:10E1E0003B6800221A600123FB61FEF70FFBFB690D
:10E1F00018462037BD4680BDD4D60020E8D6002082
:10E2000080B400AF034B01221A6000BFBD4680BC42
:10E21000704700BFE4D6002080B582B000AF7860C0
:10E2200000F052F8064B1B68012BF9D9054B4FF053
:10E2300080521A60BFF34F8FBFF36F8FF0E700BFBC
:10E2400000D2002004ED00E080B582B000AF0023D2
:10E250007B600CE07A6813469B0013449B00124AD3
:10E2600013441846FEF704F97B6801337B607B6832
:10E27000372BEFD90D48FEF7FBF80D48FEF7F8F8FD
:10E280000C48FEF7F5F80C48FEF7F2F80B48FEF7DD
:10E29000EFF80B4B054A1A600A4B054A1A6000BF9B
:10E2A0000837BD4680BD00BF00D2002060D60020E8
:10E2B00074D6002090D60020A4D60020BCD6002022
:10E2C00088D600208CD6002080B582B000AF19E03F
:10E2D000FEF76CFA104BDB68DB687B607B6804330D
:10E2E0001846FEF74BF90D4B1B68013B0B4A1360B8
:10E2F0000B4B1B68013B0A4A1360FEF787FA7868EC
:10E3000000F010F8064B1B68002BE1D100BF00BFE6
:10E310000837BD4680BD00BFA4D60020D0D600205F
:10E32000B8D6002080B584B000AF78607B685433E5
:10E33000184605F0EBFA7B6893F8A530002B08D15E
:10E340007B681B6B1846FDF773FF7868FDF770FF5D
:10E3500019E07B6893F8A530012B03D17868FDF7AD
:10E3600067FF10E07B6893F8A530022B0BD04FF0CD
:10E37000500383F31188BFF36F8FBFF34F8FFB60A0
:10E3800000BF00BFFDE700BF1037BD4680BD0000E5
:10E3900080B483B000AF0C4B1B681B68002B04D10A
:10E3A0000A4B4FF0FF321A6008E0074B1B68DB682E
:10E3B000DB687B607B685B68044A136000BF0C37D6
:10E3C000BD4680BC704700BF88D60020F0D6002034
:10E3D00080B483B000AF0B4B1B68002B02D101232C
:10E3E0007B6008E0084B1B68002B02D102237B6096
:10E3F00001E000237B607B6818460C37BD4680BC7B
:10E40000704700BFDCD60020F8D6002080B586B06B
:10E4100000AF78607B683B6100237B617B68002BE9
:10E4200058D02F4B1B683A699A420BD04FF05003DB
:10E4300083F31188BFF36F8FBFF34F8FFB6000BF73
:10E4400000BFFDE73B691B6D002B0BD14FF0500364
:10E4500083F31188BFF36F8FBFF34F8FBB6000BF93
:10E4600000BFFDE73B691B6D5A1E3B691A653B699E
:10E47000DA6A3B69DB6C9A422CD03B691B6D002B3E
:10E4800028D13B6904331846FEF778F83B69DA6C0B
:10E490003B69DA623B69DB6AC3F138023B699A6126
:10E4A0003B69DA6A0F4B1B689A4203D93B69DB6A06
:10E4B0000C4A13603B69DA6A13469B0013449B00C5
:10E4C000094A1A443B69043319461046FDF7FBFF1D
:10E4D00001237B617B6918461837BD4680BD00BFAC
:10E4E000FCD10020D8D6002000D2002080B483B018
:10E4F00000AF094B1B689B697B60074B1B68DA6A9E
:10E50000054B1B68C2F138029A617B6818460C37CC
:10E51000BD4680BC704700BFFCD1002080B584B0F0
:10E5200000AF78603960214B1B68FB60204B1B6893
:10E5300004331846FEF722F87B68B3F1FF3F0AD197
:10E540003B68002B07D01A4B1B6804331946194847
:10E55000FDF7B9FF26E0FA687B681344BB60144BF3
:10E560001B68BA685A60BA68FB689A4209D2124BB3
:10E570001A680F4B1B68043319461046FDF7C6FF97
:10E5800010E00E4B1A680A4B1B68043319461046FC
:10E59000FDF7BCFF0A4B1B68BA689A4202D2084AD0
:10E5A000BB68136000BF1037BD4680BDD4D60020C5
:10E5B000FCD10020BCD600208CD6002088D60020BC
:10E5C000F0D6002080B58AB004AF00237B6100F054
:10E5D0006FFB1D4B1B68002B21D00023FB60002329
:10E5E000BB603A1D07F1080107F10C031846FDF75F
:10E5F00049FB7968BB68FA68029201930223009391
:10E6000000230A4611491248FEF754FF0346114AF7
:10E610001360104B1B68002B01D001237B617B69C9
:10E62000002B0BD14FF0500383F31188BFF36F8F92
:10E63000BFF34F8F3B6100BF00BFFDE77B6918460A
:10E640001837BD4680BD00BF2CD700209C5D010857
:10E650004DE8000830D7002080B588B002AFF860E0
:10E66000B9607A603B602C20FDF71AFD78617B6908
:10E67000002B0DD07B69002283F828207B69019351
:10E680003B6A00933B687A68B968F86800F005F85F
:10E690007B6918461837BD4680BD80B586B000AF8F
:10E6A000F860B9607A603B60BB68002B0BD14FF01B
:10E6B000500383F31188BFF36F8FBFF34F8F7B61DC
:10E6C00000BF00BFFDE77B6A002B1ED000F0F0FA10
:10E6D0007B6AFA681A607B6ABA689A617B6A3A68F0
:10E6E000DA617B6A3A6A1A627B6A04331846FDF77C
:10E6F000DEFE7B68002B08D07B6A93F8283043F05D
:10E700000403DAB27B6A83F8282000BF1837BD46BD
:10E7100080BD000080B58AB000AFF860B9607A6053
:10E720003B6000237B62FB68002B0BD14FF0500352
:10E7300083F31188BFF36F8FBFF34F8F3B6200BF2E
:10E7400000BFFDE7194B1B68002B2AD0BB683B615B
:10E750007B687B61FB68BB61BB68052B18DCFFF73E
:10E7600037FE0346022B09D1104B186807F1100140
:10E7700000233A6BFEF768FA786212E00B4B1868D8
:10E7800007F1100100230022FEF75EFA786208E02C
:10E79000064B186807F1100100233A68FEF756FB94
:10E7A00078627B6A18462837BD4680BD2CD700208A
:10E7B00080B588B002AF78603960234B1B68DB6896
:10E7C000DB687B617B6904331846FDF7D7FE7B6904
:10E7D00093F8283003F00403002B23D07B699A6957
:10E7E0007B68D1187B683A68786900F0D3F80346F3
:10E7F000002B20D00023009300237A680021786941
:10E80000FFF788FF38613B69002B14D14FF05003AC
:10E8100083F31188BFF36F8FBFF34F8FFB6000BF8F
:10E8200000BFFDE77B6993F8283023F00103DAB2DB
:10E830007B6983F828207B691B6A7869984700BF49
:10E840001837BD4680BD00BF24D7002080B584B0F6
:10E8500000AF786007F10803184600F059F8F86037
:10E86000BB681946F86800F005F800F0D5F800BF5D
:10E87000F0E7000080B584B000AF78603960FFF742
:10E88000F1F807F10803184600F064F8F860BB6877
:10E89000002B30D13B68002B0AD17A68FB689A4282
:10E8A00006D8FFF7EDF8F9687868FFF781FF24E0F4
:10E8B0003B68002B08D0134B1B681B68002B01D151
:10E8C000012300E000233B600F4B18687A68FB6867
:10E8D000D31A3A681946FEF7B9FDFFF7D1F8034697
:10E8E000002B0AD1094B4FF080521A60BFF34F8FB3
:10E8F000BFF36F8F01E0FFF7C3F800BF1037BD46CD
:10E9000080BD00BF28D700202CD7002004ED00E0F8
:10E9100080B485B000AF78600D4B1B681B68002B7E
:10E9200001D1012200E000227B681A607B681B682D
:10E93000002B05D1064B1B68DB681B68FB6001E000
:10E940000023FB60FB6818461437BD4680BC704747
:10E9500024D7002080B584B000AF7860FFF72EF98F
:10E96000F8600B4B1B68FA689A4205D200F03AF93E
:10E970007B6801221A6002E07B6800221A60044A68
:10E98000FB681360FB6818461037BD4680BD00BFAA
:10E9900034D7002080B586B000AFF860B9607A60E7
:10E9A0003B6000237B61FB68BA685A60FB68FA68C9
:10E9B0001A61BA687B689A4212D87A683B68D21AA0
:10E9C000FB689B699A4202D301237B611BE0104BD9
:10E9D0001A68FB68043319461046FDF797FD12E0EC
:10E9E0007A683B689A4206D2BA683B689A4202D378
:10E9F00001237B6107E0074B1A68FB680433194663
:10EA00001046FDF783FD7B6918461837BD4680BD6B
:10EA100028D7002024D7002080B58EB002AFCEE0EA
:10EA20007B68002B19DA3B1D0433FB62FB6A002B69
:10EA30000BD14FF0500383F31188BFF36F8FBFF3F7
:10EA40004F8FFB6100BF00BFFDE7FB6A1B68FA6ADE
:10EA50005068FA6A9268114698477B68002BC0F2AA
:10EA6000AE80FB68BB62BB6A5B69002B04D0BB6AEB
:10EA700004331846FDF782FD3B461846FFF76AFF50
:10EA800078627B68092B00F2978001A252F823F08C
:10EA9000B9EA0008B9EA0008B9EA00082FEB000853
:10EAA00043EB00088FEB0008B9EA0008B9EA000858
:10EAB0002FEB000843EB0008BB6A93F8283043F0C3
:10EAC0000103DAB2BB6A83F82820BA68BB6A9B6983
:10EAD000D118BB687A6AB86AFFF75CFF0346002B5F
:10EAE0006CD0BB6A1B6AB86A9847BB6A93F8283037
:10EAF00003F00403002B61D0BA68BB6A9B691A4417
:10EB00000023009300230021B86AFFF703FE386258
:10EB10003B6A002B52D14FF0500383F31188BFF3AF
:10EB20006F8FBFF34F8FBB6100BF00BFFDE7BB6AB4
:10EB300093F8283023F00103DAB2BB6A83F8282067
:10EB40003DE0BB6A93F8283043F00103DAB2BB6AB8
:10EB500083F82820BA68BB6A9A61BB6A9B69002B5C
:10EB60000BD14FF0500383F31188BFF36F8FBFF3C6
:10EB70004F8F7B6100BF00BFFDE7BB6A9A697B6A6C
:10EB8000D1187B6A7A6AB86AFFF704FF17E0BB6A9C
:10EB900093F8283003F00203002B03D1B86AFDF785
:10EBA00047FB0CE0BB6A93F8283023F00103DAB28C
:10EBB000BB6A83F8282002E000BF00E000BF084BDA
:10EBC0001B68391D00221846FEF7DCF90346002BAE
:10EBD0007FF426AF00BF00BF3037BD4680BD00BF09
:10EBE0002CD7002080B588B002AF49E02E4B1B68BF
:10EBF000DB681B683B612C4B1B68DB68DB68FB60D8
:10EC0000FB6804331846FDF7B9FCFB681B6AF8681B
:10EC10009847FB6893F8283003F00403002B2FD0AB
:10EC2000FB689B693A691344BB60BA683B699A42C6
:10EC30000ED9FB68BA685A60FB68FA681A611A4B09
:10EC40001A68FB68043319461046FDF75FFC17E0AD
:10EC50000023009300233A690021F868FFF75AFD6A
:10EC600078607B68002B0BD14FF0500383F3118841
:10EC7000BFF36F8FBFF34F8F3B6000BF00BFFDE757
:10EC8000094B1B681B68002BB0D1074B1B687B61CD
:10EC9000064B1B68044A1360044A7B69136000BF7B
:10ECA0001837BD4680BD00BF24D7002028D70020DC
:10ECB00080B582B002AFFDF779FD154B1B68002BC4
:10ECC00020D11448FDF7D4FB1348FDF7D1FB134BBB
:10ECD000104A1A60124B104A1A6000230093114B1D
:10ECE000114A10210A20FDF7CDFE0346084A1360A1
:10ECF000074B1B68002B05D0054B1B680B491846BA
:10ED0000FEF77CFBFDF782FD00BFBD4680BD00BF66
:10ED10002CD70020FCD6002010D7002024D70020BC
:10ED200028D70020D8D7002038D70020A45D0108BC
:10ED300080B586B000AF78607B683B617B68002B54
:10ED40000BD14FF0500383F31188BFF36F8FBFF3E4
:10ED50004F8FFB6000BF00BFFDE7FDF727FD3B695C
:10ED600093F8283003F00103002B02D100237B61CC
:10ED700001E001237B61FDF749FD7B6918461837E7
:10ED8000BD4680BD80B58AB000AFF860B9607A60DA
:10ED90003B606FF001037B61FB68BB61BB68FB619B
:10EDA0007B683B62064B186807F1140100233A6840
:10EDB000FEF74CF878627B6A18462837BD4680BD5E
:10EDC0002CD7002080B584B002AF7860244A7B68DD
:10EDD0001360244B00225A70224B00225A60214BB0
:10EDE00000229A601F4B00229A651F4801F0C6FF5F
:10EDF0001C4B00225A731B4B00221A7302F05CFA60
:10EE00000021002002F028FE04220021012002F04F
:10EE1000EBFB002300224FF6FF714FF6FF7002F06C
:10EE20001BFB00F099FE00230093104B00224FF0D3
:10EE3000FF310F4803F0AEFD002300930D4B00227D
:10EE40004FF0FF310C4803F0A5FD094803F046FEE2
:10EE5000094803F043FE00BF0837BD4680BD00BF30
:10EE600028D900202CD900204DFF0008D5FE00082D
:10EE700088D90020E9FE0008A0D9002080B500AFA5
:10EE800001F0C4FF0346072B0AD0072B0ADC042B32
:10EE900002D0052B02D005E0022304E0012302E0AA
:10EEA000032300E00023184680BD000080B582B037
:10EEB00000AF0346FB712A4AFB791370FB791846B1
:10EEC00003F09DF9FB79052B0ED801A252F823F02F
:10EED000F7EE000805EF0008E9EE00082BEF000848
:10EEE00039EF000847EF0008032002F057FB1C4BE6
:10EEF00000225A732FE0002002F050FB184B002232
:10EF00005A7328E0012002F049FB154B5A7B144B41
:10EF10001B7B9A421ED0124B1A7B114B5A73104B1B
:10EF20005B7B184600F0A0FF14E0022002F036FBE5
:10EF30000B4B00225A730EE0022002F02FFB084B0D
:10EF400000225A7307E0002002F028FB044B002245
:10EF50005A7300E000BF00BF0837BD4680BD00BF48
:10EF60002CD9002080B582B000AF7860786802F0BC
:10EF7000CFFA00BF0837BD4680BD80B590B00AAF5C
:10EF8000F860B9603B601346FB800123FB750023EA
:10EF9000BB8200233B6100F0F2FD0020FFF786FFFB
:10EFA000F868FFF7DFFF012309930023089300238C
:10EFB0000793002306930023059300230493002363
:10EFC00003930023029303230193BB680093002360
:10EFD0004FF41672B968002000F03CF8002000F0F1
:10EFE000D5FD00F06FFF03461846F1F723FE03F04E
:10EFF0008FFE38610DE0002000F0B6FE0346BB82B4
:10F00000B7F91420B7F906309A4202DD0023FB75E8
:10F0100006E0386903F08EFE02463B689342EAD868
:10F0200000F0ADFDFB7D18461837BD4680BD80B5AC
:10F0300082B000AF00237B6000230022002100206B
:10F0400002F00AFA01F0B3FF78607B6818460837CF
:10F05000BD4680BD80B58AB000AFB9607A601A46FF
:10F060000346FB731346BB73B94A97F85430537089
:10F0700003F083F897F85430002B01D000233B872E
:10F0800097F83C30002B04D0B24A97F84030137008
:10F0900002E0B04BFF221A70FB7B052B09D0052B39
:10F0A00000F3D781002B00F0BF80012B00F02481FA
:10F0B000CFE1012002F0C2F8A54B002283F83820EE
:10F0C000A34A7B68D363A24B092283F84420A04B58
:10F0D0004FF448721A64B86802F082FF03461A4679
:10F0E0009B4B83F845209A4B00229A73BB8EDB0022
:10F0F0009AB2974B1A82964B00229A74944B102224
:10F10000DA74934B00221A75914B00225A75914B79
:10F110001A788F4B9A758E4B0122DA758C4B002230
:10F120001A760520FFF7C2FE8B4802F02BFB8B48B6
:10F1300002F0F6FB8A4A07F11C0392E8030083E819
:10F14000030007F11C03184601F0AFFE40F2FF1068
:10F1500001F0FAFE40F6B80000F024FE034687F8FE
:10F16000273097F8273023F0100387F8273097F8D7
:10F170002730194640F6B80000F002FE042140F6A0
:10F18000B90000F0FDFD40F69B0000F00BFE0346C9
:10F1900087F8273097F8273023F01C0387F82730AB
:10F1A00097F8273043F00803DBB2194640F69B007E
:10F1B00000F0E6FD40F2D16000F0F4FD034687F870
:10F1C000273097F8273023F0180387F8273097F86F
:10F1D000273043F01803DBB2194640F2D16000F04B
:10F1E000CFFD40F2AC6000F0DDFD034687F827302C
:10F1F00097F8273023F0700387F8273097F82730E7
:10F2000043F05003DBB2194640F2AC6000F0B8FDA9
:10F210003B8F4FF4FA5202FB03F31A467B68B2FBB2
:10F22000F3F34B4A936015E1002002F007F8484BD6
:10F23000002283F83820464A7B68D363444B0B2274
:10F2400083F84420B86802F0CBFE03461A46404BD0
:10F2500083F845203E4B00229A73BB8EDB009AB2A6
:10F260003B4B1A823A4B04229A74394B1822DA74B7
:10F27000374B00221A7597F83C3083F00103DBB25C
:10F280001A46334B5A75334B1A78314B9A7597F8A7
:10F290004430002B03D02E4BF222DA7502E02C4BC7
:10F2A0000122DA752A4B01221A7600F068FC002050
:10F2B000FFF7FCFD284802F065FA284802F030FB11
:10F2C000284A07F1140392E8030083E8030007F1DA
:10F2D0001403184601F0E9FD40F2FF1001F034FE7E
:10F2E0003B8F4FF4FA5202FB03F31A467B68B2FBE2
:10F2F000F3F3174A9360ADE0002001F09FFF144B39
:10F30000012283F838207B68DAB2114B83F8502051
:10F31000154ABB6813441A780D4B83F851200C4AE8
:10F32000BB7B82F85230BB68002B05D17B680B2B6E
:10F3300008D07B680C2B05D0BB68012B16D17B68ED
:10F340000C2B13D1024B012283F8532012E000BF93
:10F350002CD90020C000002064D900203AD9002018
:10F36000AC5D0108B45D01086C6401083B4B0022F0
:10F3700083F85320394B01229A73384B93F850305D
:10F38000052B04D0354B93F85030062B0AD1BB8E99
:10F390000B2B03D8314B0C229A8306E02F4ABB8EED
:10F3A000938302E02D4ABB8E938397F83C202B4B2E
:10F3B0009A772B4B1A78294BDA7797F84420274B0A
:10F3C00083F8202097F85020244B83F8212000F068
:10F3D000D6FB0120FFF76AFD224802F0D3F922484C
:10F3E00002F09EFA3B8FDBB2184601F036FF40F682
:10F3F000A30002F0EFFB034603F00103DBB2194662
:10F4000040F6A30002F0D2FB144B93F82130012BFD
:10F410000DD140F2367002F0DDFB034623F0040309
:10F42000DBB2194640F2367002F0C0FB0CE040F24D
:10F43000367002F0CFFB034643F00403DBB21946FB
:10F4400040F2367002F0B2FB044B4FF6FF729A6046
:10F4500000E000BF00BF2837BD4680BD2CD900208A
:10F46000C000002064D900203AD9002080B586B0C1
:10F4700000AFBA607B600346FB730B46BB7302F0C0
:10F480007CFEFB7B042B00F0C780042B00F3D680AE
:10F49000002B02D0012B59D0D0E0774B002283F80B
:10F4A0003820754A3B6AD363734B0B2283F84420A0
:10F4B000786802F095FD03461A466F4B83F84520A5
:10F4C0006D4ABB6813646C4B00229A733B8DDB0062
:10F4D0009AB2694B1A82684B04229A74664B1822BE
:10F4E000DA74654B00221A7597F82C3083F001030B
:10F4F000DBB21A46604B5A7597F83030002B03D0B8
:10F500005D4BF222DA7502E05B4B0122DA755A4B51
:10F5100001221A7600F033FB0020FFF7C7FC5748A2
:10F5200002F030F9564802F0FBF9564A07F1100391
:10F5300092E8030083E8030007F11003184601F086
:10F54000B4FC40F2FF1001F0FFFC78E04A4B0122CE
:10F5500083F838203B6ADAB2474B83F850204A4A96
:10F560007B6813441A78444B83F85120424A97F839
:10F57000243082F852307B68002B05D13B6A0B2B7C
:10F5800008D03B6A0C2B05D07B68012B07D13B6A66
:10F590000C2B04D1384B012283F8532003E0364B67
:10F5A000002283F85320344B01229A73324B93F894
:10F5B0005030052B04D0304B93F85030062B0AD135
:10F5C0003B8D0B2B03D82C4B0C229A8306E02A4A46
:10F5D0003B8D938302E0284A3B8D938397F82C2040
:10F5E000254B9A77294B1A78234BDA7797F83020F6
:10F5F000214B83F8202097F83C201F4B83F82120D3
:10F6000000F0BDFA0120FFF751FC1C4802F0BAF8E7
:10F610001B4802F085F912E00420FFF747FC164B67
:10F62000022283F83820144A3B6A9364124B162254
:10F6300083F84C20114802F0A5F800E000BF97F9CC
:10F640000E30184602F0CEFB03461A460A4B83F8EA
:10F6500056200E2140F61F1002F0A8FA064B93F830
:10F660005630184602F09DFD034A3B6C536000BFC4
:10F670001837BD4680BD00BF2CD9002064D90020BA
:10F680003AD90020B45D01086C640108C000002074
:10F6900080B483B000AF7860012318460C37BD46B4
:10F6A00080BC704780B485B000AF0346FB71002377
:10F6B000FB60FB790A2B3ED801A252F823F000BF71
:10F6C000EDF60008FDF600080DF700081DF700082C
:10F6D00025F700082BF7000831F7000837F7000876
:10F6E000F5F6000805F7000815F7000841F68463F1
:10F6F000FB6020E042F6B103FB601CE043F60953D7
:10F70000FB6018E045F26113FB6014E047F612233A
:10F71000FB6010E04AF2C323FB600CE04FF224438D
:10F72000FB6008E0074BFB6005E0074BFB6002E075
:10F73000064BFB6000BFFB6818461437BD4680BC13
:10F74000704700BF48E8010090D0030020A10700E7
:10F7500080B483B000AF7860084611461A4603466D
:10F76000FB700B463B801346BB703B88DB00BA78CE
:10F7700082F00102D2B2002A01D0082200E0002269
:10F78000134403F118023B7C397D002901D002218A
:10F7900000E000210B44DB00134418460C37BD4643
:10F7A00080BC704780B48BB000AFF860B960114680
:10F7B0001A460B46FB711346BB80FB7904337B6111
:10F7C000002387F82730BB68052B02D0BB68062BC7
:10F7D00004D1BB880B2B01D80C23BB80FB68002B0A
:10F7E00005D1BB680B2B08D0BB680C2B05D0FB6880
:10F7F000012B05D1BB680C2B02D1012387F82730E0
:10F8000097F83430DB0097F83820002A01D0102216
:10F8100000E0002213441A46BB689B00D31A97F8F5
:10F820003020002A01D0002200E014221344FB61A2
:10F83000BB68062B03D8BB689B003B620EE0FB69EC
:10F840000833FB6197F82730002B04D0BB68023BDC
:10F850009B003B6202E0BB689B003B62FB69002BA4
:10F8600001DA0023FB61FA693B6A13445A1E3B6AC2
:10F8700092FBF3F37A6903FB02F2BB8813440C3367
:10F88000BB61BB68062B02D8BB690233BB61BB6995
:10F890009B005A1CBB68023B02FA03F318462C3744
:10F8A000BD4680BC7047000080B58AB004AFB96027
:10F8B0007A601A460346FB731346BB7300237B61D1
:10F8C00001233B61FB7B002B02D0012B17D035E0DD
:10F8D00097F824003A8CB97B97F82C30019397F86D
:10F8E0002830009303467868FFF732FF03464FF451
:10F8F0007A7202FB03F37B617B683B611EE0398C0B
:10F90000BA7B97F82C30029397F82830019397F838
:10F91000243000930B467968B868FFF743FF03462D
:10F920004FF47A7202FB03F37B610A4ABB6813440B
:10F930001B781846FFF7B6FE386100BF7A693B694D
:10F9400013445A1E3B69B2FBF3F318461837BD4601
:10F9500080BD00BF6C64010880B584B000AF7860E2
:10F960000B46FB700023002240F2012140F20120EF
:10F9700001F072FD734B93F856300121184602F0E6
:10F9800009FA704B1B78012B12D16E4B93F8513052
:10F99000062B0DD140F6890002F01CF9034623F036
:10F9A0000403DBB2194640F6890002F0FFF80CE0D0
:10F9B00040F6890002F00EF9034643F00403DBB27F
:10F9C000194640F6890002F0F1F85E4B1B78042BD3
:10F9D00000F2A88001A252F823F000BF0BFA000841
:10F9E000F1F900080BFA00086DFA00088DFA00081A
:10F9F000544AFB78D377544801F092FFFB780022F9
:10FA00001946786801F03EFA8DE002F0BCFB03462F
:10FA1000012B1ED107F10D02FB781946786802F020
:10FA2000CAFB0346002B0CD17A7B464B9A7546489D
:10FA300001F076FF7B7B00221946786801F022FAFC
:10FA400071E0424B01220021022002F0FFFB032360
:10FA500073E03C4AFB7893753B4801F061FFFB780B
:10FA600000221946786801F00DFA5CE0354B02225D
:10FA70009A73344AFB789376334801F051FFFB7850
:10FA800000221946786801F0FDF94CE0FB781A462F
:10FA900079682F4800F0CAFC2A4B02229A73FB783F
:10FAA0000133DAB2274B9A76274801F039FF00215B
:10FAB000F12000F065F90021F02000F061F9214B00
:10FAC0009B6C642B08D17021F32000F059F91D21A3
:10FAD000F22000F055F907E0E121F32000F050F9A1
:10FAE0000421F22000F04CF9FB789BB2DB009BB2C2
:10FAF0000233FB81FB891B0A9BB2DBB21946F4205F
:10FB000000F03EF9FB89DBB21946F52000F038F928
:10FB1000FB780133DBB26FF07F4219460C4801F0ED
:10FB2000B1F900E000BF074B5B681946094803F0D4
:10FB300045F8084802F064FF002318461037BD4618
:10FB400080BD00BF2CD900203AD90020BC5D01083F
:10FB500028D8002088D9002080B582B000AF0023CB
:10FB60003B713B7943F004033B71387901F066FA4D
:10FB70000220F1F75FF800BF0837BD4680BD80B5B1
:10FB800000AF002001F08EFA00BF80BD80B582B0CA
:10FB900000AF786002F0F7FA0346012B02D102F0C1
:10FBA0001AFB07E00023002240F2622140F26220AB
:10FBB00001F052FC7B68002B06D07968114802F0F6
:10FBC000FDFF104802F01CFF0F4B00229A650E4B00
:10FBD00093F856300021184602F0DCF80A4B5B78A7
:10FBE000002B04D06FF07F4001F098FA05E0064B3F
:10FBF0009B689B01184601F091FA00BF0837BD468B
:10FC000080BD00BFA0D900202CD9002080B582B0D3
:10FC100000AF786002F0B7FA0346012B02D102F080
:10FC2000DAFA07E00023002240F2622140F262206B
:10FC300001F012FC7B68002B06D07968114802F0B5
:10FC4000BDFF104802F0DCFE0F4B00229A650E4B00
:10FC500093F856300021184602F09CF80A4B5B7866
:10FC6000002B04D06FF07F4001F078FA05E0064BDE
:10FC70009B689B01184601F071FA00BF0837BD462A
:10FC800080BD00BFA0D900202CD9002080B582B053
:10FC900000AF786039607B685A003B6813440C4AB7
:10FCA0009365002300224FF6FF714FF6FF7001F0BD
:10FCB000D3FB074B93F856300021184602F06AF840
:10FCC0003968786801F06EFA00BF0837BD4680BD1C
:10FCD0002CD9002080B500AF094B93F85630002195
:10FCE000184602F057F8002300224FF4C0714FF479
:10FCF000C07001F0B1FB01F081FA00BF80BD00BF10
:10FD00002CD9002080B584B000AF78600B46FB7022
:10FD100013463B803B884FF47A7202FB03F3FB608F
:10FD2000786801F0F5FB97F90330184602F05AF8AD
:10FD30000346FB720E2140F61F1001F037FFFB7ADD
:10FD40000121184602F026F801F066FAF968054824
:10FD500002F034FF034802F053FE00BF1037BD46E7
:10FD600080BD00BF88D9002080B582B000AF0346B7
:10FD7000FB7101F088FE034618460837BD4680BD7A
:10FD800080B582B000AF03460A46FB8013467B7104
:10FD90007A79FB881146184601F008FF00BF083742
:10FDA000BD4680BD80B582B000AF0346FB80FB88B6
:10FDB000184601F00FFF034618460837BD4680BDC0
:10FDC00080B582B000AF03463960FB8013467B717B
:10FDD0007B799AB2FB883968184601F00FFF00BFA3
:10FDE0000837BD4680BD80B582B000AF034639609C
:10FDF000FB8013467B717B799AB2FB883968184681
:10FE000001F01EFF00BF0837BD4680BD80B582B03F
:10FE100000AF03460A46FB711346BB71FB79012B09
:10FE20000AD10E4ABB7913700C4B1A780C4BDA7757
:10FE30000C4801F075FD0DE0094B5B7D012B09D1EC
:10FE4000064ABB791370054B1A78054B9A7505481D
:10FE500001F066FD00BF0837BD4680BDC000002030
:10FE60002CD900203AD9002080B582B000AF0346DB
:10FE7000FB71134AFB791373114B1A7B104B5A73A6
:10FE80000120FFF713F8FB79002B0AD034214FF43F
:10FE9000E86001F08BFE442140F2417001F086FEE3
:10FEA00009E014214FF4E86001F080FE242140F2C3
:10FEB000417001F07BFE00BF0837BD4680BD00BF2A
:10FEC0002CD9002080B500AF01F0C0FF03460333FA
:10FED000184680BD80B582B000AF786000F00EF8A3
:10FEE00000BF0837BD4680BD80B582B000AF7860E6
:10FEF00000F018F800BF0837BD4680BD80B500AFE0
:10FF0000074B1B68002B08D0054B1B685B68002B58
:10FF100003D0034B1B685B68984700BF80BD00BFE0
:10FF200028D9002080B500AF074B1B68002B08D0F4
:10FF3000054B1B68DB68002B03D0034B1B68DB6899
:10FF4000984700BF80BD00BF28D9002080B582B08F
:10FF500000AF0346FB80054AFB88A2F8543000F04E
:10FF600007F800BF0837BD4680BD00BF2CD9002070
:10FF7000B0B582B000AF0023FB7100233B60A84BFB
:10FF8000B3F85430B3F5007F00F00D81B3F5007F76
:10FF900000F3E881B3F5807F00F0F180B3F5807F56
:10FFA00000F3E081802B00F0D680802B00F3DA8113
:10FFB000202B49DC002B40F3D581013B1F2B00F2A5
:10FFC000D18101A252F823F0510001088B000108F1
:10FFD0006503010841020108650301086503010882
:10FFE00065030108BD0201086503010865030108F6
:10FFF000650301086503010865030108650301083D
:020000040801F1
:1000000065030108D90201086503010865030108B9
:10001000650301086503010865030108650301081C
:10002000650301086503010865030108650301080C
:1000300065030108650301086503010865030108FC
:1000400065030108E7020108402B00F06D8189E19A
:10005000744802F043FD002001F024F802F09AF801
:100060000346012B01D102F0BEF86F4B1B68002B39
:1000700000F07A816C4B1B681B68002B00F07481C8
:10008000694B1B681B6898476EE1684802F026FDC3
:10009000634B5B7883F00103DBB2002B14D00020AC
:1000A00001F000F8002140F6021001F07FFD40F65B
:1000B000441001F08FFD034643F00203DBB2194602
:1000C00040F6441001F072FDFB1DFF22194658480E
:1000D00000F0B6FE574801F017FD534B1B68002B8C
:1000E00000F04481504B1B689B68002B00F03E8160
:1000F0004B4B93F82430012B0ED14B4B1B689C6863
:10010000FB791946464B93F930301A46444B93F924
:1001100031304748A0471DE0414BDB6B3A46114662
:10012000184601F085FF404B1B689C68FB79194617
:100130003B4B93F9293018463B6803F5FA733E4A66
:1001400082FB03529211DB17D31A5BB20246384886
:10015000A04700BF0AE1002000F0A4FF324B1B685B
:10016000002B00F00581304B1B689B69002B00F0D1
:10017000FF802D4B1B689B6900209847F8E000200A
:1001800000F090FF284B1B68002B00F0F380264BFB
:100190001B689B69002B00F0ED80234B1B689B695B
:1001A00001209847E6E0254B01220021022002F0C1
:1001B0004DF800F02BFE0346042B15D1194802F030
:1001C0008DFC002000F06EFF174B1B68002B00F029
:1001D000D380154B1B685B68002B00F0CD80124B61
:1001E0001B685B689847C7E000F010FE0346052BCC
:1001F00040F0C2800D4802F071FC002000F052FF78
:10020000094B1B68002B00F0B780074B1B68DB68AD
:10021000002B00F0B180044B1B68DB689847ABE013
:100220002CD9002088D9002028D90020A0D900206E
:1002300028D8002050D90020D34D6210D45D010889
:10024000544B01220021022002F000F8524B9B6D1A
:10025000002B00F09380514A4F4B9B6D1B0CDBB27F
:10026000194640F6031090474C4A4B4B9B6D1B0AB6
:10027000DBB2194640F604109047484A464B9B6D46
:10028000DBB2194640F605109047444C444B40F60B
:1002900002109847034643F00103DBB2194640F6CB
:1002A0000210A0473C4B00229A650023002240F236
:1002B000622140F2622001F0CFF85FE0394B012269
:1002C0000021022001F0C2FF01F05DFF0346012B77
:1002D00056D101F08EFF53E0334B01220021022062
:1002E00001F0B4FF51E0314802F0F8FB2A4B5B7893
:1002F00083F00103DBB2002B02D0002000F0D2FE1D
:100300002B4B1B68002B3DD0294B1B68DB68002B57
:1003100038D0274B1B68DB689847264B0122002109
:10032000022001F093FF2DE0234B01220021022047
:1003300001F08CFF184B5B7883F00103DBB2002BDC
:1003400002D0002000F0AEFE194B1B68002B1BD022
:10035000174B1B681B69002B16D0154B1B681B69BC
:10036000984711E000BF10E000BF0EE000BF0CE0B6
:1003700000BF0AE000BF08E000BF06E000BF04E0E5
:1003800000BF02E000BF00E000BF00BF0837BD466D
:10039000B0BD00BFE85D01082CD9002081FD000838
:1003A000A5FD0008F45D0108005E0108A0D9002049
:1003B00028D900200C5E0108185E010880B500AF46
:1003C000094B93F856300121184601F0E3FC074B26
:1003D0002D214FF4D760984700F027FF044800F024
:1003E0007DFE00BF80BD00BF2CD9002081FD00082C
:1003F000FFFF0F0080B584B000AF0346FB7197F993
:100400000730184601F0EEFC0346FB730E2140F660
:100410001F1001F0CBFBFB7B0121184601F0BAFC59
:1004200000F0FAFE00BF1037BD4680BD80B489B031
:1004300000AFF860B9601346FB710023FB7700231F
:10044000BB610023BB6111E0BB69BA6813441A7831
:10045000BB69B9680B44D243D2B21A70BB69FA685F
:10046000134400221A70BB690133BB61FB79BA697E
:100470009A42E9DB0023BB6149E0BB695A4203F0C1
:10048000070302F0070258BF5342DBB2C3F1070370
:10049000FB75BB69002B00DA0733DB10BB75BB694A
:1004A00001335A4203F0070302F0070258BF5342D8
:1004B000DBB2C3F107037B75BB690133002B00DAA4
:1004C0000733DB103B75BB7DBA6813441B781A46B3
:1004D000FB7D42FA03F3DBB203F00103FB74FA7F06
:1004E000FB7C5340FB773B7DFA6813441B785AB280
:1004F000F97F7B7D01FA03F35BB2134359B23B7D75
:10050000FA681344CAB21A70BB690133BB61FB7944
:10051000DB00BA699A42B0DB97F91F30DB015AB2AF
:1005200097F91F309B015BB213435BB2FA7F002A3D
:1005300001D1202200E00022134359B2FB79FA686E
:100540001344CAB21A7000BF2437BD4680BC70473E
:1005500080B58CB000AFB9607A603B600346FB7336
:100560000023BB6207F1200300221A605A6001F0E9
:1005700004FE7B68002B01D000233B607B68002BCE
:1005800014BF01230023DAB2A34B5A70FB7B002B6C
:1005900003D0012B00F0DC8095E1BB689B68002B49
:1005A00003D0BB68DB68002B02D14FF0FF338BE137
:1005B000BB689B7F082B02D94FF0FF3384E1BB68F7
:1005C0001969BB689B7F1A4607F12003184602F0A1
:1005D00025F9BB681B68002B14BF01230023DBB285
:1005E000184600F02BFE8C4B002283F83820BB68A5
:1005F0009B68894AD363BB6893F82020864B83F8B5
:100600004420BB685B68184601F0EAFC03461A46C2
:10061000814B83F84520804B00229A73BB68DB68CE
:100620009BB2DB009AB27C4B1A82BB68DA7F7A4BB2
:100630009A74BB689B7FDB00DAB2774BDA74BB68D5
:1006400093F82120744B1A75BB6893F82230002B65
:1006500005D1BB685B69DAB26F4B9A750BE0BB687A
:1006600093F82230022B03D16B4BFF229A7502E0E4
:10067000694BFF229A75BB6893F82430022B04D093
:10068000BB6893F82230022B2DD1BB6893F823303E
:10069000F12B0CD0BB6893F82330F22B07D0BB684A
:1006A00093F82330012B02D04FF0FF330CE10023ED
:1006B0003B77BB68BB61594B196807F11403584A73
:1006C000184601F04DFD0346002B02D04FF0FF33DA
:1006D000FAE0514B00221A764F4B0122DA754E4B4D
:1006E00000225A750EE0BB6893F823204A4BDA7556
:1006F000BB6893F82420484B1A76BB6893F82220F5
:10070000454B5A75FFF73BFA0020FEF7CFFB4548F3
:1007100001F038F8444801F003F907F120031846C6
:1007200000F0C3FBBB689B8B184600F00DFCBB6858
:100730001B8B184600F0E8FB3B684FF4FA5203FBB2
:1007400002F2BB689B68B2FBF3F3334A9360BAE0F2
:10075000BB681B8E002B02D14FF0FF33B4E0BB68A7
:1007600093F83230012B04D1BB685B6987F82F30D6
:1007700002E0FF2387F82F30BB689B6A002B14BF71
:1007800001230023DBB2184600F058FD3B68DBB2C2
:10079000184600F062FD204B012283F83820BB6828
:1007A00093F82C201C4B83F85020BB6893F82D2025
:1007B000194B83F85120BB6893F82E20164B83F811
:1007C0005220BB6893F82F30022B10D0022B2DDC67
:1007D000002B02D0012B05D028E00F4B002283F81C
:1007E000532024E00C4B012283F853201FE0BB6808
:1007F00093F82C300B2B04D0BB6893F82C300C2BC7
:1008000004D1054B012283F8532010E0024B002253
:1008100083F853200BE000BF2CD9002028D90020FA
:10082000A0D9002064D900203AD9002000BF284B6D
:1008300001229A73BB681A8E254B9A83BB6893F882
:100840003220234B9A77224A97F82F30D377BB6810
:1008500093F834201E4B83F82020BB6893F8352092
:100860001B4B83F82120FFF78AF90120FEF71EFBBE
:10087000184800F087FF184801F052F8144B93F81D
:100880002130012B0DD140F2367001F0A3F903465F
:1008900023F00403DBB2194640F2367001F086F90A
:1008A0000CE040F2367001F095F9034643F0040382
:1008B000DBB2194640F2367001F078F9044B4FF67E
:1008C000FF729A6000BFBB6A18463037BD4680BDD4
:1008D0002CD9002064D900203AD9002080B58EB0F0
:1008E00000AFB9607B600346FB731346BB7307F12F
:1008F0002C0300221A605A6001F03FFCFB7B032BA3
:1009000000F2058201A252F823F000BF910A01080B
:10091000D90B0108D10C01081D090108BB689B7C9B
:10092000082B02D94FF0FF3306E2BB689968BB6819
:100930009B7C1A4607F12C03184601F06FFFBB6839
:100940001B68002B02D14FF0FF33F5E1BB681B6839
:1009500042F21072934213D8022387F83730994B32
:1009600003229A73974B032283F83820BB681B68D5
:10097000944AD363BB68DA7C924B83F8442017E037
:10098000002387F837308F4B00229A738D4B00225B
:1009900083F83820BB681B688A4AD363BB68DA7C5B
:1009A000884B83F84420BB681B689B08854A136406
:1009B000BB685B689BB2DB009AB2824B1A82814BA8
:1009C00004229A74BB689B7CDB00DAB27D4BDA743C
:1009D0007C4B00221A75BB689B7D022B03D0BB6841
:1009E0001B7D022B2BD1BB685B7DF12B0AD0BB6832
:1009F0005B7DF22B06D0BB685B7D012B02D04FF0F4
:100A0000FF3399E1BB683B62012387F828306E4BC6
:100A1000196807F120036D4A184601F0A1FB03464F
:100A2000002B02D04FF0FF3386E1664B00221A768E
:100A3000644B0122DA75634B00225A750BE0BB68E8
:100A40005A7D604BDA75BB689A7D5E4B1A76BB683F
:100A50001A7D5C4B5A75FFF792F897F837301846B5
:100A6000FEF724FA5A4800F08DFE5A4800F058FF6D
:100A700007F12C03184600F018FABB681B8A1846C9
:100A800000F062FABB689B89184600F03DFA3FE12E
:100A9000BB681B68002B02D14FF0FF334CE1BB68F1
:100AA0009B7C082B02D94FF0FF3345E1BB68996866
:100AB000BB689B7C1A4607F12C03184601F0AEFE7A
:100AC000404B002283F83820BB681B683D4AD36343
:100AD000BB68DA7C3B4B83F84420BB689B69394A8E
:100AE0001364384B00229A73BB685B689BB2DB00CF
:100AF0009AB2344B1A82334B04229A74BB689B7CA3
:100B0000DB00DAB22F4BDA742E4B00221A75BB6869
:100B10009B7D022B03D0BB681B7D022B2AD1BB68B7
:100B20005B7DF12B0AD0BB685B7DF22B06D0BB68E6
:100B30005B7D012B02D04FF0FF33FDE001233B77BB
:100B4000BB687B61204B196807F114031F4A1846E4
:100B500001F006FB0346002B02D04FF0FF33EBE021
:100B6000184B00221A76174B0122DA75154B00221A
:100B70005A750BE0BB685A7D124BDA75BB689A7DDB
:100B8000104B1A76BB681A7D0E4B5A75FEF7F7FFAD
:100B90000020FEF78BF90E4800F0F4FD0D4800F040
:100BA000BFFE07F12C03184600F07FF9BB681B8AD3
:100BB000184600F0C9F9BB689B89184600F0A4F9F3
:100BC000A6E000BF2CD9002028D9002088D9002019
:100BD00064D900203AD90020594B012283F83820EB
:100BE000BB681A78564B83F85020BB685A78544B30
:100BF00083F85120BB689A78514B83F85220BB6828
:100C0000DB78022B10D0022B20DC002B02D0012B32
:100C100005D01BE04A4B002283F8532017E0484BD5
:100C2000012283F8532012E0BB681B780B2B03D002
:100C3000BB681B780C2B04D1414B012283F8532055
:100C400005E03F4B002283F8532000E000BF3C4BFF
:100C500001229A73BB689A88394B9A83BB689A7948
:100C6000374B9A77BB68DA79354B83F82020BB681D
:100C70001A7A334B83F82120FEF781FF0120FEF71B
:100C800015F9304800F07EFD2F4800F049FE2C4B4E
:100C900093F85130062B0DD140F6890000F09AFFF1
:100CA000034623F00403DBB2194640F6890000F046
:100CB0007DFF2DE040F6890000F08CFF034643F0F5
:100CC0000403DBB2194640F6890000F06FFF1FE015
:100CD000BB681B68002B04D0BB681B68B3F57A7F28
:100CE00002D94FF0FF3327E00320FEF7DFF8144B63
:100CF000022283F83820BB681B68114A9364104BAA
:100D0000162283F84C200F4800F03CFD00E000BFA5
:100D100097F90E30184601F065F803461A46084B5D
:100D200083F85620064B93F85630184601F039FAEE
:100D3000034A7B685360002318463837BD4680BDA0
:100D40002CD9002064D900203AD9002080B485B085
:100D500000AF78600123FB73FB7B18461437BD4658
:100D600080BC704780B483B000AF786039600123E5
:100D700018460C37BD4680BC7047000080B584B073
:100D800000AF78607B68002B02D01D4A7B6813603F
:100D9000EFF794FE022001F001F91A4B00221A70BD
:100DA000002000F07FF9F4F7E5F80346012B0ED19F
:100DB0004021012000F08AFB002140F6111000F0D4
:100DC000F5FE7F233B73387B00F08DFA09E00B21A1
:100DD00040F6111000F0EAFE0B2140F6121000F070
:100DE000E5FE0E2140F61F1000F0E0FEF4F7A6F835
:100DF000054B01221A7000BF1037BD4680BD00BFF1
:100E0000C4D90020C0D90020B8D9002080B400AFD8
:100E1000024B1B781846BD4680BC7047B8D90020ED
:100E200080B582B000AF78600B46FB70FB781A4645
:100E30007968002000F026FF00BF0837BD4680BD5E
:100E400080B586B000AFF860B9601346FB7100232F
:100E5000FB7507F117031946B86800F029FEBB6857
:100E60001B78FA799A4201D2012307E0F87DBB682A
:100E70001B781A46F96800F027FF00231846183738
:100E8000BD4680BD80B584B000AFF8600B467A6087
:100E9000FB72FB7A1946F868FFF7C2FF786800F02A
:100EA0001DF900BF1037BD4680BD80B582B000AFD0
:100EB0007860082279684FF4D86000F09FFE002324
:100EC00018460837BD4680BD80B584B000AF0346E4
:100ED000FB80FB881B0A9BB2DBB23B73FB88DBB257
:100EE0007B7300F077FB0346002B08D107F10C035E
:100EF0000222194640F2BC6000F080FE00E000BF14
:100F000000BF1037BD4680BD80B584B000AF03463A
:100F1000FB80FB881B0A9BB2DBB23B73FB88DBB216
:100F20007B7300F057FB0346002B08D107F10C033D
:100F30000222194640F2BE6000F060FE00E000BFF1
:100F400000BF1037BD4680BD80B584B000AF0346FA
:100F5000FB800023FB7300F03DFB0346002B21D1F7
:100F60004FF4D76000F036FE034623F00103FB7315
:100F7000FB881B0A9BB25BB203F001035AB297F9DC
:100F80000F3013435BB2FB73FB7B19464FF4D76002
:100F900000F00CFEFB88DBB2194640F2B96000F0AD
:100FA00005FE00E000BF00BF1037BD4680BD80B524
:100FB00082B000AF00233B600023FB710023BB71B4
:100FC00040F6E20000F006FE0346FB71FB7923F0D9
:100FD0000103DBB2194640F6E20000F0E7FD40F6FF
:100FE000E50000F0F7FD0346BB71BB7903F07F031A
:100FF000DBB2194640F6E50000F0D8FD6FF07F4007
:1010000000F08CF83B460422194640F6190000F027
:1010100017FE002000F046F8FB79194640F6E20082
:1010200000F0C4FDBB79194640F6E50000F0BEFDB6
:101030003B6818460837BD4680BD000080B584B0C7
:1010400000AF38710020F3F780FF022000F0A6FF08
:101050003B79C3F38003DBB25BB29B005AB23B79AE
:10106000C3F34003DBB25BB25B005BB213435AB223
:101070003B79C3F30003DBB25BB213435BB2DBB279
:10108000FB7307F10F0301221946842000F03EFE96
:10109000034B00221A7000BF1037BD4680BD00BF51
:1010A000B8D9002080B582B000AF0346FB71FB1DAC
:1010B00001221946802000F029FEFB79002B03D184
:1010C000054B01221A7002E0034B02221A7000BF86
:1010D0000837BD4680BD00BFB8D9002080B584B0B8
:1010E00000AF78600C4B04221A707B681B0CDBB2DB
:1010F0003B737B681B0ADBB27B737B68DBB2BB7321
:1011000007F10C0303221946832000F0FFFD00BF06
:101110001037BD4680BD00BFB8D9002080B584B06F
:1011200000AF78600C4B05221A707B681B0CDBB299
:101130003B737B681B0ADBB27B737B68DBB2BB73E0
:1011400007F10C0303221946822000F0DFFD00BFE7
:101150001037BD4680BD00BFB8D9002080B584B02F
:1011600000AF78600E4B05221A70972140F6AC0054
:1011700000F01CFD7B681B0CDBB23B737B681B0A19
:10118000DBB27B737B68DBB2BB7307F10C0303221A
:101190001946822000F0BAFD00BF1037BD4680BD61
:1011A000B8D9002080B584B000AF786039607B6822
:1011B0001B0CDBB23B727B681B0ADBB27B727B6869
:1011C000DBB2BB723B681B0CDBB2FB723B681B0AD9
:1011D000DBB23B733B68DBB27B7307F1080306228B
:1011E0001946942000F092FD034B06221A7000BFAE
:1011F0001037BD4680BD00BFB8D9002080B500AF14
:1012000000220021C52000F081FD024B07221A7048
:1012100000BF80BDB8D9002080B500AF00220021FA
:10122000D12000F073FD00BF80BD80B500AF00226B
:101230000021D22000F06AFD00BF80BD80B582B0E1
:1012400000AF0346FB71FB1D012219469F2000F0F1
:101250005DFD00BF0837BD4680BD80B584B000AFDE
:101260000346FB71FB1D01221946A02000F04EFD34
:10127000FB793F2B1CD9FB795B08FB730023BB7305
:1012800000237B7305E0FB7B9B08FB73BB7B013377
:10129000BB73FB7B1F2BF6D8FB7BDB00DAB2BB7B7F
:1012A00013447B737B7B194640F2067000F07EFC92
:1012B00000BF1037BD4680BD80B582B000AFF3F7E8
:1012C00060FE0346012B02D10123FB7101E00023E4
:1012D000FB71FB1D01221946962000F017FD00BF8F
:1012E0000837BD4680BD80B584B000AF38713B790A
:1012F000C3F38013DBB25BB29B015AB23B79C3F3F9
:101300004013DBB25BB25B015BB213435AB23B7971
:10131000C3F30013DBB25BB21B015BB213435AB2DF
:101320003B79C3F3C003DBB25BB2DB005BB21343B8
:101330005AB23B79C3F38003DBB25BB29B005BB272
:1013400013435AB23B79C3F34003DBB25BB25B0099
:101350005BB213435AB23B79C3F30003DBB25BB217
:1013600013435BB2DBB2FB7307F10F030122194693
:10137000892000F0CBFC00BF1037BD4680BD0000C7
:1013800080B584B000AF78607B681D4A934204D971
:10139000E1233B73E9237B7327E07B68194A93427F
:1013A00004D9D7233B73DB237B731EE07B68164A8B
:1013B000934204D9C1233B73C5237B7315E07B683B
:1013C000124A934204D975233B7381237B730CE04B
:1013D0007B680F4A934204D96B233B736F237B7363
:1013E00003E029233B732B237B7307F10C030222B9
:1013F0001946982000F08AFC00BF1037BD4680BD1A
:1014000000E9A43580F8A9328044E52D000B6B1B60
:1014100040FC541990B585B000AF0446084611460B
:101420001A462346FB710346BB710B467B7113467C
:101430003B71FB793B73BB797B737B79BB733B79E6
:10144000FB7307F10C0304221946952000F05EFCA3
:1014500000BF1437BD4690BD90B585B000AF0446BF
:10146000084611461A462346FB800346BB800B46BE
:101470007B8013463B80FB881B0A9BB2DBB23B722E
:10148000FB88DBB27B72BB881B0A9BB2DBB2BB72F0
:10149000BB88DBB2FB727B881B0A9BB2DBB23B735F
:1014A0007B88DBB27B733B881B0A9BB2DBB2BB73CE
:1014B0003B88DBB2FB7307F10803082219460820BA
:1014C00000F024FC00BF1437BD4690BD80B584B049
:1014D00000AF03463960FB71FB7903F00703DBB211
:1014E0003B733B681B0CDBB27B733B681B0ADBB2B4
:1014F000BB733B68DBB2FB7307F10C030422194694
:10150000972000F003FC00BF1037BD4680BD0000EF
:101510002DE9B04384B000AF78600023FB601D4B21
:101520001B7883F00103DBB2002B05D07868FFF74E
:1015300027FF184B01221A707B6800221C461546B3
:101540004FEAD4194FEA4468134A4FF0000340466B
:101550004946EEF76DFE02460B461346FB60FB68FC
:101560001B0EDBB23B72FB681B0CDBB27B72FB68B1
:101570001B0ADBB2BB72FB68DBB2FB7207F108032C
:1015800004221946862000F0C1FB00BF1037BD467B
:10159000BDE8B083C0D900200048E80180B582B022
:1015A00000AF0346FB71FA79094B1A70FB79002BE7
:1015B00004D1002140F2AC6000F0F8FAFB1D0122DA
:1015C00019468A2000F0A2FB00BF0837BD4680BD47
:1015D000B9D9002080B400AF024B1B781846BD4635
:1015E00080BC7047B9D9002080B584B000AF0346F5
:1015F000FB710B46BB7113467B71FB79012B49D103
:101600000020F3F7C5FCF86097F90630FA689A42B3
:1016100001DAFB68BB71FB680E2B0ED1012301229E
:1016200000210420FFF7F6FEBA79FB68DBB2D31A7B
:10163000DBB20E33DBB2BB711FE0FB680A2B0ED1AD
:101640000123012200210120FFF7E4FEBA79FB68A3
:10165000DBB2D31ADBB20D33DBB2BB710DE0012379
:10166000012200210720FFF7D5FEBA79FB68DBB223
:10167000D31ADBB20E33DBB2BB7197F9063013F12C
:10168000110F01DAEF23BB71182140F6E70000F0DB
:101690008DFA67E040F6D80000F09CFA034643F06C
:1016A0001E03DBB2194640F6D80000F07FFA012095
:1016B000F3F76EFCF86097F90630FA689A4201DA9F
:1016C000FB68BB71FB68142B0ED10123002205219E
:1016D0000320FFF79FFEBA79FB68DBB2D31ADBB2B7
:1016E0001633DBB2BB7131E0FB68112B0ED1012345
:1016F000002203210220FFF78DFEBA79FB68DBB2DE
:10170000D31ADBB21633DBB2BB711FE0FB680E2BC2
:101710000ED10123002202210220FFF77BFEBA79BD
:10172000FB68DBB2D31ADBB20E33DBB2BB710DE068
:101730000123002207210420FFF76CFEBA79FB6821
:10174000DBB2D31ADBB21633DBB2BB7197F90630CA
:1017500013F1090F01DAF723BB71382140F6E700D6
:1017600000F024FABB793B727B797B7207F10803A6
:10177000022219468E2000F0C9FA00BF1037BD467C
:1017800080BD00002DE9B04386B000AF7860002333
:101790007B6107F1080300221A605A607B681A789F
:1017A0005C4B1B789A4204D07B681B781846FFF785
:1017B000F5FE7B681B78032B00F2A58001A252F88E
:1017C00023F000BFD5170108951801085718010824
:1017D000C31801080823FB747B685B684E4AB2FBA0
:1017E000F3F37B617B691B0CDBB23B727B691B0AE9
:1017F000DBB27B727B69DBB2BB727B681B7BFB72EB
:101800007B685B7B3B737B689B6800221C461546AC
:101810004FEAD4194FEA4468404A4FF0000340466B
:101820004946EEF705FD02460B4613467B617B6990
:101830001B0CDBB27B737B691B0ADBB2BB737B695E
:10184000DBB2FB73FB7C9AB207F1080319468B20CD
:1018500000F05CFA58E00423FB747B681B692E4A95
:10186000B2FBF3F37B617B691B0CDBB23B727B69E0
:101870001B0ADBB27B727B69DBB2BB727B681B7DB0
:10188000FB72FB7C9AB207F1080319468B2000F02B
:101890003DFA39E00423FB747B681B7E3B727B6856
:1018A0005B7E7B727B689B7EBB727B68DB7EFB72A0
:1018B000FB7C9AB207F1080319468B2000F026FA48
:1018C00022E00523FB747B685B68134AB2FBF3F3E9
:1018D0007B617B691B0CDBB23B727B691B0ADBB251
:1018E0007B727B69DBB2BB727B681B7BFB727B68A4
:1018F0005B7B3B73FB7C9AB207F1080319468B2094
:1019000000F004FA00E000BF00BF1837BD46BDE894
:10191000B08300BFB9D900200000093D0048E801AC
:1019200080B586B000AF78600023BB7507F10C036B
:1019300000221A605A601A727B681A78444B1B782E
:101940009A4204D07B681B781846FFF727FE7B6815
:101950001B78032B78D801A252F823F06D190108E7
:10196000FD190108F11901086D1901087B685B7AFE
:10197000F12B0AD14FF6FF70FFF7A6FA48F20500E7
:10198000FFF7C2FA0223BB7511E07B685B7AF22B8A
:101990000AD141F60F50FFF797FA41F22100FFF705
:1019A000B3FA0623BB7502E07B685B7ABB7509233B
:1019B000FB757B685B881B0A9BB2DBB23B737B6861
:1019C0005B88DBB27B737B681B79BB737B685B795D
:1019D000FB737B689B793B747B68DB797B747B68EA
:1019E0001B7ABB74BB7DFB747B689B7A3B7522E0E2
:1019F0000123FB757B681B7B3B731CE00623FB7597
:101A00007B68DB891B0A9BB2DBB23B737B68DB899B
:101A1000DBB27B737B681A7C0E4B11461970134640
:101A2000BB737B685B7CFB737B689B7C3B747B68D4
:101A3000DB7C7B7400BFFB7D9AB207F10C03194677
:101A40008C2000F063F900E000BF1837BD4680BD70
:101A5000B9D90020BAD9002080B584B000AF0346C0
:101A60000A46FB711346BB71FB793B73BB797B73F1
:101A700007F10C03022219468F2000F047F900BF3E
:101A80001037BD4680BD80B582B000AF0023FB712A
:101A90003B1D01221946152000F05AF93B795B42A3
:101AA0005B10FB7197F9073018460837BD4680BDBB
:101AB00080B584B000AF7860396007F10C03022272
:101AC0001946132000F044F9FFF784FD0346012B6B
:101AD0000DD10C4B1B78DBB2012B08D140F2027008
:101AE00000F078F803461A467B681A7002E03A7BE9
:101AF0007B681A707A7B3B681A7000BF1037BD464E
:101B000080BD00BFBAD9002080B584B000AF786036
:101B100007F10C0303221946142000F019F9FFF70E
:101B200059FD03461A467B681A707B681B78002BA8
:101B300002D0012B13D02AE03A7B7B681A717B7BA1
:101B40005B425B105AB27B689A71BB7B5B425B1055
:101B50005AB27B685A717B6800229A6020E03B7B16
:101B60005B425B105AB27B681A737B7B5BB20233B9
:101B70009B105AB27B685A73BB7B5B425B105AB2B4
:101B80007B689A73084B1A687B681A6108E0142214
:101B90000021786800F061FE7B680F221A7000BF98
:101BA00000BF1037BD4680BDBCD9002080B582B0D3
:101BB00000AF03460A46FB8013467B717A1DF98805
:101BC00001230348F6F76EFA00BF0837BD4680BD13
:101BD0008005002080B584B000AF0346FB8007F18C
:101BE0000F02F98801230448F6F7BBFAFB7B18467D
:101BF0001037BD4680BD00BF8005002080B586B08F
:101C000000AF03463960FB801346BB80EFF31083BF
:101C1000FB60FB687B6172B600BFBB88F9883A68DD
:101C20000648F6F73FFA7B693B613B6983F310880E
:101C300000BF00BF1837BD4680BD00BF8005002033
:101C400080B586B000AF03463960FB801346BB8089
:101C5000EFF31083FB60FB687B6172B600BFBB884B
:101C6000F9883A680648F6F77CFA7B693B613B697C
:101C700083F3108800BF00BF1837BD4680BD00BF8A
:101C80008005002080B586B000AF03463960FB7147
:101C90001346BB71EFF31083FB60FB687B6172B688
:101CA00000BFBB799BB2F9793A680648F6F76DFB3D
:101CB0007B693B613B6983F3108800BF00BF183725
:101CC000BD4680BD8005002080B586B000AF0346CC
:101CD0003960FB711346BB71EFF31083FB60FB6847
:101CE0007B6172B600BFBB799BB2F9793A6806484E
:101CF000F6F79EFB7B693B613B6983F3108800BF6D
:101D000000BF1837BD4680BD8005002080B586B075
:101D100000AF03463960FB711346BB80EFF31083BD
:101D2000FB60FB687B6172B600BFBB88F9793A68DB
:101D30000648F6F777FA7B693B613B6983F31088C5
:101D400000BF00BF1837BD4680BD00BF8005002022
:101D500080B586B000AF03463960FB711346BB8087
:101D6000EFF31083FB60FB687B6172B600BFBB883A
:101D7000F9793A680648F6F7B4FA7B693B613B6942
:101D800083F3108800BF00BF1837BD4680BD00BF79
:101D90008005002080B584B000AF03460A46FB7181
:101DA0001346BB710123FB73BB79012B0DD1FB796A
:101DB000012B04D10223FB73042000F0EFF8FB7920
:101DC000022B07D10323FB7304E0BB79002B01D165
:101DD0000123FB73FB7B1846F3F7B7F800BF1037FE
:101DE000BD4680BD80B584B000AF0346FB710123C2
:101DF000FB73F3F7B8F8B860BB68022B16D0BB686A
:101E0000022B16DCBB68002B03D0BB68012B0AD069
:101E10000FE097F907300F2B02DD0223FB7309E077
:101E20000123FB7306E00123FB7303E00223FB7332
:101E300000E000BF97F90710FB7B02221846FFF76E
:101E4000D3FBFB7B18461037BD4680BD80B400AF86
:101E500001231846BD4680BC7047000080B582B0A3
:101E600000AF7860034B1B680120984700BF08371C
:101E7000BD4680BDC4D9002080B582B000AF786077
:101E8000034B1B680220984700BF0837BD4680BD42
:101E9000C4D9002080B582B000AF7860034B1B68C6
:101EA0004020984700BF0837BD4680BDC4D90020F8
:101EB00080B582B000AF78600B46FB70FB78002BDA
:101EC00002D0012B05D00AE0074B1B688020984701
:101ED00005E0054B1B684FF48070984700BF00BFBA
:101EE0000837BD4680BD00BFC4D9002080B582B090
:101EF00000AF7860044B1B684FF40070984700BF38
:101F00000837BD4680BD00BFC4D9002080B582B06F
:101F100000AF7860034B1B682020984700BF08374C
:101F2000BD4680BDC4D9002080B582B000AF7860C6
:101F3000034B1B680420984700BF0837BD4680BD8F
:101F4000C4D9002080B582B000AF7860034B1B6815
:101F50000820984700BF0837BD4680BDC4D900207F
:101F600080B582B000AF7860034B1B6810209847A3
:101F700000BF0837BD4680BDC4D9002080B582B0FF
:101F800000AF7860044B1B684FF48040984700BF57
:101F90000837BD4680BD00BFC4D9002080B584B0DD
:101FA00000AF0346FB71F2F7ECFF0346012B12D1A1
:101FB00040F62310FFF70EFE0346FB73FB7B23F076
:101FC0000603FB73FA7BFB791343DBB2194640F639
:101FD0002310FFF7EBFD00BF1037BD4680BD0000AA
:101FE00080B485B000AF78607B68002B01D11F23DF
:101FF00017E00023FB730FE0FB7B0C4A52F83330F1
:102000007A689A4205D2FB7B084ADB0013441B79AD
:1020100007E0FB7B0133FB73FB7B152BECD900BF87
:10202000FDE718461437BD4680BC70477064010850
:1020300080B58AB000AF78603960354BFB6040F600
:102040000700FFF7C7FD0346FB77FB7FDB08DBB22A
:1020500003F0030328333B4413F81C3CBB77FB7F9E
:1020600003F007037B77BA7F7B7F013302FA03F328
:102070001A46284BB3FBF2F3BB61BA697B68B2FB2B
:10208000F3F37B61012387F8273097F827307A69CB
:1020900002FB03F3072B02D8022387F8273097F8B7
:1020A00027307A6902FB03F3032B02D8042387F855
:1020B000273097F82720BB6902FB03F33B614FF4FD
:1020C000D660FFF787FD03461B0203F470633B6293
:1020D00040F2B160FFF77EFD03461A463B6A1343A8
:1020E0003B623B6A03F40063002B05D03B6A6FEA56
:1020F00003536FEA13533B623B695B093A6A02FB85
:1021000003F3DA113B681A6000BF2837BD4680BD73
:1021100004080A0C0048E80180B487B000AF034609
:10212000B9607A60FB8100237B614FF0FF337B61F4
:102130007B6918461C37BD4680BC704780B487B0A9
:1021400000AF0346B9607A60FB7300237B614FF0F8
:10215000FF337B617B6918461C37BD4680BC7047E6
:1021600080B485B000AFF860B9607A604FF0FF339B
:1021700018461437BD4680BC704780B400AF00BF1E
:10218000BD4680BC704780B400AF00231846BD46F2
:1021900080BC704780B400AF00231846BD4680BCA9
:1021A000704780B483B000AF0346FB7100BF0C37AB
:1021B000BD4680BC704780B487B000AFF8600B4666
:1021C0007A60FB724FF0FF337B617B6918461C37E6
:1021D000BD4680BC704780B400AF4FF0FF33184657
:1021E000BD4680BC704780B400AF00BFBD4680BC18
:1021F000704780B400AF00BFBD4680BC704780B45C
:1022000083B000AF0346FB7100BF0C37BD4680BCF6
:102210007047000080B500AF18220021074800F089
:102220001CFB4FF400720021054800F016FB054B23
:102230001B68054898470346184680BDC8D900204A
:10224000E0D90020F05E01089124010808B480B5AF
:102250008DB000AFF860B9607A600023FB82002384
:10226000BB85374B1B7A1A46FB68934202D96FF045
:1022700004035EE0324BDA68BB681340BA689A42E6
:1022800002D06FF0050354E02D4B5B68002B0AD0A1
:102290007B68002B07D02A4B5B6807F1160107F11A
:1022A00018021046984707F14003BB62BB6AFA6BFD
:1022B0004FF48071234800F001FF0346BB8500F016
:1022C000F1F9FA8ABB8D13449BB207F1140211464F
:1022D000184600F069F90346B3F1FF3F25D000230B
:1022E000FB850EE0FB8DBA8A30333B4413F8181C93
:1022F000154B9954BB8A01339BB2BB82FB8D0133D2
:10230000FB85FB8AFA8D9A42ECD3BB8A1A460E4BA8
:10231000D018BB6AFA6B4FF4807100F0CFFE00F06A
:10232000DFF900F031F8034603E000F0D9F96FF06F
:10233000020318463437BD46BDE8804001B07047FF
:10234000C8D90020E0DB0020E0D9002080B483B0B1
:1023500000AF7860034A7B68536000BF0C37BD460E
:1023600080BC7047C8D9002080B483B000AF03465A
:10237000FB71044AFB79137200BF0C37BD4680BC69
:10238000704700BFC8D9002080B588B000AF0023D7
:10239000FB770023BB61EFF310833B613B697B61FB
:1023A00072B600BF00F0BAF90346002B5DD100F011
:1023B00079F9344B1A8A334B5B8A9A424DD0314BB0
:1023C0009B78012B17D12F4B1A882E4B1B8AD31ABF
:1023D0009AB22C4B9A822B4B02229A70294B0022E4
:1023E0001A80284B9B8A002B05D1264B00229A701D
:1023F000244B00221A82234B9B78002B15D1214BB2
:102400005A8A204B1B8A9A4208D91E4B5A8A1D4B66
:102410001B8AD31A9AB21B4B9A8206E0194B1B8A6D
:10242000C3F500739AB2174B9A82164B1B8A1A4651
:10243000154B1344BB617B69FB60FB6883F3108819
:1024400000BFEEF7B3FB114BDB680E4A928A1146D0
:10245000B86998470346FB770DE000F041F97B69C6
:10246000BB60BB6883F3108805E07B697B607B6899
:1024700083F3108800BF97F91F3018462037BD46F8
:1024800080BD00BFC8D90020E0D90020F05E01085F
:1024900080B588B000AF78600023FB61EFF3108354
:1024A0007B617B69BB6172B600BF3C4B9B78022BA2
:1024B00006D13A4B00229A70384B00221A820AE069
:1024C000364B1A8A354B9B8A13449BB2C3F30803DD
:1024D0009AB2324B1A82314B1A8A304B5B8A9A423B
:1024E0004DD02E4BDB8A012B49D12C4B9B78012BF5
:1024F00017D12A4B1A88294B1B8AD31A9AB2274B19
:102500009A82264B02229A70244B00221A80234B77
:102510009B8A002B05D1214B00229A701F4B002271
:102520001A821E4B9B78002B15D11C4B5A8A1B4BD1
:102530001B8A9A4208D9194B5A8A184B1B8AD31AFC
:102540009AB2164B9A8206E0144B1B8AC3F50073AD
:102550009AB2124B9A82114B1B8A1A46104B1344A3
:10256000FB61BB693B613B6983F3108800BF0D4B86
:10257000DB680A4A928A1146F86998470AE0BB6903
:10258000FB60FB6883F3108800BFEEF717FB00F0D9
:10259000A7F800BF00BF2037BD4680BDC8D90020C6
:1025A000E0D90020F05E010880B487B000AF034698
:1025B0003960FB804FF6FF73BB82EFF31083FB6043
:1025C000FB683B6172B600BF354B5A8A344B1B8A9D
:1025D0009A421BD1324B5B8AC3F50073FB82FA88A7
:1025E000FB8A9A423AD32E4B1B8AFA889A4235D2FA
:1025F0002B4B01229A702A4B5A8A294B1A80284B5E
:102600001B8AFB82264B00225A8227E0244B5A8ADF
:10261000234B1B8A9A421BD9214B5B8AC3F500735B
:10262000FB82FA88FB8A9A4218D31D4B1B8AFA88D0
:102630009A4213D21A4B01229A70194B5A8A184B9C
:102640001A80174B1B8AFB82154B00225A8205E029
:10265000134B1A8A124B5B8AD31AFB82FA8AFB88C5
:102660009A420FD90E4B5A8A3B681A800C4B5A8AF1
:10267000FB8813449BB2C3F308039AB2084B5A82F7
:102680000023BB823B69BB60BB6883F3108800BF3B
:10269000B7F9143018461C37BD4680BC704700BFE0
:1026A000C8D9002080B485B000AFEFF310837B6001
:1026B0007B68FB6072B600BF084BDB8A01339AB2BD
:1026C000064BDA82FB68BB60BB6883F3108800BFEF
:1026D00000BF1437BD4680BC704700BFC8D900207A
:1026E00080B485B000AFEFF310837B607B68FB6044
:1026F00072B600BF084BDB8A013B9AB2064BDA8206
:10270000FB68BB60BB6883F3108800BF00BF143751
:10271000BD4680BC704700BFC8D9002080B400AF60
:10272000054BDB8A002B14BF01230023DBB21846C4
:10273000BD4680BC704700BFC8D9002080B400AF40
:10274000044B00221A60044B00221A6000BFBD46F1
:1027500080BC7047E0DC0020E4DC002080B487B05F
:1027600000AF78600B46FB70EFF310833B613B6971
:102770007B6172B600BFFB78002B08D0012B0ED115
:102780000D4B1A687B6813430B4A136008E07B68A3
:10279000DA43094B1B681340074A136000E000BF8F
:1027A0007B69FB60FB6883F3108800BF00BF1C37A8
:1027B000BD4680BC704700BFE0DC002080B487B01D
:1027C00000AF78600B46FB70EFF310833B613B6911
:1027D0007B6172B600BFFB78002B08D0012B0ED1B5
:1027E0000D4B1A687B6813430B4A136008E07B6843
:1027F000DA43094B1B681340074A136000E000BF2F
:102800007B69FB60FB6883F3108800BF00BF1C3747
:10281000BD4680BC704700BFE4DC002080B487B0B8
:1028200000AFF860B9601346FB80FB687B61BB6852
:102830003B6107E03A69531C3B617B69591C796134
:1028400012781A70FB885A1EFA80002BF2D100BF52
:1028500000BF1C37BD4680BC704780B485B000AF58
:1028600078600B46FB7013463B807B68FB6004E09E
:10287000FB685A1CFA60FA781A703B885A1E3A8034
:10288000002BF5D100BF00BF1437BD4680BC704798
:1028900082B080B487B000AFF860381D80E80600D1
:1028A0007B6200233B610023BB827A687B6A13440E
:1028B0003B61B7F908309AB2B7F928309BB213449C
:1028C0009BB21BB2BB82B7F91430B3F57A7F0ADB37
:1028D0003B6901333B61B7F914309BB2A3F57A73BE
:1028E0009BB21BB2BB82FB681A4607F1100393E848
:1028F000030082E80300F8681C37BD4680BC02B0C4
:102900007047000080B58AB002AF78600023BB61D9
:102910000023BB8300233B610023BB82144B1B6954
:1029200007F118020432104698470346BB61104B6A
:10293000DB68984703461BB2BB810D4B5B68984729
:102940000346BB6007F11000FB690093BB6907F108
:10295000080206CAFFF79CFF7B681A4607F11003BE
:1029600093E8030082E8030078682037BD4680BD05
:10297000DC5E010880B500AF044B00221A60044BF6
:102980001B6898470346184680BD00BFE8DC00205E
:10299000B05E010880B584B000AFF860B9603B60FC
:1029A0001346FB71FB68002B23D03B68002B20D023
:1029B000FB6800221A60114B5B6AB86898470246B0
:1029C000FB685A60FB6800221A72FB6800225A7288
:1029D000FB6800229A72FB683A68DA60FB68BA69A1
:1029E0001A61FB68FA79DA72FB6800225A610023E7
:1029F00000E0012318461037BD4680BDB05E0108D7
:102A000080B58AB000AF7860002387F827307B68F4
:102A1000002B56D0786800F0A9F9034683F0010333
:102A2000DBB2002B4DD07B685B7A002B49D1EFF3F2
:102A300010833B613B69FB6172B600BF7B685B68DA
:102A40003B62244B1B6A9847B8613A6ABB699A4259
:102A500001D2BB693B627B683A6A1A607B680022DC
:102A60001A727B6801225A727B6800229A721A4B92
:102A70001B68002B06D1174B1B699847786800F03C
:102A8000EBF917E0134B9B69984778617B681A68EC
:102A90007B691A447B681A607B681A680E4B1B6856
:102AA0001B689A4203D2786800F0D6F902E0786891
:102AB00000F0A2F9FB69FB60FB6883F3108800BF9C
:102AC00002E0012387F8273097F827301846283787
:102AD000BD4680BDB05E0108E8DC002080B588B04E
:102AE00000AF78600023FB777B68002B5BD0EFF3AF
:102AF0001083FB60FB683B6172B600BF2D4B1B6807
:102B0000BB612C4B1B687B617B6801229A72294B4D
:102B10001B68002B41D07B6800225A72254B1B6832
:102B20007A689A4234D1234B1B6800221A72214BD7
:102B30001B685B69002B0AD01E4B1B685B691D4A32
:102B400013601C4B1B68184600F02CF923E01A4B4D
:102B5000DB689847174B00221A601CE07A697B6893
:102B60009A4210D17B695B69002B06D07B695B6957
:102B70007B61BB697A695A610DE000237B61BB69A7
:102B80007A695A6107E07B69BB617B695B697B613C
:102B90007B69002BE2D10023FB773B69BB60BB68FC
:102BA00083F3108801E00123FB77FB7F1846203771
:102BB000BD4680BDE8DC0020B05E010880B584B071
:102BC00000AF786039600023FB737B68002B02D173
:102BD0000123FB7314E00D4B5B6A3868984702468B
:102BE0007B685A60786800F0C1F80346002B07D074
:102BF0007868FFF773FF7868FFF702FF0346FB73FF
:102C0000FB7B18461037BD4680BD00BFB05E010893
:102C100090B589B000AFEFF31083BB60BB68BB61B8
:102C200072B600BF384B5B6998477861364B1B69B9
:102C3000984738613A697B69D31AFB60334B1B684C
:102C4000002B37D0314B1B68FB61FB691B68FA68AE
:102C50009A4206D2FB691A68FB68D21AFB691A60AD
:102C600002E0FB6900221A60FB695B69FB61FB699A
:102C7000002BEAD11EE0254B1B68FB61234B1B6830
:102C80005B69224A1360FB6900221A72FB69002209
:102C90005A72FB69DB68FA69126910469847FB694A
:102CA000DB7A012B06D1FB699B7A002B02D1F869F4
:102CB000FFF7A6FE154B1B68002B0DD0134B1B68AE
:102CC0001B68002BD7D0114B1B681C680E4B9B69EF
:102CD000984703469C42CED30C4B1B68002B09D06F
:102CE0000A4B1B681B7A002B04D1084B1B68184643
:102CF00000F058F8BB697B607B6883F3108800BFE5
:102D000000BF2437BD4690BDB05E0108E8DC00205E
:102D100080B582B000AF064BDB6998477860044B02
:102D20009B6A78689847034618460837BD4680BDB9
:102D3000B05E010880B584B000AF78600A4BDB69F3
:102D40009847F860084B5B6A78689847B860064B0C
:102D50009B6AF968BA688A1A10469847034618466B
:102D60001037BD4680BD00BFB05E010880B485B09D
:102D700000AF78600A4B1B68FB6008E0FA687B686C
:102D80009A4201D1012306E0FB685B69FB60FB68A6
:102D9000002BF3D1002318461437BD4680BC704782
:102DA000E8DC002090B585B000AF7860114B1B6A5D
:102DB0009847F8607B6801221A727B681C680D4B8B
:102DC0009B6998470246FB6813449C4207D2094B13
:102DD0009B6998470246FB681A447B681A60054B5A
:102DE0009B687A6812681046984700BF1437BD4642
:102DF00090BD00BFB05E010880B485B000AF7860C0
:102E0000144B1B68FB60134B1B685B69BB6012E0D3
:102E10007B681A68BB681B689A4205D9BB68FB606F
:102E2000BB685B69BB6006E0FB687A685A617B68D7
:102E3000BA685A6109E0FB685B69002BE8D1FB685E
:102E40007A685A617B6800225A611437BD4680BC9B
:102E5000704700BFE8DC002080B584B000AF786028
:102E60000B4B1B68FB60FB68002B02D0FB68002249
:102E70001A727B68FA685A61054A7B681360044BD2
:102E80001B681846FFF78EFF00BF1037BD4680BD98
:102E9000E8DC002080B485B000AF78600023FB60E0
:102EA0000EE0FA6813469B0013445B0018467B68EB
:102EB0001B68591C7A6811601B780344303BFB6027
:102EC0007B681B681B782F2B04D97B681B681B78D9
:102ED000392BE6D9FB6818461437BD4680BC7047CD
:102EE00080B499B000AFF860B9607A603B60714B14
:102EF0001B68BB653B6F03F04003002B02D06E4B99
:102F00001B68BB653B68012B02DD3B68242B01DDA0
:102F10000023CAE03B6F03F00103002B01D03023F4
:102F200000E0202387F85330002387F85F303B6FA1
:102F300003F00203002B0BD07B68002B08DA2D2353
:102F400087F85F307B685B427B60BB6E013BBB6692
:102F500000237B657B68002B1ED17B6D5A1C7A6534
:102F600060333B44302203F8502C18E07B683A6809
:102F7000B3FBF2F101FB02F29B1ABA6D1A447B6DAE
:102F8000591C7965127860333B4403F8502C7A68F9
:102F90003B68B2FBF3F37B607B68002BE6D17A6D74
:102FA000FB6E9A4201DD7B6DFB66BA6EFB6ED31A37
:102FB000BB663B6F03F00103002B12D10CE0FB68F2
:102FC0005A1CFA6020221A70BB68013BBB60BB68C8
:102FD000002B01D1FB6868E0BB6E5A1EBA66002B5D
:102FE000EDDC97F85F30002B1BD0FB685A1CFA60B1
:102FF00097F85F201A70BB68013BBB60BB68002B71
:103000000FD1FB6851E0FB685A1CFA6097F8532017
:103010001A70BB68013BBB60BB68002B01D1FB6829
:1030200043E0BB6E5A1EBA66002BECDC0CE0FB687A
:103030005A1CFA6030221A70BB68013BBB60BB6847
:10304000002B01D1FB6830E0FB6E5A1EFA667A6DE8
:103050009A42ECDB10E0FB685A1CFA6007F11001A1
:103060007A6D0A4412781A70BB68013BBB60BB687A
:10307000002B01D1FB6818E07B6D5A1E7A65002B8E
:10308000E9DC0CE0FB685A1CFA6020221A70BB686D
:10309000013BBB60BB68002B01D1FB6805E0BB6E48
:1030A0005A1EBA66002BEDDCFB6818466437BD4635
:1030B00080BC7047C4000020C800002080B592B0DA
:1030C00004AFF860B9607A603B60BB68002B01DC3C
:1030D00000233EE1FB68FB6228E1FA6AFB68D21A32
:1030E000BB68013B9A4280F22E817B681B78252BBE
:1030F00006D07A68FB6A591CF96212781A7012E1DC
:1031000000233B627B6801337B607B681B78302B3C
:1031100003D13B6A43F001033B624FF0FF33FB6195
:103120007B681B782F2B08D97B681B78392B04D838
:103130003B1D1846FFF7AEFEF8614FF0FF33BB6151
:103140004FF0FF337B610A233B637B681B78583B5E
:10315000202B00F2948001A252F823F0673201087C
:103160007F3201087F3201087F3201087F32010877
:103170007F3201087F3201087F3201087F32010867
:103180007F3201087F320108EB31010875320108F6
:103190007F3201087F3201087F3201087F32010847
:1031A000753201087F3201087F3201087F32010841
:1031B0007F3201087F3201087F3201087F32010827
:1031C0007F3201087F3201080B3201087F3201088B
:1031D000CB3201087F3201087F3201086F320108CB
:1031E000FB6A5A1CFA6220221A70FB69013BFB61E0
:1031F000FB69002BF4DC3B681A1D3A601968FB6A16
:103200005A1CFA62CAB21A708DE03B681A1D3A6005
:103210001B687B627B6A002B01D1504B7B62786A12
:10322000ECF7AEFF03463B6104E0FB6A5A1CFA620E
:1032300020221A70FB695A1EFA613A699A42F4DB3D
:103240000023BB620AE07A6A531C7B62FB6A591C4A
:10325000F96212781A70BB6A0133BB62BA6A3B69C1
:103260009A42F0DB5FE03B6A43F040033B6210238D
:103270003B632BE03B6A43F002033B6225E07B6843
:103280001B78252B04D0FB6A5A1CFA6225221A707F
:10329000FA6AFB68D21ABB68013B9A4216DA7B686D
:1032A0001B78002B06D07A68FB6A591CF9621278E9
:1032B0001A7002E07B68013B7B60FA6AFB68D21AF5
:1032C000BB68013B9A422DDB00E000BF7B696C2BA1
:1032D00005D13B681A1D3A601B687B630FE03B6AAF
:1032E00003F00203002B05D03B681A1D3A601B68EF
:1032F0007B6304E03B681A1D3A601B687B63BB6814
:103300005A1EF96AFB68CB1AD11A7A6B3B6A029390
:10331000BB690193FB6900933B6BF86AFFF7E0FD23
:10332000F86200E000BF7B6801337B607B681B783C
:10333000002B7FF4D2AEFA6AFB68D21ABB68013B5D
:103340009A42BFF6CAAEFB6A00221A70FA6AFB689C
:10335000D31A18463837BD4680BD00BF785E0108D5
:10336000024B0146186800F025B800BFD8000020C5
:1033700070B50F4E0C463168054611B900F048FB98
:1033800030602146284600F043FB431C03D14FF038
:10339000FF34204670BDC41C24F00304A042F8D0C2
:1033A000211A284600F034FB0130F2D1EFE700BFCC
:1033B000ECDC00202DE9F843CD1C25F00305083591
:1033C0000C2D38BF0C25002D064601DBA94204D97F
:1033D0000C2333600020BDE8F883DFF8D48000F0D0
:1033E00069F8D8F800301C4644BB29463046FFF740
:1033F000BFFF431C044658D1D8F800402746002F91
:1034000043D1002C4BD023683946304604EB0309E6
:1034100000F0FEFA814542D121686D1A29463046F6
:10342000FFF7A6FF01303AD023682B442360D8F879
:1034300000305A6862BBC8F800700FE02268521B67
:1034400020D40B2A17D96119A342256018BF5960EF
:10345000636808BFC8F8001062514B60304600F046
:103460002FF804F10B00231D20F00700C21A1CBF27
:103470001B1AA350AFE76268A3420CBFC8F8002034
:103480005A60EBE723466468AEE73C467F68B6E7E0
:103490001A465B68A342FBD100235360DEE70C238E
:1034A0003360304600F00CF894E70560D6E700BFC3
:1034B000F0DC0020014800F0F8BA00BF34DE002044
:1034C000014800F0F3BA00BF34DE002038B5104BDD
:1034D0001D682A6B0446B2B91820FFF741FF024667
:1034E000286320B90B4B0C48462100F0EFFA0B493A
:1034F0000B4BC0E900130B4B83600B23838100212E
:103500000120C2E9040100231461536138BD00BFEA
:10351000D800002020650108376501080E33CDABC7
:1035200034126DE6ECDE0500164B10B51C68226BFC
:10353000B2B91820FFF714FF0246206320B9124BDE
:103540001248522100F0C2FA1149124BC0E900138F
:10355000114B83600B23838100210120C2E9040108
:1035600013690E4854690E49584301FB0400A3FB3C
:103570000131013340EB0100C2E9043020F000408A
:1035800010BD00BFD8000020206501083765010884
:103590000E33CDAB34126DE6ECDE05002DF4515840
:1035A0002D7F954C002310B50446C0E90033C0E9D7
:1035B0000433836081814366C28183611946082296
:1035C0005C3000F047F90D4B63620D4BA3620D4B6D
:1035D000E3620D4B23630D4B24629C4206D003F142
:1035E0006802944202D0D0339C4205D104F15800C5
:1035F000BDE8104000F058BA10BD00BFC93701083F
:10360000EF370108273801084D380108F4DC0020A5
:10361000024A0349034800F06BB800BFCC00002009
:10362000B9480108DC00002041680C4B994210B5F4
:10363000044601D001F040F9A168094B994202D03B
:10364000204601F039F9E168064B994204D0204642
:10365000BDE8104001F030B910BD00BFF4DC00201F
:103660005CDD0020C4DD00200C4B0D4A0D4810B578
:1036700004211A600022FFF795FF0A4B01221C4625
:10368000092103F16800FFF78DFF04F1D000022249
:10369000BDE810401221FFF785BF00BF2CDE0020DF
:1036A00011360108F4DC0020014800F0FEB900BF2B
:1036B00035DE0020014800F0F9B900BF35DE0020FA
:1036C00010B50446FFF7F0FF236A1BB1BDE81040B8
:1036D000FFF7F0BF044B2362044B1B68002BF5D1AE
:1036E000FFF7C2FFF2E700BF293601082CDE0020F9
:1036F0002DE9F8430746884614460026D4E901958B
:10370000B9F1010905D52468002CF7D13046BDE890
:10371000F883AB89012B07D9B5F90E30013303D0FB
:1037200029463846C04706436835E9E70EB410B568
:103730009DB01FAB029006906FF000410A480791C0
:1037400004910A4953F8042B0591002402A900684A
:1037500001931B9400F082FA029B1C701DB0BDE81F
:10376000104003B0704700BFD80000200802FFFFE0
:103770000EB470B59DB021AC00254FF4017254F821
:10378000046BADF814201B9502900690ECF7F8FC42
:103790000B4B039007900B480B934FF6FF73ADF85C
:1037A00016303246234602A900680F9514950194FD
:1037B00000F0A6FB1DB0BDE8704003B0704700BF2D
:1037C000EB370108D800002010B50C46B1F90E10F7
:1037D00000F00CF90028ABBF636DA3891B1823F41C
:1037E0008053ACBF6365A38110BD002070472DE9F5
:1037F000F0411F468B89DB0505460C46164605D56C
:10380000B1F90E100223002200F0DEF8A389B4F90A
:103810000E1023F48053A38132463B462846BDE870
:10382000F04100F005B910B50C46B1F90E1000F0EA
:10383000CBF8B4F90C30421C0BBF23F4805343F493
:103840008053A381A38118BF606510BDB1F90E102C
:1038500000F04CB802440346934200D1704703F88D
:10386000011BF9E7C9B20346184613F8012B12B140
:103870008A42F9D17047002918BF00207047000024
:1038800070B50E4E05460A44914201D1002013E066
:1038900015F8013B11F8014BF05C00F00300012822
:1038A000305D00F0030008BF2033012808BF20343A
:1038B000181B01D1002CE7D170BD00BF1A660108AA
:1038C0000A7870B56AB970BD9A4209D10C460546AE
:1038D00014F8013F002BF6D015F8016F9E42F7D087
:1038E00001300378002BEFD11846ECE738B5064DD0
:1038F0000023044608462B60EDF725FA431C02D14D
:103900002B6803B1236038BD30DE00202D4B1B68CF
:10391000834270B5044653D0C3691BB3DB6863B1FF
:103920000025E369DB685959B1B90435802DF8D118
:10393000E3692046D96800F0E7F8E369196811B136
:10394000204600F0E1F8E3699D685DB12946204614
:103950002D6800F0D9F8F8E70E68204600F0D4F89A
:103960003146E1E7616911B1204600F0CDF8E16927
:1039700011B1204600F0C8F8216B11B1204600F0CB
:10398000C3F8616B11B1204600F0BEF8A16B11B114
:10399000204600F0B9F8A16C11B1204600F0B4F84F
:1039A000616C11B1204600F0AFF8E16A11B1204618
:1039B00000F0AAF8236A1BB12046BDE87040184702
:1039C00070BD00BFD800002038B5074D044608463A
:1039D000114600222A601A46EDF7D9F9431C02D19C
:1039E0002B6803B1236038BD30DE002038B5074DA9
:1039F00004460846114600222A601A46EDF76AF985
:103A0000431C02D12B6803B1236038BD30DE002097
:103A100038B5064D0023044608462B60EDF7C4F97F
:103A2000431C02D12B6803B1236038BD30DE002077
:103A300038B5074D04460846114600222A601A464A
:103A4000EDF765F9431C02D12B6803B1236038BD43
:103A500030DE0020014B1868704700BFD8000020FE
:103A600070B50D4B0D4D5B1B9C100026A64209D175
:103A700001F0A4FB0A4D0B4B5B1B9C100026A642D9
:103A800005D170BD55F8043B98470136EEE755F86F
:103A9000043B98470136F2E72467010824670108D0
:103AA00024670108286701087047704770470A4477
:103AB000914200F1FF3300D1704710B511F8014B6E
:103AC00003F8014F9142F9D110BD00001FB5144613
:103AD0001A46094B1B680546D8684CB1074B009144
:103AE000CDE9013406492B4600F00EFF00F0AAFF95
:103AF000044B1C46F3E700BFD80000208F65010887
:103B00009C650108CA65010838B50546002941D001
:103B100051F8043C0C1F002BB8BFE418FFF7CAFC97
:103B20001D4A136833B9636014602846BDE8384005
:103B3000FFF7C6BCA34208D9206821188B4201BFF9
:103B400019685B6809182160EDE71A465B680BB1DC
:103B5000A342FAD911685018A0420BD12068014441
:103B6000501883421160E0D118685B6853600844C4
:103B70001060DAE702D90C232B60D6E72068211801
:103B80008B4204BF19685B68636004BF0918216039
:103B90005460CAE738BD00BFF0DC00202DE9F047D3
:103BA0008E681F46BE4282460C469046334653D826
:103BB000B1F90C0010F4906F2BD065692368096986
:103BC00005EB4505A3EB010905EBD5757B1C6D10D5
:103BD0004B44AB422A4684BF1D462A46430527D59F
:103BE00011465046FFF7E6FB064658B321694A46A0
:103BF000FFF75DFFA38923F4906343F08003A38163
:103C0000266165614E44A5EB09052660A5603E4628
:103C10003B461F4620683A46414600F0FAFEA3683C
:103C20009B1BA36023683B4423600020BDE8F08712
:103C3000504600F00EFF06460028E1D121695046AB
:103C4000FFF762FF0C23CAF80030A38943F040035A
:103C5000A3814FF0FF30E9E73E46DBE72DE9F0476F
:103C60001F468B891B069CB006460D46144610D590
:103C70000B6973B94021FFF79DFB2860286130B9BB
:103C80000C2333604FF0FF301CB0BDE8F0874023B9
:103C90006B610023099320238DF82930039730238B
:103CA000654F8DF82A304FF001082346994613F8E6
:103CB000012B0AB1252AF9D1B9EB040A0BD05346DE
:103CC000224629463046FFF769FF013000F0A48004
:103CD000099A5244099299F80030002B00F09C8018
:103CE00000234FF0FF32CDE9052309F101090493C8
:103CF00007938DF853301A934C464F4814F8011B24
:103D00000522ECF745FA049BD0B9D80644BF20221F
:103D10008DF85320190744BF2B228DF8532099F8B2
:103D200000202A2A13D0079A4C4600204FF00A0C94
:103D3000214611F8013B303B092B49D968B913E002
:103D4000C01B08FA00F018430490A146D4E7039A78
:103D5000111D12680391002A01DB079204E0524210
:103D600043F002030792049323782E2B0AD1637841
:103D70002A2B32D1039B1A1D1B68039243EAE3737B
:103D800002340593DFF8B490217803224846ECF71B
:103D9000FFF938B1049BA0EB090040228240134395
:103DA0000134049314F8011B25488DF828100622CD
:103DB000ECF7EEF9002835D0224818BB039B0733F7
:103DC00023F0070308330393099B034409936CE72B
:103DD0000CFB02320C460120AAE7002301340593B4
:103DE00019464FF00A0C204610F8012B303A092AE8
:103DF00003D9002BC6D00591C4E70CFB0121044672
:103E00000123F0E703AB00932A460F4B04A9304689
:103E1000AFF30080421CD7D1AB895B063FF532AFD0
:103E2000099831E703AB00932A46074B04A93046B3
:103E300000F052FAEEE700BFCB650108D16501083A
:103E4000D5650108000000009D3B010838B54B1CFA
:103E5000144603D14FF0FF35284638BD938923F02F
:103E600020039381636B5268CDB28BB1A36B9342F5
:103E700008DD23685A1E226003F8015C6368013381
:103E80006360E9E7214600F08AFD0028F1D0E1E710
:103E90002169236851B1994208D213F8011CA94243
:103EA00004D1013B013223606260D5E7C4E90F32DF
:103EB00004F1440363630323A363234603F8465FCB
:103EC00023600123DCE710B50C46496B69B104F1AE
:103ED0004403994201D0FFF717FE236C6360002072
:103EE000606313B1E36B236010BD2369236000237B
:103EF0006360A38943F02003A3814FF0FF30F3E711
:103F00002DE9F04FADF5237D41AC0D460021C4E90C
:103F1000031101A96161AF49C4F87C11DFF8B8B29F
:103F2000AE49C4F880110746E846009392F8009025
:103F3000B9F1000F00F060811BF8093013F008039D
:103F400002F101061BD06B68002B10DD2B681A787C
:103F50001BF80220120701D43246E7E7226901323A
:103F600022616A680133013A6A602B60EBE7D4F89A
:103F700080312946384698470028E7D0ECE7B9F168
:103F8000250F40F084802360A36053782A2B02BF62
:103F90001023961C23600A22B2461AF8011BA1F1D5
:103FA0003003092B1DD98E4B03221846ECF7F0F88D
:103FB00038B18B4B2268C01A01238340134323601E
:103FC000564616F8013B782B06D8572B10D8252BD0
:103FD0005DD057D8002B76D00323A3610A236360FA
:103FE00089E0A36802FB03113039A1605646D3E78C
:103FF000A3F15802202AEFD801A151F822F000BF06
:10400000D5400108D93F0108D93F010831410108D5
:10401000D93F0108D93F0108D93F0108D93F01081C
:10402000D93F0108D93F0108D93F0108474101089C
:104030002D4101088B4001088B4001088B4001088D
:10404000D93F0108E7400108D93F0108D93F0108DD
:10405000D93F0108D93F010857410108EF40010845
:10406000CD400108D93F0108D93F0108534101085B
:10407000D93F01082D410108D93F0108D93F010866
:10408000D5400108453B022BA6D8052332E06B68DA
:10409000002B0DDD2B681A784A4540F0AD800133C6
:1040A0006A682B602369013A01336A60236153E730
:1040B000D4F880312946384698470028EAD0E0688D
:1040C000002840F091804FF0FF3091E0226842F0EC
:1040D00020022260226842F40072226010226E2BBD
:1040E000626006D801E000236360032302E0082336
:1040F00063600423A3616B68002B3CDD23685906D1
:1041000005D42B681A781BF8022012073BD4A36948
:10411000022B4BDC43462A462146384600F002FA81
:10412000012869D002287FF417AFC8E70A22D6E732
:10413000314601A800F0FAFB236843F040032360F6
:1041400006460123D6E7236843F04003236000239B
:10415000D0E70223CEE72068C3063FF5FDAED8F8CE
:1041600000302269191DC8F800101B68C0074CBF39
:104170001A801A60F0E6D4F880312946384698470C
:104180000028BBD09BE72269013222616A68013AAC
:10419000002A6A6002DD01332B60B2E7D4F8803177
:1041A0002946384698470028ABD088E7042B06DC20
:1041B00043462A462146384600F00EFAB0E7094B3E
:1041C000002B3FF4C9AE43462A4621463846AFF39A
:1041D0000080A5E74D3E01081A660108C73E0108A8
:1041E000D165010800000000AB895B063FF56BAFAD
:1041F0000DF5237DBDE8F08FE068F9E72DE9F04784
:10420000164698468A680B69DDF820909342B8BF3D
:104210001346336091F8432007460C460AB1013338
:1042200033602368990642BF3368023333602568E0
:1042300015F0060506D104F1190AE36832689B1AE5
:10424000AB4226DC94F843302268003B18BF0123C0
:1042500092062BD404F1430241463846C847013048
:104260001ED02368226903F00603042B02BFE56811
:104270003368ED1AA3680CBF25EAE5750025934263
:10428000C4BF9B1AED1800261A34B5421AD100207B
:1042900008E00123524641463846C847013003D161
:1042A0004FF0FF30BDE8F0870135C6E7E1185A1C32
:1042B000302081F84300224494F8451082F84310DE
:1042C0000233C7E70123224641463846C84701303A
:1042D000E6D00136D9E700002DE9F0430D7E85B028
:1042E000782D90460C9E07460C46994601F14302F4
:1042F00007D8622D0AD8002D00F0D780582D00F085
:10430000BC8004F1420684F842503BE0A5F163030F
:10431000152BF6D801A151F823F000BF7543010811
:1043200089430108034301080343010803430108CB
:1043300003430108894301080343010803430108BB
:10434000034301080343010891440108B3430108F2
:10435000434401080343010803430108B34401082F
:1043600003430108B3430108034301080343010861
:104370004B44010833681A1D1B68326004F1420681
:1043800084F842300123A1E033682068191D3160B0
:10439000060601D51D6803E04506FBD5B3F90050BC
:1043A000002D03DA2D236D4284F843305B480A2345
:1043B00011E021683368080653F8045B02D449060B
:1043C00048BFADB23360237E54486F2B5CD10823C5
:1043D000002184F843106668A660002E05DB216882
:1043E0002E4321F00401216050D01646B5FBF3F1B5
:1043F00003FB115C10F80CC006F801CDAC46634518
:104400000D46F3D9082B0BD12368DB0708D52369A8
:1044100061689942DEBF302306F8013C06F1FF36A1
:10442000921B2261CDF80090434603AA21463846EC
:10443000FFF7E4FE01304ED14FF0FF3005B0BDE88C
:10444000F083236843F0200323603548782584F8FF
:1044500045502368316813F0800F51F8045B03D195
:1044600013F0400F18BFADB23160D90744BF43F01D
:10447000200323601DB11023AAE72848E7E723683B
:1044800023F020032360F6E70A23A1E71646B9E7E5
:10449000336825686169181D30602E061B6801D5D8
:1044A000196002E06806FBD51980002323611646D7
:1044B000B8E733681A1D32601E6862680021304612
:1044C000EBF766FE08B1801B606063682361002320
:1044D00084F84330A6E72369324641463846C84748
:1044E0000130A9D023689B0713D4E068039B98424E
:1044F000B8BF1846A2E70123324641463846C847AE
:10450000013099D00135E36803995B1AAB42F2DCC4
:10451000EBE7002504F11906F5E700BFDC650108AB
:10452000ED6501082DE9F84315468A6880460C467A
:1045300032B98A69002A14BF4FF0FF3201228A6023
:104540002268DFF89090D1065FBF1A68111D1960CC
:1045500016680027A06988B1012807D12B681A784E
:1045600063699B5C53B9002F32D023E0022821D12C
:104570002B681B7819F803301B071BD42368DA0655
:104580005EBF2B681B7806F8013B6B68013B6B60D4
:104590002B6801332B60A368013B0137A3604BB14B
:1045A0006B68002BD6DCD4F880312946404698470A
:1045B0000028CFD0236813F0100305D1E268013240
:1045C000E260A26902B1337023693B442361002099
:1045D000BDE8F8831A6601082DE9F04F9846734B41
:1045E0000C468246164693E8070087B003AB83E883
:1045F00007006F4BA1696F4A032908BF1A46A368D9
:1046000001925A1EB2F5AE7F84BF6FF4AE7503EB14
:104610000509274684BF40F25D13A36057F81C3B91
:1046200043F4506398BF4FF0000923603D464FF0BC
:10463000000B316803AB097853F82B000222EBF72B
:10464000A7FD28B3BBF1010F58D162682AB92268CF
:10465000082142F4007261602260226822F4A062A4
:104660002260A268511EA16092B13268511C316073
:10467000127805F8012B7268013A002A726007DC93
:10468000D4F88021314650469047002840F083807E
:104690000BF1010BBBF1030FCBD1616809B90A2102
:1046A0006160454B6069591A00F040F94FF0000B0A
:1046B000A3682268002B3DD03168606991F800C082
:1046C00010F80C00002835D0BCF1300F24D11005B3
:1046D00022D50BF1010BB9F1000F03D0013309F121
:1046E000FF39A3607368013B002B73601BDD3368E7
:1046F00001333360A368013BA360D9E7BBF1020F2C
:10470000AFD1226802F4C061B1F5007FC5D110219C
:10471000616042F48072A3E722F4106222600B7899
:1047200005F8013BDEE7D4F8803131465046984722
:104730000028DFD02368DB050DD5BD4209D915F867
:10474000011CD4F87C3132465046984705F1FF39B8
:104750004D46BD4227D0226812F0100212D12A70B5
:104760006368019E39465046B047D8F8003021684A
:104770001A1DC8F800208E061B680FD51860E36864
:104780000133E3602369ED1B5D442B44236100206A
:1047900007B0BDE8F08F4FF0000BCBE7CA074CBF66
:1047A00018801860EBE70120F2E700BF805E010887
:1047B000A54B0108854C01080E660108B1F90C20D3
:1047C000F8B5160705460C4651D44B68002B02DCA1
:1047D0000B6C002B49DDE66A002E46D0002312F454
:1047E00080522F682B6031D0626DA389590705D59F
:1047F0006368D21A636B0BB1236CD21A0023E66A8A
:10480000216A2846B047421CB4F90C3006D1296809
:104810001D2945D8274ACA40D60741D500226260E3
:10482000D9042269226004D5421C01D12B6803B946
:104830006065616B2F60C1B104F14403994202D0FD
:104840002846FFF761F9002363630EE0216A012324
:104850002846B0470246501CC7D12B68002BC4D055
:104860001D2B01D0162B19D12F6000201DE00F69E0
:10487000002FFAD093070E6808BF4B690F6018BF6E
:104880000023F61B8B60002EEFDD216AD4F828C0D0
:1048900033463A462846E047002807DCB4F90C3096
:1048A00043F04003A3814FF0FF30F8BD0744361AB0
:1048B000E9E700BF0100402038B50B6905460C460A
:1048C00013B90025284638BD18B1036A0BB9FEF7A5
:1048D000F7FEB4F90C30002BF3D0626ED00704D48D
:1048E000990502D4A06DFFF7E0F828462146FFF7AE
:1048F00065FF636EDA070546E4D4A3899B05E1D41E
:10490000A06DFFF7D3F8DDE70EB403B5014603ABA6
:10491000054853F8042B0068019300F0DDF902B05C
:104920005DF804EB03B07047D800002070B50B7839
:1049300004465E2B0BBF4B784A1C8A1C002108BF23
:104940000121013804F1FF0500F8011FA842FBD145
:104950000BB9501E70BD81F00101E15410460246B2
:1049600012F8015B2D2D05D05D2D16D0002DF1D054
:104970002B46F2E746785D2EFAD0B342F8DC0230DF
:104980001A4601329642A154FBDCF21A013AB342B4
:10499000A8BF002201331344E1E71046DAE72DE90E
:1049A000F0410C46496B04F1440399421DD14FF488
:1049B0008061FEF7FFFC18B94FF0FF30BDE8F081D1
:1049C0004FF48063A36394F84630606380F8FF334C
:1049D00094F8453080F8FE3394F8443080F8FD3385
:1049E00000F2FD3020600020E8E7A66B77003A4631
:1049F00000F02FF805460028DED000EB060801463F
:104A000032464046FFF753F8C4E90D57C4F800801A
:104A1000E9E7884210B501EB020402D9844223463B
:104A200007D8431EA14207D011F8012B03F8012F2C
:104A3000F8E70244824200D110BD13F8011D02F8CC
:104A4000011DF7E708B5062000F014FB0120ECF784
:104A500036F92DE9F041074614460D4621B9BDE867
:104A6000F0411146FEF7A6BC2AB9FFF74DF82546DE
:104A70002846BDE8F08100F019FB8442064602D8C2
:104A8000B4EB500FF4D821463846FEF793FC80462D
:104A900008B94546ECE7B4422246294628BF3246CB
:104AA000FFF705F829463846FFF72EF8F1E7000032
:104AB000242B2DE9F0478646904601D8012B06D1DC
:104AC000FEF7C8FF162303600020BDE8F0873448D6
:104AD0000D462A4615F8014B065D16F00806F8D17A
:104AE0002D2C10D12C780126951C33F0100215D1F5
:104AF000302C0DD12A7802F0DF02582A08D16C78C8
:104B0000023510230AE02B2C04BF2C78951CECE70F
:104B1000002BF6D1302C14BF0A23082306F1004CD9
:104B20000CF1FF3C0022BCFBF3F9104603FB19CA51
:104B3000A4F13007092F0FD83C46A3421BDD571CB8
:104B400007D0814514D301D1A24511DB00FB0340FE
:104B5000012215F8014BEBE7A4F14107192F01D809
:104B6000373CEAE7A4F16107192F04D8573CE4E782
:104B70004FF0FF32EDE7531C08D12223CEF800306E
:104B80006046B8F1000FA0D0691E06E006B14042B1
:104B9000B8F1000F99D0002AF6D1C8F8001094E7B8
:104BA0001A660108FFF784BF2DE9F043344E8646AC
:104BB0000D46284615F8014B375D17F00807F8D168
:104BC0002D2C10D12C780127851C33F0100015D125
:104BD000302C0DD1287800F0DF00582808D16C78EF
:104BE000023510230AE02B2C04BF2C78851CECE73F
:104BF000002BF6D1302C14BF0A2308234FF0FF38C6
:104C00000026B8FBF3F803FB08F96FEA0909304600
:104C1000A4F1300CBCF1090F10D86446A3421EDD8C
:104C2000B6F1FF3F07D0804516D301D1A14513DB74
:104C300000FB0340012615F8014BE9E7A4F1410C04
:104C4000BCF1190F01D8373CE8E7A4F1610CBCF1C5
:104C5000190F04D8573CE1E74FF0FF36EBE7731C20
:104C600006D12223CEF80030304632B9BDE8F083B9
:104C700007B14042002AF9D006B1691E1160F5E77C
:104C80001A660108FFF790BF9368013B002B10B430
:104C9000936007DA9469A34201DB0A2902D110BCB0
:104CA00000F02EB91368581C10601970084610BC2B
:104CB0007047F8B506460F461446D518AC4201D1E8
:104CC000002007E014F8011B3A463046FFF7DCFFEE
:104CD000431CF3D1F8BD00002DE9F0470D469CB010
:104CE00014461F46064618B1036A0BB9FEF7E8FCE6
:104CF0006B6ED90705D4AB899A0502D4A86DFEF76F
:104D0000D4FEAB891B0701D52B699BB929463046D8
:104D100000F034F970B16B6EDC0704D54FF0FF3052
:104D20001CB0BDE8F087AB899805F7D4A86DFEF7F5
:104D3000BDFEF3E70023099320238DF82930039764
:104D400030236A4F8DF82A304FF0010823469946E8
:104D500013F8012B0AB1252AF9D1B9EB040A0BD0BB
:104D60005346224629463046FFF7A3FF013000F0A4
:104D7000A480099A5244099299F80030002B00F05F
:104D80009C8000234FF0FF32CDE9052309F1010992
:104D9000049307938DF853301A934C46534814F8F4
:104DA000011B0522EBF7F4F9049BD0B9D90644BFE7
:104DB00020228DF853201A0744BF2B228DF8532050
:104DC00099F800202A2A13D0079A4C4600204FF069
:104DD0000A0C214611F8013B303B092B49D968B92F
:104DE00013E0C01B08FA00F018430490A146D4E772
:104DF000039A111D12680391002A01DB079204E057
:104E0000524243F002030792049323782E2B0AD1D7
:104E100063782A2B32D1039B1A1D1B68039243EA45
:104E2000E37302340593DFF8C890217803224846E3
:104E3000EBF7AEF938B1049BA0EB090040228240A9
:104E400013430134049314F8011B2A488DF82810E9
:104E50000622EBF79DF900283ED0274818BB039B9C
:104E6000073323F0070308330393099B0344099393
:104E70006CE70CFB02320C460120AAE70023013448
:104E8000059319464FF00A0C204610F8012B303AD2
:104E9000092A03D9002BC6D00591C4E70CFB0121D8
:104EA00004460123F0E703AB00932A46134B04A901
:104EB0003046AFF30080431CD7D16B6ED90705D4C1
:104EC000AB899A0502D4A86DFEF7F0FDAB895B06AD
:104ED0003FF524AF099823E703AB00932A46074B1D
:104EE00004A93046FFF7F8F9E5E700BFCB650108F4
:104EF000D1650108D565010800000000B34C010828
:104F0000F8B50E461446054618B1036A0BB9FEF70C
:104F1000D7FBA369A360A3891A0701D5236943B905
:104F20002146284600F02AF818B14FF0FF373846DE
:104F3000F8BD23682269981A6369F6B2834237463E
:104F400005DC21462846FFF7B7FC0028EDD1A36811
:104F5000013BA36023685A1C22601E706269431CD7
:104F60009A4204D0A389DB07E1D50A2EDFD121467E
:104F70002846FFF7A1FC0028D9D0D6E738B5284B42
:104F8000054618680C4618B1036A0BB9FEF798FB82
:104F9000B4F90C301A0721D4D80607D409222A60A4
:104FA00043F04003A3814FF0FF3030E0590712D5A2
:104FB000616B41B104F14403994202D02846FEF7E7
:104FC000A3FD002363630022B4F90C306260226900
:104FD000226023F0240343F00803A38122693AB935
:104FE0009A0501D5180603D52146284600F08AF80F
:104FF000B4F90C3013F001020AD00022A2606269F9
:105000005242A261226942B913F08000C8D138BD72
:10501000990758BF6269A260F4E70020F7E700BF74
:10502000D80000201F2938B505460C4604D91623A0
:1050300003604FF0FF3038BDC26B12B152F821301F
:105040004BB9284600F030F8224601462846BDE814
:10505000384000F017B8012B0AD0591C03D1162391
:1050600003600120E7E7002142F82410204698471A
:105070000020E0E7024B01461868FFF7D3BF00BFEE
:10508000D800002038B5074D0023044608461146D5
:105090002B60EBF704FE431C02D12B6803B12360A5
:1050A00038BD00BF30DE0020EBF7F2BD51F8043C04
:1050B000181F002BBCBF0B58C018704770B50C46AA
:1050C000B1F90E10002996B015461E460ADAA189DC
:1050D00011F0800113D14FF48062002031602A600A
:1050E00016B070BD6A4600F047F80028EFDB019962
:1050F00001F47041A1F5005359425941EBE70021F9
:105100004022EAE78B8973B59E0705460C4607D512
:1051100004F14703236023610123636102B070BD82
:1051200001AB6A46FFF7CAFF009E28463146FEF7EC
:1051300041F9B4F90C3038B99A05EFD423F00303E0
:1051400043F00203A381E3E743F08003A381019BC3
:105150002060C4E90406002BE0D0B4F90E10284604
:1051600000F01CF80028D9D0A38923F0030343F0F2
:105170000103A381D2E7000038B5074D00230446A0
:10518000084611462B60EBF7E9FD431C02D12B6862
:1051900003B1236038BD00BF30DE002038B5064DB6
:1051A0000023044608462B60EBF7E7FD431C02D1C1
:1051B0002B6803B1236038BD30DE0020F8B500BF96
:1051C000F8BC08BC9E467047F8B500BFF8BC08BCE8
:0451D0009E46704740
:1051D40064656661756C745461736B002D2D2D626A
:1051E40065666F726520726164696F2D2D2D46723C
:1051F40065652068656170206D656D6F72793A2010
:1052040025642062797465732D2D2D2D2D2D0D0AA5
:10521400000000002D2D6C6F6F702D2D2D2D46720A
:1052240065652068656170206D656D6F72793A20DF
:1052340025642062797465732D2D2D2D2D2D0D0A75
:1052440000000000256473253033643A0000000038
:1052540053544D464C4153485F57726974655F4ED1
:105264006F436865636B20416464723D25782C64E8
:10527400626C776F72646C656E3D25640A00000091
:1052840070726F6720617420616464723A307825AB
:1052940078207374617475733D25640D0A206572FA
:1052A400723D307825780D0A00000000736B697038
:1052B400207365713A25640D0A00000067726F75EA
:1052C40070205B25645D203D205B2533642C2533F1
:1052D400642C2533642C2533642C2533642C25332A
:1052E400642C2533642C2533642C2533642C25331A
:1052F400645D200D0A00000073697A653D25640D24
:105304000A0000004F6E5478446F6E653A25640AB3
:105314000D0000004F6E5278446F6E6520737A3D25
:1053240025640A0D000000005273736956616C75A0
:10533400653D25642064426D2C20536E7256616C69
:1053440075653D256464420A0D0000006669666F58
:105354002066756C6C0D0A00666873732067726F43
:1053640075702025640D0A004F6E547854696D657C
:105374006F75740A0D0000004F6E527854696D65A4
:105384006F75740A0D0000004F6E52784572726F8B
:10539400720A0D0048414C204150504C494341543D
:1053A400494F4E5F56455253494F4E3A2056255861
:1053B4002E25582E25580D0A0000000048414C2087
:1053C4004D575F524144494F5F56455253494F4EE2
:1053D4003A202020205625582E25582E25580D0ACF
:1053E400000000007478206665713A2564206261CB
:1053F4006E645F69643D2564000000007278206675
:1054040065713A25642062616E645F69643A25645B
:105414000000000073656E645F6964782025642071
:10542400686F705F73657120256420667265713AD8
:1054340025640D0A000000007573652064656661CB
:10544400756C742033382E346B0D0A0074785F66E3
:1054540072713A25642C62616E643A25642C736619
:105464003A25642C63723A25642C6C6576656C3A33
:1054740025640D0A000000006C6576656C3A256CA5
:10548400752064626D0D0A0063656E7465723A2559
:105494006420687A000000006469666620617070A8
:1054A400206366670D0A0000617474725F666C6144
:1054B40073683A206D61676963202578206D6F6495
:1054C40065202564206270732025642066726571EE
:1054D40020256420256420776C626175642025642E
:1054E400202564206C6576656C202564200D0A00F7
:1054F400666873733A256420667265713A25640D93
:105504000A00000074785F667265713A25640D0ABA
:105514000000000072785F667265713A25640D0AB6
:105524000000000020696E697420726169646F2054
:1055340077697468206170705F636667202D2D2D14
:10554400467265652068656170206D656D6F72795E
:105554003A2025642062797465730D0A0000000006
:105564006E6F74206668737320686561642063726B
:105574006333325B253038785D20213D206D7367BD
:105584005F6372635B253038785D200D0A0000008C
:10559400312E7061636B65745F6964783A256420A9
:1055A40067726F75702025642020686F705F667263
:1055B40065713A25640D0A00312E6E6578742025D4
:1055C400642066726571205B25645D200D0A00000D
:1055D4006C617374206974656D2073697A655B25E9
:1055E400645D20696E207365636F6E640D0A00004C
:1055F4004E2E6E6578742025642066726571205B7A
:1056040025645D200D0A00005258204C454E3D256E
:1056140064200D0A000000006E6F2066687373201A
:105624007061636B65740D0A200000005261646947
:105634006F547854696D656F75745F666C61673A11
:105644003A207265696E697420726164696F2068BA
:10565400616C0D0A00000000302E73656E642066D4
:105664006873732068656164205B25645D207365DD
:105674006E645F696478202564200D0A00000000D0
:10568400302E64656C61792073656E64206668737E
:10569400732068656164205B25645D2073656E64B6
:1056A4005F696478202564200D0A0000312E666845
:1056B40073735F636E743A25642067726F7570202C
:1056C4002564206E6578745F686F702025642020DF
:1056D400686F705F667265713A25640D0A00000098
:1056E400707562202564206D6F7265207468616E28
:1056F40020256420686F702073657120696E206FA7
:105704006E207061636B65740D0A00007075622011
:105714002564206974656D0D0A000000312E7365DF
:105724006E645F6964783A25643D3D6C656E3A2524
:10573400640D0A00322E64656C6179203130306D5D
:10574400732073656E645F6964783A2564206C65C0
:105754006E3A25640D0A0000322E73656E645F692B
:1057640064783A25643D3D6C656E3A25640D0A0003
:1057740066616B65206C6573733A207072655F7344
:105784007A202564206375725F737A2025640D0A7C
:1057940000000000332E6668737320636E743A252C
:1057A400642067726F757020256420735F69647864
:1057B40020256420686F705F667265713A25640DF8
:1057C4000A000000332E6C6173745F73656E645F4E
:1057D4006964783A25643D3D6C656E3A25640D0A2A
:1057E400000000006572722074785F6669666F5FFE
:1057F40066756C6C0D0A00006572722074785F70B7
:1058040075625F71756575655F66756C6C0D0A0010
:1058140074785F7075625F71756575655F66756CC8
:105824006C0D0A007075625F7274636D0000000095
:105834007461736B207075625F7274636D2066614E
:10584400696C65640D0A000070756C6C5F7274633A
:105854006D0000007461736B2070756C6C5F727402
:10586400636D206661696C65640D0A002D2D2D61E0
:10587400667465722070756C6C207461736B202D76
:105884002D2D467265652068656170206D656D6FAC
:1058940072793A2025642062797465732D2D2D2D3B
:1058A4002D2D0D0A00000000666C617368206D6187
:1058B4006769633A30782578200D0A00617070209A
:1058C400636667202066697273742074696D65204D
:1058D400696E69740D0A00006D6F64653D2564206E
:1058E400627073203D2025642C2066726571203D12
:1058F40025642050524F543D25640D0A00000000D9
:10590400524144494F2056257320494E4954204F53
:105914004B202D2D2D467265652068656170206DC4
:10592400656D6F72793A2025642062797465732DF0
:105934002D2D2D2D0D0A0000302E302E36000000A6
:105944006F735F64735F7175655F637265617465BE
:10595400206661696C20666F72206D616C6C6F6388
:1059640020256420666F7220627566666572000089
:1059740072783D2564206576743D25780D0A000013
:1059840066756C6C20636F6D310D0A0074786370FA
:105994006C20636F6D310D0A000000007478637031
:1059A4006C20636F6D320D0A0000000055415254A3
:1059B4003120444D41205258207374617274207216
:1059C40065743D25640D0A00554152543220444DFE
:1059D40041205258207374617274207265743D259D
:1059E400642068646D6172783D25700D0A000000C2
:1059F400556172745B25645D204572726F72436FEA
:105A040064653A307825780D0A0000007561727477
:105A140031206F7620786C656E3D2564200D0A0078
:105A24007561727432206F762020786C656E3D2526
:105A340064200D0A000000006472765F7561727460
:105A44005F6576656E745F7461736B0D0A000000A8
:105A54002D2D2D2064727620657674202D2D2D46F3
:105A64007265652068656170206D656D6F72793A45
:105A74002025642062797465732D2D2D2D2D2D0D17
:105A84000A000000756172745B25645D20657665AB
:105A94006E74207461736B2072756E6E696E67200C
:105AA400696E2025643A0D0A00000000556E6B6E85
:105AB4006F7720706F72745B25645D2C2573000012
:105AC4005B5541525420256420444154415D3A20A1
:105AD40025640D0A00000000205B55415254202526
:105AE40064205D646F702025642062797465730D91
:105AF4000A00000075617274202564206576656E65
:105B04007420747970653A2025640D0A0000000041
:105B1400756172745F636F6D310000002D2D2D204F
:105B2400636D6420696E6974202D2D2D4672656540
:105B34002068656170206D656D6F72793A20256407
:105B44002062797465732D2D2D2D2D2D0D0A0000E5
:105B5400756172745F636F6D320000002564732594
:105B64003033643A0000000041542B5452414E53E8
:105B74000D0A0D0A4F4B0D0A0000000025730000AA
:105B8400656E746572207472616E730D0A00000094
:105B9400696E69745F6170705F6366675F746F5F7D
:105BA400726164696F0D0A002B2B2B006578697490
:105BB400207472616E730D0A0000000041542B566C
:105BC400000000000D0A4552524F520D0A00000019
:105BD400302E302E3600000076657273696F6E3A8F
:105BE40025730D0A0D0A4F4B0D0A000041542B4D2D
:105BF4004F44453D25640D0A0D0A4F4B0D0A000024
:105C040041542B4D4F44453D25640D0A00000000CE
:105C14000D0A4F4B0D0A000041542B545950453D79
:105C240025640D0A0000000041542B545950453D91
:105C3400256C750D0A0D0A4F4B0D0A0041542B506B
:105C440057523D25640D0A0041542B5057523D25AF
:105C54006C750D0A0D0A4F4B0D0A000041542B467A
:105C640052513D25642E253033642025642E253081
:105C740033640D0A0000000041542B4652513D2567
:105C8400642E253033642025642E253033640D0AB8
:105C94000D0A4F4B0D0A000041542B42414E443D26
:105CA40025642025640D0A0041542B42414E443D95
:105CB400256C7520256C750D0A0D0A4F4B0D0A00D5
:105CC40041542B4250533D25640D0A0041542B424C
:105CD40050533D256C640D0A0D0A4F4B0D0A00000C
:105CE40071756974200D0A007472616E733D2564C8
:105CF400200D0A0041542B000D0A00006465636FF7
:105D040064653A636D643A257300000075736572C7
:105D14005F6465636F64655F706172616D20657255
:105D2400723A25640D0A0000757365725F636D64D1
:105D34005F696E697420636F6D2025640D0A00002D
:105D440068697420636D642025730000636D645B6F
:105D540025645D206E6F207365742063620D0A00F4
:105D6400636D645F636F6D3D2564206C656E3D25D6
:105D7400640D0A00120024003000000006000C002C
:105D840010000000000000000100000002000000FC
:105D940049444C4500000000546D72205376630062
:105DA400546D725100000000B22700000000000092
:105DB400C194C10000000000526164696F53656EB4
:105DC40064204F76657273697A650D0A00000000DD
:105DD4004952515F52585F54585F54494D454F558D
:105DE400540D0A00505245204F4B0D0A000000008C
:105DF40053594E43204F4B0D0A0000004844522093
:105E04004F4B0D0A00000000484452204B4F0D0A2E
:105E1400000000004952515F4352435F4552524FC4
:105E2400520D0A0030313233343536373839616235
:105E3400636465666768696A6B6C6D6E6F707172B6
:105E4400737475767778797A0000000030313233D4
:105E54003435363738394142434445464748494A40
:105E64004B4C4D4E4F505152535455565758595A06
:105E7400000000003C4E554C4C3E000010660108EA
:105E84001366010816660108D451010800000000D9
:105E940000000000000000000000000000020000FC
:105EA4001800000000000000000000002D0E000893
:105EB40000000000910E0008010F0008350F0008D3
:105EC400510F0008650F00088D0F0008B50F00087A
:105ED400CF0F00080910000891110008D111000823
:105EE400B1110008F511000803110008FD1700089E
:105EF400291800087D18000855180008004B0000F8
:105F040002070200009600000205040024F40000C9
:105F14000205010000000000FB4C86000DD58A003C
:105F2400F6990C00E1E693001AAA1500EC33190067
:105F3400177F9F003981A100C2CD270034542B0064
:105F4400CF18AD00D8673200232BB400D5B2B80007
:105F54002EFE3E00894EC50072024300849B4F0012
:105F64007FD7C90068A8560093E4D000657DDC00A3
:105F74009E315A00B0CF64004B83E200BD1AEE009C
:105F8400465668005129F700AA6571005CFC7D0043
:105F9400A7B0FB00E9D10C00129D8A00E40486003E
:105FA4001F48000008379F00F37B190005E2150025
:105FB400FEAE9300D050AD002B1C2B00DD852700D6
:105FC40026C9A10031B63E00CAFAB8003C63B40049
:105FD400C72F3200609FC9009BD34F006D4A430016
:105FE4009606C50081795A007A35DC008CACD00065
:105FF40077E05600591E6800A252EE0054CBE2002E
:10600400AF876400B8F8FB0043B47D00B52D710080
:106014004E61F700D2A3190029EF9F00DF769300A9
:10602400243A150033458A00C8090C003E9000004C
:10603400C5DC8600EB22B800106E3E00E6F73200A5
:106044001DBBB4000AC42B00F188AD000711A100E8
:10605400FC5D27005BEDDC00A0A15A005638560019
:10606400AD74D000BA0B4F004147C900B7DEC5007C
:106074004C924300626C7D009920FB006FB9F700DD
:1060840094F57100838AEE0078C668008E5F640020
:106094007513E2003B721500C03E930036A79F00C3
:1060A400CDEB1900DA94860021D80000D7410C000A
:1060B4002C0D8A0002F3B400F9BF32000F263E0013
:1060C400F46AB800E31527001859A100EEC0AD002A
:1060D400158C2B00B23CD00049705600BFE95A0021
:1060E40044A5DC0053DA4300A896C5005E0FC9003E
:1060F400A5434F008BBD710070F1F7008668FB006B
:106104007D247D006A5BE20091176400678E68005D
:106114009CC2EE00A44733005F0BB500A992B900FE
:1061240052DE3F0045A1A000BEED260048742A00BF
:10613400B338AC009DC69200668A14009013180010
:106144006B5F9E007C200100876C870071F58B00DB
:106154008AB90D002D09F600D645700020DC7C00BC
:10616400DB90FA00CCEF650037A3E300C13AEF00FF
:106174003A76690014885700EFC4D100195DDD0038
:10618400E2115B00F56EC4000E224200F8BB4E0023
:1061940003F7C8004D963F00B6DAB9004043B50096
:1061A400BB0F3300AC70AC00573C2A00A1A52600FD
:1061B4005AE9A00074179E008F5B180079C214007E
:1061C400828E920095F10D006EBD8B00982487009D
:1061D40063680100C4D8FA003F947C00C90D7000C4
:1061E4003241F600253E6900DE72EF0028EBE30041
:1061F400D3A76500FD595B000615DD00F08CD100C6
:106204000BC057001CBFC800E7F34E00116A4200E0
:10621400EA26C40076E42A008DA8AC007B31A000F5
:10622400807D26009702B9006C4E3F009AD7330058
:10623400619BB5004F658B00B4290D0042B001008D
:10624400B9FC8700AE83180055CF9E00A356920078
:10625400581A1400FFAAEF0004E66900F27F6500F3
:106264000933E3001E4C7C00E500FA001399F600A4
:10627400E8D57000C62B4E003D67C800CBFEC400B5
:1062840030B2420027CDDD00DC815B002A185700C4
:10629400D154D1009F3526006479A00092E0AC006F
:1062A40069AC2A007ED3B500859F330073063F0096
:1062B400884AB900A6B487005DF80100AB610D00FF
:1062C400502D8B0047521400BC1E92004A879E003A
:1062D400B1CB1800167BE300ED3765001BAE6900F7
:1062E400E0E2EF00F79D70000CD1F600FA48FA00E6
:1062F40001047C002FFA4200D4B6C400222FC80047
:10630400D9634E00CE1CD10035505700C3C95B0081
:106314003885DD00010000000300000005000000D6
:106324000100000001000000060000000A00000057
:10633400200000000200000004000000080000002B
:106344001000000040000000800000000001000078
:106354000002000000000000000000000000000037
:106364000000000001000000020000000300000023
:1063740004000000A0860100400D0300801A0600FE
:1063840000350C0040420F0080841E0000093D00CF
:1063940000127A000024F40000366E010048E8017F
:1063A400006CDC020000000000000000000000009F
:1063B40000000000010002000400060008000A00BA
:1063C4000C001000200040008000000101010103C6
:1063D400070100000804020408010101C5ED0008DA
:1063E4007DEE0008ADEE000865EF00087BEF0008C5
:1063F4002FF0000855F000086DF4000891F600082D
:10640400A9F8000859F9000859FB00087FFB0008A7
:106414008DFB0008D5FC000805FD000869FD000897
:1064240081FD0008A5FD0008C1FD0008E7FD000886
:106434000DFE000869FE0008C5FE000871FF000893
:106444000DFC00088DFC0008BD030108F5030108DC
:1064540051050108DD080108192101083D21010841
:106464004D0D0108650D010804050600C012000069
:106474001F000000A816000017000000841C000084
:106484000F000000E42500001E000000B42D0000F1
:1064940016000000083900000E0000002C4C00001B
:1064A4001D000000685B000015000000747200000D
:1064B4000D000000589800001C00000034B70000D4
:1064C40014000000E8E400000C0000007831010032
:1064D4001B000000686E01001300000034CA0100B4
:1064E4000B000000286202001A00000040DB0200DA
:1064F400120000003C9303000A000000C0C2040024
:106504001900000060B305001100000038200700E6
:106514000900000020A10700000000005245454E7C
:1065240054206D616C6C6F6320737563636565647F
:106534006564002F6275696C642F676E752D746FC6
:106544006F6C732D666F722D73746D33325F3134DB
:106554002E332E72656C312E323032353130323773
:106564002D303730302F7372632F6E65776C69620C
:106574002F6E65776C69622F6C6962632F73746424
:106584006C69622F72616E642E63002C2066756ED6
:106594006374696F6E3A2000617373657274696F16
:1065A4006E2022257322206661696C65643A206638
:1065B400696C6520222573222C206C696E65202568
:1065C40064257325730A00232D302B2000686C4C3E
:1065D4000065666745464700303132333435363717
:1065E400383941424344454600303132333435363C
:1065F40037383961626364656600412D46612D66F2
:10660400383930313233343536375D002B2D003094
:10661400300078580000202020202020202020282E
:106624002828282820202020202020202020202046
:10663400202020202020881010101010101010107E
:1066440010101010101004040404040404040404BE
:10665400101010101010104141414141410101013D
:106664000101010101010101010101010101010116
:106674000110101010101042424242424202020223
:1066840002020202020202020202020202020202E6
:106694000210101010200000000000000000000094
:1066A40000000000000000000000000000000000E6
:1066B40000000000000000000000000000000000D6
:1066C40000000000000000000000000000000000C6
:1066D40000000000000000000000000000000000B6
:1066E40000000000000000000000000000000000A6
:1066F4000000000000000000000000000000000096
:106704000000000000000000000000000000000085
:0867140000000000000000007D
:08671C00649AFE7F01000000F9
:046724006501000803
:046728004101000823
:10672C000141542B56000000000000000000000046
:10673C00A14500080241542B4652510000000000B4
:10674C0051480008114900080341542B505752007E
:10675C000000000095470008194800080441542B1C
:10676C0042414E4400000000AD490008414A000877
:10677C000541742B5459504500000000D9460008BF
:10678C005D4700080641542B4D4F44450000000066
:10679C004D4600080D4600080741542B5452414EFB
:1067AC00530000009D440008000000000841542BD9
:1067BC004250530000000000794A0008F94A0008D2
:1067CC0000000000000000000000000000000000BD
:1067DC000000000000093D0010000000AAAAAAAAAF
:1067EC00FF000000285E0108505E01080000000058
:1067FC0003000000F4DC0020DC000020000000009E
:10680C00F4DC00205CDD0020C4DD00200000000072
:10681C00000000000000000000000000000000006C
:10682C00000000000000000000000000000000005C
:10683C00000000000000000000000000000000004C
:08684C00000000000000000044
:040000050800197561
:00000001FF
