:020000040800F2
:1000000000000120B51600087909000881090008E0
:1000100089090008910900089909000800000000FA
:1000200000000000000000000000000091A900088E
:10003000A10900080000000071AB0008B9AB00087E
:100040000517000805170008AD0900080517000886
:100050000517000805170008051700080517000810
:100060000517000805170008051700080517000800
:100070000517000805170008D5090008C109000880
:10008000E9090008FD090008051700080517000820
:1000900000000000051700080517000805170008F4
:1000A00005170008051700080517000805170008C0
:1000B00005170008051700080517000805170008B0
:1000C00005170008051700080517000805170008A0
:1000D000110A0008250A000805170008051700087E
:1000E0000517000805170008390A00080517000859
:1000F00005170008000000000000000005170008B8
:1001000005170008051700084D0A00080517000824
:10011000051700080517000805170008051700084F
:10012000051700080517000805170008051700083F
:0801300005170008051700087F
:1001400010B5054C237833B9044B13B10448AFF311
:1001500000800123237010BD740000200000000007
:10016000A030010808B5034B1BB103490348AFF3A6
:10017000008008BD0000000078000020A0300108C9
:10018000034613F8012B002AFBD1181A01387047D7
:1001900001F0FF01102A2BDB10F0070F08D010F838
:1001A000013B013A8B422DD010F0070F42B3F6D13C
:1001B000F0B441EA012141EA014122F007047FF055
:1001C00000070023F0E80256083C85EA010586EAAC
:1001D000010685FA47F5A3FA87F586FA47F6A5FAE8
:1001E00087F68EB9EED1F0BC01F0FF0102F00702F4
:1001F00032B110F8013B013A83EA010313B1F8D19F
:100200000020704701387047002D06BF354603387F
:10021000073815F0010F07D1013015F4807F02BFB8
:10022000013015F4C03F0130F0BC0138704700BF09
:1002300053B94AB9002908BF00281CBF4FF0FF314D
:100240004FF0FF3000F088B9ADF1080C6DE904CE35
:1002500000F006F8DDF804E0DDE9022304B07047A1
:100260002DE9F047089D0F4604468C46002B48D1E7
:100270008A42164661D9B2FA82F34BB1C3F1200229
:1002800001FA03FC20FA02F29E4042EA0C0C9C4068
:100290004FEA164EB7B2BCFBFEF1220C0EFB11CC9E
:1002A00042EA0C4201FB07F0904209D9B21801F171
:1002B000FF3C80F0EE80904240F2EB800239324405
:1002C000121AA4B2B2FBFEF00EFB102244EA024462
:1002D00000FB07F7A74209D9341900F1FF3280F07B
:1002E000DA80A74240F2D7803444023840EA014025
:1002F000E41B00211DB1DC400023C5E90043BDE83B
:10030000F0878B4206D90DB1C5E9000100210846EE
:10031000BDE8F087B3FA83F1002948D1BB4202D38C
:10032000824200F20781841A67EB0302012094469F
:10033000002DE4D0C5E9004CE1E7002A00F09280EE
:10034000B2FA82F3002B40F0A8808A1A4FEA164EC8
:100350001FFA86FC0121200CB2FBFEF70EFB1722D0
:1003600040EA02420CFB07F0904207D9B21807F1AD
:10037000FF3802D2904200F2E2804746121AA4B23D
:10038000B2FBFEF00EFB102244EA02440CFB00FC20
:10039000A44507D9341900F1FF3202D2A44500F276
:1003A000CB801046A4EB0C0440EA0740A2E7C1F161
:1003B00020068B4022FA06FC4CEA030C07FA01F4F3
:1003C00020FA06F3F7404FEA1C49234300FA01F8EC
:1003D0001FFA8CFEB7FBF9F01C0C09FB107744EAFE
:1003E000074400FB0EF7A74202FA01F20AD91CEB00
:1003F000040400F1FF3A80F09B80A74240F298800D
:1004000002386444E41B9FB2B4FBF9F309FB1344C4
:1004100047EA044403FB0EFEA64509D91CEB04047D
:1004200003F1FF3780F08280A6457FD9023B644408
:1004300043EA0040A4EB0E04A0FB02E7BC42734673
:10044000B94663D360D05DB1B8EB030264EB090435
:1004500004FA06F622FA01F31E43CC40C5E9006413
:1004600000214CE76208480842EAC1710B0C43EADC
:1004700000438AB242EA0342B3FBF6F1E407B44612
:100480003746B6461F23B0FBF6F0D21B41EA0041C7
:1004900061E7614614E7104628E7C3F1200120FA1E
:1004A00001F29E4027FA01F19F403A434FEA164E6F
:1004B0001FFA86FCB1FBFEF70EFB1710110C41EA88
:1004C000004107FB0CF8884504FA03F43AD9711887
:1004D00007F1FF3001D288451FD8A1EB0801B1FB1D
:1004E000FEF808FB0CF70EFB181192B242EA01422B
:1004F000BA422FD2B21808F1FF31C6D2BA42C4D2E2
:10050000A8F102013244C0E7F0459CD2BEEB0203E1
:1005100067EB0C070138B94695E7A6EB080841449C
:10052000B81EB1FBFEF808FB0CF7DCE73B467FE7A3
:10053000504667E70846FBE63444023832E7023F9C
:1005400032441BE7A1EB08013846B1FBFEF808FB7B
:100550000CF7C8E7414698E7704700BF80B500AF89
:10056000044A0021044809F073FC0346034A13605F
:1005700000BF80BD9434010881050008900400206C
:1005800080B582B000AF786001F0BDF84FF48062B2
:100590000949012003F0B6FD02F03AFF02F082FFA4
:1005A000064802F0F3FF02F059FB00200BF0C0FAFE
:1005B00000BF0837BD4680BD90000020C54200083E
:1005C00080B485B000AF78604FF0B0439A6C4FF0C4
:1005D000B0417B6813438B644FF0B0439A6C7B68E7
:1005E0001340FB60FB6800BF1437BD4680BC7047FA
:1005F00080B500AF0420FFF7E3FF0120FFF7E0FF25
:10060000002205210E2004F03AF90E2004F051F9E1
:10061000022205210F2004F032F90F2004F049F9DD
:1006200000220521112004F02AF9112004F041F9DB
:1006300002220521102004F022F9102004F039F9DB
:1006400000BF80BD80B485B000AF78604FF0B0438C
:10065000DA6C4FF0B0417B681343CB644FF0B0438A
:10066000DA6C7B681340FB60FB6800BF1437BD4643
:1006700080BC704780B586B000AF3B1D00221A6079
:100680005A609A60DA601A610220FFF7DBFF0120EE
:10069000FFF7D8FF0420FFF7D5FF00224FF4E271E7
:1006A0000A4804F031FF4FF4E2737B600123BB6022
:1006B0000023FB6000233B613B1D1946034804F007
:1006C000C3FD00BF1837BD4680BD00BF0004004811
:1006D00080B483B000AF78604FF0B043D3F890306F
:1006E00023F018024FF0B0417B681343C1F89030FB
:1006F00000BF0C37BD4680BC704780B500AF03F02B
:10070000D7FF00F00BF8FFF7B5FF09F039FBFFF753
:1007100025FF09F067FB00BFFDE7000080B59AB038
:1007200000AF07F1200348220021184611F004F819
:1007300007F1080300221A605A609A60DA601A61B1
:100740005A6104F0F9FE0020FFF7C2FF264B1B6838
:1007500023F4C063244A43F400731360224B1B68E4
:1007600003F4C0637B607B6805233B624FF48033F6
:100770007B628123FB620023BB620223FB640323B1
:100780003B6510237B650923BB654FF40033FB6594
:100790004FF080437B664FF000733B6607F1200308
:1007A000184605F073F90346002B01D000F01EF83F
:1007B0004F23BB600323FB6000233B6100237B616D
:1007C0000023BB610023FB6107F1080302211846E7
:1007D00005F0DEFC0346002B01D000F007F800BF57
:1007E0006837BD4680BD00BF0004005880B400AF2C
:1007F00072B600BF00BFFDE780B400AF4FF0B0435A
:10080000D3F890304FF0B04243F40043C2F8903038
:1008100000BFBD4680BC704780B485B000AF786033
:100820004FF0B0439A6D4FF0B0417B6813438B6536
:100830004FF0B0439A6D7B681340FB60FB6800BFCC
:100840001437BD4680BC704780B58CB000AF3B1DEF
:100850002C220021184610F06FFF224B224A1A600A
:10086000204B1F229A601F4B00221A611D4B002251
:100870005A611C4B00229A611A4B4FF08042DA6198
:10088000184B00221A62174B4FF480725A621548B7
:1008900006F03AF90346002B01D0FFF7A7FF1148F5
:1008A00006F030FC0346002B01D0FFF79FFF00232A
:1008B0003B620023BB600023BB614FF00053FB6130
:1008C0004FF48073FB623B1D00221946054806F079
:1008D0009DF90346002B01D0FFF788FF00BF30379A
:1008E000BD4680BD940400200028004080B590B033
:1008F00000AF786007F1080338220021184610F095
:100900001BFF7B681B68164A934225D14FF4803346
:10091000BB604FF48073FB6307F10803184605F0D2
:10092000D9FF0346002B01D0FFF760FFFFF764FFFC
:100930004FF48060FFF770FF00220521022003F0D2
:100940009EFF022003F0B5FF002205212A2003F0BC
:1009500096FF2A2003F0ADFF00BF4037BD4680BDA3
:100960000028004080B500AF00220F216FF0010089
:1009700003F085FF00BF80BD80B400AF00BFFDE77E
:1009800080B400AF00BFFDE780B400AF00BFFDE75B
:1009900080B400AF00BFFDE780B400AF00BFFDE74B
:1009A00080B400AF00BFBD4680BC704780B500AFCB
:1009B000024806F0E3FB00BF80BD00BF94040020A6
:1009C00080B500AF024804F067F900BF80BD00BFEA
:1009D000E006002080B500AF024804F05DF900BFDA
:1009E00080BD00BFA007002080B500AF024804F022
:1009F00053F900BF80BD00BF8006002080B500AF66
:100A0000024804F049F900BF80BD00BF4007002044
:100A100080B500AF024807F0D3FA00BF80BD00BF29
:100A2000E804002080B500AF024807F0C9FA00BF13
:100A300080BD00BFB405002080B500AF024806F0BD
:100A40004DFA00BF80BD00BF9404002080B500AF08
:100A5000024806F001FF00BF80BD00BFCC040020AB
:100A600080B485B000AF78604FF0B0435A6E4FF05D
:100A7000B0417B6813434B664FF0B0435A6E7B68BE
:100A80001340FB60FB6800BF1437BD4680BC704755
:100A900080B500AF064B08221A60054806F05AFCE4
:100AA0000346002B01D0FFF7A1FE00BF80BD00BFB1
:100AB000CC04002080B582B000AF78600120FFF741
:100AC000CFFF00220521322003F0D9FE322003F0AF
:100AD000F0FE00BF0837BD4680BD80B483B000AFD4
:100AE00078604FF0B0439B6823F400424FF0B04170
:100AF0007B6813438B6000BF0C37BD4680BC7047DA
:100B000080B500AF0020FFF7E8FF0FF0A5FE0A4B0D
:100B100001221A7000F07CF80FF09EFC07480FF0DD
:100B2000B7FC00200FF0C2FC0FF07AFD012101207C
:100B30000FF0B6FD00BF80BDD8040020410B0008B7
:100B400080B586B002AF7860396007F108031846B7
:100B50000FF04AFEBB68B7F90C200092074A10213B
:100B6000786800F015F87868FFF70AFB03469AB238
:100B70003B681A8000BF1037BD4680BDC4300108F5
:100B800080B500AF002102200FF05AFD00BF80BDEC
:100B90000CB480B584B000AF7860396007F11C03F5
:100BA000FB603968FB68BA69786810F0F9F900BF32
:100BB0001037BD46BDE8804002B0704780B483B0B6
:100BC00000AF7860002318460C37BD4680BC7047E4
:100BD00080B582B000AF00237B60064B1B78002BF2
:100BE00002D000F09DF978607B6818460837BD4652
:100BF00080BD00BFD804002080B582B000AF78600F
:100C00007B68184600F013FA00BF0837BD4680BD68
:100C100080B500AF03F06CFD03F070FD03F074FDD0
:100C200000BF80BD80B400AF01231846BD4680BC24
:100C3000704780B582B000AF7860396010F07CFEFC
:100C4000034616221A604FF0FF3318460837BD4698
:100C500080BD80B582B000AF78604FF0FF3178681A
:100C6000FFF7E7FF00BFFDE780B586B000AFF86093
:100C7000B9607A6000237B610AE0AFF3008001462F
:100C8000BB685A1CBA60CAB21A707B6901337B61B7
:100C90007A697B689A42F0DB7B6818461837BD4654
:100CA00080BD80B586B000AFF860B9607A6000237F
:100CB0007B6109E0BB685A1CBA601B781846AFF329
:100CC00000807B6901337B617A697B689A42F1DB42
:100CD0007B6818461837BD4680BD80B483B000AF2E
:100CE00078604FF0FF3318460C37BD4680BC704724
:100CF00080B483B000AF786039603B684FF4005235
:100D00005A60002318460C37BD4680BC704780B43B
:100D100083B000AF7860012318460C37BD4680BC15
:100D2000704780B485B000AFF860B9607A60002386
:100D300018461437BD4680BC7047000080B586B0A9
:100D400000AF7860144A154BD31A7B617B693B6115
:100D5000134B1B68002B02D1114B124A1A60104B27
:100D60001A687B6813443A699A4207D210F0E4FD8E
:100D700003460C221A604FF0FF3309E0084B1B6852
:100D8000FB60074B1A687B681344054A1360FB68D5
:100D900018461837BD4680BD00000120000800003D
:100DA000DC0400200000001080B483B000AF786045
:100DB0007B689B6818460C37BD4680BC70470000B6
:100DC00080B582B000AF0023FB71144B1B7883F019
:100DD0000103DBB2002B1BD0114B4FF0FF321A6323
:100DE000FFF732FD00F056F84FF480710C4806F022
:100DF00019F80B4B4FF0FF321A63094806F050F90F
:100E0000002000F0D3F900F05FF8044B01221A70C3
:100E1000FB7918460837BD4680BD00BFE0040020BE
:100E20009404002080B58EB000AF7860002387F86E
:100E3000373007F108032C220021184610F07CFC03
:100E400000F028F8114B1B687A6813447B6000237C
:100E50007B627B68DB43FB600023FB614FF0005348
:100E60003B624FF480733B6307F10803012219468C
:100E7000074805F0CBFE0346002B01D0FFF7B6FC78
:100E800097F8373018463837BD4680BDE404002057
:100E90009404002080B582B000AF0023FB71084BA2
:100EA0000122DA654FF48071064805F0BBFF054B5F
:100EB0004FF0FF321A63FB7918460837BD4680BDF4
:100EC000002800409404002080B500AF00F08EF9A7
:100ED0000346034A1360024B1B68184680BD00BFDF
:100EE000E404002080B400AF024B1B681846BD46E6
:100EF00080BC7047E404002080B582B000AF0023BE
:100F00007B6000F073F90246044B1B68D31A7B60C8
:100F10007B6818460837BD4680BD00BFE40400204A
:100F200080B582B000AF00237B60064B1B78002B9E
:100F300002D000F05BF978607B6818460837BD4640
:100F400080BD00BFE004002080B483B000AF002368
:100F50007B6003237B607B6818460C37BD4680BCF2
:100F60007047B0B584B000AF78600021F96079684F
:100F700000200A460346950D94024FF47A724FF012
:100F8000000320462946FFF753F902460B46134655
:100F9000FB60FB6818461037BD46B0BD2DE9B00FA9
:100FA00085B000AF78600021F960796800200C46B8
:100FB0000546204629464FF0000A4FF0000B4FEA45
:100FC000411B4BEAD06B4FEA401A50465946021B70
:100FD00061EB05034FF000004FF00001990041EA7A
:100FE0009271900002460B4612EB040843EB050990
:100FF0004FF000024FF000034FEAC90343EA587371
:101000004FEAC80290469946404649464FF00002D2
:101010004FF00003820A42EA81528B0A1346FB60BA
:10102000FB6818461437BD46BDE8B00F704780B561
:1010300084B000AF78607868FFF793FFF86000F045
:10104000D5F8B86000E000BF00F0D0F80246BB68F9
:10105000D31AFA689A42F6D800BF00BF1037BD46CF
:1010600080BD80B582B000AF78600FF043FD00BF57
:101070000837BD4680BD80B584B000AF786000F011
:10108000A5F8F860FB680133184600F08FF800BF40
:101090001037BD4680BD2DE9B04F8CB000AF7861F0
:1010A0000023FB6200F0A2F8B86200F08FF87862CB
:1010B0007B6A0022BB60FA604FF000024FF0000331
:1010C000B9680B000022B96A00200C46054612EBF5
:1010D000040843EB0509C7E90689D7E906014FF083
:1010E00000024FF00003820A42EA81528B0A134643
:1010F000FB62BB6900223B607A603B68C3F3090A6C
:101100004FF0000BC7E906ABBB691846FFF746FF77
:1011100003469AB27B691A80FB6A18463037BD468F
:10112000BDE8B08F80B582B000AF78607A680021EA
:10113000034806F047F800BF0837BD4680BD00BF32
:101140009404002080B582B000AF78607A680121F5
:10115000034806F037F800BF0837BD4680BD00BF22
:101160009404002080B582B000AF00237B60002192
:10117000044806F03FF878607B6818460837BD469B
:1011800080BD00BF9404002080B582B000AF002372
:101190007B600121044806F02DF878607B681846D2
:1011A0000837BD4680BD00BF9404002080B582B0E2
:1011B00000AF78607A680221034806F003F800BFA8
:1011C0000837BD4680BD00BF9404002080B582B0C2
:1011D00000AF0221044806F00DF878607B681846DD
:1011E0000837BD4680BD00BF9404002080B582B0A2
:1011F00000AF0B48FFF7D8FD786003E00848FFF721
:10120000D3FD78600648FFF7CFFD02467B68934226
:10121000F4D17B68DB4318460837BD4680BD00BF6C
:101220000028004080B485B000AF78604FF0B04334
:10123000DA6C4FF0B0417B681343CB644FF0B0439E
:10124000DA6C7B681340FB60FB6800BF1437BD4657
:1012500080BC704780B485B000AF78604FF0B04379
:101260009A6D4FF0B0417B6813438B654FF0B043EC
:101270009A6D7B681340FB60FB6800BF1437BD4666
:1012800080BC704780B485B000AF78604FF0B04349
:101290001A6E4FF0B0417B6813430B664FF0B043BA
:1012A0001A6E7B681340FB60FB6800BF1437BD46B5
:1012B00080BC704780B500AF224B234A1A60214B97
:1012C0004FF4E1325A601F4B00229A601D4B0022FE
:1012D000DA601C4B00221A611A4B0C225A61194B1E
:1012E00000229A61174B0022DA61164B00221A6223
:1012F000144B00225A62134B00229A62114806F0E6
:1013000075FC0346002B01D0FFF770FA00210D4851
:1013100008F033FB0346002B01D0FFF767FA0021EA
:10132000084808F068FB0346002B01D0FFF75EFA7F
:10133000044808F0EAFA0346002B01D0FFF756FAFA
:1013400000BF80BDE80400200038014080B500AF38
:10135000224B234A1A60214B4FF4E1325A601F4B53
:1013600000229A601D4B0022DA601C4B00221A6199
:101370001A4B0C225A61194B00229A61174B00221A
:10138000DA61164B00221A62144B00225A62134B88
:1013900000229A62114806F029FC0346002B01D076
:1013A000FFF724FA00210D4808F0E7FA0346002B66
:1013B00001D0FFF71BFA0021084808F01CFB034688
:1013C000002B01D0FFF712FA044808F063FA034635
:1013D000002B01D0FFF70AFA00BF80BDB405002042
:1013E0000044004080B596B000AF786007F1440338
:1013F00000221A605A609A60DA601A6107F10C03E1
:1014000038220021184610F097F97B681B688B4A38
:10141000934240F085800123FB604FF440333B61F1
:1014200007F10C03184605F055FA0346002B01D0CE
:10143000FFF7DCF94FF48040FFF724FF0120FFF7AE
:10144000F1FE4FF4C0637B640223BB640023FB64A2
:1014500003233B6507237B6507F1440319464FF0DF
:10146000904003F0F1FE764B764A1A60744B1222DC
:101470005A60734B10229A60714B0022DA60704BF5
:1014800080221A616E4B00225A616D4B00229A61D4
:101490006B4B0022DA616A4B00221A62684803F043
:1014A00017FA0346002B01D0FFF7A0F97B68644AC6
:1014B000DA67634A7B689362634B644A1A60624BE3
:1014C00011225A60604B00229A605F4B0022DA6062
:1014D0005D4B80221A615C4B00225A615A4B0022FC
:1014E0009A61594B0022DA61574B4FF480521A62CD
:1014F000554803F0EDF90346002B01D0FFF776F9CC
:101500007B68514AC3F880204F4A7B68936200226F
:101510000521242003F0B3F9242003F0CAF988E060
:101520007B681B684A4A934240F083800223FB6039
:101530004FF440237B6107F10C03184605F0CAF90C
:101540000346002B01D0FFF751F94FF40030FFF7AD
:1015500081FE0120FFF766FE0C237B640223BB643F
:101560000023FB6403233B6507237B6507F14403EA
:1015700019464FF0904003F067FE364B364A1A602A
:10158000344B14225A60334B10229A60314B0022A4
:10159000DA60304B80221A612E4B00225A612D4BAB
:1015A00000229A612B4B0022DA612A4B00221A6238
:1015B000284803F08DF90346002B01D0FFF716F9F8
:1015C0007B68244ADA67234A7B689362234B244A68
:1015D0001A60224B13225A60204B00229A601F4B44
:1015E0000022DA601D4B80221A611C4B00225A61D6
:1015F0001A4B00229A61194B0022DA61174B4FF403
:1016000080521A62154803F063F90346002B01D09B
:10161000FFF7ECF87B68114AC3F880200F4A7B681B
:10162000936200220521252003F029F9252003F0EB
:1016300040F900BF5837BD4680BD00BF00380140AB
:10164000800600206C00024040070020800002401D
:1016500000440040E006002058000240A00700209F
:101660004400024080B483B000AF78600023184685
:101670000C37BD4680BC704780B400AF00231846CD
:10168000BD4680BC704780B483B000AF78600B4625
:101690007B80002318460C37BD4680BC704780B461
:1016A00083B000AF7860002318460C37BD4680BC7D
:1016B000704700000D48854602F0CAFF0C480D49EE
:1016C0000D4A002302E0D458C4500433C4188C429D
:1016D000F9D30A4A0A4C002301E013600432A24203
:1016E000FBD310F02FF9FFF708F8FEE70000012008
:1016F0000000002074000020EC3D01087400002070
:1017000008D50020FEE780B500AFFFF7F9F902F039
:10171000D1F800BF80BD80B483B000AF78607B6833
:10172000D3E90023104619460C37BD4680BC7047EC
:1017300090B587B000AFF860B9601346FB80002316
:10174000FB8210E0FB8ADB00BA68D418F868FFF768
:10175000E2FF02460B46C4E90023FB680833FB6046
:10176000FB8A0133FB82FA8AFB889A42EAD300BFE4
:1017700000BF1C37BD4690BD80B58AB000AFF86091
:10178000B9601346FB8000233B620023FB842FE0FB
:10179000BB6803F10802BA60D3E90023C7E9062356
:1017A00003F02EFCD7E90623F968012003F0E4FBDF
:1017B0000346FB7503F046FCFB7D002B12D003F0C3
:1017C0005BFC386203F01CFC4FF47A7003F05EFCA3
:1017D000D7E90623F968012003F0CEFB0346FB7529
:1017E00003F030FCFB680833FB60FB8C0133FB84A7
:1017F000FA8CFB889A42CBD300BF00BF2837BD4686
:1018000080BD000080B586B000AFF860B9601346B7
:10181000FB80FB68B3F1006F2AD3FB68174A934241
:1018200026D8FB88202B25D8FB6803F178437B6101
:101830007B69DB0A3B6103F0E3FB114B4CF2FA32AC
:101840001A61386903F0E8FC02200AF0E5F90C4B54
:101850005B690B4A23F47E7323F00203536103F0A8
:10186000F1FBFB881A46B968F868FFF785FF02E0CC
:1018700000BF00E000BF1837BD4680BDFFFF030872
:101880000040005880B5A4B000AFF860B9601346BE
:10189000FB7107F114036822002118460FF04CFF7A
:1018A0000123C7F88C300023C7F8883018E097F977
:1018B0000730D7F88C209A420CD0D7F888305A1CC1
:1018C000C7F88820D7F88C2052B290333B4403F8F5
:1018D0007C2C00E000BFD7F88C300133C7F88C3087
:1018E000D7F88C20BB689A42E1DD0AF0E7FA03469C
:1018F00018460FF05DFDBB68013BC7F8843032E04D
:101900000FF084FD0346D7F8842093FBF2F2D7F85A
:10191000841001FB02F29B1ADBB20133DBB287F8C1
:101920007F3007F11402D7F8843013441B7887F80E
:101930007E3097F97F3090333B4413F97C1C07F1DC
:101940001402D7F8843013440A461A7097F97F308E
:1019500090333B4497F87E2003F87C2CD7F88430F2
:10196000013BC7F88430D7F88430002BC8DCFB6813
:10197000002B06D0BA6807F114031946F86810F076
:1019800008F80023C7F8803015E0D7F880200F4B07
:1019900083FB02131911D317CB1A322101FB03F376
:1019A000D31A002B02D105200AF036F9D7F880307F
:1019B0000A33C7F88030D7F88020BB689A42E4DB4E
:1019C00000BF00BF9037BD4680BD00BF1F85EB51F3
:1019D00080B584B000AF786039607B68BB6000235D
:1019E000FB6012E0FA680D4B83FB02131911D31749
:1019F000CB1A322101FB03F3D31A002B02D10120B1
:101A00000AF00AF9FB680A33FB60FA683B689A42FD
:101A1000E8DB00BF00BF1037BD4680BD1F85EB511E
:101A200080B582B000AF00233B600E4B19683B4687
:101A300001220D480BF002FB78607B68002B0AD076
:101A40003B68002B07D0094B4FF080521A60BFF360
:101A50004F8FBFF36F8F064BDB6A984700BF083785
:101A6000BD4680BD1811002063A3000804ED00E00E
:101A7000A03A010880B586B000AFF860084611466C
:101A80001A4603467B810B463B811346FB710023BC
:101A90003B61304B1B6D012B05D17B891A46F968E0
:101AA0002D4801F02DFE2D4A3B8913802C4AFB79ED
:101AB00013707B89FF2B28BFFF239BB21A46294B4B
:101AC0005A60284B04221A607B89FF2B28BFFF2312
:101AD0009BB21A46F96824480FF05BFF1D4BDB6E82
:101AE000002B04D1214B5B6B4FF4FA609847194BE4
:101AF000DB6E012B0AD100233B611D4B196807F1F6
:101B0000100304221B480BF099FA78611A4B1B68EA
:101B1000184609F0D1FD0346002B16D1164B186864
:101B200007F1100200230F4909F014FB78617B696B
:101B3000002B0AD03B69002B07D0104B4FF080528E
:101B40001A60BFF34F8FBFF36F8F00BF1837BD46CA
:101B500080BD00BF00080020F4110020F01100201B
:101B6000F21100200812002010120020A03A0108F3
:101B70001811002063A300081011002004ED00E0FC
:101B800080B400AF034B01221A6000BFBD4680BC89
:101B9000704700BFE411002080B582B000AF002381
:101BA0007B600E4B01221A600D4B1B68002B11D07D
:101BB0000B4B19683B1D08220A480BF03FFA7B6863
:101BC000002B07D0084B4FF080521A60BFF34F8FA5
:101BD000BFF36F8F00BF0837BD4680BDE8110020FE
:101BE0001811002063A3000804ED00E080B582B066
:101BF00000AF00237B60134B01221A60124BDB6E97
:101C0000002B04D1114B5B6B4FF4FA609847104BDB
:101C10001B68002B11D00E4B19683B1D10220D487C
:101C20000BF00CFA7B68002B07D00B4B4FF0805267
:101C30001A60BFF34F8FBFF36F8F00BF0837BD46E9
:101C400080BD00BFEC11002000080020A03A010870
:101C50001811002063A3000804ED00E080B400AF79
:101C6000024B1846BD4680BC704700BF00080020EC
:101C700080B500AF0A4B0B4A1A60094B0A4A9A60BA
:101C8000074B0A4A5A60064B094ADA60044B094A74
:101C90001A61094B1B68024898470023184680BD0B
:101CA000C8110020211A0008751A0008811B0008BD
:101CB000991B0008ED1B0008A03A010890B58FB0F1
:101CC0000AAFF860B9607A60FB70144BDB68F868A3
:101CD0009847124BDC6997F920107B6A0893002320
:101CE0000793002306930023059301230493002305
:101CF000039306230293FB7801937B680093BB68F0
:101D000000220120A047054B5B6DFF210120984771
:101D1000002318461437BD4690BD00BFA03A010805
:101D200090B58FB00AAFF860B9607A60FB70164B5F
:101D3000DB68F8689847144B9C69FB78012209928C
:101D400000220892002207920022069201220592A8
:101D5000002204920022039205220292062201929E
:101D6000002200927A68B9680120A047064B5B6D9B
:101D7000FF2101209847044B5B6B386A984700238A
:101D800018461437BD4690BDA03A010880B483B010
:101D900000AF78607B68074A934205D97B68064AA2
:101DA000934201D8012300E0002318460C37BD46BA
:101DB00080BC7047806DC335FF27503780B487B033
:101DC00000AF78607B68254AA2FB03239B093B6137
:101DD0003B69224AA2FB031292094FF47A7101FB7C
:101DE00002F29B1AFB6000237B61FB68F92B02D88F
:101DF0007D237B6123E0FB68F92B07D9FB68B3F5F2
:101E0000FA7F03D240F277137B6118E0FB68B3F5E9
:101E1000FA7F08D3FB6840F2ED22934203D840F2E8
:101E200071237B610BE0FB6840F2ED22934206D9FF
:101E3000FB68B3F57A7F02D240F26B337B613A697B
:101E40007B6913444FF47A7202FB03F33B613B69F5
:101E500018461C37BD4680BC704700BFD34D62108A
:101E600080B582B000AF7860294B1B680133284AE7
:101E700013607B681C221A607B680A225A74244B08
:101E80001A687B68DA607B68224A5A60224B1B69B9
:101E9000DAB27B681A747B6803F112001E4B1A6970
:101EA00013469B0013445B0020331B4A13440A2251
:101EB00019460FF06EFD184B1A6913469B00134428
:101EC0005B002033144A98187B68173305221946A3
:101ED0000FF05FFD104B1A6913469B0013445B0023
:101EE000053320330C4A98187B68123305221946B3
:101EF0000FF04FFD7B681B681946786801F0B0FC55
:101F000002467B68DA6100BF0837BD4680BD00BF6E
:101F10002C130020EDFEEDFE2011002080B485B0D2
:101F200000AF78600023FB737A680A4B13440A4AB7
:101F3000A2FB03239B09BB60BB68074AA2FB0323E8
:101F40001B09FB7397F90F3018461437BD4680BC48
:101F5000704700BF80923CCAD34D621080B485B0F8
:101F600000AF7860094A7B681344123393F900305C
:101F7000FB60FB68064A03FB02F2064B1344BB609E
:101F8000BB6818461437BD4680BC7047A8110020B6
:101F900090D00300C855C53580B483B000AF00238E
:101FA000FB71224B1A68224B1B689A4235D11F4B9A
:101FB000DA691F4BDB699A422FD11C4B5A6D1C4BBF
:101FC0005B6D9A4229D1194B9A6D194B9B6D9A42C0
:101FD00023D1164B1A6C164B1B6C9A421DD1134B16
:101FE0005A6C134B5B6C9A4217D1104B9A6A104B88
:101FF0009B6A9A4211D10D4BDA6A0D4BDB6A9A4209
:102000000BD10A4B5A6E0A4B5B6E9A4205D1074BB5
:102010001A6F074B1B6F9A4201D00123FB71FB79AA
:1020200018460C37BD4680BC704700BF80080020B2
:102030000008002080B592B002AF0523FB630223A5
:10204000BB6301237B636D4B9B6D7B624FF0FF3362
:102050003B630023FB620CE0694AFB6A52F83330B1
:102060007A6A9A4202D1FB6A3B6305E0FB6A01335C
:10207000FB62FB6A022BEFDD3B6BB3F1FF3F12D03B
:102080005F4A3B6BDB0013441B79BB635C4A3B6BD1
:10209000DB0013445B79FB63594A3B6BDB00134461
:1020A0009B797B6303E0554B4FF416429A65534B83
:1020B0001B6D002B03D0514B5B6B032B74D10023A2
:1020C000BB624E4B5B6D002B23D14C4B1B6CBB6238
:1020D0004A4B5A6E3B1D4B4918460FF099FA3B1D6F
:1020E0001846FEF74DF803469AB23B1D11461846B6
:1020F00001F030FC7B6BDAB2404B5B6E5BB242F2BC
:102100001071019100931346FA6BB96BB86AFFF72F
:10211000D5FD3A4B5B6D012B0CD1384B5B6CBB6230
:102120007B6BDBB24FF4FA620092FA6BB96BB86A60
:10213000FFF7F6FDB86AFFF729FE0346002B30D003
:102140002E4B0122DA66B86AFFF738FE03462E4AA4
:1021500013602D4ABB6B53602B4AFB6B93607B6B08
:10216000DAB2294B1A73284B00221A61264B00223F
:102170005A61254B00229A61B86AFFF7CFFE0346E9
:102180001A46214BDA61204B1B68184600F044F8D0
:102190001D4BDB695BB21A4665211C48FFF772FBD9
:1021A00002E0164B0022DA66FFF7F6FE0346002B2C
:1021B0001BD0124BDB69002B05DC154BDA690F4B8A
:1021C000DB699A4211D00D4B9B6F01330B4A936729
:1021D0000F4A0A4B1046194680231A460FF0D9FBC6
:1021E00010220B490B48FFF70DFB044B01225A61EB
:1021F000002318464037BD4680BD00BF00080020C0
:1022000008350108D03001082011002040110020BD
:102210008008002000E80308B0B58CB00AAF7860F1
:102220002A4BDB6E012B4DD1284B5B6D002B23D14C
:10223000274BDB6878689847254BDC69234B5B6E3E
:1022400059B2244B5868234B9B68224A127B42F2B6
:10225000107508950025079500250695002505951C
:10226000012504950025039506250295019200930A
:10227000034600220120A047144B5B6D012B21D1A6
:10228000134BDB6878689847114B9C69114B596870
:10229000104B9A680F4B1B7B01200990002008907F
:1022A0000020079000200690012005900020049057
:1022B000002003900520029006200190002000904D
:1022C0000120A04700BF0837BD46B0BD0008002070
:1022D000A03A01082011002080B584B002AF7860D8
:1022E00000220421074803F00FF900230093002384
:1022F0000022032178680AF069FB00BF0837BD4659
:1023000080BD00BF0004004880B582B000AF786097
:1023100000220421034803F0F7F800BF0837BD4648
:1023200080BD00BF0004004880B582B002AF104BF2
:102330000093002300225A2100200AF0E9FA034604
:102340000C4A1360002300930B4B00224FF0FF3127
:102350000A480EF091FA4FF4C87108480EF0A0FB3D
:1023600000220421064803F0CFF800BFBD4680BD1F
:10237000D92200081013002009230008141300209C
:102380000004004890B583B002AF104B1B6818469C
:102390000AF02AFE0346002B13D1012204210C4827
:1023A00003F0B2F80B480EF09DFA084B1C6809F0D8
:1023B00085FD0246002300930023012120460AF0F8
:1023C00005FB00BF0437BD4690BD00BF10130020C1
:1023D000000400481413002080B586B002AF786076
:1023E00039600523FB60074B1868FB6800930023E6
:1023F0000122796807F01EFEB860BB6818461037E6
:10240000BD4680BD18110020B0B5D2B000AF07F5B1
:10241000A473A3F5A27318600023C7F83431002316
:1024200087F847310023C7F840310023C7F83C3113
:10243000282009F0F1FBBB4B5B6D042B01D001F0B0
:10244000D1FA4FF0FF33C7F830311E23C7F83031CF
:10245000B44B5B69002B07D0B24B9B69002B03D1B7
:10246000B04B5B6D012B11D0AF4B1B68184608F0C9
:10247000EFFF03460A2B05D0AB4B1B680021184623
:1024800008F01EFC0A2009F0C7FB88E1A64B1B6878
:1024900007F11001D7F83021184608F0F7FE03467F
:1024A000002B00F04F8107F5A473A3F59C735B68C4
:1024B000002BCDD09B4BDB6E012B40F0E88097F8D2
:1024C000473183F00103DBB2002B00F0958007F564
:1024D000A473A3F59C735B68202B40F08D8007F1FB
:1024E00010030833C7F82831D7F828315B688F4AC2
:1024F000934240F08180D7F828311B681C2B7BD198
:102500008B4B1B681C21184607F066FED7F8283154
:102510001B681A4607F1100308331146184601F0EC
:102520009FF9C7F82401D7F828311B6807F110027A
:10253000083213441B681A4607F5A473A3F59E736B
:102540001A6007F5A473A3F59E731B68D7F82421BE
:102550009A421ED0774B1B68C7F83431764AD7F8B9
:10256000283114461D460FCD0FC495E80F0084E8AE
:102570000F00D7F83401FFF74FFE704B5B6B4FF441
:10258000FA6098470023C7F83C310023C7F8403170
:1025900005E10023C7F84031012387F84731664A37
:1025A000D7F8283114461D460FCD0FC495E80F000B
:1025B00084E80F000023C7F83C31D7F83C01FFF74F
:1025C000CDFCC7F83401D7F83401FFF725FE5B4B8B
:1025D0005B6BC8209847D7F840310133C7F84031CA
:1025E000D7F83C310133C7F83C31534B5B7C19467B
:1025F0005348FFF7EDF9D2E097F84731002B46D06A
:10260000D7F840310133C7F8403107F5A473A3F57B
:102610009C735B68FE2B15D8002387F84731454B28
:102620001B68C7F834312022002143480FF084F89A
:10263000D7F83401FFF7F0FD404B5B6B4FF4FA60C5
:10264000984724E0D7F83C01FFF788FCC7F834012D
:10265000D7F83C310133C7F83C31D7F83C31092B6E
:102660000DDD344B1B68C7F83431D7F83401FFF760
:10267000D3FD324B5B6B4FF4FA60984707E0D7F815
:102680003401FFF7C9FD2D4B5B6BC8209847FFF75E
:1026900079FE8023C7F820310023C7F8383137E0AE
:1026A00007F5A473A3F59C735A68D7F83831D31A89
:1026B000D7F82021934228BF1346C7F81C3107F1F1
:1026C0001002D7F8383108331344C7F81831154BC6
:1026D0001B6F002B08D1D7F81C319BB21946D7F8D5
:1026E000180100F029FF05E0D7F81C11D7F81801F0
:1026F00000F05CFFD7F83831002B02D10520FEF73F
:102700007BFAD7F83821D7F820311344C7F838318D
:1027100007F5A473A3F59C735B68D7F838219A4238
:10272000BED395E60008002010110020EDFEEDFE5E
:102730001811002020110020A8110020A03A010843
:10274000BA110020164BDB6E012B7FF481AE002105
:102750001820FFF741FEC7F82C01D7F82C3103F001
:102760001803002B3FF474AE202200210D480EF018
:10277000E3FF0D4B1B68C7F83431002387F847315E
:102780000023C7F83C310023C7F84031D7F83401A3
:10279000FFF742FD054B5B6B4FF4FA60984757E635
:1027A00000080020A811002020110020A03A0108F4
:1027B00080B500AF074B01229A61064B00221A61D7
:1027C000142009F029FA034B00229A6100231846CD
:1027D00080BD00BF0008002080B500AF054B01227E
:1027E0009A61044B01221A61142009F015FA0023A2
:1027F000184680BD0008002080B5CCB000AF07F5BA
:102800009873A3F5967318600023C7F80C31002362
:10281000C7F82C3107F59873A3F5927318464FF457
:1028200080731A4600210EF087FF002387F82B31B2
:102830000023C7F82431A84B5B69002B07D0A64BB7
:102840009B69002B03D1A44B5B6D002B14D0A34BD1
:102850001B68184608F0FCFD0346142B08D09F4B5C
:102860001B680021184608F02BFA9D4800F0DAFF9B
:102870000A2009F0D1F9ABE19A4B1B68012B15D165
:10288000954B5B6D002B0BD1934B1B6D012B07D12F
:10289000FFF7D0FB944B1B680121184607F0D5FCCD
:1028A000904B00221A60022009F0B6F98B4B1B688E
:1028B00007F586710522184608F0E8FCC7F82001E4
:1028C000874800F0BFFFC7F82C01834B1B69002B22
:1028D00040F07681D7F82C31002B00F07181D7F8C9
:1028E0002C31002B69D07C4BDB6E012B65D197F826
:1028F0002B3183F00103DBB2002B5ED0012387F87C
:102900002B317A4B00225A617948FFF7A9FA01204E
:1029100009F082F90A217748FFF75AF8734B1B69CF
:102920000133724A1361714B1B690A2B02D16F4B41
:1029300000221A616D4B1B68C7F824316E4BDB68AF
:10294000D7F82401984707F10C032022684918465C
:102950000FF01FF8694B1B680133694A136064214B
:102960000120FFF739FDC7F81C01D7F81C3103F02F
:102970000103002B0DD0012009F04EF95E4B9B6A3C
:1029800007F10C02202110469847082009F044F96D
:1029900009E0052009F040F9574B9B6A07F10C024A
:1029A000202110469847554B1B680133534A13604A
:1029B0004B4800F047FFC7F82C01D7F82C31FE2B0D
:1029C00040F2A28007F10C03FF221946444800F0B0
:1029D000DFFEFFF7D7FCC8210120FFF7FDFCC7F899
:1029E00014013D4BDB6E012B1ED1404B5B69184639
:1029F000FFF7B4FAC7F824013F4BDB68D7F824018E
:102A000098473A4B5B690133384A5361374B5B69EE
:102A1000092B09DD354B5B6919463A4800F026FE63
:102A2000002387F82B31D3E0D7F8143103F00103EA
:102A3000002B0CD0314B1B680133314A13602E4BF5
:102A40009B6A07F10C02FF21104698471FE02B4BB1
:102A50001B6801332A4A136064210120FFF7BCFC84
:102A6000C7F81001D7F8103103F00103002B07D18C
:102A7000214B9B6A07F10C02FF211046984706E0A4
:102A80001D4B9B6A07F10C02FF2110469847124B21
:102A90009B6DB3F5964F03D10C2009F0BDF815E0FE
:102AA0000D4B9B6DB3F5164F03D1082009F0B4F818
:102AB0000CE0094B9B6D4FF22442934203D1052059
:102AC00009F0AAF802E00A2009F0A6F80B4B1B68EF
:102AD00001330A4A13607AE0000800201411002034
:102AE00000090020E411002018110020201100200E
:102AF000A8110020BA110020A03A01081C110020E2
:102B000004120020E0300108D7F82031002B5ED1FC
:102B1000D7F82C31002B5AD0D7F82C31FE2B56D8B1
:102B20002C4BDB6E012B29D1D7F82C31C7F818318B
:102B3000032009F071F8284800F084FEC7F82C0142
:102B4000D7F82C21D7F818319A4207D9D7F82C2179
:102B5000D7F81811214800F089FD39E0204B5B6956
:102B60001846FFF7FBF9C7F82401D7F82401FFF74F
:102B700053FB1B4B5B690133194A5361002387F8F0
:102B80002B3107F10C03D7F82C211946124800F01D
:102B9000FFFD144B9B6AD7F82C21D1B207F10C0230
:102BA00010469847104B1B680133104A13600820E9
:102BB00009F032F80C4B1B6801330B4A136006E036
:102BC000084BDB6A98470A2009F026F833E600BF75
:102BD00031E600BF0008002000090020F0300108A5
:102BE00020110020A03A01081C110020041200202E
:102BF00080B584B000AF78600B467B80134B5B6977
:102C0000002B1DD0114B1B69002B19D10F4B5B6D95
:102C1000002B15D17B881A4679680D4800F070FDAD
:102C20007B88FB600B4B186807F10C010023002226
:102C300008F08EF90346002B02D1074800F016FD7C
:102C4000002318461037BD4680BD00BF0008002095
:102C500000090020141100201431010880B58AB049
:102C600002AF07F11003854A854918460EF0D0FCE3
:102C700007F1080107F10C0207F110003B1D00935A
:102C80000B4680490EF0E6FCFB681A46642303FB02
:102C900002F2BB6819460B469B000B445B001344D1
:102CA0007A681344FB61784B784A1A60764AFB696C
:102CB0005360754B00225A61734B00221A65724BA8
:102CC00001229A61704B01221A616F4B0022DA6176
:102CD0006D4B01225A656C4B6D4A1A646A4B6C4A03
:102CE0005A64694BFA229A62674BFA22DA62664B9F
:102CF0004FF416429A65644B03221A63624B1B6BB6
:102D0000614A5363604B0A225A665F4B0022DA66BF
:102D10005D4B01221A675C4B00229A675A4B5D4A51
:102D2000DA6707F06DF903465B4A1360FEF7A0FF10
:102D300000224FF484710A2008F0A9F80346574A8C
:102D4000136000220421142008F0A1F80346544A1D
:102D500013604FF400625349534800F0B5FC4FF440
:102D600000625049514800F0AFFC052008F054FFC4
:102D7000002301933623009300234FF480624C49D3
:102D80004C4808F07BFDB861052008F045FF0023A2
:102D900001933623009300234FF48062464947484D
:102DA00008F06CFDB8613C4B1B680421184607F025
:102DB0004CFA394B1B680121184607F046FAFFF719
:102DC000B3FA10223E493F48FEF7B2FC3C4B1B6869
:102DD0002E4A934209D13A4B5B68FA699A4204D170
:102DE000374BDB6F2B4A93420DD0354A264B1046AA
:102DF000194680231A460EF0CCFD10223049314886
:102E0000FEF700FD2FE02E4BDB691F4AD3612C4BF0
:102E10005B6D1D4A53652A4B1B6C1B4A1364284B80
:102E20005B6C194A5364264B9B6A174A9362244B86
:102E3000DB6A154AD362224B9B6D134A9365204B84
:102E40001B6B114A13631E4B5B6B0F4A53631C4B86
:102E50005B6E0D4A53661A4B1B6F0B4A1367184B78
:102E60009B6F094A9367084B04225A65064B01225F
:102E70001A61002318462037BD4680BD283101085D
:102E8000303101083431010800080020EFBEEDFEAA
:102E9000C0CA8936ADDEEFBE181100201011002027
:102EA000141100201009002000090020F411002056
:102EB00040310108F92700084C31010809240008B5
:102EC0008008002000E8030880B483B000AF786079
:102ED000064BD3F8802005497B681343C1F8803046
:102EE00000BF0C37BD4680BC704700BF00080058CB
:102EF00080B5ACB000AF78600B467B800023FB60F0
:102F00007B88C7F8A43000237B6100233B61D7F89E
:102F1000A430002B40F392807B681B68494A93429F
:102F200043D17B681B6F022B03D07B681B6F002B88
:102F30003BD10023C7F8AC302EE0D7F8A420D7F857
:102F4000AC30D31A802BA8BF8023C7F8A030D7F8A5
:102F5000AC303D4A9918D7F8A02007F11003083388
:102F600018460EF016FDD7F8A0307B61374B1B6872
:102F7000184608F0A1FB0346002B08D1334B186814
:102F800007F10C0207F11001002308F0E3F8D7F86D
:102F9000AC308033C7F8AC30D7F8AC20D7F8A430C9
:102FA0009A42CADB786800F099F87B681B68284A67
:102FB000934243D17B681B6F022B03D07B681B6F4E
:102FC000002B3BD10023C7F8A8302EE0D7F8A4206F
:102FD000D7F8A830D31A802BA8BF8023C7F89C301D
:102FE000D7F8A8301B4A9918D7F89C2007F110038E
:102FF000083318460EF0CDFCD7F89C307B61164B99
:103000001B68184608F058FB0346002B08D1124BEA
:10301000186807F10C0207F11001002308F09AF874
:10302000D7F8A8308033C7F8A830D7F8A820D7F849
:10303000A4309A42CADB786800F050F800BFB0377D
:10304000BD4680BD003801404813002030130020E9
:10305000004400404C1900203413002080B584B097
:1030600000AF78600023BB607B681B68154A934201
:1030700008D1154B196807F108030122134809F01C
:10308000DDFFF8607B681B68114A934208D1114B41
:10309000196807F1080302220C4809F0CFFFF86015
:1030A000FB68002B0AD0BB68002B07D00A4B4FF0FF
:1030B00080521A60BFF34F8FBFF36F8F00BF10377E
:1030C000BD4680BD003801403813002063A30008CE
:1030D000004400403C13002004ED00E080B584B0C3
:1030E00000AF78600123FB737B681B681F4A934223
:1030F00018D14FF4C0621E49786806F0BAFC034646
:10310000FB737B68D3F88030002B0BD07B68D3F83F
:1031100080301B681A687B68D3F880301B6822F007
:1031200004021A607B681B68124A934218D14FF45C
:10313000C0621149786806F09CFC0346FB737B680B
:10314000D3F88030002B0BD07B68D3F880301B681D
:103150001A687B68D3F880301B6822F004021A607A
:10316000FB7B18461037BD4680BD00BF00380140CC
:1031700048130020004400404C19002080B5ACB03A
:1031800000AF78607B68D3F89030102B02D178685C
:10319000FFF7A4FF7B68D3F89030082B40F09D80A8
:1031A0000023C7F894307B681B684E4A934247D18E
:1031B0007B68B3F85E309BB2C7F8A430D7F8A43070
:1031C000002B3ADD0023BB600023C7F8AC302EE0B3
:1031D000D7F8A420D7F8AC30D31A802BA8BF80230F
:1031E000C7F8A030D7F8AC303F4A9918D7F8A020DC
:1031F00007F10803083318460EF0CBFBD7F8A030D0
:10320000FB603A4B1B68184608F056FA0346002B41
:1032100008D1364B186807F1940207F10801002322
:1032200007F098FFD7F8AC308033C7F8AC30D7F848
:10323000AC20D7F8A4309A42CADB7868FFF74EFF7B
:103240007B681B682A4A934247D17B68B3F85E309B
:103250009BB2C7F89C30D7F89C30002B3ADD002396
:10326000BB600023C7F8A8302EE0D7F89C20D7F821
:10327000A830D31A802BA8BF8023C7F89830D7F87E
:10328000A8301C4A9918D7F8982007F1080308338A
:1032900018460EF07EFBD7F89830FB60164B1B6883
:1032A000184608F009FA0346002B08D1124B18689B
:1032B00007F1940207F10801002307F04BFFD7F84C
:1032C000A8308033C7F8A830D7F8A820D7F89C30AA
:1032D0009A42CADB7868FFF701FF00BFB037BD46EE
:1032E00080BD00BF0038014048130020301300208B
:1032F000004400404C1900203413002080B5A8B0D1
:1033000000AF78607B681B68C7F894300023C7F86B
:103310009C300023C7F89830D7F89430012B04D0A4
:10332000D7F89430022B07D00EE0294BC7F89C3019
:10333000284BC7F898300BE0274BC7F89C30274B39
:10334000C7F8983000BF03E0002008F0F1FB3CE034
:10335000D7F89C301B6807F108014FF0FF32184680
:1033600007F094FF0346012BF2D1BB68012B03D970
:10337000033B012B25D827E0D7F898301B68002B9A
:1033800011D1FB68002B1ED000F0E2FF0346002B9A
:1033900019D0FB689AB207F10803083311461846A2
:1033A000FFF726FC0FE0FB68002B0CD0D7F8983015
:1033B0001B68FA6891B207F1080208321046984774
:1033C00001E000BFC4E700BFC2E7A037BD4680BD33
:1033D0003013002040130020341300204413002039
:1033E00080B500AFFDF704F9FDF7B0FF4FF00060C6
:1033F000FFF76AFD00BF80BD80B500AFFDF7F8F8AC
:10340000FDF758FF4FF08060FFF75EFD00BF80BD05
:1034100080B582B002AF00228C21142007F037FD66
:103420000346174A136006F0EBFD0346154A136086
:10343000FFF7E2FF134B1B680121184606F005FF5A
:1034400000230193372300930F4B4FF400620F4981
:103450000F4808F013FA0F4A01210F4804F026FC28
:103460000E490D4804F0DAFC0D4A04210A4804F024
:103470001DFC0948FFF732FE00231846BD4680BDFB
:10348000301300203813002020350108583101087E
:10349000FD3200085D300008E8040020F12E00082D
:1034A0007D31000880B582B002AF00228C2114204B
:1034B00007F0EDFC0346174A136006F0A1FD034632
:1034C000154A1360FFF78CFF134B1B680221184647
:1034D00006F0BBFE00230193372300930F4B4FF4FC
:1034E00000620F490F4808F0C9F90F4A01210F483F
:1034F00004F0DCFB0E490D4804F090FC0D4A042159
:103500000A4804F0D3FB0948FFF7E8FD00231846FA
:10351000BD4680BD341300203C1300202435010833
:1035200064310108FD3200085D300008B405002058
:10353000F12E00087D31000880B588B002AF7860B8
:103540000B467B8005233B610E4B18683B6900935B
:1035500000230122012106F06DFDF8604FF0FF33DA
:103560007B617B881A467968074804F095FC03461E
:10357000002B01D100237B617B6918461837BD46BB
:1035800080BD00BF38130020E804002080B483B061
:1035900000AF7860044A7B681360002318460C373C
:1035A000BD4680BC704700BF4413002080B588B082
:1035B00002AF7860396005233B610F4B18683B69A7
:1035C000009300230122022106F034FDF8604FF041
:1035D000FF337B613B689BB21A467968074804F069
:1035E0005BFC0346002B01D100237B617B691846FD
:1035F0001837BD4680BD00BF3C130020B405002035
:103600000CB480B584B000AF7860396007F11C035A
:10361000FB603968FB68BA6978680DF0C1FC00BFCF
:103620001037BD46BDE8804002B0704780B586B017
:1036300002AF7860396007F1080318460DF0D4F83E
:10364000BB68B7F90C200092074A10217868FFF791
:10365000D7FF7868FCF794FD03469AB23B681A805E
:1036600000BF1037BD4680BD703101080FB480B572
:1036700084B000AF0023FB80BB1D19461148FFF743
:10368000D5FF07F11C03BB60FB881A460D4BD01811
:10369000BB68BA694FF480710DF082FC0346FB8170
:1036A000FA88FB891344FB81FB891946054800F021
:1036B00051F9FB8918461037BD46BDE8804004B07B
:1036C000704700BF501F002080B584B000AFF86085
:1036D000B9607A6010220021F8680EF02DF8FB68BE
:1036E000BA68DA60FB6800229A60FB6800225A60C0
:1036F000FB687A681A60002318461037BD4680BD03
:1037000080B588B000AFF860B9607A60FB681A686D
:10371000FB689B68D21AFB685B681344FB617A689C
:10372000FB69934228BF13467B60FB689A68FB687D
:103730001B68013B1340BB61FB681A68BB69D31A65
:103740007A68934228BF13467B61FB68DA68BB69DD
:1037500013447A69B96818460EF01BF97A687B69D8
:103760009A420AD9FB68D868BA687B69D1187A6826
:103770007B69D31A1A460EF00CF9FB689A687B68CD
:103780001A44FB689A607B6818462037BD4680BDA6
:1037900080B588B000AFF860B9607A60FB689A685D
:1037A000FB685B68D31AFB61FB69002B01D1002326
:1037B00034E07A68FB69934228BF13467B60FB685C
:1037C0005A68FB681B68013B1340BB61FB681A68C1
:1037D000BB69D31A7A68934228BF13467B61FB68A2
:1037E000DA68BB6913447A691946B8680EF0D1F8F3
:1037F0007A687B699A420AD9BA687B69D018FB68F3
:10380000D9687A687B69D31A1A460EF0C2F8FB6849
:103810005A687B681A44FB685A607B6818462037F0
:10382000BD4680BD80B483B000AF78607B68002265
:103830005A607B685A687B689A6000BF0C37BD4647
:1038400080BC704780B483B000AF78607B689A68B2
:103850007B685B68D31A18460C37BD4680BC70473E
:1038600080B485B000AF786039600023FB6000232E
:10387000BB6012E0FB681B0223F07F42FB681B0C5D
:10388000B9687868014409784B40094951F82330F8
:103890005340FB60BB680133BB60BA683B689A4227
:1038A000E8DBFB6818461437BD4680BC704700BF94
:1038B0002835010880B500AF0A4B0B4A1A60094B46
:1038C0000A4A9A60074B0A4A5A60064B094ADA606C
:1038D000044B094A1A61094B1B680248984700BF0C
:1038E00080BD00BF50200020013900080D390008BC
:1038F000313900083D39000849390008A03A01086B
:1039000080B400AF00BFBD4680BC704780B485B0B6
:1039100000AFF860084611461A4603467B810B4605
:103920003B811346FB7100BF1437BD4680BC704716
:1039300080B400AF00BFBD4680BC704780B400AF0C
:1039400000BFBD4680BC704780B400AF00BFBD461D
:1039500080BC704780B582B000AF78600B467B803A
:103960000A4B1B68002B06D17B8819467868FFF745
:10397000E3FD034605E07B8819467868FFF716FEED
:10398000034618460837BD4680BD00BF6C200020A6
:1039900080B584B000AF786039603B68FB600E4949
:1039A0007A6813469B0013449B000B440C3302229D
:1039B0001A700A4A0A49F8680DF02AFEF868FCF7FE
:1039C000DFFBB860FEF736FBFEF7F2FEBB68184679
:1039D0001037BD4680BD00BF70200020D8310108DF
:1039E000EC31010880B590B000AF3B464022002189
:1039F00018460DF0A1FE064B1B681A463B461946B9
:103A00001046FFF7C5FF00BF4037BD4680BD00BF71
:103A10006C20002080B584B000AF786039600D4B19
:103A20001A680D4913469B0013449B000B440C334A
:103A300000221A700323FB60FB689BB219460748FB
:103A4000FFF788FFFEF7C8FE002318461037BD4673
:103A500080BD00BF6C20002070200020F0310108E4
:103A600080B584B000AF786039603B68FB600422A9
:103A7000114938680DF076FE0346002B0ED0F86829
:103A8000FCF77EFB0246FB6813440C4918460DF018
:103A9000BFFDF868FCF774FB034608E0084A0949D3
:103AA000F8680DF0B5FDF868FCF76AFB03461846A8
:103AB0001037BD4680BD00BF7C310108F4310108DC
:103AC000003201080832010880B584B000AF786088
:103AD00039603B68FB60FEF7C1F8B860BB685B6D9E
:103AE0001A460649F8680DF093FDF868FCF748FBA4
:103AF000034618461037BD4680BD00BF1C32010882
:103B000080B586B000AF786039603B687B61FEF7B6
:103B1000A5F838610023FB6007F10C031A4617492A
:103B200078690DF097FD0346002B0FDC7869FCF7F0
:103B300027FB02467B691344114A124918460DF0CF
:103B400067FD7869FCF71CFB034612E07869FCF717
:103B500017FB02467B6913440B4A0A4918460DF0CD
:103B600057FDFB681A463B695A657869FCF708FB04
:103B7000034618461837BD4680BD00BF30320108E5
:103B8000F4310108EC3101084032010880B586B0FB
:103B900000AF786039603B687B61FEF75FF83861A1
:103BA0000023FB6007F10C031A46154978690DF0F4
:103BB00051FD0346002B0BDC7869FCF7E1FA024665
:103BC0007B6913440F4A104918460DF021FD0EE0A1
:103BD000FB681A463B691A657869FCF7D1FA024618
:103BE0007B691344094A084918460DF011FD7869AC
:103BF000FCF7C6FA034618461837BD4680BD00BF1D
:103C000048320108F4310108EC3101084032010862
:103C100080B584B000AF786039603B68FB60FEF728
:103C20001DF8B860BB681B6D1A460649F8680DF0B0
:103C3000EFFCF868FCF7A4FA034618461037BD46B7
:103C400080BD00BF5832010880B586B000AF7860F3
:103C500039603B687B61FEF701F838610023FB6047
:103C600007F10C031A46154978690DF0F3FC034679
:103C7000002B0BDC7869FCF783FA02467B6913445E
:103C80000F4A104918460DF0C3FC0EE0FB681A46B7
:103C90003B695A667869FCF773FA02467B691344FC
:103CA000094A084918460DF0B3FC7869FCF768FA30
:103CB000034618461837BD4680BD00BF6C32010868
:103CC000F4310108EC3101084032010880B584B0BC
:103CD00000AF78603960FDF7C1FFF8603B68BB60FA
:103CE000FB685B6E1A460649B8680DF091FCB8682F
:103CF000FCF746FA034618461037BD4680BD00BFA4
:103D00007832010880B58AB002AF786039603B68CC
:103D1000FB61FDF7A3FFB86107F10C0107F1140285
:103D200007F10803019307F1100300930B462149A3
:103D3000F8690DF08FFC0346032B0BDCF869FCF7E8
:103D40001FFA0246FB6913441B4A1C4918460DF032
:103D50005FFC26E07B691A46194B03FB02F2FB6805
:103D600019464FF47A7301FB03F31A44BB691A64D2
:103D70003B691A46124B03FB02F2BB6819464FF42B
:103D80007A7301FB03F31A44BB695A64F869FCF7C0
:103D9000F7F90246FB6913440A4A084918460DF030
:103DA00037FCF869FCF7ECF9034618462037BD46A6
:103DB00080BD00BF8C320108F4310108EC310108EC
:103DC00040420F0040320108B0B586B002AF7860C3
:103DD0003960FDF743FFF8603B68BB60FB681B6C14
:103DE0001C4AA2FB03239B0C1C46FB681A6C194B54
:103DF000A3FB02139B0C184901FB03F3D31A174AC8
:103E0000A2FB03239B091D46FB685B6C114AA2FBC6
:103E100003239B0C1846FB685A6C0E4BA3FB021342
:103E20009B0C0D4901FB03F3D31A0C4AA2FB03239D
:103E30009B09019300902B4622460949B8680DF072
:103E4000E7FBB868FCF79CF9034618461037BD46F7
:103E5000B0BD00BF83DE1B4340420F00D34D621054
:103E6000A832010880B586B000AF786039603B6841
:103E70007B61FDF7F3FE38614FF4FA73BB604FF4DA
:103E8000FA73FB6007F1080307F108021649786925
:103E90000DF0E0FB0346012B0BDC7869FCF770F9B1
:103EA00002467B691344114A114918460DF0B0FBD4
:103EB00011E0BB681A463B699A62FA683B69DA62AC
:103EC0007869FCF75DF902467B691344094A0849A1
:103ED00018460DF09DFB7869FCF752F90346184629
:103EE0001837BD4680BD00BFC8320108F431010853
:103EF000EC3101084032010880B584B000AF786031
:103F00003960FDF7ABFEF8603B68BB60FB689A6AFE
:103F1000FB68DB6A0549B8680DF07AFBB868FCF706
:103F20002FF9034618461037BD4680BDD832010828
:103F300080B586B000AF786039603B687B61FDF783
:103F40008DFE386107F10C031A46154978690DF0AA
:103F500081FB0346002B0BDC7869FCF711F9024664
:103F60007B6913440F4A104918460DF051FB0EE0CF
:103F7000FB681A463B699A657869FCF701F90246C5
:103F80007B691344094A084918460DF041FB7869DA
:103F9000FCF7F6F8034618461837BD4680BD00BF4B
:103FA000F0320108F4310108EC3101084032010817
:103FB00080B584B000AF78603960FDF74FFEF860DF
:103FC0003B68BB60FB689B6D1A460649B8680DF0FC
:103FD0001FFBB868FCF7D4F8034618461037BD46F7
:103FE00080BD00BFFC32010880B58AB000AFB96067
:103FF0007B600346FB731346BB7300237B62FA7B33
:1040000013469B0013449B003A4A13443B623B6AAD
:104010001B69FB610023BB613B6A1B7B022B23D125
:104020003549B8680DF0BEFB0346002B0FD03B6A44
:1040300000229A603B6A5B681A460021F8690DF01D
:104040007BFBFB7BF9691846FFF7E4FC0AE000F014
:104050007FF90346002B05D0BB7B9BB21946B8689D
:10406000FEF7C6FD002340E0BA7B3B6A9B681A441A
:104070003B6A5B689A420BD93B6A00229A603B6AB2
:104080005B681A460021F8690DF056FB00232CE00E
:104090003B6A1A693B6A9B681344BA7BB968184645
:1040A0000DF077FC3B6A9B685A003B6A9A601349A3
:1040B000F8690DF077FBB8611149F8690DF072FBF2
:1040C00078617B69002B0FD0BB69002B0CD07A691B
:1040D000BB69D31A02337B623B6A00229A607B6819
:1040E000BA691A607B6A00E0002318462837BD468B
:1040F00080BD00BF70200020F0310108103301089E
:104100001433010880B485B000AF0346B9607A600B
:10411000FB73BB68002B37D07B68BE2B34D9FA7B8E
:104120001C4913469B0013449B000B441033BA6890
:104130001A60FA7B174913469B0013449B000B44FB
:1041400004337A681A60FA7B124913469B001344C1
:104150009B000B440C3300221A70FA7B0D49134666
:104160009B0013449B000B4400221A60FA7B094910
:1041700013469B0013449B000B44083300221A6033
:10418000FB7B054A136000E000BF1437BD4680BCCE
:10419000704700BF702000206C20002080B588B0E0
:1041A00000AFF860B9607A603B600023FB610023D8
:1041B0007B613B683B617B68402B02D94FF0FF334A
:1041C00078E00023BB6170E03C4ABB691B011344EB
:1041D0001B78002B66D0394ABB691B01134404339A
:1041E0001B681946B8680DF0DDFA78617B69002B11
:1041F00058D0BF22002138690DF09EFA7A68B9685C
:1042000038690DF0C6FB3F21B8680DF09DFA0346F2
:10421000002B1CD0294ABB691B0113440C331B68BB
:10422000002B3FD0254ABB691B0113440C331B688C
:104230003969F86898470346FB61FB69002B31DD5B
:10424000FB699BB219463869FFF784FB2AE01B4AD9
:10425000BB691B01134408331B68002B14D0174A99
:10426000BB691B01134408331B683969F868984718
:104270000346FB61FB69002B14DDFB699BB2194609
:104280003869FFF767FB0DE0BA690D4938690DF031
:10429000BFF93869FBF774FF03469BB219463869CA
:1042A000FFF758FBBB690133BB610B22BB6993422B
:1042B0008ADBFB6918462037BD4680BD28390108D6
:1042C0001833010880B586B000AF78600B467B805C
:1042D00000237B6100233B610023FB60194B1B68BB
:1042E000002B29DB174B1B68D8B27B88DAB207F1A9
:1042F0000C037968FFF778FE03463B613B69002BAE
:104300001ADD3B69BF2B17DCC02200210E480DF0DF
:1043100013FAC02200210D480DF00EFAFB683A692D
:10432000194609480DF035FB064B1B6818463A69DB
:10433000064B0549FFF732FF7B6918461837BD4623
:1043400080BD00BF6C200020982000205821002054
:1043500080B582B000AF0023FB710D4B1A680D4988
:1043600013469B0013449B000B440C331B78022B19
:1043700008D1FDF773FC38603B685B6D002B01D101
:104380000123FB71FB7918460837BD4680BD00BF8D
:104390006C2000207020002080B586B000AF7860CF
:1043A00039603B687B61FDF759FC386107F10C030C
:1043B0001A46154978690DF04DF90346002B0BDCC0
:1043C0007869FBF7DDFE02467B6913440F4A10490A
:1043D00018460DF01DF90EE0FB681A463B691A6796
:1043E0007869FBF7CDFE02467B691344094A084908
:1043F00018460DF00DF97869FBF7C2FE0346184622
:104400001837BD4680BD00BF2C330108F4310108C8
:10441000EC3101084032010880B584B000AF78600B
:1044200039603B68FB60FDF719FCB8604149F868EA
:104430000DF0EEF8F868FBF7A3FE0246FB6898184B
:10444000BB685B681A463C490DF0E2F8F868FBF778
:1044500097FE0246FB689818BB685B6D1A463749A1
:104460000DF0D6F8F868FBF78BFE0246FB6898184B
:10447000BB681B6C1A4632490DF0CAF8F868FBF7A6
:104480007FFE0246FB689818BB685B6C1A462D4994
:104490000DF0BEF8F868FBF773FE0246FB6898184B
:1044A000BB689B6D1A4628490DF0B2F8F868FBF717
:1044B00067FE0246FB689818BB689B6A1A46234948
:1044C0000DF0A6F8F868FBF75BFE0246FB6898184B
:1044D000BB68DB6A1A461E490DF09AF8F868FBF7CC
:1044E0004FFE0246FB689818BB685B6E1A46194976
:1044F0000DF08EF8F868FBF743FE0246FB6898184B
:10450000BB681B6F1A4614490DF082F8F868FBF778
:1045100037FE0246FB681344104A114918460DF055
:1045200077F8F868FBF72CFE034618461037BD46AF
:1045300080BD00BF3C3301084C3301085C330108E7
:104540006C3301087C3301088C3301089C3301086B
:10455000AC330108BC330108CC33010840320108F8
:10456000EC31010880B586B000AF786039603B68F7
:104570007B61FDF773FB386107F10C031A461449A0
:1045800078690DF067F80346002B0BDC7869FBF7C0
:10459000F7FD02467B6913440E4A0F4918460DF099
:1045A00037F80DE0FA683B69DA617869FBF7E8FDF6
:1045B00002467B691344094A074918460DF028F85A
:1045C0007869FBF7DDFD034618461837BD4680BD08
:1045D000DC330108F4310108EC31010840320108F4
:1045E00080B500AF05F0FEFA0346184680BD80B5E1
:1045F00082B000AF0346FB71FB79184605F032FB31
:10460000034618460837BD4680BD80B500AF05F0AB
:1046100089FB0346184680BD80B500AF05F089FBD5
:104620000346184680BD80B500AF05F089FB034600
:10463000184680BD80B582B000AF0346FB71FB79A0
:10464000184605F084FB034618460837BD4680BD72
:1046500080B400AF00BFBD4680BC704780B400AFDF
:10466000044B5B68034A23F00103536000BFBD465F
:1046700080BC7047002004E080B400AF044B5B684E
:10468000034A23F00203536000BFBD4680BC70475D
:10469000002004E080B400AF044B5B68034A23F0C1
:1046A0000403536000BFBD4680BC7047002004E097
:1046B00080B582B000AF0023FB71032000F0D4F876
:1046C00001F02AFF0346094A13600F20FCF776FA2F
:1046D0000346002B02D00123FB7101E0FCF742F9F5
:1046E000FB7918460837BD4680BD00BF000000209A
:1046F00080B500AFFFF7B2FF00BF80BD80B500AF4F
:10470000FFF7BAFF00BF80BD80B500AFFFF7C2FF63
:1047100000BF80BD80B485B000AF78607B6803F0D7
:104720000703FB600C4BDB68BB60BA684FF6FF0306
:104730001340BB60FB681A02BB68134343F0BF63BE
:1047400043F40033BB60044ABB68D36000BF143736
:10475000BD4680BC704700BF00ED00E080B400AFF4
:10476000044BDB681B0A03F007031846BD4680BCF8
:10477000704700BF00ED00E080B483B000AF034697
:10478000FB7197F90730002B0BDBFB7903F01F025D
:10479000064997F907305B09012000FA02F241F857
:1047A000232000BF0C37BD4680BC704700E100E00D
:1047B00080B483B000AF03463960FB7197F90730CE
:1047C000002B0ADB3B68DAB20C4997F9073012017B
:1047D000D2B20B4483F800230AE03B68DAB20849FE
:1047E000FB7903F00F03043B1201D2B20B441A769B
:1047F00000BF0C37BD4680BC704700BF00E100E041
:1048000000ED00E080B489B000AFF860B9607A6074
:10481000FB6803F00703FB61FB69C3F10703042B8B
:1048200028BF0423BB61FB690433062B02D9FB6953
:10483000033B00E000237B614FF0FF32BB6902FACB
:1048400003F3DA43BB681A407B699A404FF0FF31AB
:104850007B6901FA03F3D9437B680B401343184685
:104860002437BD4680BC704780B582B000AF786009
:104870007868FFF74FFF00BF0837BD4680BD80B5A1
:1048800086B000AF0346B9607A60FB73FFF766FF3E
:1048900078617A68B9687869FFF7B4FF024697F9DA
:1048A0000F3011461846FFF783FF00BF1837BD468B
:1048B00080BD80B582B000AF0346FB7197F9073029
:1048C0001846FFF759FF00BF0837BD4680BD0000FE
:1048D00080B582B000AF78607B68002B01D10123E6
:1048E0008EE07B681B681A46474B9A420FD87B685C
:1048F0001B681A46454B1344454AA2FB03231B0978
:104900009A007B685A647B68424A1A640EE07B68AE
:104910001B681A46404B13443D4AA2FB03231B0964
:104920009A007B685A647B683C4A1A647B6802225E
:1049300083F825207B681B681B687A68126823F45B
:10494000FF4323F0700313607B681B6819687B6862
:104950009A687B68DB681A437B681B691A437B682B
:104960005B691A437B689B691A437B68DB691A435E
:104970007B681B6A1A437B681B680A431A60786865
:1049800000F08EFA7B689B68B3F5804F02D17B689C
:1049900000225A607B685A687B689B6C02F07F0239
:1049A0001A607B68DB6C7A68126D5A607B685B68A2
:1049B000002B10D07B685B68042B0CD8786800F063
:1049C000B7FA7B685B6D00221A607B689B6D7A6822
:1049D000D26D5A6008E07B6800225A657B6800222D
:1049E0009A657B680022DA657B680022DA637B685F
:1049F000012283F825207B68002283F824200023ED
:104A000018460837BD4680BD07040240F8FFFDBFC9
:104A1000CDCCCCCC00000240F8FBFDBF000402402E
:104A200080B586B000AFF860B9607A603B60002363
:104A3000FB75FB6893F82430012B01D1022369E058
:104A4000FB68012283F82420FB6893F82530DBB251
:104A5000012B55D1FB68022283F82520FB68002238
:104A6000DA63FB681B681A68FB681B6822F00102A6
:104A70001A603B687A68B968F86800F0D3F9FB6897
:104A80001B6B002B08D0FB681B681A68FB681B684F
:104A900042F00E021A600FE0FB681B681A68FB68A0
:104AA0001B6822F004021A60FB681B681A68FB6826
:104AB0001B6842F00A021A60FB689B6C1B6803F4D7
:104AC0008033002B07D0FB689B6C1A68FB689B6CDB
:104AD00042F480721A60FB685B6D002B07D0FB68A4
:104AE0005B6D1A68FB685B6D42F480721A60FB684C
:104AF0001B681A68FB681B6842F001021A6008E034
:104B0000FB688022DA63FB68002283F824200123FB
:104B1000FB75FB7D18461837BD4680BD80B483B059
:104B200000AF78607B68002B01D101234FE07B68E8
:104B300093F82530DBB2022B08D07B680422DA63BD
:104B40007B68002283F82420012340E07B681B68F7
:104B50001A687B681B6822F00E021A607B689B6CE7
:104B60001A687B689B6C22F480721A607B681B68F1
:104B70001A687B681B6822F001021A607B685B6C14
:104B800003F01C027B681B6C012101FA02F25A60DF
:104B90007B68DB6C7A68126D5A607B685B6D002BFA
:104BA0000CD07B685B6D1A687B685B6D22F4807249
:104BB0001A607B689B6D7A68D26D5A607B680122AF
:104BC00083F825207B68002283F8242000231846E0
:104BD0000C37BD4680BC704780B584B000AF7860AC
:104BE0000023FB737B6893F82530DBB2022B05D0E2
:104BF0007B680422DA630123FB7347E07B681B6850
:104C00001A687B681B6822F00E021A607B681B68BA
:104C10001A687B681B6822F001021A607B689B6C33
:104C20001A687B689B6C22F480721A607B685B6CEC
:104C300003F01C027B681B6C012101FA02F25A602E
:104C40007B68DB6C7A68126D5A607B685B6D002B49
:104C50000CD07B685B6D1A687B685B6D22F4807298
:104C60001A607B689B6D7A68D26D5A607B680122FE
:104C700083F825207B68002283F824207B689B6BC7
:104C8000002B03D07B689B6B78689847FB7B1846AA
:104C90001037BD4680BD000080B584B000AF78609D
:104CA0007B681B6C1B68FB607B681B681B68BB60B8
:104CB0007B685B6C03F01C0304229A40FB68134082
:104CC000002B27D0BB6803F00403002B22D07B68A5
:104CD0001B681B6803F02003002B07D17B681B684F
:104CE0001A687B681B6822F004021A607B685B6CA0
:104CF00003F01C027B681B6C042101FA02F25A606B
:104D00007B681B6B002B00F081807B681B6B7868D5
:104D100098477BE07B685B6C03F01C0302229A409F
:104D2000FB681340002B3DD0BB6803F00203002B4F
:104D300038D07B681B681B6803F02003002B0BD165
:104D40007B681B681A687B681B6822F00A021A607D
:104D50007B68012283F825207B681B681A462E4B4E
:104D60009A4209D97B685B6C03F01C032B4A022131
:104D700001FA03F3536008E07B685B6C03F01C03EB
:104D8000274A022101FA03F353607B68002283F86B
:104D900024207B68DB6A002B38D07B68DB6A78686C
:104DA000984733E07B685B6C03F01C0308229A4051
:104DB000FB681340002B2AD0BB6803F00803002BCC
:104DC00025D07B681B681A687B681B6822F00E027E
:104DD0001A607B685B6C03F01C027B681B6C012112
:104DE00001FA02F25A607B680122DA637B680122D1
:104DF00083F825207B68002283F824207B685B6B86
:104E0000002B04D07B685B6B7868984700BF00BFBD
:104E10001037BD4680BD00BF800002400004024044
:104E20000000024080B485B000AFF860B9607A60DD
:104E30003B60FB68DB6CFA68126D5A60FB685B6D67
:104E4000002B04D0FB689B6DFA68D26D5A60FB683A
:104E50005B6C03F01C02FB681B6C012101FA02F27F
:104E60005A60FB681B683A685A60FB689B68102BA5
:104E700008D1FB681B687A689A60FB681B68BA688F
:104E8000DA6007E0FB681B68BA689A60FB681B6819
:104E90007A68DA6000BF1437BD4680BC70470000F6
:104EA00080B485B000AF78607B681B681A461C4BE5
:104EB0009A4213D87B685B6C9B089B0003F180438C
:104EC00003F502337A6893647B681B68DBB2083BA6
:104ED000144AA2FB03231B09FB6011E07B685B6C97
:104EE0009B089A00104B13447A6893647B681B6894
:104EF000DBB2083B0B4AA2FB03231B090733FB6011
:104F00007B680A4ADA64FB6803F01F0301229A40B7
:104F10007B681A6500BF1437BD4680BC704700BF70
:104F200007040240CDCCCCCC1C08024080080240D3
:104F300080B485B000AF78607B685B6803F07F0366
:104F4000FB60FA680A4B13449B001A467B685A655B
:104F50007B68084A9A65FB68013B03F00303012262
:104F60009A407B68DA6500BF1437BD4680BC704745
:104F70003F8200104009024080B586B000AFF86063
:104F8000B960C7E900231C4B1B78012B01D1022318
:104F90002DE0194B01221A70174B00225A604FF472
:104FA0007A7000F073F80346FB75FB7D002B1AD175
:104FB000FB68012B05D1D7E90023B86800F0C8F8D9
:104FC00004E03B681946B86800F0E8F84FF47A70DE
:104FD00000F05CF80346FB75084B5A69FB68DB433D
:104FE000064913404B61044B00221A70FB7D1846A2
:104FF0001837BD4680BD00BF182200200040005871
:1050000080B483B000AF0023FB710B4B5B69002BB6
:105010000BDA094B094A9A60074B094A9A60064B1A
:105020005B69002B01DA0123FB71FB7918460C3711
:10503000BD4680BC704700BF004000582301674553
:10504000AB89EFCD80B483B000AF0023FB71094B77
:105050005B69084A43F000435361064B5B69002BD0
:1050600001DB0123FB71FB7918460C37BD4680BC80
:10507000704700BF0040005880B400AF024B5B682F
:105080001846BD4680BC70471822002080B584B009
:1050900000AF7860FBF79CFDF86009E0FBF798FD36
:1050A0000246FB68D31A7A689A4201D8032346E085
:1050B000254B1B6903F48033B3F5803FEED0224BC0
:1050C0001B69BB60BB6803F00103002B02D01E4BC1
:1050D00001221A61BA684CF2FA331340BB60BB6814
:1050E000B3F1804F07D3184B9A69BB6803F0404374
:1050F000154913438B61BB6823F04043002B04D058
:10510000114ABB6823F040431361BB68002B0ED0EB
:105110000E4ABB685360012311E0FBF759FD0246BC
:10512000FB68D31A7A689A4201D8032307E0064B3A
:105130001B6903F48023B3F5802FEED000231846BB
:105140001037BD4680BD00BF004000581822002027
:1051500080B485B000AFF860C7E900230E4B5B69EF
:105160000D4A43F001035361FB683A681A60BFF3CC
:105170006F8F00BFD7E900014FF000024FF000032E
:105180000A000023F968043113460B6000BF14378E
:10519000BD4680BC704700BF0040005880B489B055
:1051A00000AF786039604023FB777B68BB613B6868
:1051B0007B61184B5B69174A43F480235361EFF31B
:1051C0001083FB60FB683B6172B600BF7B691A68A5
:1051D000BB691A60BB690433BB617B6904337B61C3
:1051E000FB7F013BFB77FB7F002BEFD100BF094B1F
:1051F0001B6903F48033B3F5803FF8D03B69BB6093
:10520000BB6883F3108800BF00BF2437BD4680BC55
:10521000704700BF0040005880B483B000AF786092
:10522000084B5B6923F47E727B68DB001343054AFD
:1052300043F4803343F00203536100BF0C37BD4693
:1052400080BC70470040005880B487B000AF7860E1
:10525000396000237B6140E13B681A6801217B696A
:1052600001FA03F31340FB60FB68002B00F032816E
:105270003B685B6803F00303012B05D03B685B6868
:1052800003F00303022B30D17B689B683B617B6991
:105290005B00032202FA03F3DB433A6913403B61EC
:1052A0003B68DA687B695B0002FA03F33A691343EF
:1052B0003B617B683A699A607B685B683B6101226D
:1052C0007B6902FA03F3DB433A6913403B613B68B5
:1052D0005B681B0903F001027B6902FA03F33A6978
:1052E00013433B617B683A695A603B685B6803F033
:1052F0000303032B17D07B68DB683B617B695B0092
:10530000032202FA03F3DB433A6913403B613B6833
:105310009A687B695B0002FA03F33A6913433B61C5
:105320007B683A69DA603B685B6803F00303022B31
:1053300023D17B69DA087B68083253F822303B615D
:105340007B6903F007039B000F2202FA03F3DB43A0
:105350003A6913403B613B681A697B6903F00703B4
:105360009B0002FA03F33A6913433B617B69DA0855
:105370007B680832396943F822107B681B683B61FF
:105380007B695B00032202FA03F3DB433A691340B3
:105390003B613B685B6803F003027B695B0002FAD8
:1053A00003F33A6913433B617B683A691A603B68CF
:1053B0005B6803F44033002B00F08C804E4A7B691D
:1053C0009B08023352F823303B617B6903F00303EF
:1053D0009B00072202FA03F3DB433A6913403B6167
:1053E0007B68B3F1904F0DD07B68444A934207D05D
:1053F0007B68434A934201D1022304E0072302E081
:10540000012300E000237A6902F003029200934036
:105410003A6913433B6138497B699B0802333A6917
:1054200041F82320374B1B683B61FB68DB433A693B
:1054300013403B613B685B6803F48013002B03D08F
:105440003A69FB6813433B612E4A3B6913602D4B5D
:105450005B683B61FB68DB433A6913403B613B6837
:105460005B6803F40013002B03D03A69FB68134315
:105470003B61244A3B695360224BD3F880303B6147
:10548000FB68DB433A6913403B613B685B6803F4AC
:105490008033002B03D03A69FB6813433B61194A00
:1054A0003B69C2F88030174BD3F884303B61FB680E
:1054B000DB433A6913403B613B685B6803F40033AC
:1054C000002B03D03A69FB6813433B610D4A3B69EB
:1054D000C2F884307B6901337B613B681A687B6961
:1054E00022FA03F3002B7FF4B7AE00BF00BF1C37D6
:1054F000BD4680BC704700BF00000140000400486A
:10550000000800480008005880B483B000AF7860FD
:105510000B467B8013467B707B78002B03D07A8808
:105520007B689A6102E07A887B689A6200BF0C37D8
:10553000BD4680BC7047000080B400AF044B1B68C0
:10554000034A43F48073136000BFBD4680BC7047BC
:105550000004005880B400AF034B1B6803F4C06321
:105560001846BD4680BC70470004005880B400AFA8
:10557000064B1B6803F48073B3F5807F01D10123D0
:1055800000E000231846BD4680BC70470004005868
:1055900080B400AF4FF0B0431B684FF0B04243F40B
:1055A0000013136000BFBD4680BC704780B400AFDD
:1055B0004FF0B0431B684FF0B04223F40013136068
:1055C00000BFBD4680BC704780B400AF4FF0B04311
:1055D0001B6803F48013B3F5801F01D1012300E0A1
:1055E00000231846BD4680BC704780B400AF4FF022
:1055F000B0431B684FF0B04243F48033136000BFE8
:10560000BD4680BC704780B400AF4FF0B0431B680C
:105610004FF0B04223F48033136000BFBD4680BC1E
:10562000704780B400AF4FF0B0431B6803F4003301
:10563000B3F5003F01D1012300E000231846BD4629
:1056400080BC704780B400AF4FF0B0431B684FF090
:10565000B04243F48073136000BFBD4680BC704706
:1056600080B400AF4FF0B0431B684FF0B04223F45A
:105670008073136000BFBD4680BC704780B400AF2C
:105680004FF0B0431B6803F48063B3F5806F01D122
:10569000012300E000231846BD4680BC704780B45B
:1056A00083B000AF78604FF0B0435B6823F0FE42F8
:1056B0007B681B064FF0B04113434B6000BF0C37B3
:1056C000BD4680BC704780B400AF4FF0B043D3F804
:1056D000903003F00203022B01D1012300E00023EC
:1056E0001846BD4680BC704780B400AF4FF0B04351
:1056F000D3F894304FF0B04243F00103C2F8943035
:1057000000BFBD4680BC704780B400AF4FF0B043CF
:10571000D3F894304FF0B04223F00103C2F8943034
:1057200000BFBD4680BC704780B400AF4FF0B043AF
:10573000D3F8943003F00203022B01D1012300E0DF
:1057400000231846BD4680BC704780B400AF4FF0C0
:10575000B0431B684FF0B04243F00103136000BF39
:10576000BD4680BC704780B400AF4FF0B0431B68AB
:105770004FF0B04223F00103136000BFBD4680BC70
:10578000704780B400AF4FF0B0431B6803F00203D2
:10579000022B01D1012300E000231846BD4680BC46
:1057A000704780B400AF4FF0B0431B6803F00803AC
:1057B000082B01D1012300E000231846BD4680BC20
:1057C000704780B400AF4FF0B0431B6803F0F003A4
:1057D0001846BD4680BC704780B400AF4FF0B04360
:1057E000D3F8943003F470631846BD4680BC70470C
:1057F00080B483B000AF78604FF0B0435B6823F4AF
:105800007F427B681B024FF0B04113434B6000BFE7
:105810000C37BD4680BC704780B483B000AF786061
:105820004FF0B0439B6823F003024FF0B0417B6818
:1058300013438B6000BF0C37BD4680BC704780B4FB
:1058400000AF4FF0B0439B6803F00C031846BD4611
:1058500080BC704780B483B000AF78604FF0B04335
:105860009B6823F0F0024FF0B0417B6813438B60DC
:1058700000BF0C37BD4680BC704780B483B000AF1A
:1058800078604FF0B043D3F8083123F00F027B6803
:105890001B094FF0B0411343C1F8083100BF0C376A
:1058A000BD4680BC704780B483B000AF78604FF0D5
:1058B000B0439B6823F4E0624FF0B0417B68134330
:1058C0008B6000BF0C37BD4680BC704780B483B08E
:1058D00000AF78604FF0B0439B6823F460524FF004
:1058E000B0417B6813438B6000BF0C37BD4680BC62
:1058F000704780B400AF4FF0B0439B6803F0F003F3
:105900001846BD4680BC704780B400AF4FF0B0432E
:10591000D3F808311B0103F0F0031846BD4680BCE4
:10592000704780B400AF4FF0B0439B6803F4E0636E
:105930001846BD4680BC704780B400AF4FF0B043FE
:105940009B6803F460531846BD4680BC704780B422
:1059500000AF4FF0B0431B684FF0B04243F080738C
:10596000136000BFBD4680BC704780B400AF4FF0ED
:10597000B0431B684FF0B04223F08073136000BF48
:10598000BD4680BC704780B400AF4FF0B0431B6889
:1059900003F00073B3F1007F01D1012300E0002385
:1059A0001846BD4680BC704780B400AF4FF0B0438E
:1059B000DB681B0A03F07F031846BD4680BC7047B6
:1059C00080B400AF4FF0B043DB6803F0604318468B
:1059D000BD4680BC704780B400AF4FF0B043DB6879
:1059E00003F070031846BD4680BC704780B400AF1A
:1059F0004FF0B043DB6803F003031846BD4680BC9C
:105A0000704780B400AF4FF0B0439B6803F480331D
:105A1000B3F5803F01D1012300E000231846BD46C5
:105A200080BC704780B400AF4FF0B043D3F808316A
:105A300003F48033B3F5803F01D1012300E000235C
:105A40001846BD4680BC704780B400AF4FF0B043ED
:105A50009B6803F40033B3F5003F01D1012300E05C
:105A600000231846BD4680BC704780B400AF4FF09D
:105A7000B0439B6803F48023B3F5802F01D1012349
:105A800000E000231846BD4680BC704780B588B052
:105A900000AF78607B68002B01D101236FE3FFF733
:105AA000CEFEF861FFF7A2FFB8617B681B6803F0C8
:105AB0002003002B00F0C480FB69002B05D0FB699C
:105AC0000C2B76D1BB69012B73D17B681B6A002B31
:105AD00001D1012353E37B689A6A4FF0B0431B68FE
:105AE00003F00803002B05D04FF0B0431B6803F010
:105AF000F00306E04FF0B043D3F894301B0903F0F5
:105B0000F003934222D27B689B6A184600F03CFD6A
:105B10000346002B01D0012331E34FF0B0431B6853
:105B20004FF0B04243F0080313604FF0B0431B68DE
:105B300023F0F0027B689B6A4FF0B04113430B6087
:105B40007B685B6A1846FFF753FE21E04FF0B043D5
:105B50001B684FF0B04243F0080313604FF0B043AE
:105B60001B6823F0F0027B689B6A4FF0B04113433F
:105B70000B607B685B6A1846FFF73AFE7B689B6A9E
:105B8000184600F001FD0346002B01D00123F6E288
:105B900000F0C2FC0346A74A1360A74B1B681846D7
:105BA000FBF70CF80346FB74FB7C002B47D0FB7C17
:105BB000E5E27B681B6A002B2CD0FFF7C6FDFBF7E4
:105BC00007F8786108E0FBF703F802467B69D31A0F
:105BD000022B01D90323D2E2FFF7D3FD0346002BAA
:105BE000F1D04FF0B0431B684FF0B04243F00803D0
:105BF00013604FF0B0431B6823F0F0027B689B6A90
:105C00004FF0B04113430B607B685B6A1846FFF7A7
:105C1000EFFD15E0FFF7A7FDFAF7DAFF786108E07E
:105C2000FAF7D6FF02467B69D31A022B01D9032368
:105C3000A5E2FFF7A6FD0346002BF1D100E000BF6F
:105C40007B681B6803F00103002B58D0FB69082B0D
:105C500005D0FB690C2B08D1BB69032B05D17B68F0
:105C60005B68002B4BD1012389E24FF0B0431B68E6
:105C700023F480127B689B684FF0B04113430B60A4
:105C80007B685B68B3F5803F02D1FFF7AEFC0DE0A7
:105C90007B685B68B3F5041F04D1FFF779FCFFF75D
:105CA000A4FC03E0FFF7AFFCFFF780FC7B685B68B8
:105CB000002B12D0FAF78CFF786108E0FAF788FF22
:105CC00002467B69D31A642B01D9032357E2FFF7FD
:105CD000A8FC0346002BF1D011E0FAF779FF7861B8
:105CE00008E0FAF775FF02467B69D31A642B01D9E5
:105CF000032344E2FFF795FC0346002BF1D17B68B8
:105D00001B6803F00203002B46D0FB69042B05D06F
:105D1000FB690C2B0ED1BB69022B0BD17B681B6975
:105D2000002B01D101232AE27B685B691846FFF74B
:105D3000B6FC31E07B681B69002B19D0FFF782FCB1
:105D4000FAF746FF786108E0FAF742FF02467B69FE
:105D5000D31A022B01D9032311E2FFF78FFC03466C
:105D6000002BF1D07B685B691846FFF798FC13E0C5
:105D7000FFF776FCFAF72CFF786108E0FAF728FFC6
:105D800002467B69D31A022B01D90323F7E1FFF7FF
:105D900075FC0346002BF1D17B681B6803F00803F8
:105DA000002B6ED07B689B69002B56D04FF0B04320
:105DB000D3F89430FB607B68DA69FB6803F010036A
:105DC0009A4231D0FB6803F00203002B06D0FB6837
:105DD00003F00103002B01D10123D0E1FB6803F0A4
:105DE0000103002B13D0FFF78FFCFAF7F1FE786167
:105DF00008E0FAF7EDFE02467B69D31A112B01D9B0
:105E00000323BCE1FFF790FC0346002BF1D14FF0D8
:105E1000B043D3F8943023F010027B68DB694FF075
:105E2000B0411343C1F89430FFF75EFCFAF7D0FE9F
:105E300078610CE00000002004000020FAF7C8FEA2
:105E400002467B69D31A112B01D9032397E1FFF78F
:105E50006BFC0346002BF1D013E0FFF755FCFAF77B
:105E6000B7FE786108E0FAF7B3FE02467B69D31A01
:105E7000112B01D9032382E1FFF756FC0346002BC7
:105E8000F1D17B681B6803F00403002B00F0D8807D
:105E9000FFF76CFB0346002B13D1FFF74DFBFAF71E
:105EA00097FE786108E0FAF793FE02467B69D31A01
:105EB000022B01D9032362E1FFF758FB0346002BB5
:105EC000F1D07B68DB68002B7BD07B68DB68852B9F
:105ED00003D07B68DB68052B09D14FF0B043D3F8C2
:105EE00090304FF0B04243F00403C2F89030FAF71C
:105EF0006FFE78614FF0B043D3F890304FF0B0426E
:105F000043F00103C2F890300AE0FAF761FE02465E
:105F10007B69D31A41F28832934201D903232EE1DF
:105F2000FFF7D1FB0346002BEFD07B68DB68812BAA
:105F300003D07B68DB68852B21D1FAF749FE7861B5
:105F40004FF0B043D3F890304FF0B04243F08003AD
:105F5000C2F890300AE0FAF73BFE02467B69D31A9A
:105F600041F28832934201D9032308E14FF0B04354
:105F7000D3F8903003F40063002BECD060E0FAF724
:105F800027FE78614FF0B043D3F890304FF0B04225
:105F900023F08003C2F890300AE0FAF719FE0246B7
:105FA0007B69D31A41F28832934201D90323E6E098
:105FB0004FF0B043D3F8903003F40063002BECD1E2
:105FC0003EE0FAF705FE78614FF0B043D3F8903029
:105FD0004FF0B04223F08003C2F890300AE0FAF7A5
:105FE000F7FD02467B69D31A41F28832934201D908
:105FF0000323C4E04FF0B043D3F8903003F40063C0
:10600000002BECD1FAF7E4FD78614FF0B043D3F800
:1060100090304FF0B04223F00103C2F890300AE014
:10602000FAF7D6FD02467B69D31A41F288329342D1
:1060300001D90323A3E0FFF746FB0346002BEFD172
:106040007B68DB6A002B00F09980FB690C2B6CD01D
:106050007B68DB6A022B4BD1FFF787FCFAF7B8FDB0
:10606000786108E0FAF7B4FD02467B69D31A0A2B7F
:1060700001D9032383E0FFF786FC0346002BF1D10F
:106080004FF0B043DA68404B13407A68116B7A687E
:10609000526B11437A68926B120211437A68D26B89
:1060A00011437A68126C11437A68526C0A434FF0BC
:1060B000B0411343CB60FFF74AFC4FF0B043DB68BD
:1060C0004FF0B04243F08053D360FAF781FD78611E
:1060D00008E0FAF77DFD02467B69D31A0A2B01D945
:1060E00003234CE0FFF74FFC0346002BF1D045E0C3
:1060F000FFF73BFCFAF76CFD786108E0FAF768FD02
:1061000002467B69D31A0A2B01D9032337E0FFF734
:106110003AFC0346002BF1D14FF0B043DA684FF060
:10612000B0411A4B1340CB6028E07B68DB6A012B3F
:1061300001D1012323E04FF0B043DB68BB61BB69B1
:1061400003F003027B681B6B9A4215D1BB6903F015
:1061500070027B685B6B9A420ED1BB6903F4FE420E
:106160007B689B6B1B029A4206D1BB6903F06042BD
:106170007B685B6C9A4201D0012300E00023184643
:106180002037BD4680BD00BF8C80C111FCFFFEEEF4
:1061900080B584B000AF786039607B68002B01D196
:1061A00001230FE1894B1B6803F007033A689A4209
:1061B0001BD9864B1B6823F0070284493B681343B5
:1061C0000B60FAF705FDF86008E0FAF701FD0246FA
:1061D000FB68D31A022B01D90323F3E07B4B1B6826
:1061E00003F007033A689A42EFD17B681B6803F01B
:1061F0000203002B16D07B689B681846FFF72AFB2A
:10620000FAF7E6FCF86008E0FAF7E2FC0246FB6801
:10621000D31A022B01D90323D4E0FFF7F2FB034684
:10622000002BF1D07B681B6803F04003002B16D0D5
:106230007B685B691846FFF720FBFAF7C9FCF8603A
:1062400008E0FAF7C5FC0246FB68D31A022B01D915
:106250000323B7E0FFF7E6FB0346002BF1D07B6892
:106260001B6803F00403002B16D07B68DB6818461C
:10627000FFF719FBFAF7ACFCF86008E0FAF7A8FCA6
:106280000246FB68D31A022B01D903239AE0FFF7D9
:10629000DBFB0346002BF1D07B681B6803F008038F
:1062A000002B17D07B681B69DB001846FFF70EFB3D
:1062B000FAF78EFCF86008E0FAF78AFC0246FB6801
:1062C000D31A022B01D903237CE0FFF7CEFB034650
:1062D000002BF1D07B681B6803F00103002B43D037
:1062E0007B685B68022B06D1FFF79BF90346002B06
:1062F0001ED1012366E07B685B68032B06D1FFF7A4
:1063000042FB0346002B13D101235BE07B685B68F3
:10631000002B06D1FFF735FA0346002B08D10123E5
:1063200050E0FFF7ABF90346002B01D1012349E010
:106330007B685B681846FFF76FFAFAF749FCF8606C
:106340000AE0FAF745FC0246FB68D31A41F28832AC
:10635000934201D9032335E0FFF771FA02467B68C7
:106360005B689B009A42ECD1184B1B6803F0070353
:106370003A689A421BD2154B1B6823F00702134957
:106380003B6813430B60FAF723FCF86008E0FAF768
:106390001FFC0246FB68D31A022B01D9032311E02C
:1063A0000A4B1B6803F007033A689A42EFD100F0EA
:1063B000B3F80346064A1360064B1B681846FAF703
:1063C000FDFB034618461037BD4680BD004000580F
:1063D000000000200400002090B587B000AF00232B
:1063E0007B6100233B61FFF72AFAB860FFF7FEFAF2
:1063F0007860BB68002B05D0BB680C2B39D17B685B
:10640000012B36D1FFF7CDF90346002B15D1FFF74D
:10641000C8F90346012B06D1FFF7D3F903461B0A3F
:1064200003F00F0305E0FFF7D7F903461B0A03F05B
:106430000F03364A52F8233014E0FFF7B2F903464F
:10644000012B06D1FFF7BDF903461B0903F00F032B
:1064500005E0FFF7C1F903461B0903F00F032B4AC0
:1064600052F823303B61BB68002B15D13B697B613F
:1064700012E0BB68042B02D1254B7B610CE0BB68AA
:10648000082B09D1FFF7A0F80346012B02D1204BBE
:106490007B6101E01F4B7B61FFF7D1F903460C2BB9
:1064A0002FD1FFF7A3FA78607B68022B03D07B68BB
:1064B000032B03D00DE0164BFB600DE0FFF784F8D3
:1064C0000346012B02D1124BFB6005E0114BFB6030
:1064D00002E03B69FB6000BFFFF766FA0246FB681B
:1064E00003FB02F4FFF777FA03461B090133B4FB01
:1064F000F3F4FFF765FA03465B0F0133B4FBF3F3E4
:106500007B617B6918461C37BD4690BD383A01084F
:106510000024F4000048E80198B500AFFFF75CFFE5
:106520000446FFF7E6F903461B0903F00F03034A8D
:1065300052F82330B4FBF3F3184698BDD83901085C
:1065400098B500AFFFF7E8FF0446FFF7EAF9034606
:106550001B0A034A52F8233024FA03F3184698BD65
:10656000183A010898B500AFFFF7D6FF0446FFF7C9
:10657000E3F90346DB0A034A52F8233024FA03F313
:10658000184698BD183A010890B585B000AF7860FC
:106590007B681B0903F00F03104A52F82330FB609D
:1065A000FFF7B2F903461B0903F00F030C4A52F838
:1065B0002330FA68B2FBF3F3BB60BB68094AA2FB65
:1065C00003239C0CFEF7C6FF03461946204600F045
:1065D0000BF8034618461437BD4690BD383A0108FB
:1065E000D839010883DE1B4380B58EB000AF7860D8
:1065F00039603A4A07F1200392E803001860043337
:106600001980374A07F1180392E803001860043331
:106610001980344A07F10C0307CA83E807000023F6
:106620007B633B68B3F5007F1BD100233B6314E021
:106630003B6B5B0038333B4433F8183C1A467B68AD
:10664000934207D83B6B9B0038333B4453F82C3CB8
:106650007B6321E03B6B01333B633B6B022BE7D950
:106660001AE00023FB6214E0FB6A5B0038333B4412
:1066700033F8203C1A467B68934207D8FB6A9B009C
:1066800038333B4453F82C3C7B6305E0FB6A013311
:10669000FB62FB6A022BE7D9134B1B6823F007024E
:1066A00011497B6B13430B60FAF792FAB86208E06A
:1066B000FAF78EFA0246BB6AD31A022B01D90323DA
:1066C00007E0094B1B6803F007037A6B9A42EFD18E
:1066D000002318463837BD4680BD00BFEC330108A3
:1066E000F4330108FC3301080040005880B400AFC7
:1066F0004FF0B043D3F8903003F00203022B01D1E6
:10670000012300E000231846BD4680BC704780B4DA
:1067100083B000AF78604FF0B043D3F888207B6837
:106720001B0CDB431A407B689BB24FF0B041134314
:10673000C1F8883000BF0C37BD4680BC704780B4BC
:1067400083B000AF78604FF0B043D3F8883023F4C3
:1067500040724FF0B0417B681343C1F8883000BFEE
:106760000C37BD4680BC704780B483B000AF786002
:106770004FF0B043D3F8883023F440624FF0B0417B
:106780007B681343C1F8883000BF0C37BD4680BC1E
:10679000704780B483B000AF78604FF0B043D3F857
:1067A00088207B681B0903F47F23DB431A407B6846
:1067B0001B0103F47F234FF0B0411343C1F888302D
:1067C00000BF0C37BD4680BC704780B483B000AFBB
:1067D00078604FF0B043D3F888207B681B0C1B0413
:1067E000DB431A407B681B044FF0B0411343C1F8F0
:1067F000883000BF0C37BD4680BC704780B483B082
:1068000000AF78604FF0B043D3F8883023F04042B7
:106810004FF0B0417B681343C1F8883000BF0C379C
:10682000BD4680BC704780B483B000AF78604FF045
:10683000B043D3F8883023F040524FF0B0417B682A
:106840001343C1F8883000BF0C37BD4680BC704789
:1068500080B483B000AF78604FF0B043D3F890308D
:1068600023F440724FF0B0417B681343C1F890307D
:1068700000BF0C37BD4680BC704780B400AF4FF0FE
:10688000B043D3F8903003F440731846BD4680BC43
:10689000704780B400AF4FF0B043D3F890304FF062
:1068A000B04243F48033C2F8903000BFBD4680BC94
:1068B000704780B400AF4FF0B043D3F890304FF042
:1068C000B04223F48033C2F8903000BFBD4680BC94
:1068D0007047000080B586B000AF786000237B6110
:1068E0000023FB740023BB747B681B6803F48033B4
:1068F000002B58D0FEF720FEFAF76AF9F86009E09D
:10690000FAF766F90246FB68D31A022B02D9032371
:10691000FB7406E07B4B1B6803F48073B3F5807F48
:10692000EED1FB7C002B3CD1FFF7A7FF02467B6832
:106930005B6B9A420FD04FF0B043D3F8903023F402
:1069400040737B61FFF7A5FFFFF7B3FF4FF0B04245
:106950007B69C2F890307B6903F00203002B14D0EE
:10696000FAF736F9F8600BE0FAF732F90246FB68FD
:10697000D31A41F28832934202D90323FB7404E014
:10698000FFF7B4FE0346012BEED1FB7C002B05D1B3
:106990007B685B6B1846FFF75BFF04E0FB7CBB7416
:1069A00001E0FB7CBB747B681B6803F00103002BD8
:1069B00004D07B685B681846FFF7A9FE7B681B68FC
:1069C00003F00203002B04D07B689B681846FFF796
:1069D0009EFE7B681B6803F02003002B04D07B68BD
:1069E0001B691846FFF7C0FE7B681B6803F4007341
:1069F000002B04D07B681B6A1846FFF7E6FE7B6815
:106A00001B6803F48063002B04D07B685B6A184624
:106A1000FFF7DBFE7B681B6803F40063002B04D0E8
:106A20007B689B6A1846FFF7D0FE7B681B6803F003
:106A30004003002B04D07B685B691846FFF7A9FE72
:106A40007B681B6803F08003002B04D07B689B6984
:106A50001846FFF79EFE7B681B6803F48073002BCB
:106A600004D07B68DB691846FFF793FE7B681B68E0
:106A700003F01003002B11D07B68DB681846FFF78A
:106A80005EFE7B68DB68B3F5807F07D14FF0B043D3
:106A9000DB684FF0B04243F08073D3607B681B68C3
:106AA00003F40043002B10D07B681B6B1846FFF7E4
:106AB000A5FE7B681B6B002B07D14FF0B043DB6852
:106AC0004FF0B04243F08073D3607B681B6803F4DF
:106AD0008043002B11D07B68DB6A1846FFF7A3FECA
:106AE0007B68DB6AB3F1005F07D14FF0B043DB682E
:106AF0004FF0B04243F48033D360BB7C1846183764
:106B0000BD4680BD0004005880B584B000AF7860F9
:106B10000123FB737B68002B71D07B6893F82D30C9
:106B2000DBB2002B06D17B68002283F82C2078682A
:106B3000F9F7DCFE7B68022283F82D20324BDB68FC
:106B400003F01003102B51D02F4BCA225A622E4B48
:106B500053225A62786800F011FA0346FB73FB7BFC
:106B6000002B3FD1284B9B69274A23F08E6323F0EB
:106B700040039361244B9A697B6859687B681B6961
:106B800019437B689B690B431F4913438B617B68E7
:106B9000DA687B689B681B041B4913430B611A4B23
:106BA000DB6823F4F8527B68596A7B689B6A0B4365
:106BB00015491343CB60786800F014FA0346FB7361
:106BC000FB7B002B0ED1104B9B6923F060427B684E
:106BD000196A7B68DB6919437B685B690B430A4967
:106BE00013438B61084BFF225A6201E00023FB73C1
:106BF000FB7B002B03D17B68012283F82D20FB7BDC
:106C000018461037BD4680BD0028004090B587B0BB
:106C100000AFF860B9607A6000237B61FB6893F88D
:106C20002C30012B01D10223F3E0FB68012283F811
:106C30002C20FB68022283F82D20784BDB6803F4BC
:106C400040733B613B69B3F5807F6AD07B68002B62
:106C50003AD1724B9B6903F04003002B02D1BB6811
:106C60000022DA70BB685B69B3F1004FBB681B7828
:106C7000184600F0F5F903461C04BB685B7818461B
:106C800000F0EEF903461B021C43BB689B781846D4
:106C900000F0E6F9034644EA0302BB68DB789B0593
:106CA00042EA0304BB6893F82430184600F0D8F990
:106CB00003461B0644EA0302BB681B6A1A43BB680F
:106CC0005B6913437B612CE0BB685B69B3F1803F78
:106CD0000DD0BB685B69B3F5000F08D04F4B9B69C3
:106CE00003F04003002B02D1BB680022DA70BB68BE
:106CF0001B781A04BB685B781B021343BA6892784E
:106D00001A43BB68DB789B051A43BB6893F82430B1
:106D10001B061A43BB681B6A1A43BB685B691343B3
:106D20007B613E4BCA225A623C4B53225A62BB687B
:106D30009B6AB3F5807F2CD1384B9B69374A23F48B
:106D400088539361354B0122DA653B69B3F5807F47
:106D500007D1BB689A69BB68DB69304913434B6450
:106D600006E02E4A7B6913642C4ABB689B69536416
:106D70002A4ABB685B681367FB681B6B43F0010220
:106D8000FB681A63254B9B69244A43F4885393613B
:106D90002BE0224B9B69214A23F4085393611F4B3C
:106DA0000222DA653B69B3F5807F07D1BB689A6937
:106DB000BB68DB6919491343CB6406E0174A7B695A
:106DC0009364164ABB689B69D364144ABB685B68CA
:106DD0005367FB681B6B43F00202FB681A630F4B9F
:106DE0009B690E4A43F4085393610D4BD3F88030EE
:106DF0000B4A43F40033C2F88030084BFF225A623A
:106E0000FB68012283F82D20FB68002283F82C20E8
:106E1000002318461C37BD4690BD00BF0028004027
:106E20000008005880B483B000AF786039607B6898
:106E300093F82C30012B01D1022348E07B6801221A
:106E400083F82C207B68022283F82D20224BCA2253
:106E50005A62214B53225A623B68B3F5807F15D1A9
:106E60001D4B9B691C4A23F4885393611A4B5B6C3E
:106E7000194A23F0004353647B681B6B23F0010223
:106E80007B681A63144B0122DA6514E0124B9B698C
:106E9000114A23F4085393610F4BDB6C0E4A23F025
:106EA0000043D3647B681B6B23F002027B681A6388
:106EB000094B0222DA65084BFF225A627B680122E5
:106EC00083F82D207B68002283F82C2000231846AD
:106ED0000C37BD4680BC70470028004080B584B0A8
:106EE00000AF7860114B5A6D7B681B6B1340FB60E1
:106EF000FB6803F00103002B05D00C4B0122DA657F
:106F00007868FAF7AEF8FB6803F00203002B05D0AF
:106F1000064B0222DA65786800F04AF97B680122A4
:106F200083F82D2000BF1037BD4680BD00280040EB
:106F300080B584B000AF78600F4BDB680E4A23F059
:106F40002003D360F9F744FEF86009E0F9F740FE4A
:106F50000246FB68D31AB3F57A7F01D9032306E012
:106F6000054BDB6803F02003002BEFD0002318460D
:106F70001037BD4680BD00BF0028004080B584B0FA
:106F800000AF78600023FB73154BDB6803F0400310
:106F9000002B20D1124BDB68114A43F08003D360F1
:106FA000F9F716FEB8600DE0F9F712FE0246BB686D
:106FB000D31AB3F57A7F05D90323FB737B680322C9
:106FC00083F82D20064BDB6803F04003002B02D131
:106FD000FB7B032BE8D1FB7B18461037BD4680BDF9
:106FE0000028004080B584B000AF78600023FB73B8
:106FF0001A4BDB68194A23F08003D360174B9B6957
:1070000003F02003002B0CD17868FFF791FF0346B3
:10701000002B1ED07B68032283F82D200323FB73F3
:1070200017E00E4B9B690D4A23F0200393617868AB
:10703000FFF77EFF0346002B05D07B68032283F811
:107040002D200323FB73054B9B69044A43F0200367
:107050009361FB7B18461037BD4680BD0028004079
:1070600080B485B000AF0346FB710023FB60FB7961
:10707000FB7205E0FB680133FB60FB7A0A3BFB72A5
:10708000FB7A092BF6D8FB68DBB21B01DAB2FB7A7C
:107090001343DBB218461437BD4680BC704700006E
:1070A00080B483B000AF78607B6893F82C30012BFC
:1070B00001D102231FE07B68012283F82C207B682A
:1070C000022283F82D200E4BCA225A620C4B532207
:1070D0005A620B4B9B690A4A43F020039361084BA9
:1070E000FF225A627B68012283F82D207B680022F0
:1070F00083F82C20002318460C37BD4680BC70470F
:107100000028004080B483B000AF78607B6893F8BB
:107110002C30012B01D1022327E07B68012283F868
:107120002C207B68022283F82D20124BCA225A623F
:10713000104B53225A620F4B9B690E4A43F0800357
:1071400093610D4BD3F880300B4A43F48023C2F88F
:107150008030084BFF225A627B68012283F82D2081
:107160007B68002283F82C20002318460C37BD468C
:1071700080BC7047002800400008005880B582B0ED
:1071800000AF7860094B5B6D03F04003002B05D026
:10719000064B4022DA657868F9F76DFF7B680122BB
:1071A00083F82D2000BF0837BD4680BD0028004071
:1071B00080B483B000AF786000BF0C37BD4680BCA0
:1071C0007047000080B487B000AFF860B9607A60A3
:1071D000074B7B61BB689B007A6913447B617B69C9
:1071E0007A681A6000BF1C37BD4680BC704700BF7C
:1071F00000B1004080B485B000AF78603960074BC3
:10720000FB603B689B00FA681344FB60FB681B68EB
:1072100018461437BD4680BC704700BF00B100401F
:1072200080B483B000AF7860064B9B6823F40062A3
:1072300004497B6813438B6000BF0C37BD4680BC9C
:10724000704700BF0004005880B400AF054BD3F86E
:107250009030044A43F40043C2F8903000BFBD466A
:1072600080BC70470004005880B400AF054BD3F8D1
:107270009030044A23F40043C2F8903000BFBD466A
:1072800080BC70470004005880B400AF034B4FF43B
:1072900000629A6100BFBD4680BC70470004005880
:1072A00080B400AF064B5B6903F00203022B01D1EF
:1072B000012300E000231846BD4680BC704700BF94
:1072C0000004005880B400AF064B5B6903F0040370
:1072D000042B01D1012300E000231846BD4680BCE9
:1072E000704700BF0004005880B400AF4FF0B043B7
:1072F000D3F894304FF0B04223F40043C2F89430F6
:1073000000BFBD4680BC704780B400AF4FF0B043B3
:10731000D3F8943003F48043B3F5804F01D10123B7
:1073200000E000231846BD4680BC704780B483B09F
:1073300000AF7860064BD3F8902005497B68134373
:10734000C1F8903000BF0C37BD4680BC704700BF0D
:107350000008005880B584B000AF78607B68002BCF
:1073600003D10123FB73FB7B52E00023FB737B689B
:107370009B79BB73BB7B002B02D0BB7B032B09D15A
:107380007B6800225A717868F9F794FB4FF48050BB
:10739000FFF7CCFFBB7B002B26D17B6802229A71C2
:1073A000FFF7A2FF1C4B1A681346DB009B1A9B00D9
:1073B000DB0C642202FB03F3BB60BB68002B05D12E
:1073C0000123FB737B6801229A6007E0BB68013BE5
:1073D000BB60FFF799FF0346002BEED1FFF734FFA8
:1073E0004FF40060FFF71CFFFFF74EFFFB7B002B05
:1073F0000AD17B681B68184600F0B6FA7B68012248
:107400001A717B6800229A607B6801229A71FB7B6B
:1074100018461037BD4680BD0000002080B586B0FC
:1074200000AFF8607A601A460B467B8113463B81B9
:10743000FB689B79DBB2012B4AD1FB685B79012B9E
:1074400001D1022345E0FB6801225A71FB68022248
:107450009A71F86800F056FBFFF706FF0D21F868F7
:1074600000F0A2FA7B891B0A9BB2DBB21946F868CE
:1074700000F09AFA7B89DBB21946F86800F094FABA
:107480000023BB820AE0BB8A7A6813441B78194642
:10749000F86800F089FABB8A0133BB82BA8A3B895B
:1074A0009A42F0D3FFF7D0FEF86800F04FFBFB687C
:1074B0009B68002B02D00123FB7501E00023FB75C4
:1074C000FB6801229A71FB6800225A71FB7D00E083
:1074D000022318461837BD4680BD80B588B000AF7E
:1074E000F8607A601A460B467B8113463B817B68C5
:1074F000BB61FB689B79DBB2012B4AD1FB685B79EE
:10750000012B01D1022345E0FB6801225A71F86882
:1075100000F0F8FAFFF7A8FE1D21F86800F044FA21
:107520007B891B0A9BB2DBB21946F86800F03CFA73
:107530007B89DBB21946F86800F036FA0021F8685A
:1075400000F032FA0023FB8209E0B969F86800F024
:1075500081FABB690133BB61FB8A0133FB82FA8A82
:107560003B899A42F1D3FFF76FFEF86800F0EEFA1C
:10757000FB689B68002B02D00123FB7701E000230E
:10758000FB77FB6801229A71FB6800225A71FB7F2E
:1075900000E0022318462037BD4680BD80B586B086
:1075A00000AFF8607A601A460B46FB7213463B81C7
:1075B000FB689B79DBB2012B4AD1FB685B79012B1D
:1075C00001D1022345E0FB6801225A71F86800F0FE
:1075D00099FAFB7A842B02D0FB7A942B03D1FB68B7
:1075E00001221A7102E0FB6800221A71FFF73CFECB
:1075F000FB7A1946F86800F0D7F90023BB820AE04D
:10760000BB8A7A6813441B781946F86800F0CCF9F5
:10761000BB8A0133BB82BA8A3B899A42F0D3FFF717
:1076200013FEFB7A842B02D0F86800F08FFAFB6817
:107630009B68002B02D00123FB7501E00023FB7542
:10764000FB6801229A71FB6800225A71FB7D00E001
:10765000022318461837BD4680BD80B588B000AFFC
:10766000F8607A601A460B46FB7213463B817B68D2
:10767000BB61FB689B79DBB2012B3DD1FB685B7979
:10768000012B01D1022338E0FB6801225A71F8680E
:1076900000F038FAFFF7E8FDFB7A1946F86800F0C9
:1076A00083F90021F86800F07FF90023FB8209E0EC
:1076B000B969F86800F0CEF9BB690133BB61FB8A98
:1076C0000133FB82FA8A3B899A42F1D3FFF7BCFD72
:1076D000F86800F03BFAFB689B68002B02D001239E
:1076E000FB7701E00023FB77FB6801229A71FB68BE
:1076F00000225A71FB7F00E0022318462037BD4666
:1077000080BD80B586B000AFF8607A601A460B463F
:10771000FB7213463B81FB689B79DBB2012B3ED1A8
:10772000FB685B79012B01D1022339E0FB68012260
:107730005A71F86800F0E6F9FFF796FD0E21F86837
:1077400000F032F9FB7A1946F86800F02DF90023B1
:10775000BB820AE0BB8A7A6813441B781946F86832
:1077600000F022F9BB8A0133BB82BA8A3B899A4274
:10777000F0D3FFF769FDF86800F0E8F9FB689B6853
:10778000002B02D00123FB7501E00023FB75FB6891
:1077900001229A71FB6800225A71FB7D00E00223EE
:1077A00018461837BD4680BD80B588B000AFF86078
:1077B0007A601A460B46FB7213463B817B68BB61BD
:1077C000FB689B79DBB2012B41D1FB685B79012B14
:1077D00001D102233CE0FB6801225A71F86800F0F5
:1077E00091F9FFF741FD1E21F86800F0DDF8FB7A02
:1077F0001946F86800F0D8F80021F86800F0D4F8CD
:107800000023FB8209E0B969F86800F023F9BB693D
:107810000133BB61FB8A0133FB82FA8A3B899A42BE
:10782000F1D3FFF711FDF86800F090F9FB689B6851
:10783000002B02D00123FB7701E00023FB77FB68DC
:1078400001229A71FB6800225A71FB7F00E002233B
:1078500018462037BD4680BD80B584B000AF786043
:107860000023BB8107F10C02022312217868FFF785
:10787000F4FE3B7BFB81B7F90E301B021AB27B7B17
:107880001BB213431BB2FB8107F10C02022302213E
:107890007868FFF783FEFB8903F00103002B02D019
:1078A000786808F0FDFBFB895B0803F00103002BFF
:1078B00002D0786808F002FCFB899B0803F0010302
:1078C000002B02D0786808F051FCFB89DB0803F03C
:1078D0000103002B02D0786808F056FCFB891B09D5
:1078E00003F00103002B02D0786808F05BFCFB89F1
:1078F0005B0903F00103002B02D0786808F028FC34
:10790000FB899B0903F00103002B02D0786808F083
:10791000E3FBFB89DB0903F00103002B0ED0FB899D
:107920001B0A03F00103002B04D00121786808F042
:10793000E1FB03E00021786808F0DCFBFB895B0ACF
:1079400003F00103002B02D0786808F0F1FBFB89FB
:107950009B0B03F00103002B02D0786808F030FC89
:1079600000BF1037BD4680BD80B483B000AF7860E3
:107970000C4B1B680B4A23F040031360094A7B68D9
:1079800043F441731360074B4FF4B8525A60054BF0
:107990001B68044A43F04003136000BF0C37BD4628
:1079A00080BC70470000015880B487B000AF786099
:1079B0000B46FB700023FB75234B1A681346DB0054
:1079C0009B1A9B00DB0C642202FB03F3FB60FB6849
:1079D000002B05D10123FB757B6801229A6008E02A
:1079E000FB68013BFB60194B9B6803F00203022B11
:1079F000EDD1174B3B613B69FA781A70124B1A684C
:107A00001346DB009B1A9B00DB0C642202FB03F392
:107A1000FB60FB68002B05D10123FB757B6801220D
:107A20009A6008E0FB68013BFB60084B9B6803F031
:107A30000103012BEDD1054BDB68FB7D18461C379C
:107A4000BD4680BC704700BF000000200000015808
:107A50000C00015880B487B000AF78603960002313
:107A6000FB75254B1A681346DB009B1A9B00DB0C49
:107A7000642202FB03F3FB60FB68002B05D10123AA
:107A8000FB757B6801229A6008E0FB68013BFB60A4
:107A90001A4B9B6803F00203022BEDD1184B3B619C
:107AA0003B69FF221A70144B1A681346DB009B1ABD
:107AB0009B00DB0C642202FB03F3FB60FB68002BE2
:107AC00005D10123FB757B6801229A6008E0FB6801
:107AD000013BFB60094B9B6803F00103012BEDD1D7
:107AE000064BDB68DAB23B681A70FB7D18461C3720
:107AF000BD4680BC704700BF000000200000015858
:107B00000C00015880B584B000AF78607B681B79A9
:107B1000012B11D10C4B1A6813465B001344DB0098
:107B20001B0CFB60FFF7A0FBFB68013BFB60FB68E5
:107B3000002BF9D1FFF788FB786800F007F80346BF
:107B400018461037BD4680BD0000002080B586B0C5
:107B500000AF78600023FB75124B1A6813465B0078
:107B60001344DB001B0D642202FB03F3FB60FFF7F1
:107B7000A9FB3861FB68002B05D10123FB757B68ED
:107B800002229A6009E0FB68013BFB60FFF788FB7B
:107B900002463B691340012BE9D0FB7D184618379C
:107BA000BD4680BD0000002080B483B000AF786087
:107BB0004FF0B043D3F888207B681A407B681B04E1
:107BC000134318460C37BD4680BC704780B483B061
:107BD00000AF78604FF0B043D3F888207B68134043
:107BE00018460C37BD4680BC7047000080B582B097
:107BF00000AF78607B68002B01D1012350E07B68E7
:107C0000D3F88830002B14D17B68002283F88420BD
:107C1000786800F079FD7B68D3F8C430002B03D17D
:107C20007B68214AC3F8C4207B68D3F8C4307868E5
:107C300098477B682422C3F888207B681B681A68F1
:107C40007B681B6822F001021A60786800F0AEFDC4
:107C50000346012B01D1012322E07B689B6A002BA4
:107C600002D0786801F016F87B681B685A687B6858
:107C70001B6822F490425A607B681B689A687B6894
:107C80001B6822F02A029A607B681B681A687B686E
:107C90001B6842F001021A60786801F09CF8034604
:107CA00018460837BD4680BDE513000880B487B08C
:107CB00000AFF8600B467A60FB720023FB757B68AF
:107CC000002B09D1FB68D3F8903043F04002FB68E9
:107CD000C3F8902001239CE0FB68D3F88830202B68
:107CE0006CD1FB7A0C2B5ED801A252F823F000BFB6
:107CF000257D00082F7D0008397D0008437D0008A0
:107D00004D7D0008577D0008617D00086B7D0008EF
:107D1000757D00087F7D0008897D0008937D00083F
:107D20009D7D0008FB687A68C3F8942070E0FB68CA
:107D30007A68C3F898206BE0FB687A68C3F89C20E7
:107D400066E0FB687A68C3F8A02061E0FB687A68A7
:107D5000C3F8A4205CE0FB687A68C3F8A82057E069
:107D6000FB687A68C3F8AC2052E0FB687A68C3F815
:107D7000B0204DE0FB687A68C3F8B42048E0FB68A7
:107D80007A68C3F8B82043E0FB687A68C3F8BC207F
:107D90003EE0FB687A68C3F8C42039E0FB687A6883
:107DA000C3F8C82034E0FB68D3F8903043F04002B9
:107DB000FB68C3F890200123FB7529E0FB68D3F82A
:107DC0008830002B1AD1FB7A0B2B02D00C2B05D05C
:107DD00009E0FB687A68C3F8C42019E0FB687A6898
:107DE000C3F8C82014E0FB68D3F8903043F0400299
:107DF000FB68C3F890200123FB7509E0FB68D3F80A
:107E0000903043F04002FB68C3F890200123FB75DB
:107E1000FB7D18461C37BD4680BC704780B485B0DA
:107E200000AF786039600023FB733B68002B09D1F9
:107E30007B68D3F8903043F040027B68C3F8902011
:107E4000012323E07B6893F88430012B01D10223C6
:107E50001CE07B68012283F884207B68D3F888309B
:107E6000202B04D17B683A68C3F8C02009E07B6806
:107E7000D3F8903043F040027B68C3F89020012390
:107E8000FB737B68002283F88420FB7B1846143741
:107E9000BD4680BC7047000080B491B000AFF86070
:107EA000B9601346FB80FB68D3F88830202B78D16B
:107EB000BB68002B02D0FB88002B01D1012371E0AD
:107EC000FB68BA681A65FB68FA88A3F85420FB6857
:107ED000FA88A3F85620FB6800229A67FB68002204
:107EE000C3F89020FB682122C3F88820FB685B6EF2
:107EF000B3F1005F2AD1FB689B68B3F5805F07D1BF
:107F0000FB681B69002B03D1FB68294A9A6702E0D2
:107F1000FB68284A9A67FB681B680833BB62BB6A28
:107F200053E8003F7B627B6A43F40003BB63FB685A
:107F30001B680833BA6B7A633B63396B7A6B41E831
:107F40000023FB62FB6A002BE5D128E0FB689B68FD
:107F5000B3F5805F07D1FB681B69002B03D1FB6879
:107F6000154A9A6702E0FB68144A9A67FB681B6827
:107F70007B617B6953E8003F3B613B6943F08003D1
:107F8000FB63FB681B681A46FB6B3B62FA61F9698D
:107F90003A6A41E80023BB61BB69002BE6D10023AC
:107FA00000E0022318464437BD4680BC704700BF3E
:107FB0001D9700083F9600087F950008C9940008A7
:107FC00080B5BAB000AF78607B681B68DB69C7F822
:107FD000E4307B681B681B68C7F8E0307B681B686F
:107FE0009B68C7F8DC30D7F8E42040F60F03134055
:107FF000C7F8D830D7F8D830002B1BD1D7F8E430E9
:1080000003F02003002B15D0D7F8E03003F0200355
:10801000002B05D1D7F8DC3003F08053002B09D0BA
:108020007B685B6F002B00F00F837B685B6F786869
:10803000984709E3D7F8D830002B00F04581D7F8EE
:10804000DC209E4B1340002B06D1D7F8E0209C4B40
:108050001340002B00F03881D7F8E43003F001031F
:10806000002B11D0D7F8E03003F48073002B0BD035
:108070007B681B6801221A627B68D3F8903043F05A
:1080800001027B68C3F89020D7F8E43003F00203C4
:10809000002B11D0D7F8DC3003F00103002B0BD0FC
:1080A0007B681B6802221A627B68D3F8903043F029
:1080B00004027B68C3F89020D7F8E43003F004038F
:1080C000002B11D0D7F8DC3003F00103002B0BD0CC
:1080D0007B681B6804221A627B68D3F8903043F0F7
:1080E00002027B68C3F89020D7F8E43003F008035D
:1080F000002B17D0D7F8E03003F02003002B05D178
:10810000D7F8DC206D4B1340002B0BD07B681B682D
:1081100008221A627B68D3F8903043F008027B682B
:10812000C3F89020D7F8E43003F40063002B12D09A
:10813000D7F8E03003F08063002B0CD07B681B681D
:108140004FF400621A627B68D3F8903043F020024B
:108150007B68C3F890207B68D3F89030002B00F048
:108160007582D7F8E43003F02003002B13D0D7F842
:10817000E03003F02003002B05D1D7F8DC3003F00A
:108180008053002B07D07B685B6F002B03D07B688C
:108190005B6F786898477B68D3F89030C7F8D43025
:1081A0007B681B689B6803F04003402B05D0D7F821
:1081B000D43003F02803002B74D0786801F008F85D
:1081C0007B681B689B6803F04003402B64D17B688D
:1081D0001B680833C7F89C30D7F89C3053E8003F41
:1081E000C7F89830D7F8983023F04003C7F8D0305C
:1081F0007B681B680833D7F8D020C7F8A820C7F8D9
:10820000A430D7F8A410D7F8A82041E80023C7F875
:10821000A030D7F8A030002BD9D17B68D3F88030BC
:108220001B685B68A7F8CE30B7F8CE30002B0BD0B8
:108230007B68B3F85C30B7F8CE209A4204D27B68F2
:10824000B7F8CE20A3F85E207B68D3F8A430786816
:1082500098477B68D3F88030002B17D07B68D3F821
:108260008030184A9A637B68D3F880301846FCF750
:10827000B3FC0346002B1FD07B68D3F880309B6B88
:108280007A68D2F880201046984715E07B68D3F8CA
:10829000A430786898470FE07B68D3F8A4307868FA
:1082A000984709E07B68D3F8A430786898477B68E2
:1082B0000022C3F89020C9E100BFC7E1010000100F
:1082C00020010004999400087B68DB6E012B40F0CC
:1082D0005781D7F8E43003F01003002B00F05081F1
:1082E000D7F8E03003F01003002B00F049817B68E1
:1082F0001B6810221A627B681B689B6803F04003AE
:10830000402B40F0BD807B68D3F880301B685B68F1
:10831000A7F8BE30B7F8BE30002B00F099817B681B
:10832000B3F85C30B7F8BE209A4280F091817B6848
:10833000B7F8BE20A3F85E207B68D3F880301B68B6
:108340001B6803F02003002B40F087807B681B68CC
:10835000C7F88830D7F8883053E8003FC7F8843032
:10836000D7F8843023F48073C7F8B8307B681B6873
:108370001A46D7F8B830C7F89430C7F89020D7F825
:108380009010D7F8942041E80023C7F88C30D7F834
:108390008C30002BDAD17B681B6808337B677B6FDE
:1083A00053E8003F3B673B6F23F00103C7F8B4304D
:1083B0007B681B680833D7F8B420C7F88020FB67B8
:1083C000F96FD7F8802041E80023BB67BB6F002B13
:1083D000E1D17B681B6808333B663B6E53E8003F86
:1083E000FB65FB6D23F04003C7F8B0307B681B686A
:1083F0000833D7F8B020FA66BB66B96EFA6E41E86A
:1084000000237B667B6E002BE3D17B682022C3F8C0
:108410008C207B680022DA667B681B68FB64FB6C3F
:1084200053E8003FBB64BB6C23F01003C7F8AC30CB
:108430007B681B681A46D7F8AC30BB657A65796DE6
:10844000BA6D41E800233B653B6D002BE4D17B68AE
:10845000D3F880301846FCF761FB7B6802221A676C
:108460007B68D3F8C0307A68B2F85C107A68B2F8EA
:108470005E2092B28A1A92B2114678689847E7E075
:108480007B68B3F85C207B68B3F85E309BB2D31A8C
:10849000A7F8CC307B68B3F85E309BB2002B00F0BD
:1084A000D980B7F8CC30002B00F0D4807B681B68F3
:1084B000BB63BB6B53E8003F7B637B6B23F4907320
:1084C000C7F8C8307B681B681A46D7F8C8307B6489
:1084D0003A64396C7A6C41E80023FB63FB6B002B38
:1084E000E4D17B681B6808337B627B6A53E8003FFA
:1084F0003B623B6A23F0805323F00103C7F8C4308A
:108500007B681B680833D7F8C4203A63FB62F96ABA
:108510003A6B41E80023BB62BB6A002BE1D17B6868
:108520002022C3F88C207B680022DA667B68002258
:108530005A677B681B683B613B6953E8003FFB60FF
:10854000FB6823F01003C7F8C0307B681B681A462D
:10855000D7F8C030FB61BA61B969FA6941E8002314
:108560007B617B69002BE4D17B6802221A677B6800
:10857000D3F8C030B7F8CC2011467868984769E046
:10858000D7F8E43003F48013002B10D0D7F8DC3098
:1085900003F48003002B0AD07B681B684FF4801221
:1085A0001A627B68D3F8B4307868984755E0D7F8FA
:1085B000E43003F08003002B14D0D7F8E03003F050
:1085C0008003002B05D1D7F8DC3003F40003002B27
:1085D00008D07B689B6F002B3ED07B689B6F7868D0
:1085E000984739E0D7F8E43003F04003002B09D076
:1085F000D7F8E03003F04003002B03D0786801F097
:1086000001F92AE0D7F8E43003F40003002B0BD083
:10861000D7F8E03003F08043002B05D07B68D3F817
:10862000BC307868984718E0D7F8E43003F08073DE
:10863000002B12D0D7F8E030002B0EDA7B68D3F88D
:10864000B8307868984708E000BF06E000BF04E053
:1086500000BF02E000BF00E000BFE837BD4680BDBC
:1086600080B483B000AF786000BF0C37BD4680BCDB
:10867000704780B483B000AF786000BF0C37BD4650
:1086800080BC704780B483B000AF786000BF0C3707
:10869000BD4680BC704780B483B000AF786000BF37
:1086A0000C37BD4680BC704780B483B000AF7860A3
:1086B00000BF0C37BD4680BC704780B483B000AFAC
:1086C000786000BF0C37BD4680BC704780B483B073
:1086D00000AF786000BF0C37BD4680BC704780B4E7
:1086E00083B000AF786000BF0C37BD4680BC7047D8
:1086F00080B483B000AF78600B467B8000BF0C373E
:10870000BD4680BC7047000080B483B000AF786085
:108710007B681A4AC3F894207B68194AC3F89820EA
:108720007B68184AC3F89C207B68174AC3F8A020CE
:108730007B68164AC3F8A4207B68154AC3F8A820B2
:108740007B68144AC3F8AC207B68134AC3F8B02096
:108750007B68124AC3F8B4207B68114AC3F8B8207A
:108760007B68104AC3F8BC207B680F4AC3F8C0205E
:1087700000BF0C37BD4680BC704700BF7386000841
:10878000618600089786000885860008A98600088B
:10879000BB860008CD860008DF8600085F980008C9
:1087A0007198000883980008F18600082DE9B04F01
:1087B0008CB000AF7861002387F82A307B699A6813
:1087C0007B691B691A437B695B691A437B69DB69B7
:1087D0001343FB627B691B681A68944B13407A69E8
:1087E0001268F96A0B4313607B691B685B6823F4AA
:1087F00040517B69DA687B691B680A435A607B6970
:108800009B69FB627B691B68894A934204D07B6940
:108810001B6AFA6A1343FB627B691B689B6823F03F
:108820006E4323F430637A691268F96A0B439360EC
:108830007B691B68DB6A23F00F017B695A6A7B69DD
:108840001B680A43DA627B691B687A4A934227D124
:108850000320FFF7A9F90346A3F54033032B1BD8E8
:1088600001A252F823F000BF798800088988000827
:108870008188000891880008012387F82B3080E068
:10888000022387F82B307CE0042387F82B3078E034
:10889000082387F82B3074E0102387F82B3070E022
:1088A0007B691B68644A934238D10C20FFF77CF93E
:1088B0000346A3F540230C2B2CD801A252F823F039
:1088C000F588000815890008158900081589000831
:1088D0000589000815890008158900081589000810
:1088E000FD88000815890008158900081589000809
:1088F0000D890008002387F82B3042E0022387F817
:108900002B303EE0042387F82B303AE0082387F829
:108910002B3036E0102387F82B3032E07B691B6860
:10892000434A93422AD14FF44060FFF74FF9034680
:10893000B3F5406F1AD0B3F5406F1BD8B3F5006F95
:108940000CD0B3F5006F15D8002B03D0B3F5806FB2
:1089500008D00FE0002387F82B3012E0022387F8BD
:108960002B300EE0042387F82B300AE0082387F829
:108970002B3006E0102387F82B3002E0102387F815
:108980002B307B691B682A4A934240F0A48097F8F9
:108990002B30082B23D801A252F823F0C1890008FC
:1089A000DF890008C9890008DF890008CF8900082D
:1089B000DF890008DF890008DF890008D7890008FF
:1089C000FDF7BEFD786210E01C4B7B620DE0FDF709
:1089D00003FD786209E04FF400437B6205E0002369
:1089E0007B62012387F82A3000BF7B6A002B00F0EE
:1089F00037817B695B6A124A32F813301A467B6A08
:108A0000B3FBF2F3BB617B695A6813465B00134406
:108A1000BA699A4205D37B695B681B03BA699A42BB
:108A200010D9012387F82A301AE100BFF369FFCF7C
:108A30000080004000380140004400400024F40061
:108A4000783A01087B6A0022BB60FA607B695B6A46
:108A50008E4A32F813309BB200223B607A60D7E92D
:108A60000023D7E90201F7F7E3FB02460B46104665
:108A700019464FF000024FF000030B0243EA106367
:108A8000020279694968490800200C46054612EB44
:108A9000040843EB05097B695B6800229A4693460C
:108AA00052465B4640464946F7F7C2FB02460B4634
:108AB00013463B623B6AB3F5407F08D33B6AB3F58C
:108AC000801F04D27B691B683A6ADA60C8E0012320
:108AD00087F82A30C4E07B69DB69B3F5004F67D1C2
:108AE00097F82B30082B28D801A252F823F000BFAA
:108AF000158B00081D8B0008258B00083B8B000898
:108B00002B8B00083B8B00083B8B00083B8B00083D
:108B1000338B0008FDF714FD786214E0FDF722FDA9
:108B2000786210E05A4B7B620DE0FDF755FC7862ED
:108B300009E04FF400437B6205E000237B620123E0
:108B400087F82A3000BF7B6A002B00F089807B69A0
:108B50005B6A4E4A32F813301A467B6AB3FBF2F373
:108B60005A007B695B685B081A447B695B68B2FBEF
:108B7000F3F33B623B6A0F2B16D93B6AB3F5803F98
:108B800012D23B6A9BB223F00F03FB833B6A5B0864
:108B90009BB203F007039AB2FB8B1343FB837B6901
:108BA0001B68FA8BDA605BE0012387F82A3057E014
:108BB00097F82B30082B28D801A252F823F000BFD9
:108BC000E58B0008ED8B0008F58B00080B8C000886
:108BD000FB8B00080B8C00080B8C00080B8C00082A
:108BE000038C0008FDF7ACFC786214E0FDF7BAFCDA
:108BF000786210E0264B7B620DE0FDF7EDFB7862BA
:108C000009E04FF400437B6205E000237B6201230F
:108C100087F82A3000BF7B6A002B21D07B695B6A12
:108C20001A4A32F813301A467B6AB3FBF2F27B69B8
:108C30005B685B081A447B695B68B2FBF3F33B62D9
:108C40003B6A0F2B09D93B6AB3F5803F05D23B6ADB
:108C50009AB27B691B68DA6002E0012387F82A3048
:108C60007B690122A3F86A207B690122A3F86820AE
:108C70007B6900225A677B6900229A6797F82A303D
:108C800018463037BD46BDE8B08F00BF783A0108BE
:108C90000024F40080B483B000AF78607B689B6AE6
:108CA00003F00103002B0AD07B681B685B6823F488
:108CB00000317B68DA6A7B681B680A435A607B680C
:108CC0009B6A03F00203002B0AD07B681B685B6879
:108CD00023F480317B681A6B7B681B680A435A60F7
:108CE0007B689B6A03F00403002B0AD07B681B6837
:108CF0005B6823F480217B685A6B7B681B680A439E
:108D00005A607B689B6A03F00803002B0AD07B68DB
:108D10001B685B6823F400417B689A6B7B681B6867
:108D20000A435A607B689B6A03F01003002B0AD049
:108D30007B681B689B6823F480517B68DA6B7B68D7
:108D40001B680A439A607B689B6A03F02003002B30
:108D50000AD07B681B689B6823F400517B681A6CFF
:108D60007B681B680A439A607B689B6A03F0400338
:108D7000002B1AD07B681B685B6823F480117B682A
:108D80005A6C7B681B680A435A607B685B6CB3F55E
:108D9000801F0AD17B681B685B6823F4C0017B6875
:108DA0009A6C7B681B680A435A607B689B6A03F075
:108DB0008003002B0AD07B681B685B6823F40021CA
:108DC0007B68DA6C7B681B680A435A6000BF0C370B
:108DD000BD4680BC704780B586B002AF78607B68C6
:108DE0000022C3F89020F7F7F3FEF8607B681B6859
:108DF0001B6803F00803082B0ED16FF07E4300932D
:108E0000FB6800224FF40011786800F032F8034646
:108E1000002B01D0032328E07B681B681B6803F04C
:108E20000403042B0ED16FF07E430093FB680022F5
:108E30004FF48001786800F01CF80346002B01D045
:108E4000032312E07B682022C3F888207B6820225D
:108E5000C3F88C207B680022DA667B6800221A67E0
:108E60007B68002283F88420002318461037BD4613
:108E700080BD80B59CB000AFF860B9603B60134620
:108E8000FB71A9E0BB6FB3F1FF3F00F0A580F7F7DE
:108E90009FFE02463B68D31ABA6F9A4202D3BB6F59
:108EA000002B40D1FB681B683B653B6D53E8003FDE
:108EB000FB64FB6C23F4D0737B66FB681B681A466B
:108EC0007B6EFB65BA65B96DFA6D41E800237B6581
:108ED0007B6D002BE6D1FB681B680833FB63FB6BE3
:108EE00053E8003FBB63BB6B23F001033B66FB68A9
:108EF0001B6808333A6EBA647B64796CBA6C41E8DB
:108F000000233B643B6C002BE5D1FB682022C3F8B7
:108F10008820FB682022C3F88C20FB68002283F89D
:108F20008420032369E0FB681B681B6803F00403CB
:108F3000002B51D0FB681B68DB6903F40063B3F5B9
:108F4000006F49D1FB681B684FF400621A62FB682E
:108F50001B68BB62BB6A53E8003F7B627B6A23F4F9
:108F6000D073FB66FB681B681A46FB6E7B633A6333
:108F7000396B7A6B41E80023FB62FB6A002BE6D178
:108F8000FB681B6808337B617B6953E8003F3B61EA
:108F90003B6923F00103BB66FB681B680833BA6EAC
:108FA0003A62FB61F9693A6A41E80023BB61BB6937
:108FB000002BE5D1FB682022C3F88820FB68202223
:108FC000C3F88C20FB682022C3F89020FB680022A5
:108FD00083F88420032310E0FB681B68DA69BB6810
:108FE0001340BA689A420CBF01230023DBB21A4631
:108FF000FB799A423FF446AF002318467037BD46CE
:1090000080BD000080B596B000AFF860B96013462F
:10901000FB80FB68BA689A65FB68FA88A3F85C2055
:10902000FB680022C3F89020FB682222C3F88C2042
:10903000FB68D3F88030002B2DD0FB68D3F880304C
:10904000404ADA62FB68D3F880303F4A1A63FB6813
:10905000D3F880303D4A5A63FB68D3F88030002251
:109060009A63FB68D3F88000FB681B6824331946B9
:10907000FB689B6D1A46FB88FBF7D2FC0346002B6E
:1090800009D0FB681022C3F89020FB682022C3F8A7
:109090008C20012351E0FB681B69002B18D0FB6872
:1090A0001B68FB63FB6B53E8003FBB63BB6B43F484
:1090B00080737B65FB681B681A467B6DBB647A64B2
:1090C000796CBA6C41E800233B643B6C002BE6D121
:1090D000FB681B680833BB62BB6A53E8003F7B62D6
:1090E0007B6A43F001033B65FB681B6808333A6DFC
:1090F0007A633B63396B7A6B41E80023FB62FB6A5E
:10910000002BE5D1FB681B6808337B617B6953E862
:10911000003F3B613B6943F04003FB64FB681B6815
:109120000833FA6C3A62FB61F9693A6A41E8002354
:10913000BB61BB69002BE5D1002318465837BD46FB
:1091400080BD00BF9B920008CF93000815940008D3
:1091500080B48FB000AF78607B681B683B623B6A6D
:1091600053E8003FFB61FB6923F0C0037B637B682E
:109170001B681A467B6BFB62BA62B96AFA6A41E8FD
:1091800000237B627B6A002BE6D17B681B68083377
:10919000FB60FB6853E8003FBB60BB6823F400033F
:1091A0003B637B681B6808333A6BBA617B61796902
:1091B000BA6941E800233B613B69002BE5D17B683C
:1091C0002022C3F8882000BF3C37BD4680BC7047D2
:1091D00080B495B000AF78607B681B687B637B6B65
:1091E00053E8003F3B633B6B23F49073FB647B6865
:1091F0001B681A46FB6C3B64FA63F96B3A6C41E8F6
:109200000023BB63BB6B002BE6D17B681B68083374
:109210003B623B6A53E8003FFB61FB6923F08053EC
:1092200023F00103BB647B681B680833BA6CFA62E5
:10923000BB62B96AFA6A41E800237B627B6A002B51
:10924000E3D17B68DB6E012B18D17B681B68FB6068
:10925000FB6853E8003FBB60BB6823F010037B64EE
:109260007B681B681A467B6CBB617A617969BA6955
:1092700041E800233B613B69002BE6D17B6820225B
:10928000C3F88C207B680022DA667B6800225A676C
:1092900000BF5437BD4680BC704780B59CB000AF5E
:1092A00078607B689B6AFB667B681B681B6803F0C1
:1092B0002003002B71D1FB6E0022A3F85E20FB6E11
:1092C0001B68FB64FB6C53E8003FBB64BB6C23F47E
:1092D0008073BB66FB6E1B681A46BB6EBB657A6506
:1092E000796DBA6D41E800233B653B6D002BE6D1FB
:1092F000FB6E1B680833BB63BB6B53E8003F7B63AB
:109300007B6B23F001037B66FB6E1B6808337A6E70
:109310007A643B64396C7A6C41E80023FB63FB6B35
:10932000002BE5D1FB6E1B6808337B627B6A53E838
:10933000003F3B623B6A23F040033B66FB6E1B68C9
:1093400008333A6E3A63FB62F96A3A6B41E80023EC
:10935000BB62BB6A002BE5D1FB6E2022C3F88C20D8
:10936000FB6EDB6E012B18D1FB6E1B683B613B690A
:1093700053E8003FFB60FB6823F01003FB65FB6EC6
:109380001B681A46FB6DFB61BA61B969FA6941E86D
:1093900000237B617B69002BE6D1FB6E00221A67FC
:1093A000FB6EDB6E012B09D1FB6ED3F8C030FA6E79
:1093B000B2F85C201146F86E984704E0FB6ED3F8D3
:1093C000A030F86E984700BF7037BD4680BD80B5AD
:1093D00084B000AF78607B689B6AFB60FB68012209
:1093E0001A67FB68DB6E012B0BD1FB68D3F8C0302A
:1093F000FA68B2F85C20520892B21146F8689847B1
:1094000004E0FB68D3F89C30F868984700BF103739
:10941000BD4680BD80B586B000AF78607B689B6A32
:109420007B617B69D3F888303B617B69D3F88C30F2
:10943000FB607B691B689B6803F08003802B09D16C
:109440003B69212B06D17B690022A3F8562078695D
:10945000FFF77EFE7B691B689B6803F04003402B8F
:1094600009D1FB68222B06D17B690022A3F85E207C
:109470007869FFF7ADFE7B69D3F8903043F01002B6
:109480007B69C3F890207B69D3F8A430786998474A
:1094900000BF1837BD4680BD80B584B000AF78608E
:1094A0007B689B6AFB60FB680022A3F85E20FB6878
:1094B0000022A3F85620FB68D3F8A430F868984738
:1094C00000BF1037BD4680BD80B48FB000AF78605C
:1094D0007B68D3F88830212B4CD17B68B3F85630A9
:1094E0009BB2002B32D17B681B683B623B6A53E81E
:1094F000003FFB61FB6923F080037B637B681B6893
:109500001A467B6BFB62BA62B96AFA6A41E80023C9
:109510007B627B6A002BE6D17B681B68FB60FB6883
:1095200053E8003FBB60BB6843F040033B637B688C
:109530001B681A463B6BBB617A617969BA6941E87D
:1095400000233B613B69002BE6D113E07B681B6D78
:109550001A787B681B689A627B681B6D5A1C7B6853
:109560001A657B68B3F856309BB2013B9AB27B68B0
:10957000A3F8562000BF3C37BD4680BC704780B47E
:1095800091B000AF78607B68D3F88830212B51D13F
:109590007B68B3F856309BB2002B32D17B681B68D6
:1095A0007B627B6A53E8003F3B623B6A23F08003A7
:1095B000BB637B681B681A46BB6B3B63FA62F96A44
:1095C0003A6B41E80023BB62BB6A002BE6D17B68A3
:1095D0001B683B613B6953E8003FFB60FB6843F05D
:1095E00040037B637B681B681A467B6BFB61BA6137
:1095F000B969FA6941E800237B617B69002BE6D1F8
:1096000018E07B681B6DFB63FB6B1B881A467B684D
:109610001B68C2F308029A627B681B6D9A1C7B6808
:109620001A657B68B3F856309BB2013B9AB27B68EF
:10963000A3F8562000BF4437BD4680BC704780B4B5
:1096400091B000AF78607B68D3F88830212B60D16F
:109650007B68B3F86A30FB8757E07B68B3F8563015
:109660009BB2002B33D17B681B6808337B627B6A1B
:1096700053E8003F3B623B6A23F40003BB637B6813
:109680001B680833BA6B3A63FB62F96A3A6B41E8CC
:109690000023BB62BB6A002BE5D17B681B683B6182
:1096A0003B6953E8003FFB60FB6843F040037B638A
:1096B0007B681B681A467B6BFB61BA61B969FA6902
:1096C00041E800237B617B69002BE6D121E07B68C8
:1096D0001B68DB6903F08003002B13D07B681B6DD4
:1096E0001A787B681B689A627B681B6D5A1C7B68C2
:1096F0001A657B68B3F856309BB2013B9AB27B681F
:10970000A3F85620FB8F013BFB87FB8F002BA4D1D6
:10971000FFE700BF4437BD4680BC704780B491B0BE
:1097200000AF78607B68D3F88830212B65D17B68E7
:10973000B3F86A30FB875CE07B68B3F856309BB2C5
:10974000002B33D17B681B6808333B623B6A53E8CC
:10975000003FFB61FB6923F400037B637B681B68AC
:1097600008337A6BFA62BB62B96AFA6A41E800238D
:109770007B627B6A002BE5D17B681B68FB60FB6822
:1097800053E8003FBB60BB6843F040033B637B682A
:109790001B681A463B6BBB617A617969BA6941E81B
:1097A00000233B613B69002BE6D126E07B681B6808
:1097B000DB6903F08003002B18D07B681B6DBB6353
:1097C000BB6B1B881A467B681B68C2F308029A624F
:1097D0007B681B6D9A1C7B681A657B68B3F85630F2
:1097E0009BB2013B9AB27B68A3F85620FB8F013BEA
:1097F000FB87FB8F002B9FD1FFE700BF4437BD469F
:1098000080BC704780B588B000AF78607B681B680B
:10981000FB60FB6853E8003FBB60BB6823F040037C
:10982000FB617B681B681A46FB69BB617A617969D9
:10983000BA6941E800233B613B69002BE6D17B68B4
:109840002022C3F888207B6800229A677B68D3F8BF
:1098500098307868984700BF2037BD4680BD80B4F7
:1098600083B000AF786000BF0C37BD4680BC704746
:1098700080B483B000AF786000BF0C37BD4680BCB9
:10988000704780B483B000AF786000BF0C37BD462E
:1098900080BC704780B584B000AF78607B6893F877
:1098A0008430012B01D102232BE07B68012283F855
:1098B00084207B682422C3F888207B681B681B688F
:1098C000FB607B681B681A687B681B6822F00102DA
:1098D0001A60FB6843F00053FB607B684FF0005256
:1098E0005A667B681B68FA681A60786800F016F997
:1098F0007B682022C3F888207B68002283F88420BC
:10990000002318461037BD4680BD80B485B000AF37
:1099100078607B6893F88430012B01D1022327E023
:109920007B68012283F884207B682422C3F8882086
:109930007B681B681B68FB607B681B681A687B6818
:109940001B6822F001021A60FB6823F00053FB60E1
:109950007B6800225A667B681B68FA681A607B681D
:109960002022C3F888207B68002283F8842000230B
:1099700018461437BD4680BC704780B584B000AF30
:10998000786039607B6893F88430012B01D1022321
:109990002DE07B68012283F884207B682422C3F8B1
:1099A00088207B681B681B68FB607B681B681A68E3
:1099B0007B681B6822F001021A607B681B689B6849
:1099C00023F060417B681B683A680A439A607868B4
:1099D00000F0A4F87B681B68FA681A607B68202294
:1099E000C3F888207B68002283F88420002318466F
:1099F0001037BD4680BD80B584B000AF7860396057
:109A00007B6893F88430012B01D102232DE07B6821
:109A1000012283F884207B682422C3F888207B6895
:109A20001B681B68FB607B681B681A687B681B6887
:109A300022F001021A607B681B689B6823F060615A
:109A40007B681B683A680A439A60786800F066F899
:109A50007B681B68FA681A607B682022C3F888203C
:109A60007B68002283F88420002318461037BD4607
:109A700080BD80B58CB000AFF860B9601346FB8044
:109A8000FB68D3F88C30202B42D1BB68002B02D06E
:109A9000FB88002B01D101233BE0FB680122DA6641
:109AA000FB6800221A67FB881A46B968F868FFF756
:109AB000A9FA034687F82F3097F82F30002B24D1CE
:109AC000FB68DB6E012B1DD1FB681B6810221A623C
:109AD000FB681B68BB61BB6953E8003F7B617B6926
:109AE00043F01003BB62FB681B681A46BB6A7B62CB
:109AF0003A62396A7A6A41E80023FB61FB69002B0C
:109B0000E6D102E0012387F82F3097F82F3000E0EC
:109B1000022318463037BD4680BD000080B485B0B2
:109B200000AF78607B685B6E002B08D17B680122F8
:109B3000A3F86A207B680122A3F8682031E008239B
:109B4000FB730823BB737B681B689B685B0EDBB2EF
:109B500003F007037B737B681B689B685B0FDBB2BA
:109B600003F007033B73BB7B3A7B10498A5C02FB23
:109B700003F33A7B0E498A5C93FBF2F39AB27B685B
:109B8000A3F86A20FB7B7A7B08498A5C02FB03F31B
:109B90007A7B07498A5C93FBF2F39AB27B68A3F85D
:109BA000682000BF1437BD4680BC7047903A01085A
:109BB000983A010880B485B000AF78604FF0B043A8
:109BC000DA6C4FF0B0417B681343CB644FF0B04385
:109BD000DA6C7B681340FB60FB6800BF1437BD463E
:109BE00080BC704780B586B000AF3B1D00221A6074
:109BF0005A609A60DA601A610220FFF7DBFF4023A7
:109C00007B600123BB600023FB6003233B613B1DA2
:109C100019461348FBF718FB80237B603B1D194650
:109C20000F48FBF711FB4FF480737B603B1D194617
:109C30000B48FBF709FB002280210948FBF764FC75
:109C4000002240210648FBF75FFC00224FF48071A0
:109C50000348FBF759FC002318461837BD4680BD62
:109C60000004004880B582B000AF0346FB71FB7969
:109C7000032B4FD801A252F823F000BF8D9C00089F
:109C8000AF9C0008D19C0008F39C000800224FF410
:109C900080712348FBF738FC002240212048FBF765
:109CA00033FC002280211E48FBF72EFC33E000220B
:109CB00040211B48FBF728FC012280211848FBF7B4
:109CC00023FC00224FF480711548FBF71DFC22E0B5
:109CD000012240211248FBF717FC01228021104885
:109CE000FBF712FC00224FF480710D48FBF70CFCCF
:109CF00011E0012240210A48FBF706FC01228021E5
:109D00000748FBF701FC00224FF480710448FBF781
:109D1000FBFB00E000BF002318460837BD4680BDAE
:109D20000004004880B400AF01231846BD4680BC43
:109D3000704780B400AF00231846BD4680BC704712
:109D400080B400AF01231846BD4680BC704780B484
:109D500085B000AF0346FB71FB79002B02D10F23C6
:109D6000FB6001E01623FB60FB6818461437BD4614
:109D700080BC704780B400AF00BFBD4680BC704758
:109D800080B485B000AFEFF30583BB60BB68002BE8
:109D90000FD1EFF310837B607B68002B05D1EFF3CD
:109DA00011833B603B68002B07D00D4B1B68022BD7
:109DB00003D16FF00503FB600CE0094B1B68002B1F
:109DC00005D1074B01221A600023FB6002E04FF02F
:109DD000FF33FB60FB6818461437BD4680BC7047F4
:109DE0003022002080B584B000AFEFF30583BB6064
:109DF000BB68002B0FD1EFF310837B607B68002BD7
:109E000005D1EFF311833B603B68002B07D00F4B6C
:109E10001B68022B03D16FF00503FB6010E00B4BB6
:109E20001B68012B09D1FFF7A5FF084B02221A601E
:109E300001F028FF0023FB6002E04FF0FF33FB60DE
:109E4000FB6818461037BD4680BD00BF3022002099
:109E500080B590B004AFF860B9607A6000233B61D0
:109E6000EFF30583FB61FB69002B40F08F80EFF37C
:109E70001083BB61BB69002B05D1EFF311837B61BC
:109E80007B69002B03D0444B1B68022B7ED0FB6800
:109E9000002B7BD08023BB6218237B620023FB62F4
:109EA0004FF0FF333B627B68002B45D07B681B681B
:109EB000002B02D07B681B68FB627B689B69002BD0
:109EC00002D07B689B697B627B6A002B08D07B6A2F
:109ED000382B05D87B685B6803F00103002B01D0A9
:109EE000002354E07B685B69002B03D07B685B69CF
:109EF0009B08BB627B689B68002B0ED07B68DB688D
:109F00009F2B0AD97B681B69002B06D07B685B6995
:109F1000002B02D001233B6210E07B689B68002B82
:109F20000CD17B68DB68002B08D17B681B69002B98
:109F300004D100233B6201E000233B623B6A012B1A
:109F400010D17B681B697A689268029201937B6AE0
:109F50000093BB68BA6AF96AF86801F02FFC0346FF
:109F60003B6113E03B6A002B10D1BB6A9AB207F148
:109F7000100301937B6A0093BB68F96AF86801F0EB
:109F80007DFC0346012B01D000233B613B69184651
:109F90003037BD4680BD00BF3022002080B485B080
:109FA00000AFF860B9607A60FB68064A1A60BB6867
:109FB000054A1A607B6880221A6000BF1437BD46CC
:109FC00080BC704734220020D422002080B485B0A9
:109FD00000AFF860B9607A60FB68074A1A60BB6836
:109FE000064A1A607B684FF480721A6000BF14370B
:109FF000BD4680BC704700BFD424002074250020DB
:10A0000080B582B000AF1C2000F0DAF978607B6880
:10A01000002B0AD07B6800221A607B680433184644
:10A0200000F0ACFB7B6800221A767B681846083784
:10A03000BD4680BD80B590B000AFF860B9607A6071
:10A040003B60FB687B630023BB6300233B63FB68CF
:10A05000002B0BD14FF0500383F31188BFF36F8FA8
:10A06000BFF34F8F3B6200BF00BFFDE7BB68B3F19A
:10A07000807F0BD34FF0500383F31188BFF36F8FB2
:10A08000BFF34F8FFB6100BF00BFFDE7BB68002B34
:10A090000BD14FF0500383F31188BFF36F8FBFF3E1
:10A0A0004F8FBB6100BF00BFFDE702F0EDFA034632
:10A0B000002B02D1BB6C002B01D1012300E0002357
:10A0C000002B0BD14FF0500383F31188BFF36F8F38
:10A0D000BFF34F8F7B6100BF00BFFDE701F042FE81
:10A0E0007B6B1B68FB623A68B968F86A00F046F956
:10A0F000B862BB6A002B0ED0FB6AFB630023BB6413
:10A100007B68002B28D07B6B1A68BB68DB431A4046
:10A110007B6B1A6020E0BB6C002B04D1FB6AFB63F5
:10A1200001233B6318E07B68002B03D0BB6B43F03B
:10A130008073BB633B68002B03D0BB6B43F0806331
:10A14000BB637B6B181DBA68BB6B1343BA6C1946B3
:10A1500002F006F80023FB6301F012FE7862BB6C8C
:10A16000002B31D07B6A002B07D11A4B4FF0805265
:10A170001A60BFF34F8FBFF36F8F02F013FBF863CA
:10A18000FB6B03F00073002B1AD100F097FC7B6B84
:10A190001B68FB633A68B968F86B00F0EFF8034698
:10A1A000002B09D07B68002B06D07B6B1A68BB683C
:10A1B000DB431A407B6B1A6001233B6300F0AEFC6B
:10A1C000FB6B23F07F43FB63FB6B18464037BD46B8
:10A1D00080BD00BF04ED00E080B586B000AF7860C0
:10A1E00039607B687B617B68002B0BD14FF050039B
:10A1F00083F31188BFF36F8FBFF34F8FFB6000BFF6
:10A2000000BFFDE73B68B3F1807F0BD34FF05003F5
:10A2100083F31188BFF36F8FBFF34F8FBB6000BF15
:10A2200000BFFDE700F04AFC7B691B683B617B696E
:10A230001A683B68DB431A407B691A6000F06EFCC9
:10A240003B6918461837BD4680BD80B58EB000AF5B
:10A250007860396000233B637B68BB620023FB624C
:10A260007B68002B0BD14FF0500383F31188BFF3B1
:10A270006F8FBFF34F8F3B6100BF00BFFDE73B68AF
:10A28000B3F1807F0BD34FF0500383F31188BFF3FA
:10A290006F8FBFF34F8FFB6000BF00BFFDE7BB6A4E
:10A2A00004337B627B6A08333B6201F05BFD7B6AAF
:10A2B000DB687B63BB6A1A683B681A43BB6A1A6037
:10A2C0003CE07B6B5B68FB617B6B1B68BB610023C5
:10A2D000FB62BB6903F07F437B61BB6923F07F4373
:10A2E000BB617B6903F08063002B08D1BB6A1A68ED
:10A2F000BB691340002B0BD00123FB6208E0BB6A53
:10A300001A68BB691340BA699A4201D10123FB6202
:10A31000FB6A002B10D07B6903F08073002B03D005
:10A320003A6BBB6913433B63BB6A1B6843F0007322
:10A330001946786B01F0E2FFFB697B637A6B3B6A3D
:10A340009A42BED1BB6A1A683B6BDB431A40BB6AB8
:10A350001A6001F015FDBB6A1B6818463837BD4608
:10A3600080BD80B582B000AF7860396039687868A8
:10A37000FFF76BFF00BF0837BD4680BD80B487B0D4
:10A3800000AFF860B9607A6000237B617B68002BC6
:10A3900007D1FA68BB681340002B0AD001237B6108
:10A3A00007E0FA68BB681340BA689A4201D10123FA
:10A3B0007B617B6918461C37BD4680BC7047000036
:10A3C00080B58AB000AF78600023FB6101F0CAFC61
:10A3D0005A4B1B68002B01D100F016F9584B1A6834
:10A3E0007B681340002B40F090807B68002B1ED0D0
:10A3F00008227B6813447B607B6803F00703002B13
:10A4000015D07B6823F0070308337B607B6803F07B
:10A410000703002B0BD04FF0500383F31188BFF3D9
:10A420006F8FBFF34F8F7B6100BF00BFFDE77B687D
:10A43000002B6AD0434B1B687A689A4265D8424B1E
:10A440003B62414B1B687B6204E07B6A3B627B6A38
:10A450001B687B627B6A5B687A689A4203D97B6A75
:10A460001B68002BF1D1354B1B687A6A9A424CD09D
:10A470003B6A1B6808221344FB617B6A1A683B6ACB
:10A480001A607B6A5A687B68D21A08235B009A427A
:10A4900020D97A6A7B681344BB61BB6903F0070368
:10A4A000002B0BD04FF0500383F31188BFF36F8F55
:10A4B000BFF34F8F3B6100BF00BFFDE77B6A5A6867
:10A4C0007B68D21ABB695A607B6A7A685A60B8693D
:10A4D00000F0FCF81B4B1A687B6A5B68D31A194AB8
:10A4E0001360184B1A68194B1B689A4203D2154B1C
:10A4F0001B68164A13607B6A5A68114B1B681A4323
:10A500007B6A5A607B6A00221A6001F039FCFB69A1
:10A5100003F00703002B0BD04FF0500383F3118897
:10A52000BFF36F8FBFF34F8FFB6000BF00BFFDE72E
:10A53000FB6918462837BD4680BD00BF7CC9002096
:10A5400088C9002080C9002074C9002084C9002067
:10A5500080B586B000AF78607B687B617B68002B3C
:10A560004AD008235B427A6913447B617B693B6173
:10A570003B695A68224B1B681340002B0BD14FF0EC
:10A58000500383F31188BFF36F8FBFF34F8FFB60CE
:10A5900000BF00BFFDE73B691B68002B0BD04FF0ED
:10A5A000500383F31188BFF36F8FBFF34F8FBB60EE
:10A5B00000BF00BFFDE73B695A68114B1B681340A1
:10A5C000002B19D03B691B68002B15D13B695A68D9
:10A5D0000B4B1B68DB431A403B695A6001F0C2FB1E
:10A5E0003B695A68074B1B681344064A1360386975
:10A5F00000F06CF801F0C4FB00BF1837BD4680BD09
:10A6000088C9002080C9002080B485B000AF4FF415
:10A610002043BB60274BFB60FB6803F00703002B64
:10A620000CD0FB680733FB60FB6823F00703FB607B
:10A63000BA68FB68D31A1F4A1344BB60FB687B608F
:10A640001D4A7B6813601C4B00225A607B68BA6805
:10A650001344FB600822FB689B1AFB60FB6823F035
:10A660000703FB60FB68154A1360144B1B6800224C
:10A670005A60124B1B6800221A607B683B603B6883
:10A68000FA68D21A3B685A600C4B1A683B681A6029
:10A690003B685B680A4A13603B685B68094A136061
:10A6A000094B4FF000421A6000BF1437BD4680BC12
:10A6B000704700BF7429002074C900207CC90020A5
:10A6C00084C9002080C9002088C9002080B485B0DA
:10A6D00000AF7860274BFB6002E0FB681B68FB6003
:10A6E000FB681B687A689A42F7D8FB68BB60FB6816
:10A6F0005B68BA6813447A689A4208D1FB685A6862
:10A700007B685B681A44FB685A60FB687B607B6807
:10A71000BB607B685B68BA681A44FB681B689A4236
:10A7200018D1FB681A68144B1B689A420DD07B68DD
:10A730005A68FB681B685B681A447B685A60FB6850
:10A740001B681A687B681A6008E00B4B1A687B6804
:10A750001A6003E0FB681A687B681A60FA687B6815
:10A760009A4202D0FB687A681A6000BF1437BD466F
:10A7700080BC704774C900207CC9002080B483B0BD
:10A7800000AF78607B6803F108027B685A607B68E1
:10A790004FF0FF329A607B6803F108027B68DA6051
:10A7A0007B6803F108027B681A617B6800221A60EB
:10A7B00000BF0C37BD4680BC704780B483B000AF8B
:10A7C00078607B6800221A6100BF0C37BD4680BCF0
:10A7D000704780B485B000AF786039607B685B6893
:10A7E000FB603B68FA685A60FB689A683B689A604D
:10A7F000FB689B683A685A60FB683A689A603B68F5
:10A800007A681A617B681B685A1C7B681A6000BFF3
:10A810001437BD4680BC704780B485B000AF786007
:10A8200039603B681B68BB60BB68B3F1FF3F03D175
:10A830007B681B69FB600CE07B680833FB6002E00F
:10A84000FB685B68FB60FB685B681B68BA689A42E0
:10A85000F6D2FB685A683B685A603B685B683A68A6
:10A860009A603B68FA689A60FB683A685A603B688D
:10A870007A681A617B681B685A1C7B681A6000BF83
:10A880001437BD4680BC704780B485B000AF786097
:10A890007B681B69FB607B685B687A6892689A607A
:10A8A0007B689B687A6852685A60FB685B687A6864
:10A8B0009A4203D17B689A68FB685A607B680022E1
:10A8C0001A61FB681B685A1EFB681A60FB681B68EC
:10A8D00018461437BD4680BC7047000080B485B070
:10A8E00000AFF860B9607A60FB68043BFB60FB680E
:10A8F0004FF080721A60FB68043BFB60BB6823F07A
:10A900000102FB681A60FB68043BFB60084AFB68B5
:10A910001A60FB68143BFB607A68FB681A60FB688E
:10A92000203BFB60FB6818461437BD4680BC70476F
:10A9300035A9000880B485B000AF00237B60124BBE
:10A940001B68B3F1FF3F0BD04FF0500383F3118826
:10A95000BFF36F8FBFF34F8FFB6000BF00BFFDE7FA
:10A960004FF0500383F31188BFF36F8FBFF34F8F06
:10A97000BB6000BF00BF7B68002BFCD000BF00BFE6
:10A980001437BD4680BC704708000020000000005E
:10A99000074B19680868B0E8F00F80F30988BFF327
:10A9A0006F8F4FF0000080F311884EF00D0E70474E
:10A9B000D4C9002000BF00BF06480068006880F3CB
:10A9C000088862B661B6BFF34F8FBFF36F8F00DFA9
:10A9D00000BF00BF08ED00E080B584B000AF324B8F
:10A9E000FB60FB681B78DBB27B60FB68FF221A70A0
:10A9F000FB681B78DBB2FB70FB78DBB203F0500323
:10AA0000DAB22A4B1A702A4B07221A6009E0284B47
:10AA10001B68013B264A1360FB78DBB25B00DBB2AC
:10AA2000FB70FB78DBB203F08003802BEFD0204B70
:10AA30001B68C3F10703042B0BD04FF0500383F3C3
:10AA40001188BFF36F8FBFF34F8FBB6000BF00BF94
:10AA5000FDE7174B1B681B02154A1360144B1B685C
:10AA600003F4E063124A13607B68DAB2FB681A7081
:10AA7000104B1B680F4A43F4700313600D4B1B68A7
:10AA80000C4A43F07043136000F0B8F80A4B002200
:10AA90001A60FFF791FF01F0D9FAFFF74BFF00238F
:10AAA00018461037BD4680BD00E400E08CC9002088
:10AAB00090C9002020ED00E00800002080B483B0A1
:10AAC00000AF4FF0500383F31188BFF36F8FBFF3D4
:10AAD0004F8F7B6000BF0F4B1B6801330D4A136023
:10AAE0000C4B1B68012B10D10B4B1B68DBB2002BEE
:10AAF0000BD04FF0500383F31188BFF36F8FBFF378
:10AB00004F8F3B6000BF00BFFDE700BF0C37BD4665
:10AB100080BC70470800002004ED00E080B483B0E2
:10AB200000AF124B1B68002B0BD14FF0500383F387
:10AB30001188BFF36F8FBFF34F8F7B6000BF00BFE3
:10AB4000FDE70A4B1B68013B084A1360074B1B6873
:10AB5000002B05D100233B603B6883F3118800BFC5
:10AB600000BF0C37BD4680BC704700BF0800002006
:10AB7000EFF30980BFF36F8F0D4B1A6820E9F00FD8
:10AB8000106008B54FF0500080F3118801F05EFAB4
:10AB90004FF0000080F31188BDE80840196808688C
:10ABA000B0E8F00F80F30988BFF36F8F704700BFE4
:10ABB000D4C9002000BF00BF80B582B000AF4FF005
:10ABC000500383F31188BFF36F8FBFF34F8F7B6008
:10ABD00000BF01F081F90346002B03D0064B4FF074
:10ABE00080521A6000233B603B6883F3118800BFEA
:10ABF00000BF0837BD4680BD04ED00E080B400AF63
:10AC00000A4B00221A600A4B00221A60094B1B688B
:10AC1000094AA2FB03235B09084A013B1360034B6B
:10AC200007221A6000BFBD4680BC704710E000E0FC
:10AC300018E000E0000000201F85EB5114E000E068
:10AC400080B485B000AFEFF30583FB60FB680F2B8A
:10AC500015D9174AFB6813441B78FB72154B1B78F8
:10AC6000FA7A9A420BD24FF0500383F31188BFF364
:10AC70006F8FBFF34F8F7B6000BF00BFFDE70E4BB0
:10AC80001B6803F4E0620D4B1B689A420BD94FF02E
:10AC9000500383F31188BFF36F8FBFF34F8F3B6077
:10ACA00000BF00BFFDE700BF1437BD4680BC704742
:10ACB000F0E300E08CC900200CED00E090C900201A
:10ACC00080B584B000AF786039607B68FB60FB685A
:10ACD000002B0BD14FF0500383F31188BFF36F8F1C
:10ACE000BFF34F8FBB6000BF00BFFDE7FFF7E6FE7D
:10ACF000FB681A68FB68DB6BF968096C01FB03F3FE
:10AD00001A44FB689A60FB6800229A63FB681A6821
:10AD1000FB685A60FB681A68FB68DB6B013BF968EB
:10AD2000096C01FB03F31A44FB68DA60FB68FF223D
:10AD300083F84420FB68FF2283F845203B68002B02
:10AD400014D1FB681B69002B1AD0FB68103318461E
:10AD500001F070FA0346002B12D00D4B4FF08052D9
:10AD60001A60BFF34F8FBFF36F8F09E0FB6810339A
:10AD70001846FFF703FDFB6824331846FFF7FEFC77
:10AD8000FFF7CCFE012318461037BD4680BD00BF3B
:10AD900004ED00E080B58EB002AFF860B9607A6073
:10ADA0003B60FB68002B0BD14FF0500383F31188FD
:10ADB000BFF36F8FBFF34F8FBB6200BF00BFFDE7D4
:10ADC0003B68002B0BD14FF0500383F31188BFF386
:10ADD0006F8FBFF34F8F7B6200BF00BFFDE77B68C3
:10ADE000002B02D0BB68002B01D0012300E0002320
:10ADF000002B0BD14FF0500383F31188BFF36F8FFB
:10AE0000BFF34F8F3B6200BF00BFFDE77B68002BA5
:10AE100002D1BB68002B01D1012300E00023002BED
:10AE20000BD14FF0500383F31188BFF36F8FBFF343
:10AE30004F8FFB6100BF00BFFDE748237B617B694B
:10AE4000482B0BD04FF0500383F31188BFF36F8F63
:10AE5000BFF34F8FBB6100BF00BFFDE77B693B685D
:10AE6000FB62FB6A002B0DD0FB6A012283F84620AF
:10AE700097F83820FB6A009313467A68B968F86837
:10AE800000F046F8FB6A18463037BD4680BD80B5F5
:10AE90008AB002AFF860B9601346FB71FB68002B03
:10AEA0000BD14FF0500383F31188BFF36F8FBFF3C3
:10AEB0004F8F3B6100BF00BFFDE7BB68002B02D195
:10AEC0000023FB6104E0FB68BA6802FB03F3FB614B
:10AED000FB6948331846FFF773FAB861BB69002B6A
:10AEE00011D0BB697B617B6948337B61BB69002200
:10AEF00083F84620FA79BB69009313467A69B968EA
:10AF0000F86800F005F8BB6918462037BD4680BDDB
:10AF100080B584B000AFF860B9607A60FB70BB6840
:10AF2000002B03D1BB69BA691A6002E0BB697A6879
:10AF30001A60BB69FA68DA63BB69BA681A640121EE
:10AF4000B869FFF7BDFE00BF1037BD4680BD0000E9
:10AF500080B58EB000AFF860B9607A603B600023C6
:10AF60007B63FB683B633B6B002B0BD14FF05003C3
:10AF700083F31188BFF36F8FBFF34F8FBB6200BFA6
:10AF800000BFFDE7BB68002B03D13B6B1B6C002BA4
:10AF900001D1012300E00023002B0BD14FF050031F
:10AFA00083F31188BFF36F8FBFF34F8F7B6200BFB6
:10AFB00000BFFDE73B68022B03D13B6BDB6B012B32
:10AFC00001D1012300E00023002B0BD14FF05003EF
:10AFD00083F31188BFF36F8FBFF34F8F3B6200BFC6
:10AFE00000BFFDE701F050FB0346002B02D17B6858
:10AFF000002B01D1012300E00023002B0BD14FF0E7
:10B00000500383F31188BFF36F8FBFF34F8FFB6142
:10B0100000BF00BFFDE7FFF751FD3B6B9A6B3B6B39
:10B02000DB6B9A4202D33B68022B29D13A68B9689C
:10B03000386B00F031FAF8623B6B5B6A002B10D082
:10B040003B6B2433184601F0F5F80346002B13D070
:10B050003F4B4FF080521A60BFF34F8FBFF36F8F9B
:10B060000AE0FB6A002B07D0394B4FF080521A6080
:10B07000BFF34F8FBFF36F8FFFF750FD012363E0E6
:10B080007B68002B03D1FFF749FD00235CE07B6B5D
:10B09000002B06D107F11403184601F093F90123A0
:10B0A0007B63FFF73BFD00F05DFEFFF707FD3B6BA9
:10B0B00093F844305BB2B3F1FF3F03D13B6B002206
:10B0C00083F844203B6B93F845305BB2B3F1FF3F0C
:10B0D00003D13B6B002283F84520FFF71FFD3A1D8B
:10B0E00007F114031146184601F082F90346002BBC
:10B0F00024D1386B00F0C8FA0346002B18D03B6B04
:10B1000010337A681146184601F004F8386B00F0E5
:10B1100053FA00F035FE0346002B7FF47CAF0C4B56
:10B120004FF080521A60BFF34F8FBFF36F8F72E7FB
:10B13000386B00F041FA00F023FE6CE7386B00F04A
:10B140003BFA00F01DFE002318463837BD4680BD8F
:10B1500004ED00E080B58EB000AFF860B9607A60B1
:10B160003B60FB683B633B6B002B0BD14FF0500304
:10B1700083F31188BFF36F8FBFF34F8F7B6200BFE4
:10B1800000BFFDE7BB68002B03D13B6B1B6C002BA2
:10B1900001D1012300E00023002B0BD14FF050031D
:10B1A00083F31188BFF36F8FBFF34F8F3B6200BFF4
:10B1B00000BFFDE73B68022B03D13B6BDB6B012B30
:10B1C00001D1012300E00023002B0BD14FF05003ED
:10B1D00083F31188BFF36F8FBFF34F8FFB6100BF05
:10B1E00000BFFDE7FFF72CFDEFF311824FF0500396
:10B1F00083F31188BFF36F8FBFF34F8FBA617B6109
:10B20000BB69FB623B6B9A6B3B6BDB6B9A4202D375
:10B210003B68022B2CD13B6B93F8453087F82B30E1
:10B220003A68B968386B00F037F997F92B30B3F109
:10B23000FF3F12D13B6B5B6A002B16D03B6B243374
:10B24000184600F0F7FF0346002B0ED07B68002B5A
:10B250000BD07B6801221A6007E097F82B3001338E
:10B26000DBB25AB23B6B83F8452001237B6301E0DC
:10B2700000237B63FB6A3B613B6983F3118800BF5A
:10B280007B6B18463837BD4680BD000080B58CB05A
:10B2900000AFF860B9607A600023FB62FB68BB62B4
:10B2A000BB6A002B0BD14FF0500383F31188BFF31F
:10B2B0006F8FBFF34F8F3B6200BF00BFFDE7BB68DE
:10B2C000002B03D1BB6A1B6C002B01D1012300E0D2
:10B2D0000023002B0BD14FF0500383F31188BFF3F1
:10B2E0006F8FBFF34F8FFB6100BF00BFFDE701F021
:10B2F000CBF90346002B02D17B68002B01D101233F
:10B3000000E00023002B0BD14FF0500383F3118892
:10B31000BFF36F8FBFF34F8FBB6100BF00BFFDE76F
:10B32000FFF7CCFBBB6A9B6B7B627B6A002B1FD059
:10B33000B968B86A00F01AF97B6A5A1EBB6A9A6348
:10B34000BB6A1B69002B0FD0BB6A1033184600F094
:10B3500071FF0346002B07D03C4B4FF080521A6020
:10B36000BFF34F8FBFF36F8FFFF7D8FB012369E067
:10B370007B68002B03D1FFF7D1FB002362E0FB6A5F
:10B38000002B06D107F11003184601F01BF801232A
:10B39000FB62FFF7C3FB00F0E5FCFFF78FFBBB6A26
:10B3A00093F844305BB2B3F1FF3F03D1BB6A002294
:10B3B00083F84420BB6A93F845305BB2B3F1FF3F9A
:10B3C00003D1BB6A002283F84520FFF7A7FB3A1D93
:10B3D00007F110031146184601F00AF80346002B46
:10B3E00023D1B86A00F03AF90346002B17D0BB6AA4
:10B3F00024337A681146184600F08CFEB86A00F0D3
:10B40000DBF800F0BDFC0346002B89D10F4B4FF059
:10B4100080521A60BFF34F8FBFF36F8F80E7B86A17
:10B4200000F0CAF800F0ACFC7AE7B86A00F0C4F8A3
:10B4300000F0A6FCB86A00F011F90346002B3FF4B7
:10B440006FAF002318463037BD4680BD04ED00E0E5
:10B4500080B586B000AF78607B687B617B69002B2C
:10B460000BD14FF0500383F31188BFF36F8FBFF3FD
:10B470004F8FFB6000BF00BFFDE7FFF71FFB7B693D
:10B48000DA6B7B699B6BD31A3B61FFF747FB3B6928
:10B4900018461837BD4680BD80B586B000AFF8604D
:10B4A000B9607A6000237B61FB689B6B3B61FB6842
:10B4B0001B6C002B0DD1FB681B68002B4DD1FB686A
:10B4C0009B68184601F0FEF87861FB6800229A60DC
:10B4D00043E07B68002B19D1FB685868FB681B6C44
:10B4E0001A46B96806F055FAFB685A68FB681B6C87
:10B4F0001A44FB685A60FB685A68FB689B689A426A
:10B500002BD3FB681A68FB685A6026E0FB68D86892
:10B51000FB681B6C1A46B96806F03BFAFB68DA68F0
:10B52000FB681B6C5B421A44FB68DA60FB68DA68F4
:10B53000FB681B689A4207D2FB689A68FB681B6C21
:10B540005B421A44FB68DA607B68022B05D13B69D9
:10B55000002B02D03B69013B3B613B695A1CFB68F5
:10B560009A637B6918461837BD4680BD80B582B0A6
:10B5700000AF786039607B681B6C002B18D07B684B
:10B58000DA687B681B6C1A447B68DA607B68DA686F
:10B590007B689B689A4203D37B681A687B68DA6091
:10B5A0007B68D9687B681B6C1A46386806F0F1F92D
:10B5B00000BF0837BD4680BD80B584B000AF78605D
:10B5C000FFF77CFA7B6893F84530FB7311E07B68EA
:10B5D0005B6A002B12D07B682433184600F02AFEE9
:10B5E0000346002B01D000F067FFFB7B013BDBB281
:10B5F000FB7397F90F30002BE9DC00E000BF7B689C
:10B60000FF2283F84520FFF789FAFFF757FA7B6896
:10B6100093F84430BB7311E07B681B69002B12D098
:10B620007B681033184600F005FE0346002B01D05E
:10B6300000F042FFBB7B013BDBB2BB7397F90E30DE
:10B64000002BE9DC00E000BF7B68FF2283F8442088
:10B65000FFF764FA00BF1037BD4680BD80B584B0E7
:10B6600000AF7860FFF72AFA7B689B6B002B02D152
:10B670000123FB6001E00023FB60FFF74FFAFB684A
:10B6800018461037BD4680BD80B584B000AF7860E5
:10B69000FFF714FA7B689A6B7B68DB6B9A4202D1E6
:10B6A0000123FB6001E00023FB60FFF737FAFB6832
:10B6B00018461037BD4680BD80B487B000AF7860B3
:10B6C0007B683B613B69002B0BD14FF0500383F348
:10B6D0001188BFF36F8FBFF34F8FFB6000BF00BFB8
:10B6E000FDE73B699A6B3B69DB6B9A4202D1012310
:10B6F0007B6101E000237B617B6918461C37BD46F6
:10B7000080BC704780B485B000AF7860396000239A
:10B71000FB6014E00E4AFB6852F83330002B0BD16B
:10B720000B49FB683A6841F83320094AFB68DB00A3
:10B7300013447A685A6006E0FB680133FB60FB68DB
:10B74000072BE7D900BF00BF1437BD4680BC704748
:10B7500094C9002080B586B000AFF860B9607A6007
:10B76000FB687B61FFF7AAF97B6993F844305BB211
:10B77000B3F1FF3F03D17B69002283F844207B694A
:10B7800093F845305BB2B3F1FF3F03D17B690022F0
:10B7900083F84520FFF7C2F97B699B6B002B06D12C
:10B7A0007B6924337A68B968184600F017FD786918
:10B7B000FFF702FF00BF1837BD4680BD80B58EB0D1
:10B7C00004AFF860B9607A603B607B6B002B0BD1F3
:10B7D0004FF0500383F31188BFF36F8FBFF34F8F88
:10B7E0003B6200BF00BFFDE7BB6B002B0BD14FF0EE
:10B7F000500383F31188BFF36F8FBFF34F8FFB614B
:10B8000000BF00BFFDE7A0233B613B69A02B0BD02D
:10B810004FF0500383F31188BFF36F8FBFF34F8F47
:10B82000BB6100BF00BFFDE73B69BB6B002B1ED0B7
:10B830007B6B002B1BD0BB6B7B627B6A7A6B1A63C2
:10B840007B6A022283F89D20002303937B6A029384
:10B8500007F1140301933B6B00933B687A68B96866
:10B86000F86800F051F8786A00F0F6F801E000237B
:10B870007B617B6918462837BD4680BD80B58CB09A
:10B8800004AFF860B9603B601346FB80FB889B0007
:10B890001846FEF795FD78617B69002B0ED0A0203D
:10B8A000FEF78EFDF861FB69002B03D0FB697A6916
:10B8B0001A6305E07869FEF74BFE01E00023FB61A7
:10B8C000FB69002B17D0FB69002283F89D20FA88C2
:10B8D00000230393FB690293FB6A0193BB6A009305
:10B8E0003B68B968F86800F00FF8F86900F0B4F840
:10B8F0000123BB6102E04FF0FF33BB61BB69184617
:10B900002037BD4680BD000080B588B000AFF8602C
:10B91000B9607A603B603B6B186B7B689B001A4692
:10B92000A52105F009FF3B6B1A6B7B6803F180438F
:10B93000013B9B001344BB61BB6923F00703BB6160
:10B94000BB6903F00703002B0BD04FF0500383F3C8
:10B950001188BFF36F8FBFF34F8F7B6100BF00BFB4
:10B96000FDE7BB68002B1FD00023FB6112E0BA6823
:10B97000FB69134419783A6BFB69134434330A4664
:10B980001A70BA68FB6913441B78002B06D0FB6958
:10B990000133FB61FB690F2BE9D900E000BF3B6B72
:10B9A000002283F8432003E03B6B002283F834201D
:10B9B000BB6A372B01D93723BB623B6BBA6ADA62A9
:10B9C0003B6BBA6A5A643B6B00229A643B6B04334C
:10B9D0001846FEF7F2FE3B6B18331846FEF7EDFEF5
:10B9E0003B6B3A6B1A61BB6AC3F138023B6B9A61DD
:10B9F0003B6B3A6B5A623B6B0022C3F898203B6B5F
:10BA0000002283F89C203B6B4C334C2200211846CB
:10BA100005F092FE3B6B0D4A1A653B6B0C4A5A656A
:10BA20003B6B0C4A9A653A68F968B869FEF756FFAD
:10BA300002463B6B1A60FB6A002B02D0FB6A3A6B32
:10BA40001A6000BF2037BD4680BD00BFC4D30020B0
:10BA50002CD4002094D4002080B582B000AF786050
:10BA6000FFF72CF82B4B1B6801332A4A13602A4B33
:10BA70001B68002B09D1284A7B681360254B1B6883
:10BA8000012B10D100F03CFD0DE0244B1B68002B76
:10BA900009D1214B1B68DA6A7B68DB6A9A4202D8BB
:10BAA0001D4A7B6813601E4B1B6801331C4A1360E0
:10BAB0007B68DA6A1B4B1B689A4203D97B68DB6A96
:10BAC000184A13607B68DA6A13469B0013449B0094
:10BAD000154A1A447B68043319461046FEF779FE6E
:10BAE000FFF71CF80D4B1B68002B0ED00A4B1B6890
:10BAF000DA6A7B68DB6A9A4207D20C4B4FF08052BD
:10BB00001A60BFF34F8FBFF36F8F00BF0837BD467A
:10BB100080BD00BFA8CE0020D4C90020B4CE002034
:10BB2000C4CE0020B0CE0020D8C9002004ED00E033
:10BB300080B584B000AF7860FEF7C0FF7B68002B53
:10BB400002D12D4B1B6800E07B68FB60FB6804336F
:10BB50001846FEF799FEFB689B6A002B04D0FB6831
:10BB600018331846FEF790FE244B1B680133234A16
:10BB70001360214B1B68FA689A420BD1FB680433AF
:10BB800019461F48FEF725FE1E4B1B6801331D4A50
:10BB9000136009E01C4B1B68013B1B4A1360F868EB
:10BBA00000F01CFD00F050FDFEF7B8FF174B1B68BE
:10BBB000002B1CD0104B1B68FA689A4217D1144B0B
:10BBC0001B68002B0BD04FF0500383F31188BFF399
:10BBD0006F8FBFF34F8FBB6000BF00BFFDE70D4B02
:10BBE0004FF080521A60BFF34F8FBFF36F8F00BFCB
:10BBF0001037BD4680BD00BFD4C90020C4CE002090
:10BC00007CCE002090CE0020A8CE0020B4CE002014
:10BC1000D0CE002004ED00E080B584B000AF7860A5
:10BC20000023FB607B68002B18D0144B1B68002B93
:10BC30000BD04FF0500383F31188BFF36F8FBFF326
:10BC40004F8FBB6000BF00BFFDE700F08BF8002105
:10BC5000786800F0BFFD00F093F8F860FB68002BF7
:10BC600007D1074B4FF080521A60BFF34F8FBFF3DD
:10BC70006F8F00BF1037BD4680BD00BFD0CE002003
:10BC800004ED00E080B58AB004AF0023BB60002360
:10BC90007B603A46391D07F108031846FEF77EF926
:10BCA00039687B68BA6802920193002300930023ED
:10BCB0000A4624492448FFF781FD0346234A1360BE
:10BCC000224B1B68002B02D001237B6101E0002383
:10BCD0007B617B69012B02D100F0D0FD78617B692B
:10BCE000012B1BD14FF0500383F31188BFF36F8FEB
:10BCF000BFF34F8F3B6100BF154B1B684C33154A98
:10BD00001360154B4FF0FF321A60144B01221A607A
:10BD1000134B00221A60FEF75FFE0FE07B69B3F160
:10BD2000FF3F0BD14FF0500383F31188BFF36F8FA8
:10BD3000BFF34F8FFB6000BF00BFFDE700BF1837A8
:10BD4000BD4680BD08340108D1C40008CCCE002017
:10BD5000D4C9002024000020C8CE0020B4CE00208A
:10BD6000ACCE002080B400AF044B1B680133034A03
:10BD7000136000BFBD4680BC704700BFD0CE00201E
:10BD800080B584B000AF0023FB600023BB60424B52
:10BD90001B68002B0BD14FF0500383F31188BFF3C6
:10BDA0006F8FBFF34F8F3B6000BF00BFFDE7FEF713
:10BDB00085FE394B1B68013B374A1360364B1B68C5
:10BDC000002B62D1354B1B68002B5ED02FE0344B2B
:10BDD000DB68DB68FB60FB6818331846FEF754FD30
:10BDE000FB6804331846FEF74FFDFB68DA6A2D4BFB
:10BDF0001B689A4203D9FB68DB6A2A4A1360FB6816
:10BE0000DA6A13469B0013449B00274A1A44FB68D6
:10BE1000043319461046FEF7DCFCFB68DA6A234B54
:10BE20001B68DB6A9A4202D3214B01221A601C4B29
:10BE30001B68002BCBD1FB68002B01D000F004FC69
:10BE40001C4B1B687B607B68002B10D000F044F813
:10BE50000346002B02D0164B01221A607B68013B7F
:10BE60007B607B68002BF1D1124B00221A60104BD3
:10BE70001B68002B09D00123BB600F4B4FF0805291
:10BE80001A60BFF34F8FBFF36F8FFEF747FEBB689B
:10BE900018461037BD4680BDD0CE0020A8CE002069
:10BEA00068CE0020B0CE0020D8C90020D4C9002020
:10BEB000BCCE0020B8CE002004ED00E080B483B0FA
:10BEC00000AF044B1B687B607B6818460C37BD468F
:10BED00080BC7047ACCE002080B586B000AF002398
:10BEE0007B614F4B1B68002B40F08A804D4B1B68D9
:10BEF00001333B614B4A3B6913603B69002B21D105
:10BF0000494B1B681B68002B0BD04FF0500383F389
:10BF10001188BFF36F8FBFF34F8F3B6000BF00BF2F
:10BF2000FDE7414B1B68FB60404B1B683E4A1360BA
:10BF30003E4AFB6813603E4B1B6801333C4A13606A
:10BF400000F082FB3B4B1B683A699A4249D3364B5F
:10BF50001B681B68002B04D1364B4FF0FF321A6070
:10BF60003FE0314B1B68DB68DB68BB60BB685B682C
:10BF70007B603A697B689A4203D22E4A7B681360E1
:10BF80002FE0BB6804331846FEF77EFCBB689B6A53
:10BF9000002B04D0BB6818331846FEF775FCBB684D
:10BFA000DA6A254B1B689A4203D9BB68DB6A224ACE
:10BFB0001360BB68DA6A13469B0013449B001F4A58
:10BFC0001A44BB68043319461046FEF702FCBB68EE
:10BFD000DA6A1B4B1B68DB6A9A42B8D301237B6188
:10BFE000B5E7174B1B68DA6A144913469B001344E4
:10BFF0009B000B441B68012B07D901237B6104E0E4
:10C00000104B1B6801330F4A13600F4B1B68002B4A
:10C0100001D001237B617B6918461837BD4680BD7E
:10C02000D0CE0020ACCE002060CE002064CE002018
:10C03000C0CE0020C8CE0020B0CE0020D8C900203D
:10C04000D4C90020B8CE0020BCCE002080B485B07A
:10C0500000AF2A4B1B68002B03D0294B01221A602A
:10C0600047E0274B00221A60264B1B68FB6011E05B
:10C07000FB68002B0BD14FF0500383F31188BFF303
:10C080006F8FBFF34F8F7B6000BF00BFFDE7FB6882
:10C09000013BFB601C49FA6813469B0013449B005C
:10C0A0000B441B68002BE3D0FA6813469B00134433
:10C0B0009B00154A1344BB60BB685B685A68BB6849
:10C0C0005A60BB685A68BB6808339A4204D1BB689F
:10C0D0005B685A68BB685A60BB685B68DB680B4A80
:10C0E0001360084AFB681360084B1B684C33084A0E
:10C0F000136000BF1437BD4680BC7047D0CE00200F
:10C10000BCCE0020B0CE0020D8C90020D4C9002069
:10C110002400002080B584B000AF786039607B686F
:10C12000002B0BD14FF0500383F31188BFF36F8FB7
:10C13000BFF34F8FFB6000BF00BFFDE7074B1B68DD
:10C14000183319467868FEF767FB0121386800F05C
:10C1500041FB00BF1037BD4680BD00BFD4C90020E1
:10C1600080B586B000AFF860B9607A60FB68002BDC
:10C170000BD14FF0500383F31188BFF36F8FBFF3E0
:10C180004F8F7B6100BF00BFFDE7124B1B68002B88
:10C190000BD14FF0500383F31188BFF36F8FBFF3C0
:10C1A0004F8F3B6100BF00BFFDE70B4B1B68BA68B8
:10C1B00042F000429A61084B1B6818331946F86830
:10C1C000FEF707FB0121786800F004FB00BF183779
:10C1D000BD4680BDD0CE0020D4C9002080B586B039
:10C1E00000AFF860B9607A60FB68002B0BD14FF0AC
:10C1F000500383F31188BFF36F8FBFF34F8F7B61C1
:10C2000000BF00BFFDE70A4B1B6818331946F868EA
:10C21000FEF7DFFA7B68002B02D04FF0FF33BB60E4
:10C220007968B86800F0D6FA00BF1837BD4680BDFF
:10C23000D4C9002080B586B000AF78607B68DB6829
:10C24000DB683B613B69002B0BD14FF0500383F35C
:10C250001188BFF36F8FBFF34F8FFB6000BF00BF2C
:10C26000FDE73B6918331846FEF70EFB1D4B1B68B4
:10C27000002B1DD13B6904331846FEF705FB3B69D3
:10C28000DA6A194B1B689A4203D93B69DB6A164A82
:10C2900013603B69DA6A13469B0013449B00134A00
:10C2A0001A443B69043319461046FEF792FA05E03A
:10C2B0003B69183319460E48FEF78BFA3B69DA6A78
:10C2C0000C4B1B68DB6A9A4205D901237B610A4B40
:10C2D00001221A6001E000237B617B691846183750
:10C2E000BD4680BDD0CE0020B0CE0020D8C90020F1
:10C2F00068CE0020D4C90020BCCE002080B586B016
:10C3000000AF786039602A4B1B68002B0BD14FF0CF
:10C31000500383F31188BFF36F8FBFF34F8F3B61DF
:10C3200000BF00BFFDE73B6843F000427B681A6036
:10C330007B68DB687B617B69002B0BD14FF050037E
:10C3400083F31188BFF36F8FBFF34F8FFB6000BF84
:10C3500000BFFDE77868FEF797FA7B69043318465B
:10C36000FEF792FA7B69DA6A124B1B689A4203D98C
:10C370007B69DB6A0F4A13607B69DA6A13469B00AC
:10C3800013449B000C4A1A447B6904331946104637
:10C39000FEF71FFA7B69DA6A084B1B68DB6A9A4270
:10C3A00002D9074B01221A6000BF1837BD4680BD75
:10C3B000D0CE0020B0CE0020D8C90020D4C90020A3
:10C3C000BCCE002080B483B000AF7860064B1A6802
:10C3D0007B681A60054B1A687B685A6000BF0C378F
:10C3E000BD4680BC704700BFC0CE0020ACCE002050
:10C3F00080B588B000AF786039607B68002B0BD1C6
:10C400004FF0500383F31188BFF36F8FBFF34F8F4B
:10C410003B6100BF00BFFDE73B68002B0BD14FF035
:10C42000500383F31188BFF36F8FBFF34F8FFB600F
:10C4300000BF00BFFDE7FEF741FB1D4B1B68BB6162
:10C440007B685B68BA69D31A7B613B681B68B3F190
:10C45000FF3F02D10023FB6123E07B681A68154B84
:10C460001B689A4207D07B685B68BA699A4202D31C
:10C470000123FB6115E03B681B687A699A420BD285
:10C480003B681A687B69D21A3B681A607868FFF7C4
:10C4900099FF0023FB6104E03B6800221A6001233E
:10C4A000FB61FEF73BFBFB6918462037BD4680BDAC
:10C4B000ACCE0020C0CE002080B400AF034B0122E0
:10C4C0001A6000BFBD4680BC704700BFBCCE0020D4
:10C4D00080B582B000AF786000F052F8064B1B6860
:10C4E000012BF9D9054B4FF080521A60BFF34F8FE3
:10C4F000BFF36F8FF0E700BFD8C9002004ED00E064
:10C5000080B582B000AF00237B600CE07A681346F0
:10C510009B0013449B00124A13441846FEF72EF961
:10C520007B6801337B607B68372BEFD90D48FEF7C2
:10C5300025F90D48FEF722F90C48FEF71FF90C48C3
:10C54000FEF71CF90B48FEF719F90B4B054A1A6068
:10C550000A4B054A1A6000BF0837BD4680BD00BFC0
:10C56000D8C9002038CE00204CCE002068CE002054
:10C570007CCE002094CE002060CE002064CE00202F
:10C5800080B582B000AF19E0FEF798FA104BDB6877
:10C59000DB687B607B6804331846FEF775F90D4B4A
:10C5A0001B68013B0B4A13600B4B1B68013B0A4A9B
:10C5B0001360FEF7B3FA786800F010F8064B1B68BA
:10C5C000002BE1D100BF00BF0837BD4680BD00BFD2
:10C5D0007CCE0020A8CE002090CE002080B584B074
:10C5E00000AF78607B684C33184605F001F97B6832
:10C5F00093F89D30002B08D17B681B6B1846FDF724
:10C60000A7FF7868FDF7A4FF19E07B6893F89D30D9
:10C61000012B03D17868FDF79BFF10E07B6893F84E
:10C620009D30022B0BD04FF0500383F31188BFF3E2
:10C630006F8FBFF34F8FFB6000BF00BFFDE700BFF0
:10C640001037BD4680BD000080B483B000AF0C4BF6
:10C650001B681B68002B04D10A4B4FF0FF321A6095
:10C6600008E0074B1B68DB68DB687B607B685B6806
:10C67000044A136000BF0C37BD4680BC704700BF42
:10C6800060CE0020C8CE002080B483B000AF0B4B3A
:10C690001B68002B02D101237B6008E0084B1B685C
:10C6A000002B02D102237B6001E000237B607B68CA
:10C6B00018460C37BD4680BC704700BFB4CE002082
:10C6C000D0CE002080B586B000AF78607B683B613B
:10C6D00000237B617B68002B58D02F4B1B683A6985
:10C6E0009A420BD04FF0500383F31188BFF36F8F42
:10C6F000BFF34F8FFB6000BF00BFFDE73B699B6C42
:10C70000002B0BD14FF0500383F31188BFF36F8FD1
:10C71000BFF34F8FBB6000BF00BFFDE73B699B6C61
:10C720005A1E3B699A643B69DA6A3B695B6C9A42C0
:10C730002CD03B699B6C002B28D13B6904331846F5
:10C74000FEF7A2F83B695A6C3B69DA623B69DB6A27
:10C75000C3F138023B699A613B69DA6A0F4B1B6887
:10C760009A4203D93B69DB6A0C4A13603B69DA6A77
:10C7700013469B0013449B00094A1A443B69043347
:10C7800019461046FEF725F801237B617B691846A0
:10C790001837BD4680BD00BFD4C90020B0CE0020F0
:10C7A000D8C9002080B483B000AF094B1B689B69D7
:10C7B0007B60074B1B68DA6A054B1B68C2F13802C5
:10C7C0009A617B6818460C37BD4680BC704700BF35
:10C7D000D4C9002080B584B000AF78603960214BA7
:10C7E0001B68FB60204B1B6804331846FEF74CF8AF
:10C7F0007B68B3F1FF3F0AD13B68002B07D01A4B8F
:10C800001B68043319461948FDF7E3FF26E0FA6870
:10C810007B681344BB60144B1B68BA685A60BA68E3
:10C82000FB689A4209D2124B1A680F4B1B680433FB
:10C8300019461046FDF7F0FF10E00E4B1A680A4B40
:10C840001B68043319461046FDF7E6FF0A4B1B68C8
:10C85000BA689A4202D2084ABB68136000BF103718
:10C86000BD4680BDACCE0020D4C9002094CE0020AF
:10C8700064CE002060CE0020C8CE002080B58AB0F3
:10C8800004AF00237B6100F06FFB1D4B1B68002B86
:10C8900021D00023FB600023BB603A1D07F1080193
:10C8A00007F10C031846FDF791FB7968BB68FA683D
:10C8B000029201930223009300230A461149124871
:10C8C000FEF77CFF0346114A1360104B1B68002BD8
:10C8D00001D001237B617B69002B0BD14FF050030A
:10C8E00083F31188BFF36F8FBFF34F8F3B6100BF9E
:10C8F00000BFFDE77B6918461837BD4680BD00BF05
:10C9000004CF00201034010805CB000808CF002018
:10C9100080B588B002AFF860B9607A603B602820CB
:10C92000FDF74EFD78617B69002B0DD07B690022FD
:10C9300083F824207B6901933B6A00933B687A6803
:10C94000B968F86800F005F87B6918461837BD46E5
:10C9500080BD80B586B000AFF860B9607A603B609A
:10C96000BB68002B0BD14FF0500383F31188BFF34A
:10C970006F8FBFF34F8F7B6100BF00BFFDE77B6A06
:10C98000002B1ED000F0F0FA7B6AFA681A607B6A0E
:10C99000BA689A617B6A3A68DA617B6A3A6A1A62B3
:10C9A0007B6A04331846FDF708FF7B68002B08D02C
:10C9B0007B6A93F8243043F00403DAB27B6A83F88D
:10C9C000242000BF1837BD4680BD000080B58AB066
:10C9D00000AFF860B9607A603B6000237B62FB685F
:10C9E000002B0BD14FF0500383F31188BFF36F8FEF
:10C9F000BFF34F8F3B6200BF00BFFDE7194B1B68C1
:10CA0000002B2AD0BB683B617B687B61FB68BB6104
:10CA1000BB68052B18DCFFF737FE0346022B09D154
:10CA2000104B186807F1100100233A6BFEF790FADB
:10CA3000786212E00B4B186807F110010023002206
:10CA4000FEF786FA786208E0064B186807F11001D5
:10CA500000233A68FEF77EFB78627B6A1846283727
:10CA6000BD4680BD04CF002080B588B002AF78609D
:10CA70003960234B1B68DB68DB687B617B690433AF
:10CA80001846FDF701FF7B6993F8243003F0040397
:10CA9000002B23D07B699A697B68D1187B683A6840
:10CAA000786900F0D3F80346002B20D000230093D0
:10CAB00000237A6800217869FFF788FF38613B69B5
:10CAC000002B14D14FF0500383F31188BFF36F8F05
:10CAD000BFF34F8FFB6000BF00BFFDE77B6993F89A
:10CAE000243023F00103DAB27B6983F824207B69C8
:10CAF0001B6A7869984700BF1837BD4680BD00BFE4
:10CB0000FCCE002080B584B000AF786007F1080348
:10CB1000184600F059F8F860BB681946F86800F04C
:10CB200005F800F0D5F800BFF0E7000080B584B04C
:10CB300000AF78603960FFF715F907F10803184670
:10CB400000F064F8F860BB68002B30D13B68002B24
:10CB50000AD17A68FB689A4206D8FFF711F9F9689A
:10CB60007868FFF781FF24E03B68002B08D0134B67
:10CB70001B681B68002B01D1012300E000233B60F0
:10CB80000F4B18687A68FB68D31A3A681946FEF7A3
:10CB9000E1FDFFF7F5F80346002B0AD1094B4FF0F2
:10CBA00080521A60BFF34F8FBFF36F8F01E0FFF722
:10CBB000E7F800BF1037BD4680BD00BF00CF0020A2
:10CBC00004CF002004ED00E080B485B000AF7860B1
:10CBD0000D4B1B681B68002B01D1012200E00022D5
:10CBE0007B681A607B681B68002B05D1064B1B68AD
:10CBF000DB681B68FB6001E00023FB60FB681846F4
:10CC00001437BD4680BC7047FCCE002080B584B090
:10CC100000AF7860FFF752F9F8600B4B1B68FA68B9
:10CC20009A4205D200F03AF97B6801221A6002E0CC
:10CC30007B6800221A60044AFB681360FB68184690
:10CC40001037BD4680BD00BF0CCF002080B586B038
:10CC500000AFF860B9607A603B6000237B61FB68DD
:10CC6000BA685A60FB68FA681A61BA687B689A42C7
:10CC700012D87A683B68D21AFB689B699A4202D341
:10CC800001237B611BE0104B1A68FB6804331946D3
:10CC90001046FDF7C1FD12E07A683B689A4206D261
:10CCA000BA683B689A4202D301237B6107E0074BD5
:10CCB0001A68FB68043319461046FDF7ADFD7B6921
:10CCC00018461837BD4680BD00CF0020FCCE00209E
:10CCD00080B58EB002AFCEE07B68002B19DA3B1D29
:10CCE0000433FB62FB6A002B0BD14FF0500383F33C
:10CCF0001188BFF36F8FBFF34F8FFB6100BF00BF81
:10CD0000FDE7FB6A1B68FA6A5068FA6A9268114686
:10CD100098477B68002BC0F2AE80FB68BB62BB6AA1
:10CD20005B69002B04D0BB6A04331846FDF7ACFDE9
:10CD30003B461846FFF76AFF78627B68092B00F2D2
:10CD4000978001A252F823F071CD000871CD000840
:10CD500071CD0008E7CD0008FBCD000847CE0008E4
:10CD600071CD000871CD0008E7CD0008FBCD0008AB
:10CD7000BB6A93F8243043F00103DAB2BB6A83F84C
:10CD80002420BA68BB6A9B69D118BB687A6AB86A02
:10CD9000FFF75CFF0346002B6CD0BB6A1B6AB86AC6
:10CDA0009847BB6A93F8243003F00403002B61D04A
:10CDB000BA68BB6A9B691A440023009300230021D0
:10CDC000B86AFFF703FE38623B6A002B52D14FF07E
:10CDD000500383F31188BFF36F8FBFF34F8FBB6195
:10CDE00000BF00BFFDE7BB6A93F8243023F00103C6
:10CDF000DAB2BB6A83F824203DE0BB6A93F82430A2
:10CE000043F00103DAB2BB6A83F82420BA68BB6A34
:10CE10009A61BB6A9B69002B0BD14FF0500383F3DF
:10CE20001188BFF36F8FBFF34F8F7B6100BF00BFCF
:10CE3000FDE7BB6A9A697B6AD1187B6A7A6AB86A2D
:10CE4000FFF704FF17E0BB6A93F8243003F00203F6
:10CE5000002B03D1B86AFDF77BFB0CE0BB6A93F8AB
:10CE6000243023F00103DAB2BB6A83F8242002E005
:10CE700000BF00E000BF084B1B68391D00221846A8
:10CE8000FEF704FA0346002B7FF426AF00BF00BF75
:10CE90003037BD4680BD00BF04CF002080B588B0CC
:10CEA00002AF49E02E4B1B68DB681B683B612C4BD3
:10CEB0001B68DB68DB68FB60FB6804331846FDF722
:10CEC000E3FCFB681B6AF8689847FB6893F824301A
:10CED00003F00403002B2FD0FB689B693A691344CD
:10CEE000BB60BA683B699A420ED9FB68BA685A605F
:10CEF000FB68FA681A611A4B1A68FB680433194612
:10CF00001046FDF789FC17E00023009300233A69DF
:10CF10000021F868FFF75AFD78607B68002B0BD181
:10CF20004FF0500383F31188BFF36F8FBFF34F8F20
:10CF30003B6000BF00BFFDE7094B1B681B68002B6F
:10CF4000B0D1074B1B687B61064B1B68044A13601A
:10CF5000044A7B69136000BF1837BD4680BD00BF1F
:10CF6000FCCE002000CF002080B582B002AFFDF7DC
:10CF7000A5FD154B1B68002B20D11448FDF7FEFBC7
:10CF80001348FDF7FBFB134B104A1A60124B104A73
:10CF90001A6000230093114B114A10210A20FDF75B
:10CFA000F9FE0346084A1360074B1B68002B05D0A7
:10CFB000054B1B680B491846FEF7A4FBFDF7AEFDB9
:10CFC00000BFBD4680BD00BF04CF0020D4CE0020EE
:10CFD000E8CE0020FCCE002000CF0020B0CF002003
:10CFE00010CF00201834010880B586B000AF7860FB
:10CFF0007B683B617B68002B0BD14FF0500383F3C0
:10D000001188BFF36F8FBFF34F8FFB6000BF00BF6E
:10D01000FDE7FDF753FD3B6993F8243003F001036E
:10D02000002B02D100237B6101E001237B61FDF72E
:10D0300075FD7B6918461837BD4680BD80B58AB03E
:10D0400000AFF860B9607A603B606FF001037B610C
:10D05000FB68BB61BB68FB617B683B62064B186881
:10D0600007F1140100233A68FEF774F878627B6ACE
:10D0700018462837BD4680BD04CF002080B584B057
:10D0800002AF7860244A7B681360244B00225A70F8
:10D09000224B00225A60214B00229A601F4B002233
:10D0A0009A651F4801F08CFF1C4B00225A731B4BE2
:10D0B00000221A7302F022FA0021002002F0EEFD95
:10D0C00004220021012002F0B1FB002300224FF6D0
:10D0D000FF714FF6FF7002F0E1FA00F091FE0023BD
:10D0E0000093104B00224FF0FF310F4803F0C4FBB8
:10D0F000002300930D4B00224FF0FF310C4803F04A
:10D10000BBFB094803F05CFC094803F059FC00BF75
:10D110000837BD4680BD00BFF8D00020FCD00020FD
:10D12000F5E100087DE1000858D1002091E10008F8
:10D1300070D1002080B500AF01F08AFF0346072BB5
:10D140000AD0072B0ADC042B02D0052B02D005E005
:10D15000022304E0012302E0032300E00023184639
:10D1600080BD000080B582B000AF0346FB712A4A43
:10D17000FB791370FB79184603F063F9FB79052BF3
:10D180000ED801A252F823F0AFD10008BDD100089B
:10D19000A1D10008E3D10008F1D10008FFD10008B7
:10D1A000032002F01DFB1C4B00225A732FE00020CD
:10D1B00002F016FB184B00225A7328E0012002F0FF
:10D1C0000FFB154B5A7B144B1B7B9A421ED0124B04
:10D1D0001A7B114B5A73104B5B7B184600F098FF7B
:10D1E00014E0022002F0FCFA0B4B00225A730EE00E
:10D1F000022002F0F5FA084B00225A7307E00020E3
:10D2000002F0EEFA044B00225A7300E000BF00BFA8
:10D210000837BD4680BD00BFFCD0002080B582B07D
:10D2200000AF7860786802F095FA00BF0837BD4615
:10D2300080BD80B590B00AAFF860B9603B6013461E
:10D24000FB800123FB750023BB8200233B6100F0C0
:10D25000EAFD0020FFF786FFF868FFF7DFFF0123F4
:10D2600009930023089300230793002306930023C8
:10D2700005930023049300230393002302930323C5
:10D280000193BB68009300234FF41672B968002025
:10D2900000F03CF8002000F0CDFD00F067FF0346F1
:10D2A0001846F3F7A9FC03F0A5FC38610DE0002057
:10D2B00000F0AEFE0346BB82B7F91420B7F9063082
:10D2C0009A4202DD0023FB7506E0386903F0A4FCF6
:10D2D00002463B689342EAD800F0A5FDFB7D184664
:10D2E0001837BD4680BD80B582B000AF00237B609B
:10D2F000002300220021002002F0D0F901F079FF84
:10D3000078607B6818460837BD4680BD80B58AB016
:10D3100000AFB9607A601A460346FB731346BB73CD
:10D32000B94A97F85430537003F049F897F85430DD
:10D33000002B01D000233B8797F83C30002B04D012
:10D34000B24A97F84030137002E0B04BFF221A70D7
:10D35000FB7B052B09D0052B00F3D781002B00F0B8
:10D36000BF80012B00F02481CFE1012002F088F87A
:10D37000A54B002283F83820A34A7B68D363A24BD5
:10D38000092283F84420A04B4FF448721A64B8680D
:10D3900002F048FF03461A469B4B83F845209A4B00
:10D3A00000229A73BB8EDB009AB2974B1A82964B7F
:10D3B00000229A74944B1022DA74934B00221A754F
:10D3C000914B00225A75914B1A788F4B9A758E4B60
:10D3D0000122DA758C4B00221A760520FFF7C2FE77
:10D3E0008B4802F0F1FA8B4802F0BCFB8A4A07F145
:10D3F0001C0392E8030083E8030007F11C031846AE
:10D4000001F075FE40F2FF1001F0C0FE40F6B800DA
:10D4100000F01CFE034687F8273097F8273023F0EA
:10D42000100387F8273097F82730194640F6B800E0
:10D4300000F0FAFD042140F6B90000F0F5FD40F6D9
:10D440009B0000F003FE034687F8273097F827304B
:10D4500023F01C0387F8273097F8273043F00803A0
:10D46000DBB2194640F69B0000F0DEFD40F2D160D1
:10D4700000F0ECFD034687F8273097F8273023F0BB
:10D48000180387F8273097F8273043F01803DBB2EA
:10D49000194640F2D16000F0C7FD40F2AC6000F0E8
:10D4A000D5FD034687F8273097F8273023F070031F
:10D4B00087F8273097F8273043F05003DBB219463E
:10D4C00040F2AC6000F0B0FD3B8F4FF4FA5202FB2B
:10D4D00003F31A467B68B2FBF3F34B4A936015E102
:10D4E000002001F0CDFF484B002283F83820464A47
:10D4F0007B68D363444B0B2283F84420B86802F066
:10D5000091FE03461A46404B83F845203E4B0022CD
:10D510009A73BB8EDB009AB23B4B1A823A4B0422C1
:10D520009A74394B1822DA74374B00221A7597F81F
:10D530003C3083F00103DBB21A46334B5A75334B50
:10D540001A78314B9A7597F84430002B03D02E4B44
:10D55000F222DA7502E02C4B0122DA752A4B012205
:10D560001A7600F060FC0020FFF7FCFD284802F06E
:10D570002BFA284802F0F6FA284A07F1140392E839
:10D58000030083E8030007F11403184601F0AFFD20
:10D5900040F2FF1001F0FAFD3B8F4FF4FA5202FB0C
:10D5A00003F31A467B68B2FBF3F3174A9360ADE0CE
:10D5B000002001F065FF144B012283F838207B68BE
:10D5C000DAB2114B83F85020154ABB6813441A781D
:10D5D0000D4B83F851200C4ABB7B82F85230BB685C
:10D5E000002B05D17B680B2B08D07B680C2B05D05A
:10D5F000BB68012B16D17B680C2B13D1024B012287
:10D6000083F8532012E000BFFCD000200C00002063
:10D6100034D100200AD10020203401082834010828
:10D620002C3B01083B4B002283F85320394B01224D
:10D630009A73384B93F85030052B04D0354B93F840
:10D640005030062B0AD1BB8E0B2B03D8314B0C224A
:10D650009A8306E02F4ABB8E938302E02D4ABB8E4D
:10D66000938397F83C202B4B9A772B4B1A78294BB6
:10D67000DA7797F84420274B83F8202097F850203A
:10D68000244B83F8212000F0CEFB0120FFF76AFD38
:10D69000224802F099F9224802F064FA3B8FDBB28B
:10D6A000184601F0FCFE40F6A30002F0B5FB03466D
:10D6B00003F00103DBB2194640F6A30002F098FB29
:10D6C000144B93F82130012B0DD140F2367002F04B
:10D6D000A3FB034623F00403DBB2194640F2367085
:10D6E00002F086FB0CE040F2367002F095FB034638
:10D6F00043F00403DBB2194640F2367002F078FBC7
:10D70000044B4FF6FF729A6000E000BF00BF28375D
:10D71000BD4680BDFCD000200C00002034D100208C
:10D720000AD1002080B586B000AFBA607B600346A6
:10D73000FB730B46BB7302F042FEFB7B042B00F035
:10D74000C780042B00F3D680002B02D0012B59D0C8
:10D75000D0E0774B002283F83820754A3B6AD363C8
:10D76000734B0B2283F84420786802F05BFD03467C
:10D770001A466F4B83F845206D4ABB6813646C4BA7
:10D7800000229A733B8DDB009AB2694B1A82684B78
:10D7900004229A74664B1822DA74654B00221A75BB
:10D7A00097F82C3083F00103DBB21A46604B5A75B0
:10D7B00097F83030002B03D05D4BF222DA7502E08F
:10D7C0005B4B0122DA755A4B01221A7600F02BFBD3
:10D7D0000020FFF7C7FC574802F0F6F8564802F061
:10D7E000C1F9564A07F1100392E8030083E80300E9
:10D7F00007F11003184601F07AFC40F2FF1001F027
:10D80000C5FC78E04A4B012283F838203B6ADAB243
:10D81000474B83F850204A4A7B6813441A78444B9C
:10D8200083F85120424A97F8243082F852307B68BE
:10D83000002B05D13B6A0B2B08D03B6A0C2B05D083
:10D840007B68012B07D13B6A0C2B04D1384B01229A
:10D8500083F8532003E0364B002283F85320344BE7
:10D8600001229A73324B93F85030052B04D0304B81
:10D8700093F85030062B0AD13B8D0B2B03D82C4B41
:10D880000C229A8306E02A4A3B8D938302E0284AC1
:10D890003B8D938397F82C20254B9A77294B1A7848
:10D8A000234BDA7797F83020214B83F8202097F824
:10D8B0003C201F4B83F8212000F0B5FA0120FFF730
:10D8C00051FC1C4802F080F81B4802F04BF912E0B2
:10D8D0000420FFF747FC164B022283F83820144A35
:10D8E0003B6A9364124B162283F84C20114802F0D5
:10D8F0006BF800E000BF97F90E30184602F094FB79
:10D9000003461A460A4B83F856200E2140F61F1094
:10D9100002F06EFA064B93F85630184602F063FD9B
:10D92000034A3B6C536000BF1837BD4680BD00BF43
:10D93000FCD0002034D100200AD100202834010876
:10D940002C3B01080C00002080B483B000AF78604D
:10D95000012318460C37BD4680BC704780B485B0A3
:10D9600000AF0346FB710023FB60FB790A2B3ED816
:10D9700001A252F823F000BFA5D90008B5D90008CC
:10D98000C5D90008D5D90008DDD90008E3D90008B9
:10D99000E9D90008EFD90008ADD90008BDD90008C1
:10D9A000CDD9000841F68463FB6020E042F6B10364
:10D9B000FB601CE043F60953FB6018E045F261137D
:10D9C000FB6014E047F61223FB6010E04AF2C32329
:10D9D000FB600CE04FF22443FB6008E0074BFB6068
:10D9E00005E0074BFB6002E0064BFB6000BFFB68F5
:10D9F00018461437BD4680BC704700BF48E8010098
:10DA000090D0030020A1070080B483B000AF7860FD
:10DA1000084611461A460346FB700B463B801346E8
:10DA2000BB703B88DB00BA7882F00102D2B2002AD8
:10DA300001D0082200E00022134403F118023B7CCD
:10DA4000397D002901D0022100E000210B44DB00D8
:10DA5000134418460C37BD4680BC704780B48BB069
:10DA600000AFF860B96011461A460B46FB711346C9
:10DA7000BB80FB7904337B61002387F82730BB68C8
:10DA8000052B02D0BB68062B04D1BB880B2B01D819
:10DA90000C23BB80FB68002B05D1BB680B2B08D087
:10DAA000BB680C2B05D0FB68012B05D1BB680C2B88
:10DAB00002D1012387F8273097F83430DB0097F83C
:10DAC0003820002A01D0102200E0002213441A4618
:10DAD000BB689B00D31A97F83020002A01D000229F
:10DAE00000E014221344FB61BB68062B03D8BB681B
:10DAF0009B003B620EE0FB690833FB6197F827301F
:10DB0000002B04D0BB68023B9B003B6202E0BB6879
:10DB10009B003B62FB69002B01DA0023FB61FA6981
:10DB20003B6A13445A1E3B6A92FBF3F37A6903FB88
:10DB300002F2BB8813440C33BB61BB68062B02D8CE
:10DB4000BB690233BB61BB699B005A1CBB68023BCB
:10DB500002FA03F318462C37BD4680BC704700001C
:10DB600080B58AB004AFB9607A601A460346FB7389
:10DB70001346BB7300237B6101233B61FB7B002BBE
:10DB800002D0012B17D035E097F824003A8CB97BEE
:10DB900097F82C30019397F8283000930346786863
:10DBA000FFF732FF03464FF47A7202FB03F37B6107
:10DBB0007B683B611EE0398CBA7B97F82C3002936E
:10DBC00097F82830019397F8243000930B46796832
:10DBD000B868FFF743FF03464FF47A7202FB03F382
:10DBE0007B610A4ABB6813441B781846FFF7B6FEF0
:10DBF000386100BF7A693B6913445A1E3B69B2FB26
:10DC0000F3F318461837BD4680BD00BF2C3B010812
:10DC100080B584B000AF78600B46FB700023002213
:10DC200040F2012140F2012001F038FD704B93F8E1
:10DC300056300121184602F0CFF96D4B1B78012BAD
:10DC400012D16B4B93F85130062B0DD140F6890061
:10DC500002F0E2F8034623F00403DBB2194640F673
:10DC6000890002F0C5F80CE040F6890002F0D4F813
:10DC7000034643F00403DBB2194640F6890002F084
:10DC8000B7F85B4B1B78042B00F2A28001A252F87C
:10DC900023F000BFC3DC0008A9DC0008C3DC0008D7
:10DCA00019DD000839DD0008514AFB78D377514867
:10DCB00001F058FFFB7800221946786801F004FA59
:10DCC00087E002F082FB0346012B18D107F10D0219
:10DCD000FB781946786802F090FB0346002B0CD1C4
:10DCE0007A7B434B9A75434801F03CFF7B7B0022D3
:10DCF0001946786801F0E8F96BE0032373E03C4AC9
:10DD0000FB7893753B4801F02DFFFB780022194604
:10DD1000786801F0D9F95CE0354B02229A73344AF5
:10DD2000FB789376334801F01DFFFB7800221946FB
:10DD3000786801F0C9F94CE0FB781A4679682E48FA
:10DD400000F096FC2A4B02229A73FB780133DAB278
:10DD5000274B9A76274801F005FF0021F12000F0BB
:10DD600063F90021F02000F05FF9214B9B6C642BDC
:10DD700008D17021F32000F057F91D21F22000F0A6
:10DD800053F907E0E121F32000F04EF90421F220DD
:10DD900000F04AF9FB789BB2DB009BB20233FB81B7
:10DDA000FB891B0A9BB2DBB21946F42000F03CF958
:10DDB000FB89DBB21946F52000F036F9FB78013318
:10DDC000DBB26FF07F4219460B4801F07DF900E0AD
:10DDD00000BF074B5B681946084802F061FE074820
:10DDE00002F080FD002318461037BD4680BD00BFFD
:10DDF000FCD000200AD10020F8CF002058D100200C
:10DE000080B582B000AF00233B713B7943F004033F
:10DE10003B71387901F034FA0220F2F7EDFE00BFD1
:10DE20000837BD4680BD80B500AF002001F05CFA28
:10DE300000BF80BD80B582B000AF786002F0C5FA47
:10DE40000346012B02D102F0E8FA07E0002300228A
:10DE500040F2622140F2622001F020FC7B68002B3E
:10DE600006D07968114802F01BFE104802F03AFD16
:10DE70000F4B00229A650E4B93F85630002118463E
:10DE800002F0AAF80A4B5B78002B04D06FF07F40B9
:10DE900001F066FA05E0064B9B689B01184601F00D
:10DEA0005FFA00BF0837BD4680BD00BF70D10020BB
:10DEB000FCD0002080B582B000AF786002F085FA17
:10DEC0000346012B02D102F0A8FA07E0002300224A
:10DED00040F2622140F2622001F0E0FB7B68002BFF
:10DEE00006D07968114802F0DBFD104802F0FAFC18
:10DEF0000F4B00229A650E4B93F8563000211846BE
:10DF000002F06AF80A4B5B78002B04D06FF07F4078
:10DF100001F046FA05E0064B9B689B01184601F0AC
:10DF20003FFA00BF0837BD4680BD00BF70D100205A
:10DF3000FCD0002080B582B000AF786039607B688B
:10DF40005A003B6813440C4A9365002300224FF6A5
:10DF5000FF714FF6FF7001F0A1FB074B93F85630AD
:10DF60000021184602F038F83968786801F03CFA68
:10DF700000BF0837BD4680BDFCD0002080B500AF93
:10DF8000094B93F856300021184602F025F800237B
:10DF900000224FF4C0714FF4C07001F07FFB01F01C
:10DFA0004FFA00BF80BD00BFFCD0002080B584B018
:10DFB00000AF78600B46FB7013463B803B884FF404
:10DFC0007A7202FB03F3FB60786801F0C3FB97F9F8
:10DFD0000330184602F028F80346FB720E2140F683
:10DFE0001F1001F005FFFB7A0121184601F0F4FF34
:10DFF00001F034FAF968054802F052FD034802F0D6
:10E0000071FC00BF1037BD4680BD00BF58D1002055
:10E0100080B582B000AF0346FB7101F056FE0346A7
:10E0200018460837BD4680BD80B582B000AF0346B4
:10E030000A46FB8013467B717A79FB8811461846A5
:10E0400001F0D6FE00BF0837BD4680BD80B582B066
:10E0500000AF0346FB80FB88184601F0DDFE034657
:10E0600018460837BD4680BD80B582B000AF034674
:10E070003960FB8013467B717B799AB2FB883968E3
:10E08000184601F0DDFE00BF0837BD4680BD80B5F3
:10E0900082B000AF03463960FB8013467B717B7909
:10E0A0009AB2FB883968184601F0ECFE00BF0837C9
:10E0B000BD4680BD80B582B000AF03460A46FB7105
:10E0C0001346BB71FB79012B0AD10E4ABB79137041
:10E0D0000C4B1A780C4BDA770C4801F043FD0DE03D
:10E0E000094B5B7D012B09D1064ABB791370054BA7
:10E0F0001A78054B9A75054801F034FD00BF0837C2
:10E10000BD4680BD0C000020FCD000200AD10020BC
:10E1100080B582B000AF0346FB71134AFB791373DD
:10E12000114B1A7B104B5A730120FFF71BF8FB7938
:10E13000002B0AD034214FF4E86001F059FE44214D
:10E1400040F2417001F054FE09E014214FF4E86000
:10E1500001F04EFE242140F2417001F049FE00BF63
:10E160000837BD4680BD00BFFCD0002080B500AFA1
:10E1700001F08EFF03460333184680BD80B582B0A0
:10E1800000AF786000F00EF800BF0837BD4680BDD4
:10E1900080B582B000AF786000F018F800BF083793
:10E1A000BD4680BD80B500AF074B1B68002B08D073
:10E1B000054B1B685B68002B03D0034B1B685B6837
:10E1C000984700BF80BD00BFF8D0002080B500AFE9
:10E1D000074B1B68002B08D0054B1B68DB68002B26
:10E1E00003D0034B1B68DB68984700BF80BD00BFAE
:10E1F000F8D0002080B582B000AF0346FB80054A0E
:10E20000FB88A2F8543000F007F800BF0837BD467D
:10E2100080BD00BFFCD00020B0B582B000AF0023AD
:10E22000FB7100233B60A54BB3F85430B3F5007F7E
:10E2300000F00D81B3F5007F00F3C081B3F5807F5E
:10E2400000F0F180B3F5807F00F3B881802B00F0FF
:10E25000D680802B00F3B281202B49DC002B40F3C9
:10E26000AD81013B1F2B00F2A98101A252F823F0DE
:10E27000F9E2000833E30008BDE50008D9E400082E
:10E28000BDE50008BDE50008BDE5000847E500085C
:10E29000BDE50008BDE50008BDE50008BDE50008D6
:10E2A000BDE50008BDE50008BDE50008BDE50008C6
:10E2B000BDE50008BDE50008BDE50008BDE50008B6
:10E2C000BDE50008BDE50008BDE50008BDE50008A6
:10E2D000BDE50008BDE50008BDE50008BDE5000896
:10E2E000BDE50008BDE50008BDE5000857E50008EC
:10E2F000402B00F04B8161E1714802F061FB00208E
:10E3000000F0F2FF02F068F80346012B01D102F0A1
:10E310008CF86C4B1B68002B00F05281694B1B681A
:10E320001B68002B00F04C81664B1B681B689847EC
:10E3300046E1654802F044FB604B5B7883F00103E3
:10E34000DBB2002B14D0002000F0CEFF002140F6FD
:10E35000021001F04DFD40F6441001F05DFD034652
:10E3600043F00203DBB2194640F6441001F040FDD1
:10E37000FB1DFF221946554800F084FE544801F069
:10E38000E5FC504B1B68002B00F01C814D4B1B68BB
:10E390009B68002B00F01681484B93F82430012B2A
:10E3A0000ED1484B1B689C68FB791946434B93F987
:10E3B00030301A46414B93F931304448A0471DE0B4
:10E3C0003E4BDB6B3A461146184601F053FF3D4B7E
:10E3D0001B689C68FB791946384B93F9293018461D
:10E3E0003B6803F5FA733B4A82FB03529211DB1739
:10E3F000D31A5BB202463548A04700BFE2E00020D6
:10E4000000F072FF2F4B1B68002B00F0DD802D4BBE
:10E410001B689B69002B00F0D7802A4B1B689B6907
:10E4200000209847D0E0002000F05EFF254B1B68DD
:10E43000002B00F0CB80234B1B689B69002B00F066
:10E44000C580204B1B689B6901209847BEE000F007
:10E45000FFFD0346042B15D1194802F0B1FA002044
:10E4600000F042FF174B1B68002B00F0B180154BEA
:10E470001B685B68002B00F0AB80124B1B685B686D
:10E480009847A5E000F0E4FD0346052B40F0A0808E
:10E490000D4802F095FA002000F026FF094B1B689A
:10E4A000002B00F09580074B1B68DB68002B00F009
:10E4B0008F80044B1B68DB68984789E0FCD0002004
:10E4C00058D10020F8D0002070D10020F8CF0020D3
:10E4D00020D10020D34D6210444B9B6D002B79D08E
:10E4E000434A424B9B6D1B0CDBB2194640F60310AE
:10E4F00090473F4A3D4B9B6D1B0ADBB2194640F6E5
:10E50000041090473A4A394B9B6DDBB2194640F6EE
:10E5100005109047364C374B40F60210984703469B
:10E5200043F00103DBB2194640F60210A0472F4B1F
:10E5300000229A650023002240F2622140F262200C
:10E5400001F0ACF846E001F040FF0346012B43D157
:10E5500001F071FF40E0284802F032FA234B5B786B
:10E5600083F00103DBB2002B02D0002000F0BCFEE0
:10E57000224B1B68002B31D0204B1B68DB68002B23
:10E580002CD01E4B1B68DB68984727E0174B5B7845
:10E5900083F00103DBB2002B02D0002000F0A4FEC8
:10E5A000164B1B68002B1BD0144B1B681B69002BE0
:10E5B00016D0124B1B681B69984711E000BF10E092
:10E5C00000BF0EE000BF0CE000BF0AE000BF08E0A3
:10E5D00000BF06E000BF04E000BF02E000BF00E0B3
:10E5E00000BF00BF0837BD46B0BD00BFFCD0002053
:10E5F00029E000084DE0000870D10020F8D000208C
:10E6000080B500AF094B93F856300121184601F050
:10E61000E3FC074B2D214FF4D760984700F027FF0C
:10E62000044800F07DFE00BF80BD00BFFCD000208C
:10E6300029E00008FFFF0F0080B584B000AF03465B
:10E64000FB7197F90730184601F0EEFC0346FB73A7
:10E650000E2140F61F1001F0CBFBFB7B0121184679
:10E6600001F0BAFC00F0FAFE00BF1037BD4680BDD5
:10E6700080B489B000AFF860B9601346FB71002325
:10E68000FB770023BB610023BB6111E0BB69BA6863
:10E6900013441A78BB69B9680B44D243D2B21A70DA
:10E6A000BB69FA68134400221A70BB690133BB616D
:10E6B000FB79BA699A42E9DB0023BB6149E0BB6997
:10E6C0005A4203F0070302F0070258BF5342DBB27D
:10E6D000C3F10703FB75BB69002B00DA0733DB10BE
:10E6E000BB75BB6901335A4203F0070302F007020E
:10E6F00058BF5342DBB2C3F107037B75BB690133DB
:10E70000002B00DA0733DB103B75BB7DBA6813447E
:10E710001B781A46FB7D42FA03F3DBB203F00103D8
:10E72000FB74FA7FFB7C5340FB773B7DFA68134414
:10E730001B785AB2F97F7B7D01FA03F35BB2134376
:10E7400059B23B7DFA681344CAB21A70BB690133EF
:10E75000BB61FB79DB00BA699A42B0DB97F91F30E5
:10E76000DB015AB297F91F309B015BB213435BB2D6
:10E77000FA7F002A01D1202200E00022134359B27F
:10E78000FB79FA681344CAB21A7000BF2437BD4639
:10E7900080BC704780B58CB000AFB9607A603B60D8
:10E7A0000346FB730023BB6207F1200300221A60BB
:10E7B0005A6001F004FE7B68002B01D000233B600F
:10E7C0007B68002B14BF01230023DAB2A34B5A70DD
:10E7D000FB7B002B03D0012B00F0DC8095E1BB68B4
:10E7E0009B68002B03D0BB68DB68002B02D14FF085
:10E7F000FF338BE1BB689B7F082B02D94FF0FF33BF
:10E8000084E1BB681969BB689B7F1A4607F1200346
:10E81000184601F075FFBB681B68002B14BF01236D
:10E820000023DBB2184600F02BFE8C4B002283F84D
:10E830003820BB689B68894AD363BB6893F8202063
:10E84000864B83F84420BB685B68184601F0EAFCFD
:10E8500003461A46814B83F84520804B00229A7369
:10E86000BB68DB689BB2DB009AB27C4B1A82BB6848
:10E87000DA7F7A4B9A74BB689B7FDB00DAB2774B06
:10E88000DA74BB6893F82120744B1A75BB6893F84F
:10E890002230002B05D1BB685B69DAB26F4B9A75E9
:10E8A0000BE0BB6893F82230022B03D16B4BFF22A5
:10E8B0009A7502E0694BFF229A75BB6893F8243081
:10E8C000022B04D0BB6893F82230022B2DD1BB68F9
:10E8D00093F82330F12B0CD0BB6893F82330F22B44
:10E8E00007D0BB6893F82330012B02D04FF0FF33E1
:10E8F0000CE100233B77BB68BB61594B196807F1FA
:10E900001403584A184601F04DFD0346002B02D06F
:10E910004FF0FF33FAE0514B00221A764F4B0122A1
:10E92000DA754E4B00225A750EE0BB6893F823202F
:10E930004A4BDA75BB6893F82420484B1A76BB68BB
:10E9400093F82220454B5A75FFF76DFA0020FEF729
:10E9500009FC454801F038F8444801F003F907F193
:10E960002003184600F0C3FBBB689B8B184600F0E1
:10E970000DFCBB681B8B184600F0E8FB3B684FF4AE
:10E98000FA5203FB02F2BB689B68B2FBF3F3334A13
:10E990009360BAE0BB681B8E002B02D14FF0FF33AF
:10E9A000B4E0BB6893F83230012B04D1BB685B69DB
:10E9B00087F82F3002E0FF2387F82F30BB689B6A6F
:10E9C000002B14BF01230023DBB2184600F058FDD2
:10E9D0003B68DBB2184600F062FD204B012283F851
:10E9E0003820BB6893F82C201C4B83F85020BB6860
:10E9F00093F82D20194B83F85120BB6893F82E20F3
:10EA0000164B83F85220BB6893F82F30022B10D09E
:10EA1000022B2DDC002B02D0012B05D028E00F4B60
:10EA2000002283F8532024E00C4B012283F853206A
:10EA30001FE0BB6893F82C300B2B04D0BB6893F815
:10EA40002C300C2B04D1054B012283F8532010E00D
:10EA5000024B002283F853200BE000BFFCD00020C3
:10EA6000F8D0002070D1002034D100200AD100203D
:10EA700000BF284B01229A73BB681A8E254B9A83DC
:10EA8000BB6893F83220234B9A77224A97F82F30AD
:10EA9000D377BB6893F834201E4B83F82020BB68E3
:10EAA00093F835201B4B83F82120FFF7BCF9012098
:10EAB000FEF758FB184800F087FF184801F052F89D
:10EAC000144B93F82130012B0DD140F2367001F038
:10EAD000A3F9034623F00403DBB2194640F2367073
:10EAE00001F086F90CE040F2367001F095F903462A
:10EAF00043F00403DBB2194640F2367001F078F9B6
:10EB0000044B4FF6FF729A6000BFBB6A184630375D
:10EB1000BD4680BDFCD0002034D100200AD10020A9
:10EB200080B58EB000AFB9607B600346FB731346BF
:10EB3000BB7307F12C0300221A605A6001F03FFCFE
:10EB4000FB7B032B00F2058201A252F823F000BFE9
:10EB5000D5EC00081DEE000815EF000861EB000879
:10EB6000BB689B7C082B02D94FF0FF3306E2BB68E1
:10EB70009968BB689B7C1A4607F12C03184601F084
:10EB8000BFFDBB681B68002B02D14FF0FF33F5E1DE
:10EB9000BB681B6842F21072934213D8022387F8B5
:10EBA0003730994B03229A73974B032283F838200E
:10EBB000BB681B68944AD363BB68DA7C924B83F8CA
:10EBC000442017E0002387F837308F4B00229A73D8
:10EBD0008D4B002283F83820BB681B688A4AD363B8
:10EBE000BB68DA7C884B83F84420BB681B689B08B1
:10EBF000854A1364BB685B689BB2DB009AB2824BA8
:10EC00001A82814B04229A74BB689B7CDB00DAB2C7
:10EC10007D4BDA747C4B00221A75BB689B7D022BFE
:10EC200003D0BB681B7D022B2BD1BB685B7DF12B16
:10EC30000AD0BB685B7DF22B06D0BB685B7D012BE5
:10EC400002D04FF0FF3399E1BB683B62012387F8A4
:10EC500028306E4B196807F120036D4A184601F001
:10EC6000A1FB0346002B02D04FF0FF3386E1664B39
:10EC700000221A76644B0122DA75634B00225A7522
:10EC80000BE0BB685A7D604BDA75BB689A7D5E4BC2
:10EC90001A76BB681A7D5C4B5A75FFF7C4F897F873
:10ECA00037301846FEF75EFA5A4800F08DFE5A4893
:10ECB00000F058FF07F12C03184600F018FABB6863
:10ECC0001B8A184600F062FABB689B89184600F060
:10ECD0003DFA3FE1BB681B68002B02D14FF0FF33C8
:10ECE0004CE1BB689B7C082B02D94FF0FF3345E118
:10ECF000BB689968BB689B7C1A4607F12C031846D1
:10ED000001F0FEFC404B002283F83820BB681B68F2
:10ED10003D4AD363BB68DA7C3B4B83F84420BB6835
:10ED20009B69394A1364384B00229A73BB685B684D
:10ED30009BB2DB009AB2344B1A82334B04229A7492
:10ED4000BB689B7CDB00DAB22F4BDA742E4B0022BF
:10ED50001A75BB689B7D022B03D0BB681B7D022B01
:10ED60002AD1BB685B7DF12B0AD0BB685B7DF22B9F
:10ED700006D0BB685B7D012B02D04FF0FF33FDE076
:10ED800001233B77BB687B61204B196807F11403B3
:10ED90001F4A184601F006FB0346002B02D04FF035
:10EDA000FF33EBE0184B00221A76174B0122DA757D
:10EDB000154B00225A750BE0BB685A7D124BDA7571
:10EDC000BB689A7D104B1A76BB681A7D0E4B5A753C
:10EDD000FFF729F80020FEF7C5F90E4800F0F4FD12
:10EDE0000D4800F0BFFE07F12C03184600F07FF934
:10EDF000BB681B8A184600F0C9F9BB689B89184696
:10EE000000F0A4F9A6E000BFFCD00020F8D000205C
:10EE100058D1002034D100200AD10020594B0122C2
:10EE200083F83820BB681A78564B83F85020BB68AB
:10EE30005A78544B83F85120BB689A78514B83F829
:10EE40005220BB68DB78022B10D0022B20DC002B79
:10EE500002D0012B05D01BE04A4B002283F853203F
:10EE600017E0484B012283F8532012E0BB681B785F
:10EE70000B2B03D0BB681B780C2B04D1414B012218
:10EE800083F8532005E03F4B002283F8532000E035
:10EE900000BF3C4B01229A73BB689A88394B9A8316
:10EEA000BB689A79374B9A77BB68DA79354B83F828
:10EEB0002020BB681A7A334B83F82120FEF7B3FF7A
:10EEC0000120FEF74FF9304800F07EFD2F4800F09A
:10EED00049FE2C4B93F85130062B0DD140F689009A
:10EEE00000F09AFF034623F00403DBB2194640F614
:10EEF000890000F07DFF2DE040F6890000F08CFFD6
:10EF0000034643F00403DBB2194640F6890000F0E3
:10EF10006FFF1FE0BB681B68002B04D0BB681B6839
:10EF2000B3F57A7F02D94FF0FF3327E00320FEF7D5
:10EF300019F9144B022283F83820BB681B68114A68
:10EF40009364104B162283F84C200F4800F03CFDD0
:10EF500000E000BF97F90E30184601F065F803464F
:10EF60001A46084B83F85620064B93F8563018463D
:10EF700001F039FA034A7B6853600023184638379A
:10EF8000BD4680BDFCD0002034D100200AD1002035
:10EF900080B485B000AF78600123FB73FB7B18461B
:10EFA0001437BD4680BC704780B483B000AF786032
:10EFB0003960012318460C37BD4680BC70470000FD
:10EFC00080B584B000AF78607B68002B02D01D4A0A
:10EFD0007B681360F1F75CFD022001F001F91A4B28
:10EFE00000221A70002000F07FF9F5F715FB0346A8
:10EFF000012B0ED14021012000F08AFB002140F6B8
:10F00000111000F0F5FE7F233B73387B00F08DFA82
:10F0100009E00B2140F6111000F0EAFE0B2140F64A
:10F02000121000F0E5FE0E2140F61F1000F0E0FE89
:10F03000F5F7D6FA054B01221A7000BF1037BD460E
:10F0400080BD00BF94D1002090D1002088D1002045
:10F0500080B400AF024B1B781846BD4680BC704799
:10F0600088D1002080B582B000AF78600B46FB707D
:10F07000FB781A467968002000F026FF00BF0837A9
:10F08000BD4680BD80B586B000AFF860B96013465C
:10F09000FB710023FB7507F117031946B86800F0F0
:10F0A00029FEBB681B78FA799A4201D2012307E056
:10F0B000F87DBB681B781A46F96800F027FF00232B
:10F0C00018461837BD4680BD80B584B000AFF860E3
:10F0D0000B467A60FB72FB7A1946F868FFF7C2FFAD
:10F0E000786800F01DF900BF1037BD4680BD80B5BF
:10F0F00082B000AF7860082279684FF4D86000F0E1
:10F100009FFE002318460837BD4680BD80B584B0F9
:10F1100000AF0346FB80FB881B0A9BB2DBB23B734C
:10F12000FB88DBB27B7300F077FB0346002B08D132
:10F1300007F10C030222194640F2BC6000F080FE89
:10F1400000E000BF00BF1037BD4680BD80B584B071
:10F1500000AF0346FB80FB881B0A9BB2DBB23B730C
:10F16000FB88DBB27B7300F057FB0346002B08D112
:10F1700007F10C030222194640F2BE6000F060FE67
:10F1800000E000BF00BF1037BD4680BD80B584B031
:10F1900000AF0346FB800023FB7300F03DFB0346FA
:10F1A000002B21D14FF4D76000F036FE034623F048
:10F1B0000103FB73FB881B0A9BB25BB203F00103E4
:10F1C0005AB297F90F3013435BB2FB73FB7B1946BE
:10F1D0004FF4D76000F00CFEFB88DBB2194640F21A
:10F1E000B96000F005FE00E000BF00BF1037BD466B
:10F1F00080BD80B582B000AF00233B600023FB716F
:10F200000023BB7140F6E20000F006FE0346FB71EE
:10F21000FB7923F00103DBB2194640F6E20000F06F
:10F22000E7FD40F6E50000F0F7FD0346BB71BB7952
:10F2300003F07F03DBB2194640F6E50000F0D8FD8D
:10F240006FF07F4000F08CF83B460422194640F6F0
:10F25000190000F017FE002000F046F8FB7919466F
:10F2600040F6E20000F0C4FDBB79194640F6E50027
:10F2700000F0BEFD3B6818460837BD4680BD000063
:10F2800080B584B000AF38710020F5F7B0F90220E6
:10F2900000F0A6FF3B79C3F38003DBB25BB29B00B7
:10F2A0005AB23B79C3F34003DBB25BB25B005BB2A3
:10F2B00013435AB23B79C3F30003DBB25BB213438F
:10F2C0005BB2DBB2FB7307F10F0301221946842006
:10F2D00000F03EFE034B00221A7000BF1037BD46FF
:10F2E00080BD00BF88D1002080B582B000AF03464A
:10F2F000FB71FB1D01221946802000F029FEFB79DD
:10F30000002B03D1054B01221A7002E0034B0222AD
:10F310001A7000BF0837BD4680BD00BF88D10020ED
:10F3200080B584B000AF78600C4B04221A707B6803
:10F330001B0CDBB23B737B681B0ADBB27B737B6805
:10F34000DBB2BB7307F10C0303221946832000F0E4
:10F35000FFFD00BF1037BD4680BD00BF88D1002033
:10F3600080B584B000AF78600C4B05221A707B68C2
:10F370001B0CDBB23B737B681B0ADBB27B737B68C5
:10F38000DBB2BB7307F10C0303221946822000F0A5
:10F39000DFFD00BF1037BD4680BD00BF88D1002013
:10F3A00080B584B000AF78600E4B05221A709721AB
:10F3B00040F6AC0000F01CFD7B681B0CDBB23B731D
:10F3C0007B681B0ADBB27B737B68DBB2BB7307F124
:10F3D0000C0303221946822000F0BAFD00BF10374B
:10F3E000BD4680BD88D1002080B584B000AF786074
:10F3F00039607B681B0CDBB23B727B681B0ADBB29B
:10F400007B727B68DBB2BB723B681B0CDBB2FB72AE
:10F410003B681B0ADBB23B733B68DBB27B7307F1D3
:10F42000080306221946942000F092FD034B0622A1
:10F430001A7000BF1037BD4680BD00BF88D10020C4
:10F4400080B500AF00220021C52000F081FD024BF5
:10F4500007221A7000BF80BD88D1002080B500AFA0
:10F4600000220021D12000F073FD00BF80BD80B5D7
:10F4700000AF00220021D22000F06AFD00BF80BD55
:10F4800080B582B000AF0346FB71FB1D0122194617
:10F490009F2000F05DFD00BF0837BD4680BD80B5F0
:10F4A00084B000AF0346FB71FB1D01221946A0206A
:10F4B00000F04EFDFB793F2B1CD9FB795B08FB73F9
:10F4C0000023BB7300237B7305E0FB7B9B08FB736E
:10F4D000BB7B0133BB73FB7B1F2BF6D8FB7BDB00B5
:10F4E000DAB2BB7B13447B737B7B194640F2067018
:10F4F00000F07EFC00BF1037BD4680BD80B582B0F5
:10F5000000AFF5F790F80346012B02D10123FB7100
:10F5100001E00023FB71FB1D01221946962000F03B
:10F5200017FD00BF0837BD4680BD80B584B000AF71
:10F5300038713B79C3F38013DBB25BB29B015AB2E3
:10F540003B79C3F34013DBB25BB25B015BB21343A5
:10F550005AB23B79C3F30013DBB25BB21B015BB25F
:10F5600013435AB23B79C3F3C003DBB25BB2DB0097
:10F570005BB213435AB23B79C3F38003DBB25BB295
:10F580009B005BB213435AB23B79C3F34003DBB237
:10F590005BB25B005BB213435AB23B79C3F3000327
:10F5A000DBB25BB213435BB2DBB2FB7307F10F0359
:10F5B00001221946892000F0CBFC00BF1037BD4660
:10F5C00080BD000080B584B000AF78607B681D4AC4
:10F5D000934204D9E1233B73E9237B7327E07B68E3
:10F5E000194A934204D9D7233B73DB237B731EE074
:10F5F0007B68164A934204D9C1233B73C5237B73AE
:10F6000015E07B68124A934204D975233B7381232A
:10F610007B730CE07B680F4A934204D96B233B73E6
:10F620006F237B7303E029233B732B237B7307F149
:10F630000C0302221946982000F08AFC00BF103704
:10F64000BD4680BD00E9A43580F8A9328044E52D8F
:10F65000000B6B1B40FC541990B585B000AF0446FD
:10F66000084611461A462346FB710346BB710B46FA
:10F670007B7113463B71FB793B73BB797B737B7961
:10F68000BB733B79FB7307F10C03042219469520E9
:10F6900000F05EFC00BF1437BD4690BD90B585B04C
:10F6A00000AF0446084611461A462346FB8003462F
:10F6B000BB800B467B8013463B80FB881B0A9BB2BA
:10F6C000DBB23B72FB88DBB27B72BB881B0A9BB24E
:10F6D000DBB2BB72BB88DBB2FB727B881B0A9BB2BE
:10F6E000DBB23B737B88DBB27B733B881B0A9BB22C
:10F6F000DBB2BB733B88DBB2FB7307F10803082264
:10F700001946082000F024FC00BF1437BD4690BD08
:10F7100080B584B000AF03463960FB71FB7903F01C
:10F720000703DBB23B733B681B0CDBB27B733B68AC
:10F730001B0ADBB2BB733B68DBB2FB7307F10C0344
:10F7400004221946972000F003FC00BF1037BD4685
:10F7500080BD00002DE9B04384B000AF7860002385
:10F76000FB601D4B1B7883F00103DBB2002B05D03F
:10F770007868FFF727FF184B01221A707B68002278
:10F780001C4615464FEAD4194FEA4468134A4FF015
:10F79000000340464946F0F74BFD02460B46134630
:10F7A000FB60FB681B0EDBB23B72FB681B0CDBB221
:10F7B0007B72FB681B0ADBB2BB72FB68DBB2FB72BD
:10F7C00007F1080304221946862000F0C1FB00BFA0
:10F7D0001037BD46BDE8B08390D100200048E80155
:10F7E00080B582B000AF0346FB71FA79094B1A70FD
:10F7F000FB79002B04D1002140F2AC6000F0F8FA54
:10F80000FB1D012219468A2000F0A2FB00BF083729
:10F81000BD4680BD89D1002080B400AF024B1B786B
:10F820001846BD4680BC704789D1002080B584B0A1
:10F8300000AF0346FB710B46BB7113467B71FB792E
:10F84000012B49D10020F4F7F5FEF86097F9063056
:10F85000FA689A4201DAFB68BB71FB680E2B0ED185
:10F860000123012200210420FFF7F6FEBA79FB688C
:10F87000DBB2D31ADBB20E33DBB2BB711FE0FB6825
:10F880000A2B0ED10123012200210120FFF7E4FE03
:10F89000BA79FB68DBB2D31ADBB20D33DBB2BB71D2
:10F8A0000DE00123012200210720FFF7D5FEBA79E0
:10F8B000FB68DBB2D31ADBB20E33DBB2BB7197F954
:10F8C000063013F1110F01DAEF23BB71182140F656
:10F8D000E70000F08DFA67E040F6D80000F09CFAEF
:10F8E000034643F01E03DBB2194640F6D80000F091
:10F8F0007FFA0120F4F79EFEF86097F90630FA6867
:10F900009A4201DAFB68BB71FB68142B0ED101230C
:10F91000002205210320FFF79FFEBA79FB68DBB2C6
:10F92000D31ADBB21633DBB2BB7131E0FB68112BAB
:10F930000ED10123002203210220FFF78DFEBA79A8
:10F94000FB68DBB2D31ADBB21633DBB2BB711FE04C
:10F95000FB680E2B0ED10123002202210220FFF7AB
:10F960007BFEBA79FB68DBB2D31ADBB20E33DBB2B3
:10F97000BB710DE00123002207210420FFF76CFE7C
:10F98000BA79FB68DBB2D31ADBB21633DBB2BB71D8
:10F9900097F9063013F1090F01DAF723BB7138210B
:10F9A00040F6E70000F024FABB793B727B797B726A
:10F9B00007F10803022219468E2000F0C9FA00BFA1
:10F9C0001037BD4680BD00002DE9B04386B000AFC2
:10F9D000786000237B6107F1080300221A605A60F7
:10F9E0007B681A785C4B1B789A4204D07B681B7842
:10F9F0001846FFF7F5FE7B681B78032B00F2A58005
:10FA000001A252F823F000BF19FA0008D9FA000841
:10FA10009BFA000807FB00080823FB747B685B68FF
:10FA20004E4AB2FBF3F37B617B691B0CDBB23B728A
:10FA30007B691B0ADBB27B727B69DBB2BB727B68C2
:10FA40001B7BFB727B685B7B3B737B689B68002244
:10FA50001C4615464FEAD4194FEA4468404A4FF015
:10FA6000000340464946F0F7E3FB02460B461346C7
:10FA70007B617B691B0CDBB27B737B691B0ADBB28E
:10FA8000BB737B69DBB2FB73FB7C9AB207F10803A3
:10FA900019468B2000F05CFA58E00423FB747B6865
:10FAA0001B692E4AB2FBF3F37B617B691B0CDBB253
:10FAB0003B727B691B0ADBB27B727B69DBB2BB7278
:10FAC0007B681B7DFB72FB7C9AB207F10803194629
:10FAD0008B2000F03DFA39E00423FB747B681B7E29
:10FAE0003B727B685B7E7B727B689B7EBB727B68B4
:10FAF000DB7EFB72FB7C9AB207F1080319468B2070
:10FB000000F026FA22E00523FB747B685B68134A49
:10FB1000B2FBF3F37B617B691B0CDBB23B727B694D
:10FB20001B0ADBB27B727B69DBB2BB727B681B7B1F
:10FB3000FB727B685B7B3B73FB7C9AB207F108032B
:10FB400019468B2000F004FA00E000BF00BF183710
:10FB5000BD46BDE8B08300BF89D100200000093D4B
:10FB60000048E80180B586B000AF78600023BB751F
:10FB700007F10C0300221A605A601A727B681A7827
:10FB8000444B1B789A4204D07B681B781846FFF7D9
:10FB900027FE7B681B78032B78D801A252F823F04C
:10FBA000B1FB000841FC000835FC0008B1FB00086F
:10FBB0007B685B7AF12B0AD14FF6FF70FFF7A6FA4C
:10FBC00048F20500FFF7C2FA0223BB7511E07B681B
:10FBD0005B7AF22B0AD141F60F50FFF797FA41F208
:10FBE0002100FFF7B3FA0623BB7502E07B685B7A5E
:10FBF000BB750923FB757B685B881B0A9BB2DBB274
:10FC00003B737B685B88DBB27B737B681B79BB7360
:10FC10007B685B79FB737B689B793B747B68DB79E2
:10FC20007B747B681B7ABB74BB7DFB747B689B7A9F
:10FC30003B7522E00123FB757B681B7B3B731CE05B
:10FC40000623FB757B68DB891B0A9BB2DBB23B7327
:10FC50007B68DB89DBB27B737B681A7C0E4B1146B9
:10FC600019701346BB737B685B7CFB737B689B7C62
:10FC70003B747B68DB7C7B7400BFFB7D9AB207F131
:10FC80000C0319468C2000F063F900E000BF183720
:10FC9000BD4680BD89D100208AD1002080B584B0C6
:10FCA00000AF03460A46FB711346BB71FB793B73F9
:10FCB000BB797B7307F10C03022219468F2000F0F9
:10FCC00047F900BF1037BD4680BD80B582B000AF98
:10FCD0000023FB713B1D01221946152000F05AF943
:10FCE0003B795B425B10FB7197F907301846083788
:10FCF000BD4680BD80B584B000AF7860396007F143
:10FD00000C0302221946132000F044F9FFF784FD8A
:10FD10000346012B0DD10C4B1B78DBB2012B08D114
:10FD200040F2027000F078F803461A467B681A70B9
:10FD300002E03A7B7B681A707A7B3B681A7000BFDE
:10FD40001037BD4680BD00BF8AD1002080B584B089
:10FD500000AF786007F10C0303221946142000F06D
:10FD600019F9FFF759FD03461A467B681A707B683C
:10FD70001B78002B02D0012B13D02AE03A7B7B6842
:10FD80001A717B7B5B425B105AB27B689A71BB7BBA
:10FD90005B425B105AB27B685A717B6800229A60A2
:10FDA00020E03B7B5B425B105AB27B681A737B7B23
:10FDB0005BB202339B105AB27B685A73BB7B5B42C7
:10FDC0005B105AB27B689A73084B1A687B681A6199
:10FDD00008E014220021786800F0B1FC7B680F2253
:10FDE0001A7000BF00BF1037BD4680BD8CD1002007
:10FDF00080B582B000AF03460A46FB8013467B7194
:10FE00007A1DF98801230348F7F708FB00BF08377C
:10FE1000BD4680BDCC04002080B584B000AF034651
:10FE2000FB8007F10F02F98801230448F7F755FB1F
:10FE3000FB7B18461037BD4680BD00BFCC040020B8
:10FE400080B586B000AF03463960FB801346BB80A7
:10FE5000EFF31083FB60FB687B6172B600BFBB8869
:10FE6000F9883A680648F7F7D9FA7B693B613B693C
:10FE700083F3108800BF00BF1837BD4680BD00BFA8
:10FE8000CC04002080B586B000AF03463960FB800B
:10FE90001346BB80EFF31083FB60FB687B6172B697
:10FEA00000BFBB88F9883A680648F7F716FB7B69FC
:10FEB0003B613B6983F3108800BF00BF1837BD4624
:10FEC00080BD00BFCC04002080B586B000AF0346E3
:10FED0003960FB711346BB71EFF31083FB60FB6865
:10FEE0007B6172B600BFBB799BB2F9793A6806486C
:10FEF000F7F707FC7B693B613B6983F3108800BF20
:10FF000000BF1837BD4680BDCC04002080B586B048
:10FF100000AF03463960FB711346BB71EFF31083EA
:10FF2000FB60FB687B6172B600BFBB799BB2F9795D
:10FF30003A680648F7F738FC7B693B613B6983F315
:10FF4000108800BF00BF1837BD4680BDCC0400201C
:10FF500080B586B000AF03463960FB711346BB80A5
:10FF6000EFF31083FB60FB687B6172B600BFBB8858
:10FF7000F9793A680648F7F711FB7B693B613B6901
:10FF800083F3108800BF00BF1837BD4680BD00BF97
:10FF9000CC04002080B586B000AF03463960FB7109
:10FFA0001346BB80EFF31083FB60FB687B6172B686
:10FFB00000BFBB88F9793A680648F7F74EFB7B69C2
:10FFC0003B613B6983F3108800BF00BF1837BD4613
:10FFD00080BD00BFCC04002080B584B000AF0346D4
:10FFE0000A46FB711346BB710123FB73BB79012BDE
:10FFF0000DD1FB79012B04D10223FB73042000F007
:020000040801F1
:10000000EFF8FB79022B07D10323FB7304E0BB79E4
:10001000002B01D10123FB73FB7B1846F4F7E7FAB1
:1000200000BF1037BD4680BD80B584B000AF034629
:10003000FB710123FB73F4F7E8FAB860BB68022B8D
:1000400016D0BB68022B16DCBB68002B03D0BB6844
:10005000012B0AD00FE097F907300F2B02DD0223A6
:10006000FB7309E00123FB7306E00123FB7303E04C
:100070000223FB7300E000BF97F90710FB7B02220D
:100080001846FFF7D3FBFB7B18461037BD4680BDF3
:1000900080B400AF01231846BD4680BC7047000005
:1000A00080B582B000AF7860034B1B680120984791
:1000B00000BF0837BD4680BD94D1002080B582B016
:1000C00000AF7860034B1B680220984700BF0837D9
:1000D000BD4680BD94D1002080B582B000AF78606D
:1000E000034B1B684020984700BF0837BD4680BDC2
:1000F00094D1002080B582B000AF78600B46FB70D1
:10010000FB78002B02D0012B05D00AE0074B1B68BF
:100110008020984705E0054B1B684FF48070984796
:1001200000BF00BF0837BD4680BD00BF94D100208E
:1001300080B582B000AF7860044B1B684FF400704C
:10014000984700BF0837BD4680BD00BF94D100204E
:1001500080B582B000AF7860034B1B6820209847C1
:1001600000BF0837BD4680BD94D1002080B582B065
:1001700000AF7860034B1B680420984700BF083726
:10018000BD4680BD94D1002080B582B000AF7860BC
:10019000034B1B680820984700BF0837BD4680BD49
:1001A00094D1002080B582B000AF7860034B1B680B
:1001B0001020984700BF0837BD4680BD94D100206D
:1001C00080B582B000AF7860044B1B684FF480406C
:1001D000984700BF0837BD4680BD00BF94D10020BE
:1001E00080B584B000AF0346FB71F4F71CFA0346F8
:1001F000012B12D140F62310FFF70EFE0346FB73CE
:10020000FB7B23F00603FB73FA7BFB791343DBB222
:10021000194640F62310FFF7EBFD00BF1037BD462F
:1002200080BD000080B485B000AF78607B68002B93
:1002300001D11F2317E00023FB730FE0FB7B0C4A67
:1002400052F833307A689A4205D2FB7B084ADB00C9
:1002500013441B7907E0FB7B0133FB73FB7B152BFE
:10026000ECD900BFFDE718461437BD4680BC704787
:10027000303B010880B58AB000AF78603960354BFB
:10028000FB6040F60700FFF7C7FD0346FB77FB7FE7
:10029000DB08DBB203F0030328333B4413F81C3CB8
:1002A000BB77FB7F03F007037B77BA7F7B7F01334C
:1002B00002FA03F31A46284BB3FBF2F3BB61BA69A7
:1002C0007B68B2FBF3F37B61012387F8273097F853
:1002D00027307A6902FB03F3072B02D8022387F841
:1002E000273097F827307A6902FB03F3032B02D8F3
:1002F000042387F8273097F82720BB6902FB03F314
:100300003B614FF4D660FFF787FD03461B0203F401
:1003100070633B6240F2B160FFF77EFD03461A4610
:100320003B6A13433B623B6A03F40063002B05D036
:100330003B6A6FEA03536FEA13533B623B695B0905
:100340003A6A02FB03F3DA113B681A6000BF2837F0
:10035000BD4680BD04080A0C0048E80180B487B09F
:1003600000AF0346B9607A60FB8100237B614FF0E8
:10037000FF337B617B6918461C37BD4680BC7047E4
:1003800080B487B000AF0346B9607A60FB73002386
:100390007B614FF0FF337B617B6918461C37BD469C
:1003A00080BC704780B485B000AFF860B9607A60F7
:1003B0004FF0FF3318461437BD4680BC704780B4F9
:1003C00000AF00BFBD4680BC704780B400AF0023C3
:1003D0001846BD4680BC704780B400AF0023184665
:1003E000BD4680BC704780B483B000AF0346FB714C
:1003F00000BF0C37BD4680BC704780B487B000AFEB
:10040000F8600B467A60FB724FF0FF337B617B69CB
:1004100018461C37BD4680BC704780B400AF4FF013
:10042000FF331846BD4680BC704780B400AF00BFA4
:10043000BD4680BC704780B400AF00BFBD4680BCE5
:10044000704780B483B000AF0346FB7100BF0C3728
:10045000BD4680BC7047000080B500AF1822002167
:10046000074800F06CF94FF400720021054800F0D5
:1004700066F9054B1B68054898470346184680BD3A
:1004800098D10020B0D10020F8340108CD04010833
:1004900080B483B000AF7860034A7B68536000BFCC
:1004A0000C37BD4680BC704798D1002080B483B023
:1004B00000AF0346FB71044AFB79137200BF0C378F
:1004C000BD4680BC704700BF98D1002080B588B081
:1004D00000AF78600023FB61EFF310837B617B69E1
:1004E000BB6172B600BF3C4B9B78022B06D13A4BE6
:1004F00000229A70384B00221A820AE0364B1A8A80
:10050000354B9B8A13449BB2C3F308039AB2324B18
:100510001A82314B1A8A304B5B8A9A424DD02E4B4D
:10052000DB8A012B49D12C4B9B78012B17D12A4B0D
:100530001A88294B1B8AD31A9AB2274B9A82264BC8
:1005400002229A70244B00221A80234B9B8A002B94
:1005500005D1214B00229A701F4B00221A821E4B9C
:100560009B78002B15D11C4B5A8A1B4B1B8A9A4235
:1005700008D9194B5A8A184B1B8AD31A9AB2164BB0
:100580009A8206E0144B1B8AC3F500739AB2124B91
:100590009A82114B1B8A1A46104B1344FB61BB69AC
:1005A0003B613B6983F3108800BF0D4BDB680A4A4F
:1005B000928A1146F86998470AE0BB69FB60FB68BC
:1005C00083F3108800BFF0F7DBFA00F00BF800BFF0
:1005D00000BF2037BD4680BD98D10020B0D100209B
:1005E000F834010880B485B000AFEFF310837B606E
:1005F0007B68FB6072B600BF084BDB8A013B9AB296
:10060000064BDA82FB68BB60BB6883F3108800BFCF
:1006100000BF1437BD4680BC704700BF98D1002092
:1006200080B400AF044B00221A60044B00221A6011
:1006300000BFBD4680BC7047B0D30020B4D30020BB
:1006400080B487B000AF78600B46FB70EFF3108387
:100650003B613B697B6172B600BFFB78002B08D021
:10066000012B0ED10D4B1A687B6813430B4A1360A4
:1006700008E07B68DA43094B1B681340074A1360A4
:1006800000E000BF7B69FB60FB6883F3108800BF5C
:1006900000BF1C37BD4680BC704700BFB0D30020F0
:1006A00080B487B000AF78600B46FB70EFF3108327
:1006B0003B613B697B6172B600BFFB78002B08D0C1
:1006C000012B0ED10D4B1A687B6813430B4A136044
:1006D00008E07B68DA43094B1B681340074A136044
:1006E00000E000BF7B69FB60FB6883F3108800BFFC
:1006F00000BF1C37BD4680BC704700BFB4D300208C
:1007000080B487B000AFF860B9601346FB80FB6827
:100710007B61BB683B6107E03A69531C3B617B69C5
:10072000591C796112781A70FB885A1EFA80002BC6
:10073000F2D100BF00BF1C37BD4680BC704780B4FB
:1007400085B000AF78600B46FB7013463B807B683A
:10075000FB6004E0FB685A1CFA60FA781A703B8868
:100760005A1E3A80002BF5D100BF00BF1437BD469A
:1007700080BC704782B080B487B000AFF860381D8D
:1007800080E806007B6200233B610023BB827A681D
:100790007B6A13443B61B7F908309AB2B7F9283045
:1007A0009BB213449BB21BB2BB82B7F91430B3F5B2
:1007B0007A7F0ADB3B6901333B61B7F914309BB2A6
:1007C000A3F57A739BB21BB2BB82FB681A4607F192
:1007D000100393E8030082E80300F8681C37BD4665
:1007E00080BC02B07047000080B58AB002AF78606C
:1007F0000023BB610023BB8300233B610023BB823A
:10080000144B1B6907F1180204321046984703463F
:10081000BB61104BDB68984703461BB2BB810D4B95
:100820005B6898470346BB6007F11000FB690093C3
:10083000BB6907F1080206CAFFF79CFF7B681A46EE
:1008400007F1100393E8030082E80300786820377B
:10085000BD4680BDE434010880B500AF044B0022E2
:100860001A60044B1B6898470346184680BD00BFBA
:10087000B8D30020B834010880B584B000AFF86068
:10088000B9603B601346FB71FB68002B23D03B68CB
:10089000002B20D0FB6800221A60114B5B6AB868FD
:1008A00098470246FB685A60FB6800221A72FB6890
:1008B00000225A72FB6800229A72FB683A68DA607A
:1008C000FB68BA691A61FB68FA79DA72FB68002280
:1008D0005A61002300E0012318461037BD4680BD51
:1008E000B834010880B58AB000AF7860002387F87B
:1008F00027307B68002B56D0786800F0A9F90346B2
:1009000083F00103DBB2002B4DD07B685B7A002BB8
:1009100049D1EFF310833B613B69FB6172B600BFC5
:100920007B685B683B62244B1B6A9847B8613A6AF4
:10093000BB699A4201D2BB693B627B683A6A1A6022
:100940007B6800221A727B6801225A727B6800223F
:100950009A721A4B1B68002B06D1174B1B699847DC
:10096000786800F0EBF917E0134B9B6998477861C2
:100970007B681A687B691A447B681A607B681A680E
:100980000E4B1B681B689A4203D2786800F0D6F9B8
:1009900002E0786800F0A2F9FB69FB60FB6883F372
:1009A000108800BF02E0012387F8273097F827302E
:1009B00018462837BD4680BDB8340108B8D300209A
:1009C00080B588B000AF78600023FB777B68002B90
:1009D0005BD0EFF31083FB60FB683B6172B600BF36
:1009E0002D4B1B68BB612C4B1B687B617B68012214
:1009F0009A72294B1B68002B41D07B6800225A72E7
:100A0000254B1B687A689A4234D1234B1B6800221D
:100A10001A72214B1B685B69002B0AD01E4B1B68A6
:100A20005B691D4A13601C4B1B68184600F02CF9CB
:100A300023E01A4BDB689847174B00221A601CE032
:100A40007A697B689A4210D17B695B69002B06D07A
:100A50007B695B697B61BB697A695A610DE0002340
:100A60007B61BB697A695A6107E07B69BB617B691D
:100A70005B697B617B69002BE2D10023FB773B69DB
:100A8000BB60BB6883F3108801E00123FB77FB7F29
:100A900018462037BD4680BDB8D30020B8340108C1
:100AA00080B584B000AF786039600023FB737B6849
:100AB000002B02D10123FB7314E00D4B5B6A3868F5
:100AC000984702467B685A60786800F0C1F8034690
:100AD000002B07D07868FFF773FF7868FFF702FFF5
:100AE0000346FB73FB7B18461037BD4680BD00BF35
:100AF000B834010890B589B000AFEFF31083BB6044
:100B0000BB68BB6172B600BF384B5B6998477861C0
:100B1000364B1B69984738613A697B69D31AFB6089
:100B2000334B1B68002B37D0314B1B68FB61FB69D3
:100B30001B68FA689A4206D2FB691A68FB68D21AE7
:100B4000FB691A6002E0FB6900221A60FB695B69BD
:100B5000FB61FB69002BEAD11EE0254B1B68FB61A2
:100B6000234B1B685B69224A1360FB6900221A72DF
:100B7000FB6900225A72FB69DB68FA691269104648
:100B80009847FB69DB7A012B06D1FB699B7A002B26
:100B900002D1F869FFF7A6FE154B1B68002B0DD09C
:100BA000134B1B681B68002BD7D0114B1B681C68AC
:100BB0000E4B9B69984703469C42CED30C4B1B6857
:100BC000002B09D00A4B1B681B7A002B04D1084B61
:100BD0001B68184600F058F8BB697B607B6883F39C
:100BE000108800BF00BF2437BD4690BDB83401084F
:100BF000B8D3002080B582B000AF064BDB699847C0
:100C00007860044B9B6A7868984703461846083713
:100C1000BD4680BDB834010880B584B000AF7860AF
:100C20000A4BDB699847F860084B5B6A786898471D
:100C3000B860064B9B6AF968BA688A1A10469847EA
:100C4000034618461037BD4680BD00BFB8340108C2
:100C500080B485B000AF78600A4B1B68FB6008E089
:100C6000FA687B689A4201D1012306E0FB685B6960
:100C7000FB60FB68002BF3D1002318461437BD46F8
:100C800080BC7047B8D3002090B585B000AF7860C5
:100C9000114B1B6A9847F8607B6801221A727B68C7
:100CA0001C680D4B9B6998470246FB6813449C42A5
:100CB00007D2094B9B6998470246FB681A447B6838
:100CC0001A60054B9B687A6812681046984700BF07
:100CD0001437BD4690BD00BFB834010880B485B05C
:100CE00000AF7860144B1B68FB60134B1B685B699B
:100CF000BB6012E07B681A68BB681B689A4205D922
:100D0000BB68FB60BB685B69BB6006E0FB687A6838
:100D10005A617B68BA685A6109E0FB685B69002B1D
:100D2000E8D1FB687A685A617B6800225A611437FF
:100D3000BD4680BC704700BFB8D3002080B584B0EA
:100D400000AF78600B4B1B68FB60FB68002B02D088
:100D5000FB6800221A727B68FA685A61054A7B6850
:100D60001360044B1B681846FFF78EFF00BF103757
:100D7000BD4680BDB8D3002080B485B000AF786098
:100D80000023FB600EE0FA6813469B0013445B00EF
:100D900018467B681B68591C7A6811601B780344ED
:100DA000303BFB607B681B681B782F2B04D97B686A
:100DB0001B681B78392BE6D9FB6818461437BD46EB
:100DC00080BC704780B499B000AFF860B9607A60B9
:100DD0003B60714B1B68BB653B6F03F04003002B0E
:100DE00002D06E4B1B68BB653B68012B02DD3B6884
:100DF000242B01DD0023CAE03B6F03F00103002B2D
:100E000001D0302300E0202387F85330002387F8F7
:100E10005F303B6F03F00203002B0BD07B68002B8D
:100E200008DA2D2387F85F307B685B427B60BB6EFE
:100E3000013BBB6600237B657B68002B1ED17B6D6D
:100E40005A1C7A6560333B44302203F8502C18E07A
:100E50007B683A68B3FBF2F101FB02F29B1ABA6DB0
:100E60001A447B6D591C7965127860333B4403F852
:100E7000502C7A683B68B2FBF3F37B607B68002BF5
:100E8000E6D17A6DFB6E9A4201DD7B6DFB66BA6E30
:100E9000FB6ED31ABB663B6F03F00103002B12D12C
:100EA0000CE0FB685A1CFA6020221A70BB68013BF8
:100EB000BB60BB68002B01D1FB6868E0BB6E5A1EAB
:100EC000BA66002BEDDC97F85F30002B1BD0FB6877
:100ED0005A1CFA6097F85F201A70BB68013BBB6030
:100EE000BB68002B0FD1FB6851E0FB685A1CFA600D
:100EF00097F853201A70BB68013BBB60BB68002B9E
:100F000001D1FB6843E0BB6E5A1EBA66002BECDCD5
:100F10000CE0FB685A1CFA6030221A70BB68013B77
:100F2000BB60BB68002B01D1FB6830E0FB6E5A1E32
:100F3000FA667A6D9A42ECDB10E0FB685A1CFA60A4
:100F400007F110017A6D0A4412781A70BB68013BF0
:100F5000BB60BB68002B01D1FB6818E07B6D5A1E9B
:100F60007A65002BE9DC0CE0FB685A1CFA60202251
:100F70001A70BB68013BBB60BB68002B01D1FB68EA
:100F800005E0BB6E5A1EBA66002BEDDCFB68184606
:100F90006437BD4680BC704710000020140000205C
:100FA00080B592B004AFF860B9607A603B60BB680E
:100FB000002B01DC00233EE1FB68FB6228E1FA6ABA
:100FC000FB68D21ABB68013B9A4280F22E817B6893
:100FD0001B78252B06D07A68FB6A591CF9621278B7
:100FE0001A7012E100233B627B6801337B607B68EF
:100FF0001B78302B03D13B6A43F001033B624FF077
:10100000FF33FB617B681B782F2B08D97B681B782B
:10101000392B04D83B1D1846FFF7AEFEF8614FF0A0
:10102000FF33BB614FF0FF337B610A233B637B6877
:101030001B78583B202B00F2948001A252F823F039
:101040004B110108631101086311010863110108C4
:10105000631101086311010863110108631101089C
:10106000631101086311010863110108CF10010821
:101070005911010863110108631101086311010886
:101080006311010859110108631101086311010876
:10109000631101086311010863110108631101085C
:1010A000631101086311010863110108EF100108C1
:1010B00063110108AF1101086311010863110108F0
:1010C00053110108FB6A5A1CFA6220221A70FB694C
:1010D000013BFB61FB69002BF4DC3B681A1D3A60A5
:1010E0001968FB6A5A1CFA62CAB21A708DE03B6832
:1010F0001A1D3A601B687B627B6A002B01D1504B42
:101100007B62786AEFF73CF803463B6104E0FB6AD8
:101110005A1CFA6220221A70FB695A1EFA613A6957
:101120009A42F4DB0023BB620AE07A6A531C7B62BA
:10113000FB6A591CF96212781A70BB6A0133BB62F0
:10114000BA6A3B699A42F0DB5FE03B6A43F04003D6
:101150003B6210233B632BE03B6A43F002033B629C
:1011600025E07B681B78252B04D0FB6A5A1CFA62A9
:1011700025221A70FA6AFB68D21ABB68013B9A42B0
:1011800016DA7B681B78002B06D07A68FB6A591C3C
:10119000F96212781A7002E07B68013B7B60FA6AA0
:1011A000FB68D21ABB68013B9A422DDB00E000BF0E
:1011B0007B696C2B05D13B681A1D3A601B687B6309
:1011C0000FE03B6A03F00203002B05D03B681A1DB9
:1011D0003A601B687B6304E03B681A1D3A601B6839
:1011E0007B63BB685A1EF96AFB68CB1AD11A7A6B0B
:1011F0003B6A0293BB690193FB6900933B6BF86AFE
:10120000FFF7E0FDF86200E000BF7B6801337B6020
:101210007B681B78002B7FF4D2AEFA6AFB68D21A87
:10122000BB68013B9A42BFF6CAAEFB6A00221A7045
:10123000FA6AFB68D31A18463837BD4680BD00BF2E
:1012400080340108024B0146186800F025B800BF41
:101250002400002070B50F4E0C463168054611B9C8
:1012600000F048FB30602146284600F043FB431C59
:1012700003D14FF0FF34204670BDC41C24F003049A
:10128000A042F8D0211A284600F034FB0130F2D1F8
:10129000EFE700BFBCD300202DE9F843CD1C25F0BB
:1012A000030508350C2D38BF0C25002D064601DB43
:1012B000A94204D90C2333600020BDE8F883DFF88D
:1012C000D48000F069F8D8F800301C4644BB2946A9
:1012D0003046FFF7BFFF431C044658D1D8F8004002
:1012E0002746002F43D1002C4BD023683946304687
:1012F00004EB030900F0FEFA814542D121686D1A22
:1013000029463046FFF7A6FF01303AD023682B4428
:101310002360D8F800305A6862BBC8F800700FE04C
:101320002268521B20D40B2A17D96119A3422560C9
:1013300018BF5960636808BFC8F8001062514B605D
:10134000304600F02FF804F10B00231D20F00700B9
:10135000C21A1CBF1B1AA350AFE76268A3420CBF9E
:10136000C8F800205A60EBE723466468AEE73C46C5
:101370007F68B6E71A465B68A342FBD1002353603F
:10138000DEE70C233360304600F00CF894E705608C
:10139000D6E700BFC0D30020014800F0F8BA00BF74
:1013A00004D50020014800F0F3BA00BF04D50020A6
:1013B00038B5104B1D682A6B0446B2B91820FFF7E8
:1013C00041FF0246286320B90B4B0C48462100F030
:1013D000EFFA0B490B4BC0E900130B4B83600B2357
:1013E000838100210120C2E90401002314615361BB
:1013F00038BD00BF24000020E03B0108F73B010896
:101400000E33CDAB34126DE6ECDE0500164B10B595
:101410001C68226BB2B91820FFF714FF0246206344
:1014200020B9124B1248522100F0C2FA1149124B56
:10143000C0E90013114B83600B238381002101203D
:10144000C2E9040113690E4854690E49584301FB6F
:101450000400A3FB0131013340EB0100C2E9043079
:1014600020F0004010BD00BF24000020E03B010838
:10147000F73B01080E33CDAB34126DE6ECDE050010
:101480002DF451582D7F954C002310B50446C0E92A
:101490000033C0E90433836081814366C281836184
:1014A000194608225C3000F047F90D4B63620D4B82
:1014B000A3620D4BE3620D4B23630D4B24629C42F0
:1014C00006D003F16802944202D0D0339C4205D189
:1014D00004F15800BDE8104000F058BA10BD00BF3C
:1014E000AD160108D31601080B17010831170108C2
:1014F000C4D30020024A0349034800F06BB800BF80
:10150000180000209D2701082800002041680C4B8E
:10151000994210B5044601D001F040F9A168094B89
:10152000994202D0204601F039F9E168064B994210
:1015300004D02046BDE8104001F030B910BD00BF16
:10154000C4D300202CD4002094D400200C4B0D4A8E
:101550000D4810B504211A600022FFF795FF0A4BD1
:1015600001221C46092103F16800FFF78DFF04F1F9
:10157000D0000222BDE810401221FFF785BF00BF56
:10158000FCD40020F5140108C4D30020014800F069
:10159000FEB900BF05D50020014800F0F9B900BF31
:1015A00005D5002010B50446FFF7F0FF236A1BB1F4
:1015B000BDE81040FFF7F0BF044B2362044B1B68EB
:1015C000002BF5D1FFF7C2FFF2E700BF0D150108B0
:1015D000FCD400202DE9F84307468846144600262F
:1015E000D4E90195B9F1010905D52468002CF7D19A
:1015F0003046BDE8F883AB89012B07D9B5F90E3029
:10160000013303D029463846C04706436835E9E729
:101610000EB410B59DB01FAB029006906FF0004164
:101620000A48079104910A4953F8042B05910024B4
:1016300002A9006801931B9400F082FA029B1C70BF
:101640001DB0BDE8104003B0704700BF240000206B
:101650000802FFFF0EB470B59DB021AC00254FF419
:10166000017254F8046BADF814201B95029006909B
:10167000EEF786FD0B4B039007900B480B934FF64C
:10168000FF73ADF816303246234602A900680F9565
:101690001495019400F0A6FB1DB0BDE8704003B0A6
:1016A000704700BFCF1601082400002010B50C467B
:1016B000B1F90E1000F00CF90028ABBF636DA389DF
:1016C0001B1823F48053ACBF6365A38110BD0020B9
:1016D00070472DE9F0411F468B89DB0505460C4616
:1016E000164605D5B1F90E100223002200F0DEF8EF
:1016F000A389B4F90E1023F48053A38132463B46EC
:101700002846BDE8F04100F005B910B50C46B1F926
:101710000E1000F0CBF8B4F90C30421C0BBF23F4D0
:10172000805343F48053A381A38118BF606510BD2B
:10173000B1F90E1000F04CB802440346934200D1B8
:10174000704703F8011BF9E7C9B20346184613F8BE
:10175000012B12B18A42F9D17047002918BF00202D
:101760007047000070B50E4E05460A44914201D103
:10177000002013E015F8013B11F8014BF05C00F07C
:1017800003000128305D00F0030008BF203301286A
:1017900008BF2034181B01D1002CE7D170BD00BF59
:1017A000DA3C01080A7870B56AB970BD9A4209D16D
:1017B0000C46054614F8013F002BF6D015F8016FD2
:1017C0009E42F7D001300378002BEFD11846ECE7AA
:1017D00038B5064D0023044608462B60EFF77DFA26
:1017E000431C02D12B6803B1236038BD00D5002013
:1017F0002D4B1B68834270B5044653D0C3691BB39D
:10180000DB6863B10025E369DB685959B1B9043578
:10181000802DF8D1E3692046D96800F0E7F8E36944
:10182000196811B1204600F0E1F8E3699D685DB1E7
:10183000294620462D6800F0D9F8F8E70E682046C2
:1018400000F0D4F83146E1E7616911B1204600F0BB
:10185000CDF8E16911B1204600F0C8F8216B11B153
:10186000204600F0C3F8616B11B1204600F0BEF8CD
:10187000A16B11B1204600F0B9F8A16C11B120465E
:1018800000F0B4F8616C11B1204600F0AFF8E16AE5
:1018900011B1204600F0AAF8236A1BB12046BDE82A
:1018A0007040184770BD00BF2400002038B5074DB8
:1018B00004460846114600222A601A46EFF731FA1C
:1018C000431C02D12B6803B1236038BD00D5002032
:1018D00038B5074D04460846114600222A601A46CC
:1018E000EFF7C2F9431C02D12B6803B1236038BD66
:1018F00000D5002038B5064D0023044608462B606D
:10190000EFF71CFA431C02D12B6803B1236038BDEA
:1019100000D5002038B5074D044608461146002280
:101920002A601A46EFF7BDF9431C02D12B6803B1B8
:10193000236038BD00D50020014B1868704700BFF8
:101940002400002070B50D4B0D4D5B1B9C10002634
:10195000A64209D101F0A4FB0A4D0B4B5B1B9C1066
:101960000026A64205D170BD55F8043B98470136C4
:10197000EEE755F8043B98470136F2E7E43D0108ED
:10198000E43D0108E43D0108E83D01087047704767
:1019900070470A44914200F1FF3300D1704710B5FF
:1019A00011F8014B03F8014F9142F9D110BD00002D
:1019B0001FB514461A46094B1B680546D8684CB13A
:1019C000074B0091CDE9013406492B4600F00EFF8C
:1019D00000F0AAFF044B1C46F3E700BF24000020E0
:1019E0004F3C01085C3C01088A3C010838B50546BB
:1019F000002941D051F8043C0C1F002BB8BFE4185B
:101A0000FFF7CAFC1D4A136833B9636014602846A7
:101A1000BDE83840FFF7C6BCA34208D920682118AA
:101A20008B4201BF19685B6809182160EDE71A460F
:101A30005B680BB1A342FAD911685018A0420BD1D0
:101A400020680144501883421160E0D118685B6837
:101A5000536008441060DAE702D90C232B60D6E704
:101A6000206821188B4204BF19685B68636004BF5B
:101A7000091821605460CAE738BD00BFC0D30020F8
:101A80002DE9F0478E681F46BE4282460C469046BE
:101A9000334653D8B1F90C0010F4906F2BD0656920
:101AA0002368096905EB4505A3EB010905EBD5752D
:101AB0007B1C6D104B44AB422A4684BF1D462A4610
:101AC000430527D511465046FFF7E6FB064658B3B7
:101AD00021694A46FFF75DFFA38923F4906343F031
:101AE0008003A381266165614E44A5EB090526604C
:101AF000A5603E463B461F4620683A46414600F0F8
:101B0000FAFEA3689B1BA36023683B44236000206C
:101B1000BDE8F087504600F00EFF06460028E1D1F0
:101B200021695046FFF762FF0C23CAF80030A389F1
:101B300043F04003A3814FF0FF30E9E73E46DBE787
:101B40002DE9F0471F468B891B069CB006460D46C3
:101B5000144610D50B6973B94021FFF79DFB28602F
:101B6000286130B90C2333604FF0FF301CB0BDE862
:101B7000F08740236B610023099320238DF82930DF
:101B800003973023654F8DF82A304FF00108234624
:101B9000994613F8012B0AB1252AF9D1B9EB040AA9
:101BA0000BD05346224629463046FFF769FF0130E5
:101BB00000F0A480099A5244099299F80030002B51
:101BC00000F09C8000234FF0FF32CDE9052309F19E
:101BD0000109049307938DF853301A934C464F48EC
:101BE00014F8011B0522EEF7D3FA049BD0B9D806EE
:101BF00044BF20228DF85320190744BF2B228DF8B3
:101C0000532099F800202A2A13D0079A4C46002026
:101C10004FF00A0C214611F8013B303B092B49D902
:101C200068B913E0C01B08FA00F018430490A146FD
:101C3000D4E7039A111D12680391002A01DB079271
:101C400004E0524243F002030792049323782E2BC0
:101C50000AD163782A2B32D1039B1A1D1B68039289
:101C600043EAE37302340593DFF8B490217803224A
:101C70004846EEF78DFA38B1049BA0EB09004022EC
:101C8000824013430134049314F8011B25488DF856
:101C900028100622EEF77CFA002835D0224818BB1F
:101CA000039B073323F0070308330393099B034483
:101CB00009936CE70CFB02320C460120AAE70023D3
:101CC0000134059319464FF00A0C204610F8012BF9
:101CD000303A092A03D9002BC6D00591C4E70CFB82
:101CE000012104460123F0E703AB00932A460F4B82
:101CF00004A93046AFF30080421CD7D1AB895B0604
:101D00003FF532AF099831E703AB00932A46074B02
:101D100004A9304600F052FAEEE700BF8B3C010800
:101D2000913C0108953C010800000000811A01085F
:101D300038B54B1C144603D14FF0FF35284638BD4B
:101D4000938923F020039381636B5268CDB28BB1EA
:101D5000A36B934208DD23685A1E226003F8015CDE
:101D6000636801336360E9E7214600F08AFD0028DB
:101D7000F1D0E1E72169236851B1994208D213F803
:101D8000011CA94204D1013B013223606260D5E706
:101D9000C4E90F3204F1440363630323A3632346BE
:101DA00003F8465F23600123DCE710B50C46496B5E
:101DB00069B104F14403994201D0FFF717FE236C87
:101DC00063600020606313B1E36B236010BD23697F
:101DD000236000236360A38943F02003A3814FF0B5
:101DE000FF30F3E72DE9F04FADF5237D41AC0D4613
:101DF0000021C4E9031101A96161AF49C4F87C1154
:101E0000DFF8B8B2AE49C4F880110746E84600933F
:101E100092F80090B9F1000F00F060811BF80930D2
:101E200013F0080302F101061BD06B68002B10DDD4
:101E30002B681A781BF80220120701D43246E7E714
:101E40002269013222616A680133013A6A602B60BB
:101E5000EBE7D4F880312946384698470028E7D088
:101E6000ECE7B9F1250F40F084802360A36053783C
:101E70002A2B02BF1023961C23600A22B2461AF8AE
:101E8000011BA1F13003092B1DD98E4B03221846EB
:101E9000EEF77EF938B18B4B2268C01A01238340DC
:101EA00013432360564616F8013B782B06D8572B70
:101EB00010D8252B5DD057D8002B76D00323A361F3
:101EC0000A23636089E0A36802FB03113039A16033
:101ED0005646D3E7A3F15802202AEFD801A151F8C2
:101EE00022F000BFB91F0108BD1E0108BD1E010878
:101EF00015200108BD1E0108BD1E0108BD1E0108F8
:101F0000BD1E0108BD1E0108BD1E0108BD1E010841
:101F10002B200108112001086F1F01086F1F010805
:101F20006F1F0108BD1E0108CB1F0108BD1E01085F
:101F3000BD1E0108BD1E0108BD1E01083B20010891
:101F4000D31F0108B11F0108BD1E0108BD1E0108F5
:101F500037200108BD1E010811200108BD1E01081F
:101F6000BD1E0108B91F0108453B022BA6D8052359
:101F700032E06B68002B0DDD2B681A784A4540F083
:101F8000AD8001336A682B602369013A01336A60CE
:101F9000236153E7D4F88031294638469847002812
:101FA000EAD0E068002840F091804FF0FF3091E0E7
:101FB000226842F020022260226842F4007222600D
:101FC00010226E2B626006D801E0002363600323B9
:101FD00002E0082363600423A3616B68002B3CDDEF
:101FE0002368590605D42B681A781BF802201207BB
:101FF0003BD4A369022B4BDC43462A462146384694
:1020000000F002FA012869D002287FF417AFC8E770
:102010000A22D6E7314601A800F0FAFB236843F014
:102020004003236006460123D6E7236843F04003BC
:1020300023600023D0E70223CEE72068C3063FF5E4
:10204000FDAED8F800302269191DC8F800101B68D1
:10205000C0074CBF1A801A60F0E6D4F880312946D8
:10206000384698470028BBD09BE72269013222619D
:102070006A68013A002A6A6002DD01332B60B2E728
:10208000D4F880312946384698470028ABD088E7F5
:10209000042B06DC43462A462146384600F00EFA59
:1020A000B0E7094B002B3FF4C9AE43462A46214610
:1020B0003846AFF30080A5E7311D0108DA3C01087E
:1020C000AB1D0108913C010800000000AB895B06D4
:1020D0003FF56BAF0DF5237DBDE8F08FE068F9E7C4
:1020E0002DE9F047164698468A680B69DDF820907E
:1020F0009342B8BF1346336091F8432007460C461D
:102100000AB1013333602368990642BF3368023352
:102110003360256815F0060506D104F1190AE36855
:1021200032689B1AAB4226DC94F843302268003BAD
:1021300018BF012392062BD404F1430241463846CE
:10214000C84701301ED02368226903F00603042B20
:1021500002BFE5683368ED1AA3680CBF25EAE57590
:1021600000259342C4BF9B1AED1800261A34B542CD
:102170001AD1002008E00123524641463846C8479C
:10218000013003D14FF0FF30BDE8F0870135C6E7DD
:10219000E1185A1C302081F84300224494F845107D
:1021A00082F843100233C7E70123224641463846EE
:1021B000C8470130E6D00136D9E700002DE9F043E9
:1021C0000D7E85B0782D90460C9E07460C469946AC
:1021D00001F1430207D8622D0AD8002D00F0D78004
:1021E000582D00F0BC8004F1420684F842503BE0D8
:1021F000A5F16303152BF6D801A151F823F000BF18
:10220000592201086D220108E7210108E721010890
:10221000E7210108E72101086D220108E7210108F3
:10222000E7210108E7210108E721010875230108DA
:102230009722010827230108E7210108E721010867
:1022400097230108E721010897220108E7210108E7
:10225000E72101082F23010833681A1D1B6832602B
:1022600004F1420684F842300123A1E0336820687B
:10227000191D3160060601D51D6803E04506FBD532
:10228000B3F90050002D03DA2D236D4284F843305A
:102290005B480A2311E021683368080653F8045BA1
:1022A00002D4490648BFADB23360237E54486F2B39
:1022B0005CD10823002184F843106668A660002ED4
:1022C00005DB21682E4321F00401216050D0164621
:1022D000B5FBF3F103FB115C10F80CC006F801CD5F
:1022E000AC4663450D46F3D9082B0BD12368DB07B9
:1022F00008D5236961689942DEBF302306F8013CA6
:1023000006F1FF36921B2261CDF80090434603AAE6
:1023100021463846FFF7E4FE01304ED14FF0FF3042
:1023200005B0BDE8F083236843F0200323603548FF
:10233000782584F845502368316813F0800F51F8F0
:10234000045B03D113F0400F18BFADB23160D90761
:1023500044BF43F0200323601DB11023AAE728489F
:10236000E7E7236823F020032360F6E70A23A1E7C9
:102370001646B9E7336825686169181D30602E0676
:102380001B6801D5196002E06806FBD5198000239F
:1023900023611646B8E733681A1D32601E6862680A
:1023A00000213046EDF7F4FE08B1801B60606368E1
:1023B0002361002384F84330A6E72369324641466F
:1023C0003846C8470130A9D023689B0713D4E0687A
:1023D000039B9842B8BF1846A2E701233246414604
:1023E0003846C847013099D00135E36803995B1A34
:1023F000AB42F2DCEBE7002504F11906F5E700BF7C
:102400009C3C0108AD3C01082DE9F84315468A685B
:1024100080460C4632B98A69002A14BF4FF0FF3259
:1024200001228A602268DFF89090D1065FBF1A68A7
:10243000111D196016680027A06988B1012807D10D
:102440002B681A7863699B5C53B9002F32D023E064
:10245000022821D12B681B7819F803301B071BD4E5
:102460002368DA065EBF2B681B7806F8013B6B68B1
:10247000013B6B602B6801332B60A368013B013784
:10248000A3604BB16B68002BD6DCD4F880312946B1
:10249000404698470028CFD0236813F0100305D199
:1024A000E2680132E260A26902B1337023693B4401
:1024B00023610020BDE8F883DA3C01082DE9F04FE4
:1024C0009846734B0C468246164693E8070087B041
:1024D00003AB83E807006F4BA1696F4A032908BF6C
:1024E0001A46A36801925A1EB2F5AE7F84BF6FF4FC
:1024F000AE7503EB0509274684BF40F25D13A36068
:1025000057F81C3B43F4506398BF4FF00009236019
:102510003D464FF0000B316803AB097853F82B00B0
:102520000222EDF735FE28B3BBF1010F58D16268E6
:102530002AB92268082142F4007261602260226890
:1025400022F4A0622260A268511EA16092B132689A
:10255000511C3160127805F8012B7268013A002A8B
:10256000726007DCD4F8802131465046904700283D
:1025700040F083800BF1010BBBF1030FCBD16168FD
:1025800009B90A216160454B6069591A00F040F9A8
:102590004FF0000BA3682268002B3DD031686069C2
:1025A00091F800C010F80C00002835D0BCF1300FB5
:1025B00024D1100522D50BF1010BB9F1000F03D086
:1025C000013309F1FF39A3607368013B002B73608D
:1025D0001BDD336801333360A368013BA360D9E797
:1025E000BBF1020FAFD1226802F4C061B1F5007FE8
:1025F000C5D11021616042F48072A3E722F4106219
:1026000022600B7805F8013BDEE7D4F880313146D3
:10261000504698470028DFD02368DB050DD5BD4222
:1026200009D915F8011CD4F87C3132465046984738
:1026300005F1FF394D46BD4227D0226812F0100245
:1026400012D12A706368019E39465046B047D8F8C7
:10265000003021681A1DC8F800208E061B680FD5AF
:102660001860E3680133E3602369ED1B5D442B448C
:102670002361002007B0BDE8F08F4FF0000BCBE7DF
:10268000CA074CBF18801860EBE70120F2E700BFD3
:1026900088340108892A0108692B0108CE3C010809
:1026A000B1F90C20F8B5160705460C4651D44B6815
:1026B000002B02DC0B6C002B49DDE66A002E46D0B5
:1026C000002312F480522F682B6031D0626DA389F1
:1026D000590705D56368D21A636B0BB1236CD21A04
:1026E0000023E66A216A2846B047421CB4F90C3040
:1026F00006D129681D2945D8274ACA40D60741D5A1
:1027000000226260D9042269226004D5421C01D1F2
:102710002B6803B96065616B2F60C1B104F144039C
:10272000994202D02846FFF761F9002363630EE067
:10273000216A01232846B0470246501CC7D12B68A6
:10274000002BC4D01D2B01D0162B19D12F600020D7
:102750001DE00F69002FFAD093070E6808BF4B6980
:102760000F6018BF0023F61B8B60002EEFDD216A7F
:10277000D4F828C033463A462846E047002807DC0C
:10278000B4F90C3043F04003A3814FF0FF30F8BDA3
:102790000744361AE9E700BF0100402038B50B694D
:1027A00005460C4613B90025284638BD18B1036A02
:1027B0000BB9FEF7F7FEB4F90C30002BF3D0626EC4
:1027C000D00704D4990502D4A06DFFF7E0F828469D
:1027D0002146FFF765FF636EDA070546E4D4A38957
:1027E0009B05E1D4A06DFFF7D3F8DDE70EB403B588
:1027F000014603AB054853F8042B0068019300F031
:10280000DDF902B05DF804EB03B07047240000204E
:1028100070B50B7804465E2B0BBF4B784A1C8A1CA4
:10282000002108BF0121013804F1FF0500F8011F54
:10283000A842FBD10BB9501E70BD81F00101E154DB
:102840001046024612F8015B2D2D05D05D2D16D0E5
:10285000002DF1D02B46F2E746785D2EFAD0B34238
:10286000F8DC02301A4601329642A154FBDCF21A1F
:10287000013AB342A8BF002201331344E1E71046F6
:10288000DAE72DE9F0410C46496B04F14403994223
:102890001DD14FF48061FEF7FFFC18B94FF0FF30F7
:1028A000BDE8F0814FF48063A36394F84630606321
:1028B00080F8FF3394F8453080F8FE3394F84430C4
:1028C00080F8FD3300F2FD3020600020E8E7A66BC1
:1028D00077003A4600F02FF805460028DED000EBDE
:1028E0000608014632464046FFF753F8C4E90D5743
:1028F000C4F80080E9E7884210B501EB020402D970
:102900008442234607D8431EA14207D011F8012B69
:1029100003F8012FF8E70244824200D110BD13F8FA
:10292000011D02F8011DF7E708B5062000F014FBB1
:102930000120EEF78EF92DE9F041074614460D46C9
:1029400021B9BDE8F0411146FEF7A6BC2AB9FFF750
:102950004DF825462846BDE8F08100F019FB844279
:10296000064602D8B4EB500FF4D821463846FEF79D
:1029700093FC804608B94546ECE7B4422246294616
:1029800028BF3246FFF705F829463846FFF72EF8EC
:10299000F1E70000242B2DE9F0478646904601D848
:1029A000012B06D1FEF7C8FF162303600020BDE807
:1029B000F08734480D462A4615F8014B065D16F09F
:1029C0000806F8D12D2C10D12C780126951C33F057
:1029D000100215D1302C0DD12A7802F0DF02582ACE
:1029E00008D16C78023510230AE02B2C04BF2C7818
:1029F000951CECE7002BF6D1302C14BF0A230823DA
:102A000006F1004C0CF1FF3C0022BCFBF3F9104630
:102A100003FB19CAA4F13007092F0FD83C46A34283
:102A20001BDD571C07D0814514D301D1A24511DB12
:102A300000FB0340012215F8014BEBE7A4F141072D
:102A4000192F01D8373CEAE7A4F16107192F04D800
:102A5000573CE4E74FF0FF32EDE7531C08D1222347
:102A6000CEF800306046B8F1000FA0D0691E06E035
:102A700006B14042B8F1000F99D0002AF6D1C8F84B
:102A8000001094E7DA3C0108FFF784BF2DE9F0431A
:102A9000344E86460D46284615F8014B375D17F033
:102AA0000807F8D12D2C10D12C780127851C33F084
:102AB000100015D1302C0DD1287800F0DF005828F7
:102AC00008D16C78023510230AE02B2C04BF2C7837
:102AD000851CECE7002BF6D1302C14BF0A23082309
:102AE0004FF0FF380026B8FBF3F803FB08F96FEA54
:102AF00009093046A4F1300CBCF1090F10D8644626
:102B0000A3421EDDB6F1FF3F07D0804516D301D1A9
:102B1000A14513DB00FB0340012615F8014BE9E753
:102B2000A4F1410CBCF1190F01D8373CE8E7A4F13E
:102B3000610CBCF1190F04D8573CE1E74FF0FF36A8
:102B4000EBE7731C06D12223CEF80030304632B9B1
:102B5000BDE8F08307B14042002AF9D006B1691EF2
:102B60001160F5E7DA3C0108FFF790BF9368013B7D
:102B7000002B10B4936007DA9469A34201DB0A29A1
:102B800002D110BC00F02EB91368581C10601970E7
:102B9000084610BC7047F8B506460F461446D518CF
:102BA000AC4201D1002007E014F8011B3A46304640
:102BB000FFF7DCFF431CF3D1F8BD00002DE9F0471F
:102BC0000D469CB014461F46064618B1036A0BB961
:102BD000FEF7E8FC6B6ED90705D4AB899A0502D4E1
:102BE000A86DFEF7D4FEAB891B0701D52B699BB9F5
:102BF0002946304600F034F970B16B6EDC0704D51D
:102C00004FF0FF301CB0BDE8F087AB899805F7D4D2
:102C1000A86DFEF7BDFEF3E70023099320238DF88E
:102C20002930039730236A4F8DF82A304FF001087E
:102C30002346994613F8012B0AB1252AF9D1B9EB9D
:102C4000040A0BD05346224629463046FFF7A3FF1D
:102C5000013000F0A480099A5244099299F800309A
:102C6000002B00F09C8000234FF0FF32CDE90523BC
:102C700009F10109049307938DF853301A934C46D8
:102C8000534814F8011B0522EDF782FA049BD0B9D2
:102C9000D90644BF20228DF853201A0744BF2B22A7
:102CA0008DF8532099F800202A2A13D0079A4C4611
:102CB00000204FF00A0C214611F8013B303B092B54
:102CC00049D968B913E0C01B08FA00F01843049012
:102CD000A146D4E7039A111D12680391002A01DB73
:102CE000079204E0524243F00203079204932378D0
:102CF0002E2B0AD163782A2B32D1039B1A1D1B6815
:102D0000039243EAE37302340593DFF8C890217815
:102D100003224846EDF73CFA38B1049BA0EB0900CA
:102D20004022824013430134049314F8011B2A48C3
:102D30008DF828100622EDF72BFA00283ED0274800
:102D400018BB039B073323F0070308330393099B46
:102D5000034409936CE70CFB02320C460120AAE7FE
:102D600000230134059319464FF00A0C204610F851
:102D7000012B303A092A03D9002BC6D00591C4E7AC
:102D80000CFB012104460123F0E703AB00932A4624
:102D9000134B04A93046AFF30080431CD7D16B6EB0
:102DA000D90705D4AB899A0502D4A86DFEF7F0FDCA
:102DB000AB895B063FF524AF099823E703AB00938B
:102DC0002A46074B04A93046FFF7F8F9E5E700BFAC
:102DD0008B3C0108913C0108953C01080000000073
:102DE000972B0108F8B50E461446054618B1036A3C
:102DF0000BB9FEF7D7FBA369A360A3891A0701D516
:102E0000236943B92146284600F02AF818B14FF04B
:102E1000FF373846F8BD23682269981A6369F6B20D
:102E20008342374605DC21462846FFF7B7FC0028D9
:102E3000EDD1A368013BA36023685A1C22601E7079
:102E40006269431C9A4204D0A389DB07E1D50A2EAC
:102E5000DFD121462846FFF7A1FC0028D9D0D6E7CC
:102E600038B5284B054618680C4618B1036A0BB9EB
:102E7000FEF798FBB4F90C301A0721D4D80607D412
:102E800009222A6043F04003A3814FF0FF3030E075
:102E9000590712D5616B41B104F14403994202D044
:102EA0002846FEF7A3FD002363630022B4F90C302B
:102EB00062602269226023F0240343F00803A381A7
:102EC00022693AB99A0501D5180603D52146284644
:102ED00000F08AF8B4F90C3013F001020AD0002295
:102EE000A26062695242A261226942B913F0800075
:102EF000C8D138BD990758BF6269A260F4E70020C5
:102F0000F7E700BF240000201F2938B505460C460E
:102F100004D9162303604FF0FF3038BDC26B12B1E5
:102F200052F821304BB9284600F030F822460146CD
:102F30002846BDE8384000F017B8012B0AD0591CCC
:102F400003D1162303600120E7E7002142F8241093
:102F5000204698470020E0E7024B01461868FFF73B
:102F6000D3BF00BF2400002038B5074D002304461E
:102F7000084611462B60EDF75CFE431C02D12B681E
:102F800003B1236038BD00BF00D50020EDF74ABE75
:102F900051F8043C181F002BBCBF0B58C0187047D9
:102FA00070B50C46B1F90E10002996B015461E46B4
:102FB0000ADAA18911F0800113D14FF48062002058
:102FC00031602A6016B070BD6A4600F047F80028EC
:102FD000EFDB019901F47041A1F5005359425941C9
:102FE000EBE700214022EAE78B8973B59E0705468F
:102FF0000C4607D504F14703236023610123636175
:1030000002B070BD01AB6A46FFF7CAFF009E2846BA
:103010003146FEF741F9B4F90C3038B99A05EFD4CE
:1030200023F0030343F00203A381E3E743F08003AB
:10303000A381019B2060C4E90406002BE0D0B4F911
:103040000E10284600F01CF80028D9D0A38923F0E0
:10305000030343F00103A381D2E7000038B5074D15
:1030600000230446084611462B60EDF741FE431C41
:1030700002D12B6803B1236038BD00BF00D500200A
:1030800038B5064D0023044608462B60EDF73FFE99
:10309000431C02D12B6803B1236038BD00D500204A
:1030A000F8B500BFF8BC08BC9E467047F8B500BF35
:0830B000F8BC08BC9E46704705
:1030B80064656661756C745461736B00256473256F
:1030C8003033643A000000006C6576656C3A256C14
:1030D800752064626D0D0A00707562202564206990
:1030E80074656D0D0A00000066616B65206C657380
:1030F800733A207072655F737A2025642063757255
:103108005F737A2025640D0A0000000074785F70F0
:1031180075625F71756575655F66756C6C0D0A0023
:10312800332E302E310000002573000025642E2533
:10313800642E2564000000007075625F7274636D10
:103148000000000070756C6C5F7274636D000000A5
:10315800756172745F636F6D310000007561727420
:103168005F636F6D32000000256473253033643A65
:103178000000000041542B560000000041542B462B
:103188005251000041542B505752000041542B42D9
:10319800414E440041542B545950450041542B4D45
:1031A8004F44450041542B5452414E5300000000F7
:1031B80041542B425053000041542B445052540068
:1031C80041542B415454520041542B53415645000D
:1031D80041542B5452414E530D0A0D0A4F4B0D0AC0
:1031E80000000000257300002B2B2B000D0A455210
:1031F800524F520D0A000000332E302E31000000CD
:1032080076657273696F6E3A25730D0A0D0A4F4B16
:103218000D0A000041542B4D4F44453D256C750D5A
:103228000A0D0A4F4B0D0A0041542B4D4F44453DA2
:1032380025640D0A000000000D0A4F4B0D0A00001E
:1032480041542B545950453D25640D0A0000000097
:1032580041542B545950453D256C750D0A0D0A4FA4
:103268004B0D0A0041542B5057523D25640D0A005E
:1032780041542B5057523D256C750D0A0D0A4F4B82
:103288000D0A000041542B4652513D25642E25302D
:1032980033642025642E253033640D0A00000000B5
:1032A80041542B4652513D25642E25303364202548
:1032B800642E253033640D0A0D0A4F4B0D0A0000A9
:1032C80041542B42414E443D25642025640D0A009B
:1032D80041542B42414E443D256C7520256C750D9B
:1032E8000A0D0A4F4B0D0A0041542B4250533D25FD
:1032F800640D0A0041542B4250533D256C750D0A4C
:103308000D0A4F4B0D0A000041542B000D0A000016
:10331800636D645B25645D206E6F20736574206344
:10332800620D0A0041542B445052543D25640D0A45
:1033380000000000524144494F5F415454523A0D35
:103348000A00000076657273696F6E3A20256C7505
:103358000D0A00006D6F64653A20202020256C75E9
:103368000D0A0000667265712074783A20256C7524
:103378000D0A0000667265712072783A20256C7516
:103388000D0A00006270733A2020202020256C75F9
:103398000D0A0000627769642074783A20256C75FC
:1033A8000D0A0000627769642072783A20256C75EE
:1033B8000D0A0000706F7765723A202020256C7521
:1033C8000D0A0000647072743A20202020256C7564
:1033D8000D0A000041542B534156453D25640D0A02
:1033E80000000000120024003000000006000C005D
:1033F80010000000000000000100000002000000B2
:1034080049444C4500000000546D72205376630017
:10341800546D725100000000B22700000000000047
:10342800C194C100000000003031323334353637E2
:1034380038396162636465666768696A6B6C6D6E6A
:103448006F707172737475767778797A00000000FE
:1034580030313233343536373839414243444546C2
:103468004748494A4B4C4D4E4F505152535455566C
:103478005758595A000000003C4E554C4C3E00002D
:10348800D03C0108D33C0108D63C0108B8300108FB
:103498000000000000000000000000000000000024
:1034A80000020000180000000000000000000000FA
:1034B800C10D000800000000250E0008950E000848
:1034C800C90E0008E50E0008F90E0008210F0008D3
:1034D800490F0008630F00089D0F00082511000818
:1034E80065110008451100088911000897100008A7
:1034F80065160008791600089F1600088716000848
:10350800004B0000020702000096000002050400BC
:1035180024F4000002050100010000000200000080
:1035280000000000FB4C86000DD58A00F6990C00BF
:10353800E1E693001AAA1500EC331900177F9F00E3
:103548003981A100C2CD270034542B00CF18AD001B
:10355800D8673200232BB400D5B2B8002EFE3E0047
:10356800894EC50072024300849B4F007FD7C90073
:1035780068A8560093E4D000657DDC009E315A00AF
:10358800B0CF64004B83E200BD1AEE0046566800D7
:103598005129F700AA6571005CFC7D00A7B0FB000B
:1035A800E9D10C00129D8A00E40486001F4800003F
:1035B80008379F00F37B190005E21500FEAE930063
:1035C800D050AD002B1C2B00DD85270026C9A1009B
:1035D80031B63E00CAFAB8003C63B400C72F3200C7
:1035E800609FC9009BD34F006D4A43009606C500F3
:1035F80081795A007A35DC008CACD00077E056002F
:10360800591E6800A252EE0054CBE200AF87640056
:10361800B8F8FB0043B47D00B52D71004E61F7008A
:10362800D2A3190029EF9F00DF769300243A1500F2
:1036380033458A00C8090C003E900000C5DC8600AE
:10364800EB22B800106E3E00E6F732001DBBB40056
:103658000AC42B00F188AD000711A100FC5D27000A
:103668005BEDDC00A0A15A0056385600AD74D000BE
:10367800BA0B4F004147C900B7DEC5004C92430062
:10368800626C7D009920FB006FB9F70094F571001A
:10369800838AEE0078C668008E5F64007513E200C6
:1036A8003B721500C03E930036A79F00CDEB190072
:1036B800DA94860021D80000D7410C002C0D8A002E
:1036C80002F3B400F9BF32000F263E00F46AB800D6
:1036D800E31527001859A100EEC0AD00158C2B008A
:1036E800B23CD00049705600BFE95A0044A5DC003E
:1036F80053DA4300A896C5005E0FC900A5434F00E2
:103708008BBD710070F1F7008668FB007D247D0099
:103718006A5BE20091176400678E68009CC2EE0045
:10372800A44733005F0BB500A992B90052DE3F00F1
:1037380045A1A000BEED260048742A00B338AC00AD
:103748009DC69200668A1400901318006B5F9E0055
:103758007C200100876C870071F58B008AB90D0009
:103768002D09F600D645700020DC7C00DB90FA00BD
:10377800CCEF650037A3E300C13AEF003A76690061
:1037880014885700EFC4D100195DDD00E2115B0019
:10379800F56EC4000E224200F8BB4E0003F7C800C5
:1037A8004D963F00B6DAB9004043B500BB0F330071
:1037B800AC70AC00573C2A00A1A526005AE9A0002D
:1037C80074179E008F5B180079C21400828E9200D5
:1037D80095F10D006EBD8B00982487006368010089
:1037E800C4D8FA003F947C00C90D70003241F6003D
:1037F800253E6900DE72EF0028EBE300D3A76500E1
:10380800FD595B000615DD00F08CD1000BC0570098
:103818001CBFC800E7F34E00116A4200EA26C40044
:1038280076E42A008DA8AC007B31A000807D2600BC
:103838009702B9006C4E3F009AD73300619BB500E0
:103848004F658B00B4290D0042B00100B9FC870018
:10385800AE83180055CF9E00A3569200581A140044
:10386800FFAAEF0004E66900F27F65000933E30070
:103878001E4C7C00E500FA001399F600E8D57000AC
:10388800C62B4E003D67C800CBFEC40030B24200D4
:1038980027CDDD00DC815B002A185700D154D10008
:1038A8009F3526006479A00092E0AC0069AC2A003C
:1038B8007ED3B500859F330073063F00884AB90060
:1038C800A6B487005DF80100AB610D00502D8B0098
:1038D80047521400BC1E92004A879E00B1CB1800C4
:1038E800167BE300ED3765001BAE6900E0E2EF00F0
:1038F800F79D70000CD1F600FA48FA0001047C002C
:103908002FFA4200D4B6C400222FC800D9634E0053
:10391800CE1CD10035505700C3C95B003885DD0087
:10392800010000007C31010800000000613A000835
:103938000200000084310108053D0008C93D000867
:10394800030000008C310108493C0008CD3C000808
:103958000400000094310108653E0008F93E0008A3
:10396800050000009C3101088D3B0008113C00084F
:1039780006000000A4310108013B0008C93A00080C
:1039880007000000AC310108913900080000000070
:1039980008000000B8310108313F0008B13F0008B5
:1039A80009000000C0310108994300080000000028
:1039B8000A000000C831010800000000194400088E
:1039C8000B000000D0310108654500080000000028
:1039D80001000000030000000500000001000000D5
:1039E80001000000060000000A000000200000009E
:1039F80002000000040000000800000010000000A1
:103A080040000000800000000001000000020000EB
:103A1800000000000000000000000000000000009E
:103A28000100000002000000030000000400000084
:103A3800A0860100400D0300801A060000350C0026
:103A480040420F0080841E0000093D0000127A00E9
:103A58000024F40000366E010048E801006CDC0226
:103A6800000000000000000000000000000000004E
:103A7800010002000400060008000A000C00100003
:103A8800200040008000000101010103070100003F
:103A980008040204080101017DD0000835D100089E
:103AA80065D100081DD2000833D20008E7D200080B
:103AB8000DD3000825D7000849D9000861DB0008A4
:103AC80011DC000801DE000827DE000835DE0008EA
:103AD8007DDF0008ADDF000811E0000829E00008DC
:103AE8004DE0000869E000088FE00008B5E0000834
:103AF80011E100086DE1000819E20008B5DE0008D0
:103B080035DF000801E6000839E6000895E70008F7
:103B180021EB00085D0301088103010891EF00080B
:103B2800A9EF000804050600C01200001F000000ED
:103B3800A816000017000000841C00000F000000F9
:103B4800E42500001E000000B42D0000160000004F
:103B5800083900000E0000002C4C00001D00000079
:103B6800685B000015000000747200000D00000082
:103B7800589800001C00000034B700001400000032
:103B8800E8E400000C000000783101001B00000090
:103B9800686E01001300000034CA01000B00000029
:103BA800286202001A00000040DB02001200000038
:103BB8003C9303000A000000C0C204001900000082
:103BC80060B305001100000038200700090000005C
:103BD80020A10700000000005245454E54206D61A9
:103BE8006C6C6F6320737563636565646564002F2F
:103BF8006275696C642F676E752D746F6F6C732DA9
:103C0800666F722D73746D33325F31342E332E72BA
:103C1800656C312E32303235313032372D30373015
:103C2800302F7372632F6E65776C69622F6E6577BC
:103C38006C69622F6C6962632F7374646C69622F9C
:103C480072616E642E63002C2066756E6374696FF2
:103C58006E3A2000617373657274696F6E20222555
:103C68007322206661696C65643A2066696C652018
:103C7800222573222C206C696E6520256425732506
:103C8800730A00232D302B2000686C4C0065666792
:103C980045464700303132333435363738394142BA
:103CA800434445460030313233343536373839618C
:103CB800626364656600412D46612D66383930318E
:103CC8003233343536375D002B2D003030007858CC
:103CD80000002020202020202020202828282828F4
:103CE80020202020202020202020202020202020CC
:103CF8002020881010101010101010101010101024
:103D08001010040404040404040404041010101023
:103D180010101041414141414101010101010101DE
:103D2800010101010101010101010101011010104E
:103D380010101042424242424202020202020202B1
:103D48000202020202020202020202020210101021
:103D5800102000000000000000000000000000002B
:103D6800000000000000000000000000000000004B
:103D7800000000000000000000000000000000003B
:103D8800000000000000000000000000000000002B
:103D9800000000000000000000000000000000001B
:103DA800000000000000000000000000000000000B
:103DB80000000000000000000000000000000000FB
:103DC80000000000000000000000000000000000EB
:043DD80000000000E7
:083DDC00A4C3FE7F01000000FA
:043DE400650100086D
:043DE800410100088D
:103DEC0000093D0010000000AAAAAAAAFF000000CA
:103DFC0030340108583401080000000003000000B2
:103E0C00C4D300202800002000000000C4D30020F0
:103E1C002CD4002094D400200000000000000000EE
:103E2C000000000000000000000000000000000086
:103E3C000000000000000000000000000000000076
:103E4C000000000000000000000000000000000066
:043E5C000000000062
:04000005080016B524
:00000001FF
