:020000040800F2
:1000000000000120B51600087909000881090008E0
:1000100089090008910900089909000800000000FA
:10002000000000000000000000000000E1A7000840
:10003000A109000800000000C1A9000809AA0008E1
:100040000517000805170008AD0900080517000886
:100050000517000805170008051700080517000810
:100060000517000805170008051700080517000800
:100070000517000805170008D5090008C109000880
:10008000E9090008FD090008051700080517000820
:1000900000000000051700080517000805170008F4
:1000A00005170008051700080517000805170008C0
:1000B00005170008051700080517000805170008B0
:1000C00005170008051700080517000805170008A0
:1000D000110A0008250A000805170008051700087E
:1000E0000517000805170008390A00080517000859
:1000F00005170008000000000000000005170008B8
:1001000005170008051700084D0A00080517000824
:10011000051700080517000805170008051700084F
:10012000051700080517000805170008051700083F
:0801300005170008051700087F
:1001400010B5054C237833B9044B13B10448AFF311
:1001500000800123237010BD40010020000000003A
:10016000F02E010808B5034B1BB103490348AFF358
:10017000008008BD0000000044010020F02E0108AE
:10018000034613F8012B002AFBD1181A01387047D7
:1001900001F0FF01102A2BDB10F0070F08D010F838
:1001A000013B013A8B422DD010F0070F42B3F6D13C
:1001B000F0B441EA012141EA014122F007047FF055
:1001C00000070023F0E80256083C85EA010586EAAC
:1001D000010685FA47F5A3FA87F586FA47F6A5FAE8
:1001E00087F68EB9EED1F0BC01F0FF0102F00702F4
:1001F00032B110F8013B013A83EA010313B1F8D19F
:100200000020704701387047002D06BF354603387F
:10021000073815F0010F07D1013015F4807F02BFB8
:10022000013015F4C03F0130F0BC0138704700BF09
:1002300053B94AB9002908BF00281CBF4FF0FF314D
:100240004FF0FF3000F088B9ADF1080C6DE904CE35
:1002500000F006F8DDF804E0DDE9022304B07047A1
:100260002DE9F047089D0F4604468C46002B48D1E7
:100270008A42164661D9B2FA82F34BB1C3F1200229
:1002800001FA03FC20FA02F29E4042EA0C0C9C4068
:100290004FEA164EB7B2BCFBFEF1220C0EFB11CC9E
:1002A00042EA0C4201FB07F0904209D9B21801F171
:1002B000FF3C80F0EE80904240F2EB800239324405
:1002C000121AA4B2B2FBFEF00EFB102244EA024462
:1002D00000FB07F7A74209D9341900F1FF3280F07B
:1002E000DA80A74240F2D7803444023840EA014025
:1002F000E41B00211DB1DC400023C5E90043BDE83B
:10030000F0878B4206D90DB1C5E9000100210846EE
:10031000BDE8F087B3FA83F1002948D1BB4202D38C
:10032000824200F20781841A67EB0302012094469F
:10033000002DE4D0C5E9004CE1E7002A00F09280EE
:10034000B2FA82F3002B40F0A8808A1A4FEA164EC8
:100350001FFA86FC0121200CB2FBFEF70EFB1722D0
:1003600040EA02420CFB07F0904207D9B21807F1AD
:10037000FF3802D2904200F2E2804746121AA4B23D
:10038000B2FBFEF00EFB102244EA02440CFB00FC20
:10039000A44507D9341900F1FF3202D2A44500F276
:1003A000CB801046A4EB0C0440EA0740A2E7C1F161
:1003B00020068B4022FA06FC4CEA030C07FA01F4F3
:1003C00020FA06F3F7404FEA1C49234300FA01F8EC
:1003D0001FFA8CFEB7FBF9F01C0C09FB107744EAFE
:1003E000074400FB0EF7A74202FA01F20AD91CEB00
:1003F000040400F1FF3A80F09B80A74240F298800D
:1004000002386444E41B9FB2B4FBF9F309FB1344C4
:1004100047EA044403FB0EFEA64509D91CEB04047D
:1004200003F1FF3780F08280A6457FD9023B644408
:1004300043EA0040A4EB0E04A0FB02E7BC42734673
:10044000B94663D360D05DB1B8EB030264EB090435
:1004500004FA06F622FA01F31E43CC40C5E9006413
:1004600000214CE76208480842EAC1710B0C43EADC
:1004700000438AB242EA0342B3FBF6F1E407B44612
:100480003746B6461F23B0FBF6F0D21B41EA0041C7
:1004900061E7614614E7104628E7C3F1200120FA1E
:1004A00001F29E4027FA01F19F403A434FEA164E6F
:1004B0001FFA86FCB1FBFEF70EFB1710110C41EA88
:1004C000004107FB0CF8884504FA03F43AD9711887
:1004D00007F1FF3001D288451FD8A1EB0801B1FB1D
:1004E000FEF808FB0CF70EFB181192B242EA01422B
:1004F000BA422FD2B21808F1FF31C6D2BA42C4D2E2
:10050000A8F102013244C0E7F0459CD2BEEB0203E1
:1005100067EB0C070138B94695E7A6EB080841449C
:10052000B81EB1FBFEF808FB0CF7DCE73B467FE7A3
:10053000504667E70846FBE63444023832E7023F9C
:1005400032441BE7A1EB08013846B1FBFEF808FB7B
:100550000CF7C8E7414698E7704700BF80B500AF89
:10056000044A0021044809F09DFB0346034A136036
:1005700000BF80BDC8310108810500085C0500206E
:1005800080B582B000AF786001F0BDF84FF48062B2
:100590000949012003F0B2FD02F032FF02F07AFFB8
:1005A000064802F0EBFF02F09DFB00200BF0E8F99B
:1005B00000BF0837BD4680BD5C010020E142000855
:1005C00080B485B000AF78604FF0B0439A6C4FF0C4
:1005D000B0417B6813438B644FF0B0439A6C7B68E7
:1005E0001340FB60FB6800BF1437BD4680BC7047FA
:1005F00080B500AF0420FFF7E3FF0120FFF7E0FF25
:10060000002205210E2004F064F80E2004F07BF88F
:10061000022205210F2004F05CF80F2004F073F88B
:1006200000220521112004F054F8112004F06BF889
:1006300002220521102004F04CF8102004F063F889
:1006400000BF80BD80B485B000AF78604FF0B0438C
:10065000DA6C4FF0B0417B681343CB644FF0B0438A
:10066000DA6C7B681340FB60FB6800BF1437BD4643
:1006700080BC704780B586B000AF3B1D00221A6079
:100680005A609A60DA601A610220FFF7DBFF0120EE
:10069000FFF7D8FF0420FFF7D5FF00224FF4E271E7
:1006A0000A4804F05BFE4FF4E2737B600123BB60F9
:1006B0000023FB6000233B613B1D1946034804F007
:1006C000EDFC00BF1837BD4680BD00BF00040048E8
:1006D00080B483B000AF78604FF0B043D3F890306F
:1006E00023F018024FF0B0417B681343C1F89030FB
:1006F00000BF0C37BD4680BC704780B500AF03F02B
:1007000001FF00F00BF8FFF7B5FF09F063FAFFF700
:1007100025FF09F091FA00BFFDE7000080B59AB00F
:1007200000AF07F1200348220021184610F02CFFEB
:1007300007F1080300221A605A609A60DA601A61B1
:100740005A6104F023FE0020FFF7C2FF264B1B680E
:1007500023F4C063244A43F400731360224B1B68E4
:1007600003F4C0637B607B6805233B624FF48033F6
:100770007B628123FB620023BB620223FB640323B1
:100780003B6510237B650923BB654FF40033FB6594
:100790004FF080437B664FF000733B6607F1200308
:1007A000184605F09DF80346002B01D000F01EF816
:1007B0004F23BB600323FB6000233B6100237B616D
:1007C0000023BB610023FB6107F1080302211846E7
:1007D00005F008FC0346002B01D000F007F800BF2D
:1007E0006837BD4680BD00BF0004005880B400AF2C
:1007F00072B600BF00BFFDE780B400AF4FF0B0435A
:10080000D3F890304FF0B04243F40043C2F8903038
:1008100000BFBD4680BC704780B485B000AF786033
:100820004FF0B0439A6D4FF0B0417B6813438B6536
:100830004FF0B0439A6D7B681340FB60FB6800BFCC
:100840001437BD4680BC704780B58CB000AF3B1DEF
:100850002C220021184610F097FE224B224A1A60E3
:10086000204B1F229A601F4B00221A611D4B002251
:100870005A611C4B00229A611A4B4FF08042DA6198
:10088000184B00221A62174B4FF480725A621548B7
:1008900006F064F80346002B01D0FFF7A7FF1148CC
:1008A00006F05AFB0346002B01D0FFF79FFF002301
:1008B0003B620023BB600023BB614FF00053FB6130
:1008C0004FF48073FB623B1D00221946054806F079
:1008D000C7F80346002B01D0FFF788FF00BF303771
:1008E000BD4680BD600500200028004080B590B066
:1008F00000AF786007F1080338220021184610F095
:1009000043FE7B681B68164A934225D14FF480331F
:10091000BB604FF48073FB6307F10803184605F0D2
:1009200003FF0346002B01D0FFF760FFFFF764FFD2
:100930004FF48060FFF770FF00220521022003F0D2
:10094000C8FE022003F0DFFE002205212A2003F06A
:10095000C0FE2A2003F0D7FE00BF4037BD4680BD51
:100960000028004080B500AF00220F216FF0010089
:1009700003F0AFFE00BF80BD80B400AF00BFFDE755
:1009800080B400AF00BFFDE780B400AF00BFFDE75B
:1009900080B400AF00BFFDE780B400AF00BFFDE74B
:1009A00080B400AF00BFBD4680BC704780B500AFCB
:1009B000024806F00DFB00BF80BD00BF60050020AF
:1009C00080B500AF024804F091F800BF80BD00BFC1
:1009D000AC07002080B500AF024804F087F800BFE4
:1009E00080BD00BF6C08002080B500AF024804F055
:1009F0007DF800BF80BD00BF4C07002080B500AF70
:100A0000024804F073F800BF80BD00BF0C0800204E
:100A100080B500AF024807F0FDF900BF80BD00BF00
:100A2000B405002080B500AF024807F0F3F900BF1D
:100A300080BD00BF8006002080B500AF024806F0F0
:100A400077F900BF80BD00BF6005002080B500AF12
:100A5000024806F02BFE00BF80BD00BF98050020B5
:100A600080B485B000AF78604FF0B0435A6E4FF05D
:100A7000B0417B6813434B664FF0B0435A6E7B68BE
:100A80001340FB60FB6800BF1437BD4680BC704755
:100A900080B500AF064B08221A60054806F084FBBB
:100AA0000346002B01D0FFF7A1FE00BF80BD00BFB1
:100AB0009805002080B582B000AF78600120FFF774
:100AC000CFFF00220521322003F003FE322003F085
:100AD0001AFE00BF0837BD4680BD80B483B000AFAA
:100AE00078604FF0B0439B6823F400424FF0B04170
:100AF0007B6813438B6000BF0C37BD4680BC7047DA
:100B000080B500AF0020FFF7E8FF0FF0CDFD0A4BE6
:100B100001221A7000F07CF80FF0C6FB07480FF0B6
:100B2000DFFB00200FF0EAFB0FF0A2FC0121012007
:100B30000FF0DEFC00BF80BDA4050020410B0008C3
:100B400080B586B002AF7860396007F108031846B7
:100B50000FF072FDBB68B7F90C200092074A102114
:100B6000786800F015F87868FFF70AFB03469AB238
:100B70003B681A8000BF1037BD4680BD142F0108A6
:100B800080B500AF002102200FF082FC00BF80BDC5
:100B90000CB480B584B000AF7860396007F11C03F5
:100BA000FB603968FB68BA69786810F021F900BF0A
:100BB0001037BD46BDE8804002B0704780B483B0B6
:100BC00000AF7860002318460C37BD4680BC7047E4
:100BD00080B582B000AF00237B60064B1B78002BF2
:100BE00002D000F09DF978607B6818460837BD4652
:100BF00080BD00BFA405002080B582B000AF786042
:100C00007B68184600F013FA00BF0837BD4680BD68
:100C100080B500AF03F096FC03F09AFC03F09EFC55
:100C200000BF80BD80B400AF01231846BD4680BC24
:100C3000704780B582B000AF7860396010F0A4FDD5
:100C4000034616221A604FF0FF3318460837BD4698
:100C500080BD80B582B000AF78604FF0FF3178681A
:100C6000FFF7E7FF00BFFDE780B586B000AFF86093
:100C7000B9607A6000237B610AE0AFF3008001462F
:100C8000BB685A1CBA60CAB21A707B6901337B61B7
:100C90007A697B689A42F0DB7B6818461837BD4654
:100CA00080BD80B586B000AFF860B9607A6000237F
:100CB0007B6109E0BB685A1CBA601B781846AFF329
:100CC00000807B6901337B617A697B689A42F1DB42
:100CD0007B6818461837BD4680BD80B483B000AF2E
:100CE00078604FF0FF3318460C37BD4680BC704724
:100CF00080B483B000AF786039603B684FF4005235
:100D00005A60002318460C37BD4680BC704780B43B
:100D100083B000AF7860012318460C37BD4680BC15
:100D2000704780B485B000AFF860B9607A60002386
:100D300018461437BD4680BC7047000080B586B0A9
:100D400000AF7860144A154BD31A7B617B693B6115
:100D5000134B1B68002B02D1114B124A1A60104B27
:100D60001A687B6813443A699A4207D210F00CFD66
:100D700003460C221A604FF0FF3309E0084B1B6852
:100D8000FB60074B1A687B681344054A1360FB68D5
:100D900018461837BD4680BD00000120000800003D
:100DA000A80500200000001080B483B000AF786078
:100DB0007B689B6818460C37BD4680BC70470000B6
:100DC00080B582B000AF0023FB71144B1B7883F019
:100DD0000103DBB2002B1BD0114B4FF0FF321A6323
:100DE000FFF732FD00F056F84FF480710C4805F023
:100DF00043FF0B4B4FF0FF321A63094806F07AF8B5
:100E0000002000F0D3F900F05FF8044B01221A70C3
:100E1000FB7918460837BD4680BD00BFAC050020F1
:100E20006005002080B58EB000AF7860002387F8A1
:100E3000373007F108032C220021184610F0A4FBDC
:100E400000F028F8114B1B687A6813447B6000237C
:100E50007B627B68DB43FB600023FB614FF0005348
:100E60003B624FF480733B6307F10803012219468C
:100E7000074805F0F5FD0346002B01D0FFF7B6FC4F
:100E800097F8373018463837BD4680BDB00500208A
:100E90006005002080B582B000AF0023FB71084BD5
:100EA0000122DA654FF48071064805F0E5FE054B36
:100EB0004FF0FF321A63FB7918460837BD4680BDF4
:100EC000002800406005002080B500AF00F08EF9DA
:100ED0000346034A1360024B1B68184680BD00BFDF
:100EE000B005002080B400AF024B1B681846BD4619
:100EF00080BC7047B005002080B582B000AF0023F1
:100F00007B6000F073F90246044B1B68D31A7B60C8
:100F10007B6818460837BD4680BD00BFB00500207D
:100F200080B582B000AF00237B60064B1B78002B9E
:100F300002D000F05BF978607B6818460837BD4640
:100F400080BD00BFAC05002080B483B000AF00239B
:100F50007B6003237B607B6818460C37BD4680BCF2
:100F60007047B0B584B000AF78600021F96079684F
:100F700000200A460346950D94024FF47A724FF012
:100F8000000320462946FFF753F902460B46134655
:100F9000FB60FB6818461037BD46B0BD2DE9B00FA9
:100FA00085B000AF78600021F960796800200C46B8
:100FB0000546204629464FF0000A4FF0000B4FEA45
:100FC000411B4BEAD06B4FEA401A50465946021B70
:100FD00061EB05034FF000004FF00001990041EA7A
:100FE0009271900002460B4612EB040843EB050990
:100FF0004FF000024FF000034FEAC90343EA587371
:101000004FEAC80290469946404649464FF00002D2
:101010004FF00003820A42EA81528B0A1346FB60BA
:10102000FB6818461437BD46BDE8B00F704780B561
:1010300084B000AF78607868FFF793FFF86000F045
:10104000D5F8B86000E000BF00F0D0F80246BB68F9
:10105000D31AFA689A42F6D800BF00BF1037BD46CF
:1010600080BD80B582B000AF78600FF06BFC00BF30
:101070000837BD4680BD80B584B000AF786000F011
:10108000A5F8F860FB680133184600F08FF800BF40
:101090001037BD4680BD2DE9B04F8CB000AF7861F0
:1010A0000023FB6200F0A2F8B86200F08FF87862CB
:1010B0007B6A0022BB60FA604FF000024FF0000331
:1010C000B9680B000022B96A00200C46054612EBF5
:1010D000040843EB0509C7E90689D7E906014FF083
:1010E00000024FF00003820A42EA81528B0A134643
:1010F000FB62BB6900223B607A603B68C3F3090A6C
:101100004FF0000BC7E906ABBB691846FFF746FF77
:1011100003469AB27B691A80FB6A18463037BD468F
:10112000BDE8B08F80B582B000AF78607A680021EA
:10113000034805F071FF00BF0837BD4680BD00BF02
:101140006005002080B582B000AF78607A68012128
:10115000034805F061FF00BF0837BD4680BD00BFF2
:101160006005002080B582B000AF00237B600021C5
:10117000044805F069FF78607B6818460837BD466B
:1011800080BD00BF6005002080B582B000AF0023A5
:101190007B600121044805F057FF78607B681846A2
:1011A0000837BD4680BD00BF6005002080B582B015
:1011B00000AF78607A680221034805F02DFF00BF78
:1011C0000837BD4680BD00BF6005002080B582B0F5
:1011D00000AF0221044805F037FF78607B681846AD
:1011E0000837BD4680BD00BF6005002080B582B0D5
:1011F00000AF0B48FFF7D8FD786003E00848FFF721
:10120000D3FD78600648FFF7CFFD02467B68934226
:10121000F4D17B68DB4318460837BD4680BD00BF6C
:101220000028004080B485B000AF78604FF0B04334
:10123000DA6C4FF0B0417B681343CB644FF0B0439E
:10124000DA6C7B681340FB60FB6800BF1437BD4657
:1012500080BC704780B485B000AF78604FF0B04379
:101260009A6D4FF0B0417B6813438B654FF0B043EC
:101270009A6D7B681340FB60FB6800BF1437BD4666
:1012800080BC704780B485B000AF78604FF0B04349
:101290001A6E4FF0B0417B6813430B664FF0B043BA
:1012A0001A6E7B681340FB60FB6800BF1437BD46B5
:1012B00080BC704780B500AF224B234A1A60214B97
:1012C0004FF4E1325A601F4B00229A601D4B0022FE
:1012D000DA601C4B00221A611A4B0C225A61194B1E
:1012E00000229A61174B0022DA61164B00221A6223
:1012F000144B00225A62134B00229A62114806F0E6
:101300009FFB0346002B01D0FFF770FA00210D4828
:1013100008F05DFA0346002B01D0FFF767FA0021C1
:10132000084808F092FA0346002B01D0FFF75EFA56
:10133000044808F014FA0346002B01D0FFF756FAD0
:1013400000BF80BDB40500200038014080B500AF6B
:10135000224B234A1A60214B4FF4E1325A601F4B53
:1013600000229A601D4B0022DA601C4B00221A6199
:101370001A4B0C225A61194B00229A61174B00221A
:10138000DA61164B00221A62144B00225A62134B88
:1013900000229A62114806F053FB0346002B01D04D
:1013A000FFF724FA00210D4808F011FA0346002B3C
:1013B00001D0FFF71BFA0021084808F046FA03465F
:1013C000002B01D0FFF712FA044808F08DF903460C
:1013D000002B01D0FFF70AFA00BF80BD8006002075
:1013E0000044004080B596B000AF786007F1440338
:1013F00000221A605A609A60DA601A6107F10C03E1
:1014000038220021184610F0BFF87B681B688B4A11
:10141000934240F085800123FB604FF440333B61F1
:1014200007F10C03184605F07FF90346002B01D0A5
:10143000FFF7DCF94FF48040FFF724FF0120FFF7AE
:10144000F1FE4FF4C0637B640223BB640023FB64A2
:1014500003233B6507237B6507F1440319464FF0DF
:10146000904003F01BFE764B764A1A60744B1222B2
:101470005A60734B10229A60714B0022DA60704BF5
:1014800080221A616E4B00225A616D4B00229A61D4
:101490006B4B0022DA616A4B00221A62684803F043
:1014A00041F90346002B01D0FFF7A0F97B68644A9D
:1014B000DA67634A7B689362634B644A1A60624BE3
:1014C00011225A60604B00229A605F4B0022DA6062
:1014D0005D4B80221A615C4B00225A615A4B0022FC
:1014E0009A61594B0022DA61574B4FF480521A62CD
:1014F000554803F017F90346002B01D0FFF776F9A2
:101500007B68514AC3F880204F4A7B68936200226F
:101510000521242003F0DDF8242003F0F4F888E00E
:101520007B681B684A4A934240F083800223FB6039
:101530004FF440237B6107F10C03184605F0F4F8E3
:101540000346002B01D0FFF751F94FF40030FFF7AD
:1015500081FE0120FFF766FE0C237B640223BB643F
:101560000023FB6403233B6507237B6507F14403EA
:1015700019464FF0904003F091FD364B364A1A6001
:10158000344B14225A60334B10229A60314B0022A4
:10159000DA60304B80221A612E4B00225A612D4BAB
:1015A00000229A612B4B0022DA612A4B00221A6238
:1015B000284803F0B7F80346002B01D0FFF716F9CF
:1015C0007B68244ADA67234A7B689362234B244A68
:1015D0001A60224B13225A60204B00229A601F4B44
:1015E0000022DA601D4B80221A611C4B00225A61D6
:1015F0001A4B00229A61194B0022DA61174B4FF403
:1016000080521A62154803F08DF80346002B01D072
:10161000FFF7ECF87B68114AC3F880200F4A7B681B
:10162000936200220521252003F053F8252003F0C2
:101630006AF800BF5837BD4680BD00BF0038014082
:101640004C0700206C0002400C0800208000024083
:1016500000440040AC070020580002406C08002005
:101660004400024080B483B000AF78600023184685
:101670000C37BD4680BC704780B400AF00231846CD
:10168000BD4680BC704780B483B000AF78600B4625
:101690007B80002318460C37BD4680BC704780B461
:1016A00083B000AF7860002318460C37BD4680BC7D
:1016B000704700000D48854602F0F4FE0C480D49C5
:1016C0000D4A002302E0D458C4500433C4188C429D
:1016D000F9D30A4A0A4C002301E013600432A24203
:1016E000FBD310F057F8FFF708F8FEE700000120E1
:1016F000000000203C010020703A01084001002059
:101700003CDD0020FEE780B500AFFFF7F9F902F0FD
:10171000C9F800BF80BD80B483B000AF78607B683B
:10172000D3E90023104619460C37BD4680BC7047EC
:1017300090B587B000AFF860B9601346FB80002316
:10174000FB8210E0FB8ADB00BA68D418F868FFF768
:10175000E2FF02460B46C4E90023FB680833FB6046
:10176000FB8A0133FB82FA8AFB889A42EAD300BFE4
:1017700000BF1C37BD4690BD80B58AB000AFF86091
:10178000B9601346FB8000233B620023FB842FE0FB
:10179000BB6803F10802BA60D3E90023C7E9062356
:1017A00003F058FBD7E90623F968012003F00EFB8C
:1017B0000346FB7503F070FBFB7D002B12D003F09A
:1017C00085FB386203F046FB4FF47A7003F088FB28
:1017D000D7E90623F968012003F0F8FA0346FB7500
:1017E00003F05AFBFB680833FB60FB8C0133FB847E
:1017F000FA8CFB889A42CBD300BF00BF2837BD4686
:1018000080BD000080B588B000AFF860B9601346B5
:10181000FB80FB68B3F1006FC0F08480FB68444A32
:1018200093427FD8FB6803F178433B613B69DB0A55
:10183000FB613B69C3F30A03DB087B837B8BC3F546
:1018400080733B83FA883B8B9A4201D8FB883B83A9
:10185000FB6903F58033DB024FF48072354918468B
:10186000FFF766FFFA8A3B8B9A4234D203F0F2FA12
:10187000314B4CF2FA321A61F86903F0F7FB02209F
:101880000AF0F2F82C4B5B692B4A23F47E7323F0A9
:101890000203536103F000FB0023FB8210E0FB8A8C
:1018A000DB00BA681344F98A7A8B1144D3E9002328
:1018B0002048C9000144C1E90023FB8A0133FB82AF
:1018C000FA8A3B8B9A42EAD33B8B1A46B968F8688E
:1018D000FFF752FF05E03B8B1A46B968F868FFF73F
:1018E0004BFFFA883B8B9A421ED0FB690133FB61A8
:1018F00000237B833B8BDB00BA681344BB603B8BCC
:10190000FA681344FB60FA883B8BD31AFB80FB8890
:10191000B3F5807F03D94FF480733B8398E7FB884E
:101920003B8395E700BF00E000BF2037BD4680BD88
:10193000FFFF0308D00800200040005880B5A4B085
:1019400000AFF860B9601346FB7107F11403682219
:10195000002118460FF018FE0123C7F88C30002331
:10196000C7F8883018E097F90730D7F88C209A42EA
:101970000CD0D7F888305A1CC7F88820D7F88C20AC
:1019800052B290333B4403F87C2C00E000BFD7F800
:101990008C300133C7F88C30D7F88C20BB689A4262
:1019A000E1DD0AF0B3F9034618460FF029FCBB68E5
:1019B000013BC7F8843032E00FF050FC0346D7F803
:1019C000842093FBF2F2D7F8841001FB02F29B1AF9
:1019D000DBB20133DBB287F87F3007F11402D7F8AE
:1019E000843013441B7887F87E3097F97F3090332A
:1019F0003B4413F97C1C07F11402D7F884301344DC
:101A00000A461A7097F97F3090333B4497F87E204E
:101A100003F87C2CD7F88430013BC7F88430D7F822
:101A20008430002BC8DCFB68002B06D0BA6807F1B5
:101A300014031946F8680FF0D4FE0023C7F880306D
:101A400015E0D7F880200F4B83FB02131911D31731
:101A5000CB1A322101FB03F3D31A002B02D105204C
:101A60000AF002F8D7F880300A33C7F88030D7F888
:101A70008020BB689A42E4DB00BF00BF9037BD46C0
:101A800080BD00BF1F85EB5180B584B000AF78608A
:101A900039607B68BB600023FB6012E0FA680D4B85
:101AA00083FB02131911D317CB1A322101FB03F365
:101AB000D31A002B02D1012009F0D6FFFB680A33AC
:101AC000FB60FA683B689A42E8DB00BF00BF103752
:101AD000BD4680BD1F85EB5180B582B000AF0023AD
:101AE0003B600E4B19683B4601220D480BF0CEF9C6
:101AF00078607B68002B0AD03B68002B07D0094B2D
:101B00004FF080521A60BFF34F8FBFF36F8F064BB9
:101B1000DB6A984700BF0837BD4680BDC419002066
:101B2000B7A1000804ED00E02437010880B586B0B5
:101B300000AFF860084611461A4603467B810B4603
:101B40003B811346FB7100233B61304B9B69012BAA
:101B500005D17B891A46F9682D4801F0C9FD2D4A47
:101B60003B8913802C4AFB7913707B89FF2B28BF9C
:101B7000FF239BB21A46294B5A60284B04221A6055
:101B80007B89FF2B28BFFF239BB21A46F9682448A4
:101B90000FF027FE1D4B5B6E002B04D1214B5B6BBE
:101BA0004FF4FA609847194B5B6E012B0AD1002362
:101BB0003B611D4B196807F1100304221B480BF011
:101BC00065F978611A4B1B68184609F09DFC0346BD
:101BD000002B16D1164B186807F1100200230F498D
:101BE00009F0E0F978617B69002B0AD03B69002B92
:101BF00007D0104B4FF080521A60BFF34F8FBFF3E6
:101C00006F8F00BF1837BD4680BD00BFD0100020C9
:101C1000A01A00209C1A00209E1A0020B41A00204E
:101C2000BC1A002024370108C4190020B7A10008FD
:101C3000BC19002004ED00E080B400AF034B01228A
:101C40001A6000BFBD4680BC704700BF901A0020DC
:101C500080B582B000AF00237B600E4B01221A607A
:101C60000D4B1B68002B11D00B4B19683B1D082234
:101C70000A480BF00BF97B68002B07D0084B4FF09C
:101C800080521A60BFF34F8FBFF36F8F00BF0837CA
:101C9000BD4680BD941A0020C4190020B7A10008D9
:101CA00004ED00E080B582B000AF00237B60134BF1
:101CB00001221A60124B5B6E002B04D1114B5B6B3F
:101CC0004FF4FA609847104B1B68002B11D00E4B55
:101CD00019683B1D10220D480BF0D8F87B68002BCB
:101CE00007D00B4B4FF080521A60BFF34F8FBFF3FA
:101CF0006F8F00BF0837BD4680BD00BF981A002017
:101D0000D010002024370108C4190020B7A1000812
:101D100004ED00E080B400AF024B1846BD4680BC25
:101D2000704700BFD010002080B500AF0A4B0B4AAF
:101D30001A60094B0A4A9A60074B0A4A5A60064BD6
:101D4000094ADA60044B094A1A61094B1B680248C8
:101D500098470023184680BD741A0020D91A00083D
:101D60002D1B0008391C0008511C0008A51C000888
:101D70002437010890B58FB00AAFF860B9607A6077
:101D8000FB70144BDB68F8689847124BDC6997F9D5
:101D900020107B6A089300230793002306930023F7
:101DA0000593012304930023039306230293FB78F6
:101DB00001937B680093BB6800220120A047054B7C
:101DC0005B6DFF2101209847002318461437BD465C
:101DD00090BD00BF2437010890B58FB00AAFF860FE
:101DE000B9607A60FB70164BDB68F8689847144B53
:101DF0009C69FB7801220992002208920022079236
:101E000000220692012205920022049200220392EF
:101E10000522029206220192002200927A68B96895
:101E20000120A047064B5B6DFF2101209847044B22
:101E30005B6B386A9847002318461437BD4690BD3F
:101E40002437010880B483B000AF78607B68074A0C
:101E5000934205D97B68064A934201D8012300E0EA
:101E6000002318460C37BD4680BC7047806DC335D3
:101E7000FF27503780B487B000AF78607B68254A71
:101E8000A2FB03239B093B613B69224AA2FB03128D
:101E900092094FF47A7101FB02F29B1AFB60002356
:101EA0007B61FB68F92B02D87D237B6123E0FB6813
:101EB000F92B07D9FB68B3F5FA7F03D240F2771309
:101EC0007B6118E0FB68B3F5FA7F08D3FB6840F24A
:101ED000ED22934203D840F271237B610BE0FB6853
:101EE00040F2ED22934206D9FB68B3F57A7F02D225
:101EF00040F26B337B613A697B6913444FF47A7229
:101F000002FB03F33B613B6918461C37BD4680BCAE
:101F1000704700BFD34D621080B582B000AF7860CB
:101F2000294B1B680133284A13607B681C221A6006
:101F30007B680A225A74244B1A687B68DA607B68D3
:101F4000224A5A60224B1B69DAB27B681A747B689A
:101F500003F112001E4B1A6913469B0013445B00E9
:101F600020331B4A13440A2219460FF03AFC184B3F
:101F70001A6913469B0013445B002033144A9818D7
:101F80007B681733052219460FF02BFC104B1A699A
:101F900013469B0013445B00053320330C4A98180A
:101FA0007B681233052219460FF01BFC7B681B6807
:101FB0001946786801F04CFC02467B68DA6100BF84
:101FC0000837BD4680BD00BFD81B0020EDFEEDFEEA
:101FD000CC19002080B485B000AF78600023FB737B
:101FE0007A680A4B13440A4AA2FB03239B09BB608D
:101FF000BB68074AA2FB03231B09FB7397F90F3049
:1020000018461437BD4680BC704700BF80923CCA5A
:10201000D34D621080B485B000AF7860094A7B6808
:102020001344123393F90030FB60FB68064A03FB4C
:1020300002F2064B1344BB60BB6818461437BD461A
:1020400080BC7047541A002090D00300C855C53595
:1020500080B483B000AF0023FB711C4B1A681C4B8B
:102060001B689A4229D1194BDA69194BDB699A42EC
:1020700023D1164B1A6B164B1B6B9A421DD1134B77
:102080009A6C134B9B6C9A4217D1104BDA6C104B25
:10209000DB6C9A4211D10D4B1A6D0D4B1B6D9A42A0
:1020A0000BD10A4B5A6D0A4B5B6D9A4205D1074B17
:1020B000DA6D074BDB6D9A4201D00123FB71FB798E
:1020C00018460C37BD4680BC704700BF4011002049
:1020D000D010002080B592B002AF0523FB6302232D
:1020E000BB6301237B63644B1B6B7B624FF0FF334D
:1020F0003B630023FB620CE0604AFB6A52F833301A
:102100007A6A9A4202D1FB6A3B6305E0FB6A0133BB
:10211000FB62FB6A022BEFDD3B6BB3F1FF3F12D09A
:10212000564A3B6BDB0013441B79BB63534A3B6B42
:10213000DB0013445B79FB63504A3B6BDB001344C9
:102140009B797B6303E04C4B4FF416421A634A4B76
:102150009B69002B03D0484B9B6B032B74D100234E
:10216000BB62454BDB69002B23D1434B9B6CBB62AD
:10217000414BDA6D3B1D424918460FF071F93B1D8A
:102180001846FDF7FDFF03469AB23B1D114618465F
:1021900001F0D8FB7B6BDAB2374BDB6D5BB242F2FE
:1021A0001071019100931346FA6BB96BB86AFFF78F
:1021B000E1FD314BDB69012B0CD12F4BDB6CBB629A
:1021C0007B6BDBB24FF4FA620092FA6BB96BB86AC0
:1021D000FFF702FEB86AFFF735FE0346002B30D04A
:1021E000254B01225A66B86AFFF744FE0346254A8A
:1021F0001360244ABB6B5360224AFB6B93607B6B7A
:10220000DAB2204B1A731F4B00221A611D4B0022B9
:102210005A611C4B00229A61B86AFFF7DBFE034645
:102220001A46184BDA61174B1B68184600F032F853
:10223000144BDB695BB21A4665211348FFF77EFB3E
:1022400002E00D4B00225A66FFF702FF0346002B07
:102250000CD00E4A084B104619466C231A460FF054
:10226000C0FA0D2209490A48FFF7CCFA00231846A4
:102270004037BD4680BD00BFD01000203C32010871
:10228000202F0108CC190020EC190020401100205B
:1022900000E80308B0B58CB00AAF78602A4B5B6EDB
:1022A000012B4DD1284BDB69002B23D1274BDB6859
:1022B00078689847254BDC69234BDB6D59B2244B7A
:1022C0005868234B9B68224A127B42F2107508958E
:1022D00000250795002506950025059501250495FF
:1022E00000250395062502950192009303460022DE
:1022F0000120A047144BDB69012B21D1134BDB6874
:1023000078689847114B9C69114B5968104B9A6833
:102310000F4B1B7B012009900020089000200790A4
:1023200000200690012005900020049000200390DA
:102330000520029006200190002000900120A04777
:1023400000BF0837BD46B0BDD010002024370108BB
:10235000CC19002080B584B002AF7860002204213F
:10236000074802F0FBFF0023009300230022032113
:1023700078680AF053FA00BF0837BD4680BD00BF39
:102380000004004880B582B000AF786000220421CC
:10239000034802F0E3FF00BF0837BD4680BD00BF21
:1023A0000004004880B582B002AF104B00930023B8
:1023B00000225A2100200AF0D3F903460C4A136088
:1023C000002300930B4B00224FF0FF310A480EF020
:1023D0007BF94FF4C87108480EF08AFA00220421F4
:1023E000064802F0BBFF00BFBD4680BD5523000874
:1023F000BC1B002085230008C01B002000040048EF
:1024000090B583B002AF104B1B6818460AF014FD5C
:102410000346002B13D1012204210C4802F09EFF39
:102420000B480EF087F9084B1C6809F06FFC024658
:10243000002300930023012120460AF0EFF900BF9A
:102440000437BD4690BD00BFBC1B002000040048FF
:10245000C01B002080B586B002AF786039600523CC
:10246000FB60074B1868FB68009300230122796822
:1024700007F00AFDB860BB6818461037BD4680BD3E
:10248000C4190020B0B5D2B000AF07F5A473A3F50E
:10249000A27318600023C7F83431002387F847314E
:1024A0000023C7F840310023C7F83C31282009F049
:1024B000DBFABE4BDB69042B01D001F08BFA4FF045
:1024C000FF33C7F830311E23C7F83031B74B1B69D3
:1024D000002B07D0B54B5B69002B03D1B34BDB69F5
:1024E000012B11D0B24B1B68184608F0D9FE0346E9
:1024F0000A2B05D0AE4B1B680021184608F008FBDC
:102500000A2009F0B1FA8EE1A94B1B6807F10C0112
:10251000D7F83021184608F0E1FD0346002B00F003
:10252000558107F5A473A3F59E735B68002BCDD08E
:102530009E4B5B6E012B40F0E88097F8473183F0AB
:102540000103DBB2002B00F0958007F5A473A3F51F
:102550009E735B68202B40F08D8007F10C030833DD
:10256000C7F82831D7F828315B68924A934240F087
:102570008180D7F828311B681C2B7BD18E4B1B68C0
:102580001C21184607F052FDD7F828311B681A465F
:1025900007F10C0308331146184601F059F9C7F842
:1025A0002401D7F828311B6807F10C0208321344C4
:1025B0001B681A4607F5A473A3F5A0731A6007F504
:1025C000A473A3F5A0731B68D7F824219A421ED0E8
:1025D0007A4B1B68C7F83431794AD7F8283114464A
:1025E0001D460FCD0FC495E80F0084E80F00D7F803
:1025F0003401FFF74FFE734B5B6B4FF4FA60984763
:102600000023C7F83C310023C7F840310BE1002319
:10261000C7F84031012387F84731694AD7F8283194
:1026200014461D460FCD0FC495E80F0084E80F0037
:102630000023C7F83C31D7F83C01FFF7EBFCC7F8A3
:102640003401D7F83401FFF725FE5E4B5B6BC820E1
:102650009847D7F840310133C7F84031D7F83C31BB
:102660000133C7F83C31564B5B7C19465648FFF79F
:102670000BFAD8E097F84731002B46D0D7F8403115
:102680000133C7F8403107F5A473A3F59E735B6867
:10269000FE2B15D8002387F84731484B1B68C7F835
:1026A00034312022002146480EF06EFFD7F8340165
:1026B000FFF7F0FD434B5B6B4FF4FA60984724E063
:1026C000D7F83C01FFF7A6FCC7F83401D7F83C3136
:1026D0000133C7F83C31D7F83C31092B0DDD374BBE
:1026E0001B68C7F83431D7F83401FFF7D3FD354BF9
:1026F0005B6B4FF4FA60984707E0D7F83401FFF7B7
:10270000C9FD304B5B6BC8209847FFF779FEFFF798
:1027100001FBC7F820018023C7F81C310023C7F84C
:10272000383138E007F5A473A3F59E735A68D7F8DB
:102730003831D31AD7F81C21934228BF1346C7F863
:10274000183107F10C02D7F8383108331344C7F8B1
:102750001431D7F820319B6E002B08D1D7F81831EF
:102760009BB21946D7F8140100F0DEFE05E0D7F859
:102770001811D7F8140100F011FFD7F83831002BE9
:1027800002D10520FEF738FAD7F83821D7F81C31E6
:102790001344C7F8383107F5A473A3F59E735B683B
:1027A000D7F838219A42BDD390E600BFD010002060
:1027B000BC190020EDFEEDFEC4190020CC1900204C
:1027C000541A002024370108661A0020164B5B6E4D
:1027D000012B7FF47BAE00211820FFF73BFEC7F8EA
:1027E0002C01D7F82C3103F01803002B3FF46EAE08
:1027F000202200210D480EF0C7FE0D4B1B68C7F8C4
:102800003431002387F847310023C7F83C310023D7
:10281000C7F84031D7F83401FFF73CFD054B5B6B3F
:102820004FF4FA60984751E6D0100020541A002067
:10283000CC1900202437010880B500AF074B0122D6
:102840005A61064B0022DA60142009F00DF9034B9F
:1028500000225A610023184680BD00BFD01000201E
:1028600080B500AF054B01225A61044B0122DA60AA
:10287000142009F0F9F80023184680BDD01000207C
:1028800080B5CCB000AF07F59873A3F596731860C8
:102890000023C7F80C310023C7F82C3107F59873D3
:1028A000A3F5927318464FF480731A4600210EF078
:1028B0006BFE002387F82B310023C7F82431A84B87
:1028C0001B69002B07D0A64B5B69002B03D1A44BDF
:1028D000DB69002B14D0A34B1B68184608F0E0FC02
:1028E0000346142B08D09F4B1B680021184608F0A4
:1028F0000FF99D4800F08EFF0A2009F0B5F8ABE112
:102900009A4B1B68012B15D1954BDB69002B0BD122
:10291000934B9B69012B07D1FFF7DCFB944B1B68A2
:102920000121184607F0BBFB904B00221A600220E1
:1029300009F09AF88B4B1B6807F58671052218463B
:1029400008F0CCFBC7F82001874800F073FFC7F8F8
:102950002C01834BDB68002B40F07681D7F82C31BB
:10296000002B00F07181D7F82C31002B69D07C4B03
:102970005B6E012B65D197F82B3183F00103DBB23D
:10298000002B5ED0012387F82B317A4B00225A614D
:102990007948FFF7C1FA012009F066F80A21774863
:1029A000FFF772F8734B1B690133724A1361714B65
:1029B0001B690A2B02D16F4B00221A616D4B1B68F9
:1029C000C7F824316E4BDB68D7F82401984707F12C
:1029D0000C032022684918460EF003FF694B1B6860
:1029E0000133694A136064210120FFF733FDC7F802
:1029F0001C01D7F81C3103F00103002B0DD001207E
:102A000009F032F85E4B9B6A07F10C022021104658
:102A10009847082009F028F809E0052009F024F873
:102A2000574B9B6A07F10C02202110469847554BE3
:102A30001B680133534A13604B4800F0FBFEC7F894
:102A40002C01D7F82C31FE2B40F2A28007F10C03A9
:102A5000FF221946444800F093FEFFF7D1FCC8213D
:102A60000120FFF7F7FCC7F814013D4B5B6E012B0B
:102A70001ED1404B5B691846FFF7CCFAC7F824011A
:102A80003F4BDB68D7F8240198473A4B5B69013329
:102A9000384A5361374B5B69092B09DD354B5B695C
:102AA00019463A4800F0DAFD002387F82B31D3E0CD
:102AB000D7F8143103F00103002B0CD0314B1B6805
:102AC0000133314A13602E4B9B6A07F10C02FF2140
:102AD000104698471FE02B4B1B6801332A4A1360AE
:102AE00064210120FFF7B6FCC7F81001D7F81031B8
:102AF00003F00103002B07D1214B9B6A07F10C0265
:102B0000FF211046984706E01D4B9B6A07F10C0217
:102B1000FF2110469847124B1B6BB3F5964F03D11C
:102B20000C2008F0A1FF15E00D4B1B6BB3F5164F01
:102B300003D1082008F098FF0CE0094B1B6B4FF203
:102B40002442934203D1052008F08EFF02E00A20C0
:102B500008F08AFF0B4B1B6801330A4A13607AE0C6
:102B6000D0100020C0190020AC110020901A0020C5
:102B7000C4190020CC190020541A0020661A002025
:102B800024370108C8190020B01A0020302F01088E
:102B9000D7F82031002B5ED1D7F82C31002B5AD03A
:102BA000D7F82C31FE2B56D82C4B5B6E012B29D13C
:102BB000D7F82C31C7F81831032008F055FF284802
:102BC00000F038FEC7F82C01D7F82C21D7F81831BF
:102BD0009A4207D9D7F82C21D7F81811214800F0CC
:102BE0003DFD39E0204B5B691846FFF713FAC7F843
:102BF0002401D7F82401FFF74DFB1B4B5B69013320
:102C0000194A5361002387F82B3107F10C03D7F8D9
:102C10002C211946124800F0B3FD144B9B6AD7F8DB
:102C20002C21D1B207F10C0210469847104B1B68BB
:102C30000133104A1360082008F016FF0C4B1B6884
:102C400001330B4A136006E0084BDB6A98470A2001
:102C500008F00AFF33E600BF31E600BFD0100020C5
:102C6000AC110020402F0108CC19002024370108A6
:102C7000C8190020B01A002080B584B000AF786079
:102C80000B467B80134B1B69002B1DD0114BDB685F
:102C9000002B19D10F4BDB69002B15D17B881A460D
:102CA00079680D4800F024FD7B88FB600B4B1868A9
:102CB00007F10C010023002208F072F80346002BF4
:102CC00002D1074800F0CAFC002318461037BD4661
:102CD00080BD00BFD0100020AC110020C019002022
:102CE000642F010880B584B002AF644B00221A61E2
:102CF000624B00225A6607F0ADF80346604A136043
:102D0000FFF712F800224FF484710A2007F0E7FF62
:102D100003465C4A136000220421142007F0DFFF01
:102D20000346594A13604FF400625849584800F06E
:102D3000C3FC4FF400625549564800F0BDFC052025
:102D400008F092FE002301933623009300234FF4F2
:102D500080625149514808F0B9FC7860052008F0BC
:102D600083FE002301933623009300234FF48062F7
:102D70004B494C4808F0AAFC7860414B1B68042181
:102D8000184607F08CF93E4B1B680121184607F0E6
:102D900086F9FFF707FB394B434A1A60374B01228C
:102DA0001A61364B00229A61344B01225A61334B2F
:102DB0000122DA60314B0122DA61304B3B4A9A64DE
:102DC0002E4B3A4ADA642D4BFA229A622B4BFA22A6
:102DD000DA622A4B4FF416421A63284B03225A63D5
:102DE000264B5B6B254A9363244B0A22DA65234BFF
:102DF00001229A660D222E492E48FEF799FC2C4B93
:102E00001B68294A93420DD0294A1C4B104619468B
:102E10006C231A460EF0E5FC0D2225492548FEF7E5
:102E2000F1FC1FE0224BDB69144AD361204B9B6C01
:102E3000124A93641E4BDB6C104AD3641C4B1B6B11
:102E40000E4A13631A4B5B6B0C4A5363184B9B6B14
:102E50000A4A9363164BDB6D084AD365144B9B6E8D
:102E6000064A9366054B0422DA61044B0122DA60BC
:102E7000002318460837BD4680BD00BFD010002093
:102E8000C4190020BC190020C0190020BC1100206A
:102E9000AC110020A01A0020782F0108812800081A
:102EA000842F010885240008EFBEEDFEC0CA8936D4
:102EB0004011002000E8030880B483B000AF7860C0
:102EC000064BD3F8802005497B681343C1F8803056
:102ED00000BF0C37BD4680BC704700BF00080058DB
:102EE00080B5ACB000AF78600B467B800023FB6000
:102EF0007B88C7F8A43000237B6100233B61D7F8AF
:102F0000A430002B40F392807B681B68494A9342AF
:102F100043D17B681B6F022B03D07B681B6F002B98
:102F20003BD10023C7F8AC302EE0D7F8A420D7F867
:102F3000AC30D31A802BA8BF8023C7F8A030D7F8B5
:102F4000AC303D4A9918D7F8A02007F11003083398
:102F500018460EF046FCD7F8A0307B61374B1B6853
:102F6000184608F0D1FA0346002B08D1334B1868F5
:102F700007F10C0207F11001002308F013F8D7F84D
:102F8000AC308033C7F8AC30D7F8AC20D7F8A430D9
:102F90009A42CADB786800F099F87B681B68284A77
:102FA000934243D17B681B6F022B03D07B681B6F5E
:102FB000002B3BD10023C7F8A8302EE0D7F8A4207F
:102FC000D7F8A830D31A802BA8BF8023C7F89C302D
:102FD000D7F8A8301B4A9918D7F89C2007F110039E
:102FE000083318460EF0FDFBD7F89C307B61164B7A
:102FF0001B68184608F088FA0346002B08D1124BCC
:10300000186807F10C0207F11001002307F0CAFF4E
:10301000D7F8A8308033C7F8A830D7F8A820D7F859
:10302000A4309A42CADB786800F050F800BFB0378D
:10303000BD4680BD00380140F41B0020DC1B002091
:1030400000440040F8210020E01B002080B584B03F
:1030500000AF78600023BB607B681B68154A934211
:1030600008D1154B196807F108030122134809F02C
:103070000DFFF8607B681B68114A934208D1114B21
:10308000196807F1080302220C4809F0FFFEF860F6
:10309000FB68002B0AD0BB68002B07D00A4B4FF00F
:1030A00080521A60BFF34F8FBFF36F8F00BF10378E
:1030B000BD4680BD00380140E41B0020B7A10008D8
:1030C00000440040E81B002004ED00E080B584B01F
:1030D00000AF78600123FB737B681B681F4A934233
:1030E00018D14FF4C0621E49786806F0ECFB034625
:1030F000FB737B68D3F88030002B0BD07B68D3F850
:1031000080301B681A687B68D3F880301B6822F017
:1031100004021A607B681B68124A934218D14FF46C
:10312000C0621149786806F0CEFB0346FB737B68EA
:10313000D3F88030002B0BD07B68D3F880301B682D
:103140001A687B68D3F880301B6822F004021A608A
:10315000FB7B18461037BD4680BD00BF00380140DC
:10316000F41B002000440040F821002080B5ACB0E2
:1031700000AF78607B68D3F89030102B02D178686C
:10318000FFF7A4FF7B68D3F89030082B40F09D80B8
:103190000023C7F894307B681B684E4A934247D19E
:1031A0007B68B3F85E309BB2C7F8A430D7F8A43080
:1031B000002B3ADD0023BB600023C7F8AC302EE0C3
:1031C000D7F8A420D7F8AC30D31A802BA8BF80231F
:1031D000C7F8A030D7F8AC303F4A9918D7F8A020EC
:1031E00007F10803083318460EF0FBFAD7F8A030B1
:1031F000FB603A4B1B68184608F086F90346002B23
:1032000008D1364B186807F1940207F10801002332
:1032100007F0C8FED7F8AC308033C7F8AC30D7F829
:10322000AC20D7F8A4309A42CADB7868FFF74EFF8B
:103230007B681B682A4A934247D17B68B3F85E30AB
:103240009BB2C7F89C30D7F89C30002B3ADD0023A6
:10325000BB600023C7F8A8302EE0D7F89C20D7F831
:10326000A830D31A802BA8BF8023C7F89830D7F88E
:10327000A8301C4A9918D7F8982007F1080308339A
:1032800018460EF0AEFAD7F89830FB60164B1B6864
:10329000184608F039F90346002B08D1124B18687C
:1032A00007F1940207F10801002307F07BFED7F82D
:1032B000A8308033C7F8A830D7F8A820D7F89C30BA
:1032C0009A42CADB7868FFF701FF00BFB037BD46FE
:1032D00080BD00BF00380140F41B0020DC1B002033
:1032E00000440040F8210020E01B002080B5A8B079
:1032F00000AF78607B681B68C7F894300023C7F87C
:103300009C300023C7F89830D7F89430012B04D0B4
:10331000D7F89430022B07D00EE0294BC7F89C3029
:10332000284BC7F898300BE0274BC7F89C30274B49
:10333000C7F8983000BF03E0002008F021FB3CE014
:10334000D7F89C301B6807F108014FF0FF32184690
:1033500007F0C4FE0346012BF2D1BB68012B03D951
:10336000033B012B25D827E0D7F898301B68002BAA
:1033700011D1FB68002B1ED000F0F8FF0346002B94
:1033800019D0FB689AB207F10803083311461846B2
:10339000FFF772FC0FE0FB68002B0CD0D7F89830D9
:1033A0001B68FA6891B207F1080208321046984784
:1033B00001E000BFC4E700BFC2E7A037BD4680BD43
:1033C000DC1B0020EC1B0020E01B0020F01B002079
:1033D00080B500AFFDF70CF9FDF7B8FF4FF00060C6
:1033E000FFF76AFD00BF80BD80B500AFFDF700F9B3
:1033F000FDF760FF4FF08060FFF75EFD00BF80BD0E
:1034000080B582B002AF00228C21142007F067FC47
:103410000346174A136006F01DFD0346154A136064
:10342000FFF7E2FF134B1B680121184606F037FE39
:1034300000230193372300930F4B4FF400620F4991
:103440000F4808F043F90F4A01210F4804F058FBD8
:103450000E490D4804F00CFC0D4A04210A4804F002
:103460004FFB0948FFF732FE00231846BD4680BDDA
:10347000DC1B0020E41B002054320108902F0108BF
:10348000ED3200084D300008B4050020E12E0008A0
:103490006D31000880B582B002AF00228C2114206B
:1034A00007F01DFC0346174A136006F0D3FC0346E1
:1034B000154A1360FFF78CFF134B1B680221184657
:1034C00006F0EDFD00230193372300930F4B4FF4DB
:1034D00000620F490F4808F0F9F80F4A01210F4820
:1034E00004F00EFB0E490D4804F0C2FB0D4A042106
:1034F0000A4804F005FB0948FFF7E8FD00231846D9
:10350000BD4680BDE01B0020E81B002058320108AA
:103510009C2F0108ED3200084D3000088006002085
:10352000E12E00086D31000880B588B002AF7860E8
:103530000B467B8005233B610E4B18683B6900936B
:1035400000230122012106F09FFCF8604FF0FF33B9
:103550007B617B881A467968074804F0C7FB0346FD
:10356000002B01D100237B617B6918461837BD46CB
:1035700080BD00BFE41B0020B405002080B483B0F0
:1035800000AF7860044A7B681360002318460C374C
:10359000BD4680BC704700BFF01B002080B588B0DE
:1035A00002AF7860396005233B610F4B18683B69B7
:1035B000009300230122022106F066FCF8604FF020
:1035C000FF337B613B689BB21A467968074804F079
:1035D0008DFB0346002B01D100237B617B691846DC
:1035E0001837BD4680BD00BFE81B002080060020C4
:1035F0000CB480B584B000AF7860396007F11C036B
:10360000FB603968FB68BA6978680DF0F1FB00BFB0
:103610001037BD46BDE8804002B0704780B586B027
:1036200002AF7860396007F1080318460DF004F81E
:10363000BB68B7F90C200092074A10217868FFF7A1
:10364000D7FF7868FCF79CFD03469AB23B681A8066
:1036500000BF1037BD4680BDA82F01080FB480B54C
:1036600084B000AF0023FB80BB1D19461148FFF753
:10367000D5FF07F11C03BB60FB881A460D4BD01821
:10368000BB68BA694FF480710DF0B2FB0346FB8151
:10369000FA88FB891344FB81FB891946054800F031
:1036A00051F9FB8918461037BD46BDE8804004B08B
:1036B000704700BFFC27002080B584B000AFF860E1
:1036C000B9607A6010220021F8680DF05DFFFB6898
:1036D000BA68DA60FB6800229A60FB6800225A60D0
:1036E000FB687A681A60002318461037BD4680BD13
:1036F00080B588B000AFF860B9607A60FB681A687E
:10370000FB689B68D21AFB685B681344FB617A68AC
:10371000FB69934228BF13467B60FB689A68FB688D
:103720001B68013B1340BB61FB681A68BB69D31A75
:103730007A68934228BF13467B61FB68DA68BB69ED
:1037400013447A69B96818460EF04BF87A687B69B9
:103750009A420AD9FB68D868BA687B69D1187A6836
:103760007B69D31A1A460EF03CF8FB689A687B68AE
:103770001A44FB689A607B6818462037BD4680BDB6
:1037800080B588B000AFF860B9607A60FB689A686D
:10379000FB685B68D31AFB61FB69002B01D1002336
:1037A00034E07A68FB69934228BF13467B60FB686C
:1037B0005A68FB681B68013B1340BB61FB681A68D1
:1037C000BB69D31A7A68934228BF13467B61FB68B2
:1037D000DA68BB6913447A691946B8680EF001F8D3
:1037E0007A687B699A420AD9BA687B69D018FB6803
:1037F000D9687A687B69D31A1A460DF0F2FFFB6824
:103800005A687B681A44FB685A607B681846203700
:10381000BD4680BD80B483B000AF78607B68002275
:103820005A607B685A687B689A6000BF0C37BD4657
:1038300080BC704780B483B000AF78607B689A68C2
:103840007B685B68D31A18460C37BD4680BC70474E
:1038500080B485B000AF786039600023FB6000233E
:10386000BB6012E0FB681B0223F07F42FB681B0C6D
:10387000B9687868014409784B40094951F8233008
:103880005340FB60BB680133BB60BA683B689A4237
:10389000E8DBFB6818461437BD4680BC704700BFA4
:1038A0005C32010880B500AF0A4B0B4A1A60094B25
:1038B0000A4A9A60074B0A4A5A60064B094ADA607C
:1038C000044B094A1A61094B1B680248984700BF1C
:1038D00080BD00BFFC280020F1380008FD3800083A
:1038E000213900082D39000839390008243701082A
:1038F00080B400AF00BFBD4680BC704780B485B0C7
:1039000000AFF860084611461A4603467B810B4615
:103910003B811346FB7100BF1437BD4680BC704726
:1039200080B400AF00BFBD4680BC704780B400AF1C
:1039300000BFBD4680BC704780B400AF00BFBD462D
:1039400080BC704780B582B000AF78600B467B804A
:103950000A4B1B68002B06D17B8819467868FFF755
:10396000E3FD034605E07B8819467868FFF716FEFD
:10397000034618460837BD4680BD00BF1829002001
:1039800080B584B000AF786039603B68FB600E4959
:103990007A6813469B0013449B000B440C330222AD
:1039A0001A700A4A0A49F8680DF05AFDFEF792FBB0
:1039B000FEF742FFF868FCF7E3FBB860BB68184607
:1039C0001037BD4680BD00BF1C290020B42F010860
:1039D000C82F010880B590B000AF3B4640220021BF
:1039E00018460DF0D1FD064B1B681A463B4619469A
:1039F0001046FFF7C5FF00BF4037BD4680BD00BF82
:103A00001829002080B584B000AF786039600D4B74
:103A10001A680D4913469B0013449B000B440C335A
:103A200000221A700323FB60FB689BB2194607480B
:103A3000FFF788FFFEF714FF002318461037BD4636
:103A400080BD00BF182900201C290020CC2F0108B0
:103A500080B584B000AF786039603B68FB600422B9
:103A6000124938680DF0A6FD0346002B0ED0F86809
:103A7000FCF786FB0246FB6813440D4918460DF01F
:103A8000EFFCF868FCF77CFB03460BE00023BB600F
:103A9000084A0949F8680DF0E3FCF868FCF770FB88
:103AA000B860BB6818461037BD4680BDD02F0108EE
:103AB000D82F0108E42F0108EC2F010880B586B04B
:103AC00000AF786039603B687B61FEF723F93861AD
:103AD0003B69DB69FB603B69DB69FB60FA680649AF
:103AE00078690DF0BDFC7869FCF74AFB034618467F
:103AF0001837BD4680BD00BF0030010880B586B0D4
:103B000000AF786039603B687B61FEF703F938618C
:103B10000023FB6007F10C031A46174978690DF082
:103B2000C1FC0346002B0FDA7869FCF729FB02463B
:103B30007B691344114A124918460DF091FC7869CB
:103B4000FCF71EFB034612E07869FCF719FB0246FE
:103B50007B6913440B4A0A4918460DF081FCFB6847
:103B60001A463B69DA617869FCF70AFB0346184696
:103B70001837BD4680BD00BF14300108D82F01089A
:103B8000C82F01082430010880B586B000AF7860E6
:103B900039603B687B61FEF7BDF838610023FB604C
:103BA00007F10C031A46154978690DF07BFC0346B2
:103BB000002B0BDA7869FCF7E3FA02467B691344C1
:103BC0000F4A104918460DF04BFC0EE0FB681A46F0
:103BD0003B699A617869FCF7D3FA02467B69134422
:103BE000094A084918460DF03BFC7869FCF7C8FA09
:103BF000034618461837BD4680BD00BF2C3001086B
:103C0000D82F0108C82F01082430010880B584B0DE
:103C100000AF786039603B68FB60FEF77BF8B86006
:103C2000BB689B691A460649F8680DF019FCF868EC
:103C3000FCF7A6FA034618461037BD4680BD00BF04
:103C40003C30010880B586B000AF786039603B68D1
:103C50007B61FEF75FF838610023FB6007F10C031E
:103C60001A46154978690DF01DFC0346002B0BDA46
:103C70007869FCF785FA02467B6913440F4A1049BC
:103C800018460DF0EDFB0EE0FB681A463B69DA655D
:103C90007869FCF775FA02467B691344094A0849BA
:103CA00018460DF0DDFB7869FCF76AFA0346184602
:103CB0001837BD4680BD00BF50300108D82F01081D
:103CC000C82F01082430010880B584B000AF7860A7
:103CD0003960FEF71FF8F8603B68BB60FB68DB6D7E
:103CE0001A460649B8680DF0BBFBB868FCF748FAFD
:103CF000034618461037BD4680BD00BF5C30010842
:103D000080B58AB002AF786039603B68FB61FEF72E
:103D100001F8B86107F10C0107F1140207F108037B
:103D2000019307F1100300930B462049F8690DF049
:103D3000B9FB0346002B0BDAF869FCF721FA0246BF
:103D4000FB6913441A4A1B4918460DF089FB24E00D
:103D50007B69194A03FB02F2FB684FF47A7101FB9D
:103D600003F313441A46BB699A643B69124A03FB86
:103D700002F2BB684FF47A7101FB03F313441A4655
:103D8000BB69DA64F869FCF7FBF90246FB69134486
:103D90000A4A084918460DF063FBF869FCF7F0F988
:103DA000034618462037BD4680BD00BF703001086D
:103DB000D82F0108C82F010840420F002430010805
:103DC000B0B586B002AF78603960FDF7A3FFF86048
:103DD0003B68BB60FB689B6C1C4AA2FB03239B0CEB
:103DE0001C46FB689A6C194BA3FB02139B0C1849E9
:103DF00001FB03F3D31A174AA2FB03239B091D46B9
:103E0000FB68DB6C114AA2FB03239B0C1846FB6882
:103E1000DA6C0E4BA3FB02139B0C0D4901FB03F361
:103E2000D31A0C4AA2FB03239B09019300902B4653
:103E300022460949B8680DF013FBB868FCF7A0F9F1
:103E4000034618461037BD46B0BD00BF83DE1B4396
:103E500040420F00D34D62108C30010880B586B00F
:103E600000AF786039603B687B61FDF753FF3861D4
:103E70004FF4FA73BB604FF4FA73FB6007F1080369
:103E800007F10802164978690DF00CFB0346002B78
:103E90000BDA7869FCF774F902467B691344114A1E
:103EA000114918460DF0DCFA11E0BB681A463B696F
:103EB0009A62FA683B69DA627869FCF761F902464E
:103EC0007B691344094A084918460DF0C9FA786914
:103ED000FCF756F9034618461837BD4680BD00BFAB
:103EE000AC300108D82F0108C82F01082430010880
:103EF00080B584B000AF78603960FDF70BFFF860E3
:103F00003B68BB60FB689A6AFB68DB6A0549B86876
:103F10000DF0A6FAB868FCF733F9034618461037D7
:103F2000BD4680BDBC30010880B586B000AF78606A
:103F300039603B687B61FDF7EDFE386107F10C03EA
:103F40001A46154978690DF0ADFA0346002B0BDAD5
:103F50007869FCF715F902467B6913440F4A10494A
:103F600018460DF07DFA0EE0FB681A463B691A63AD
:103F70007869FCF705F902467B691344094A084948
:103F800018460DF06DFA7869FCF7FAF80346184602
:103F90001837BD4680BD00BFD4300108D82F0108B6
:103FA000C82F01082430010880B584B000AF7860C4
:103FB0003960FDF7AFFEF8603B68BB60FB681B6BC8
:103FC0001A460649B8680DF04BFAB868FCF7D8F8FD
:103FD000034618461037BD4680BD00BFE0300108DB
:103FE00080B58AB000AFB9607B600346FB731346AF
:103FF000BB7300237B62FA7B13469B0013449B0038
:104000003A4A13443B623B6A1B69FB610023BB6174
:104010003B6A1B7B022B23D13549B8680DF0EAFAC5
:104020000346002B0FD03B6A00229A603B6A5B6814
:104030001A460021F8690DF0A7FAFB7BF9691846CA
:10404000FFF7E0FC0AE000F091F90346002B05D0F1
:10405000BB7B9BB21946B868FEF70EFE002340E01A
:10406000BA7B3B6A9B681A443B6A5B689A420BD9ED
:104070003B6A00229A603B6A5B681A460021F86935
:104080000DF082FA00232CE03B6A1A693B6A9B68B8
:104090001344BA7BB96818460DF0A3FB3B6A9B68D2
:1040A0005A003B6A9A601349F8690DF0A3FAB861A7
:1040B0001149F8690DF09EFA78617B69002B0FD0E9
:1040C000BB69002B0CD07A69BB69D31A02337B62BF
:1040D0003B6A00229A607B68BA691A607B6A00E0DA
:1040E000002318462837BD4680BD00BF1C2900208C
:1040F000CC2F0108F4300108F830010880B485B0F5
:1041000000AF0346B9607A60FB73BB68002B37D001
:104110007B687F2B34D9FA7B1C4913469B001344E0
:104120009B000B441033BA681A60FA7B1749134698
:104130009B0013449B000B4404337A681A60FA7B9B
:10414000124913469B0013449B000B440C3300227E
:104150001A70FA7B0D4913469B0013449B000B44D5
:1041600000221A60FA7B094913469B0013449B0006
:104170000B44083300221A60FB7B054A136000E001
:1041800000BF1437BD4680BC704700BF1C2900200B
:104190001829002080B588B000AFF860B9607A6057
:1041A0003B600023FB6100237B613B683B617B68D4
:1041B000402B02D94FF0FF3389E00023BB6181E03F
:1041C0004549BA6913469B0013449B000B441B7876
:1041D000002B74D0BA6913469B0013449B003E4ADF
:1041E000134401331946B8680DF004FA78617B690D
:1041F000002B64D08022002138690DF0C5F97A685F
:10420000B96838690DF0EDFA3F21B8680DF0C4F9CE
:104210000346002B22D03049BA6913469B00134451
:104220009B000B4410331B68002B48D02A49BA6905
:1042300013469B0013449B000B4410331B683969E1
:10424000F86898470346FB61FB69002B37DDFB6983
:104250009BB219463869FFF775FB30E01E49BA6911
:1042600013469B0013449B000B440C331B68002B2C
:1042700017D01949BA6913469B0013449B000B449D
:104280000C331B683969F86898470346FB61FB6982
:10429000002B14DDFB699BB219463869FFF752FB0E
:1042A0000DE0BA690D4938690DF0DAF83869FBF7A5
:1042B00067FF03469BB219463869FFF743FBBB69AA
:1042C0000133BB61BB69092B7FF77AAFFB691846E5
:1042D0002037BD4680BD00BF00000020FC30010833
:1042E00080B586B000AF78600B467B8000237B6191
:1042F00000233B610023FB60194B1B68002B29DB6B
:10430000174B1B68D8B27B88DAB207F10C037968C7
:10431000FFF766FE03463B613B69002B1ADD3B69F4
:10432000802B17DC802200210E480DF02DF9802211
:1043300000210D480DF028F9FB683A691946094833
:104340000DF04FFA064B1B6818463A69064B0549B3
:10435000FFF720FF7B6918461837BD4680BD00BFB8
:104360001829002044290020C829002080B582B0E7
:1043700000AF0023FB710D4B1A680D4913469B00DB
:1043800013449B000B440C331B78022B08D1FDF720
:10439000C1FC38603B68DB69002B01D10123FB7154
:1043A000FB7918460837BD4680BD00BF182900209C
:1043B0001C29002080B586B000AF786039603B686A
:1043C0007B61FDF7A7FC386107F10C031A4615491C
:1043D00078690DF067F80346002B0BDA7869FBF774
:1043E000CFFE02467B6913440F4A104918460DF070
:1043F00037F80EE0FB681A463B699A667869FBF766
:10440000BFFE02467B691344094A084918460DF06D
:1044100027F87869FBF7B4FE034618461837BD46FF
:1044200080BD00BF10310108D82F0108C82F010836
:104430002430010880B500AF05F0FEFA03461846A7
:1044400080BD80B582B000AF0346FB71FB79184692
:1044500005F032FB034618460837BD4680BD80B5DF
:1044600000AF05F089FB0346184680BD80B500AF5C
:1044700005F089FB0346184680BD80B500AF05F006
:1044800089FB0346184680BD80B582B000AF034665
:10449000FB71FB79184605F084FB03461846083784
:1044A000BD4680BD80B400AF00BFBD4680BC704734
:1044B00080B400AF044B5B68034A23F001035360F0
:1044C00000BFBD4680BC7047002004E080B400AF50
:1044D000044B5B68034A23F00203536000BFBD46F0
:1044E00080BC7047002004E080B400AF044B5B68E0
:1044F000034A23F00403536000BFBD4680BC7047ED
:10450000002004E080B582B000AF0023FB710320DF
:1045100000F0D4F801F02AFF0346094A13600F2087
:10452000FCF74CFB0346002B02D00123FB7101E09A
:10453000FCF718FAFB7918460837BD4680BD00BF66
:10454000C800002080B500AFFFF7B2FF00BF80BDFC
:1045500080B500AFFFF7BAFF00BF80BD80B500AFE8
:10456000FFF7C2FF00BF80BD80B485B000AF7860A8
:104570007B6803F00703FB600C4BDB68BB60BA6829
:104580004FF6FF031340BB60FB681A02BB6813437E
:1045900043F0BF6343F40033BB60044ABB68D3609D
:1045A00000BF1437BD4680BC704700BF00ED00E07F
:1045B00080B400AF044BDB681B0A03F00703184606
:1045C000BD4680BC704700BF00ED00E080B483B002
:1045D00000AF0346FB7197F90730002B0BDBFB792B
:1045E00003F01F02064997F907305B09012000FA22
:1045F00002F241F8232000BF0C37BD4680BC704753
:1046000000E100E080B483B000AF03463960FB7185
:1046100097F90730002B0ADB3B68DAB20C4997F9AF
:1046200007301201D2B20B4483F800230AE03B6842
:10463000DAB20849FB7903F00F03043B1201D2B24E
:104640000B441A7600BF0C37BD4680BC704700BFD4
:1046500000E100E000ED00E080B489B000AFF86058
:10466000B9607A60FB6803F00703FB61FB69C3F183
:104670000703042B28BF0423BB61FB690433062B0B
:1046800002D9FB69033B00E000237B614FF0FF325E
:10469000BB6902FA03F3DA43BB681A407B699A40AC
:1046A0004FF0FF317B6901FA03F3D9437B680B407C
:1046B000134318462437BD4680BC704780B582B08E
:1046C00000AF78607868FFF74FFF00BF0837BD463E
:1046D00080BD80B586B000AF0346B9607A60FB73D9
:1046E000FFF766FF78617A68B9687869FFF7B4FF09
:1046F000024697F90F3011461846FFF783FF00BFB7
:104700001837BD4680BD80B582B000AF0346FB714F
:1047100097F907301846FFF759FF00BF0837BD4625
:1047200080BD000080B582B000AF78607B68002B50
:1047300001D101238EE07B681B681A46474B9A42E1
:104740000FD87B681B681A46454B1344454AA2FBA9
:1047500003231B099A007B685A647B68424A1A64E7
:104760000EE07B681B681A46404B13443D4AA2FB8F
:1047700003231B099A007B685A647B683C4A1A64CD
:104780007B68022283F825207B681B681B687A6897
:10479000126823F4FF4323F0700313607B681B68E7
:1047A00019687B689A687B68DB681A437B681B69B9
:1047B0001A437B685B691A437B689B691A437B6871
:1047C000DB691A437B681B6A1A437B681B680A43D0
:1047D0001A60786800F08EFA7B689B68B3F5804FAA
:1047E00002D17B6800225A607B685A687B689B6CA8
:1047F00002F07F021A607B68DB6C7A68126D5A6087
:104800007B685B68002B10D07B685B68042B0CD83E
:10481000786800F0B7FA7B685B6D00221A607B68ED
:104820009B6D7A68D26D5A6008E07B6800225A65F9
:104830007B6800229A657B680022DA657B6800222B
:10484000DA637B68012283F825207B68002283F8E5
:104850002420002318460837BD4680BD07040240C7
:10486000F8FFFDBFCDCCCCCC00000240F8FBFDBF73
:104870000004024080B586B000AFF860B9607A608D
:104880003B600023FB75FB6893F82430012B01D1BA
:10489000022369E0FB68012283F82420FB6893F877
:1048A0002530DBB2012B55D1FB68022283F825208D
:1048B000FB680022DA63FB681B681A68FB681B68E8
:1048C00022F001021A603B687A68B968F86800F063
:1048D000D3F9FB681B6B002B08D0FB681B681A68B8
:1048E000FB681B6842F00E021A600FE0FB681B6851
:1048F0001A68FB681B6822F004021A60FB681B68D8
:104900001A68FB681B6842F00A021A60FB689B6C1D
:104910001B6803F48033002B07D0FB689B6C1A687C
:10492000FB689B6C42F480721A60FB685B6D002B25
:1049300007D0FB685B6D1A68FB685B6D42F48072A0
:104940001A60FB681B681A68FB681B6842F001026A
:104950001A6008E0FB688022DA63FB68002283F8B3
:1049600024200123FB75FB7D18461837BD4680BD0A
:1049700080B483B000AF78607B68002B01D1012345
:104980004FE07B6893F82530DBB2022B08D07B68C0
:104990000422DA637B68002283F82420012340E0AC
:1049A0007B681B681A687B681B6822F00E021A601D
:1049B0007B689B6C1A687B689B6C22F480721A601F
:1049C0007B681B681A687B681B6822F001021A600A
:1049D0007B685B6C03F01C027B681B6C012101FA95
:1049E00002F25A607B68DB6C7A68126D5A607B68F1
:1049F0005B6D002B0CD07B685B6D1A687B685B6D10
:104A000022F480721A607B689B6D7A68D26D5A605E
:104A10007B68012283F825207B68002283F824200C
:104A2000002318460C37BD4680BC704780B584B063
:104A300000AF78600023FB737B6893F82530DBB20E
:104A4000022B05D07B680422DA630123FB7347E065
:104A50007B681B681A687B681B6822F00E021A606C
:104A60007B681B681A687B681B6822F001021A6069
:104A70007B689B6C1A687B689B6C22F480721A605E
:104A80007B685B6C03F01C027B681B6C012101FAE4
:104A900002F25A607B68DB6C7A68126D5A607B6840
:104AA0005B6D002B0CD07B685B6D1A687B685B6D5F
:104AB00022F480721A607B689B6D7A68D26D5A60AE
:104AC0007B68012283F825207B68002283F824205C
:104AD0007B689B6B002B03D07B689B6B7868984747
:104AE000FB7B18461037BD4680BD000080B584B002
:104AF00000AF78607B681B6C1B68FB607B681B6881
:104B00001B68BB607B685B6C03F01C0304229A404B
:104B1000FB681340002B27D0BB6803F00403002B75
:104B200022D07B681B681B6803F02003002B07D191
:104B30007B681B681A687B681B6822F004021A6095
:104B40007B685B6C03F01C027B681B6C042101FA20
:104B500002F25A607B681B6B002B00F081807B683F
:104B60001B6B786898477BE07B685B6C03F01C03E9
:104B700002229A40FB681340002B3DD0BB6803F033
:104B80000203002B38D07B681B681B6803F02003EE
:104B9000002B0BD17B681B681A687B681B6822F0AE
:104BA0000A021A607B68012283F825207B681B6853
:104BB0001A462E4B9A4209D97B685B6C03F01C03A2
:104BC0002B4A022101FA03F3536008E07B685B6C17
:104BD00003F01C03274A022101FA03F353607B68A8
:104BE000002283F824207B68DB6A002B38D07B68A6
:104BF000DB6A7868984733E07B685B6C03F01C03E2
:104C000008229A40FB681340002B2AD0BB6803F0AF
:104C10000803002B25D07B681B681A687B681B681B
:104C200022F00E021A607B685B6C03F01C027B684A
:104C30001B6C012101FA02F25A607B680122DA63DF
:104C40007B68012283F825207B68002283F82420DA
:104C50007B685B6B002B04D07B685B6B7868984744
:104C600000BF00BF1037BD4680BD00BF80000240BE
:104C7000000402400000024080B485B000AFF8603C
:104C8000B9607A603B60FB68DB6CFA68126D5A6051
:104C9000FB685B6D002B04D0FB689B6DFA68D26DDE
:104CA0005A60FB685B6C03F01C02FB681B6C012103
:104CB00001FA02F25A60FB681B683A685A60FB68A6
:104CC0009B68102B08D1FB681B687A689A60FB68A8
:104CD0001B68BA68DA6007E0FB681B68BA689A600C
:104CE000FB681B687A68DA6000BF1437BD4680BC79
:104CF0007047000080B485B000AF78607B681B68A7
:104D00001A461C4B9A4213D87B685B6C9B089B002D
:104D100003F1804303F502337A6893647B681B6870
:104D2000DBB2083B144AA2FB03231B09FB6011E022
:104D30007B685B6C9B089A00104B13447A68936401
:104D40007B681B68DBB2083B0B4AA2FB03231B09F1
:104D50000733FB607B680A4ADA64FB6803F01F03D1
:104D600001229A407B681A6500BF1437BD4680BC9B
:104D7000704700BF07040240CDCCCCCC1C080240D9
:104D80008008024080B485B000AF78607B685B68C3
:104D900003F07F03FB60FA680A4B13449B001A463A
:104DA0007B685A657B68084A9A65FB68013B03F09B
:104DB000030301229A407B68DA6500BF1437BD46C1
:104DC00080BC70473F8200104009024080B586B029
:104DD00000AFF860B960C7E900231C4B1B78012BBA
:104DE00001D102232DE0194B01221A70174B00222A
:104DF0005A604FF47A7000F073F80346FB75FB7D40
:104E0000002B1AD1FB68012B05D1D7E90023B86824
:104E100000F0C8F804E03B681946B86800F0E8F80C
:104E20004FF47A7000F05CF80346FB75084B5A6942
:104E3000FB68DB43064913404B61044B00221A70A8
:104E4000FB7D18461837BD4680BD00BF4C2A0020A8
:104E50000040005880B483B000AF0023FB710B4BBF
:104E60005B69002B0BDA094B094A9A60074B094A28
:104E70009A60064B5B69002B01DA0123FB71FB7919
:104E800018460C37BD4680BC704700BF0040005834
:104E900023016745AB89EFCD80B483B000AF002319
:104EA000FB71094B5B69084A43F000435361064BB1
:104EB0005B69002B01DB0123FB71FB7918460C3782
:104EC000BD4680BC704700BF0040005880B400AFB2
:104ED000024B5B681846BD4680BC70474C2A0020D8
:104EE00080B584B000AF7860FBF772FEF86009E02F
:104EF000FBF76EFE0246FB68D31A7A689A4201D825
:104F0000032346E0254B1B6903F48033B3F5803F50
:104F1000EED0224B1B69BB60BB6803F00103002B82
:104F200002D01E4B01221A61BA684CF2FA331340C8
:104F3000BB60BB68B3F1804F07D3184B9A69BB685D
:104F400003F04043154913438B61BB6823F0404392
:104F5000002B04D0114ABB6823F040431361BB68A7
:104F6000002B0ED00E4ABB685360012311E0FBF703
:104F70002FFE0246FB68D31A7A689A4201D80323AF
:104F800007E0064B1B6903F48023B3F5802FEED0B6
:104F9000002318461037BD4680BD00BF00400058B2
:104FA0004C2A002080B485B000AFF860C7E9002328
:104FB0000E4B5B690D4A43F001035361FB683A688D
:104FC0001A60BFF36F8F00BFD7E900014FF00002F6
:104FD0004FF000030A000023F968043113460B6008
:104FE00000BF1437BD4680BC704700BF004000586A
:104FF00080B489B000AF786039604023FB777B686C
:10500000BB613B687B61184B5B69174A43F48023A3
:105010005361EFF31083FB60FB683B6172B600BF26
:105020007B691A68BB691A60BB690433BB617B6921
:1050300004337B61FB7F013BFB77FB7F002BEFD1D0
:1050400000BF094B1B6903F48033B3F5803FF8D0F0
:105050003B69BB60BB6883F3108800BF00BF243787
:10506000BD4680BC704700BF0040005880B483B08C
:1050700000AF7860084B5B6923F47E727B68DB00CD
:105080001343054A43F4803343F00203536100BFE6
:105090000C37BD4680BC70470040005880B487B0D4
:1050A00000AF7860396000237B6140E13B681A689B
:1050B00001217B6901FA03F31340FB60FB68002BBD
:1050C00000F032813B685B6803F00303012B05D0DD
:1050D0003B685B6803F00303022B30D17B689B685D
:1050E0003B617B695B00032202FA03F3DB433A690D
:1050F00013403B613B68DA687B695B0002FA03F3AB
:105100003A6913433B617B683A699A607B685B68E4
:105110003B6101227B6902FA03F3DB433A691340E6
:105120003B613B685B681B0903F001027B6902FA83
:1051300003F33A6913433B617B683A695A603B6801
:105140005B6803F00303032B17D07B68DB683B61CC
:105150007B695B00032202FA03F3DB433A691340E5
:105160003B613B689A687B695B0002FA03F33A692A
:1051700013433B617B683A69DA603B685B6803F024
:105180000303022B23D17B69DA087B68083253F8CA
:1051900022303B617B6903F007039B000F2202FA78
:1051A00003F3DB433A6913403B613B681A697B694F
:1051B00003F007039B0002FA03F33A6913433B61D0
:1051C0007B69DA087B680832396943F822107B680A
:1051D0001B683B617B695B00032202FA03F3DB433C
:1051E0003A6913403B613B685B6803F003027B69EB
:1051F0005B0002FA03F33A6913433B617B683A6947
:105200001A603B685B6803F44033002B00F08C802D
:105210004E4A7B699B08023352F823303B617B691D
:1052200003F003039B00072202FA03F3DB433A690E
:1052300013403B617B68B3F1904F0DD07B68444ACB
:10524000934207D07B68434A934201D1022304E092
:10525000072302E0012300E000237A6902F0030241
:10526000920093403A6913433B6138497B699B083C
:1052700002333A6941F82320374B1B683B61FB68D6
:10528000DB433A6913403B613B685B6803F480137E
:10529000002B03D03A69FB6813433B612E4A3B69FC
:1052A00013602D4B5B683B61FB68DB433A6913403D
:1052B0003B613B685B6803F40013002B03D03A6941
:1052C000FB6813433B61244A3B695360224BD3F88C
:1052D00080303B61FB68DB433A6913403B613B68CC
:1052E0005B6803F48033002B03D03A69FB681343F7
:1052F0003B61194A3B69C2F88030174BD3F88430C0
:105300003B61FB68DB433A6913403B613B685B6888
:1053100003F40033002B03D03A69FB6813433B616D
:105320000D4A3B69C2F884307B6901337B613B687D
:105330001A687B6922FA03F3002B7FF4B7AE00BF33
:1053400000BF1C37BD4680BC704700BF0000014055
:1053500000040048000800480008005880B483B0EA
:1053600000AF78600B467B8013467B707B78002B08
:1053700003D07A887B689A6102E07A887B689A62B7
:1053800000BF0C37BD4680BC7047000080B400AF42
:10539000044B1B68034A43F48073136000BFBD468F
:1053A00080BC70470004005880B400AF034B1B68FA
:1053B00003F4C0631846BD4680BC70470004005823
:1053C00080B400AF064B1B6803F48073B3F5807F95
:1053D00001D1012300E000231846BD4680BC704780
:1053E0000004005880B400AF4FF0B0431B684FF08A
:1053F000B04243F40013136000BFBD4680BC704749
:1054000080B400AF4FF0B0431B684FF0B04223F4BC
:105410000013136000BFBD4680BC704780B400AF6E
:105420004FF0B0431B6803F48013B3F5801F01D124
:10543000012300E000231846BD4680BC704780B4BD
:1054400000AF4FF0B0431B684FF0B04243F48033DD
:10545000136000BFBD4680BC704780B400AF4FF002
:10546000B0431B684FF0B04223F48033136000BF99
:10547000BD4680BC704780B400AF4FF0B0431B689E
:1054800003F40033B3F5003F01D1012300E0002312
:105490001846BD4680BC704780B400AF4FF0B043A3
:1054A0001B684FF0B04243F48073136000BFBD46E9
:1054B00080BC704780B400AF4FF0B0431B684FF022
:1054C000B04223F48073136000BFBD4680BC7047B8
:1054D00080B400AF4FF0B0431B6803F48063B3F5B2
:1054E000806F01D1012300E000231846BD4680BC37
:1054F000704780B483B000AF78604FF0B0435B6812
:1055000023F0FE427B681B064FF0B04113434B6013
:1055100000BF0C37BD4680BC704780B400AF4FF071
:10552000B043D3F8903003F00203022B01D10123E2
:1055300000E000231846BD4680BC704780B400AF31
:105540004FF0B043D3F894304FF0B04243F0010332
:10555000C2F8943000BFBD4680BC704780B400AF35
:105560004FF0B043D3F894304FF0B04223F0010332
:10557000C2F8943000BFBD4680BC704780B400AF15
:105580004FF0B043D3F8943003F00203022B01D163
:10559000012300E000231846BD4680BC704780B45C
:1055A00000AF4FF0B0431B684FF0B04243F001032F
:1055B000136000BFBD4680BC704780B400AF4FF0A1
:1055C000B0431B684FF0B04223F00103136000BFEB
:1055D000BD4680BC704780B400AF4FF0B0431B683D
:1055E00003F00203022B01D1012300E0002318463F
:1055F000BD4680BC704780B400AF4FF0B0431B681D
:1056000003F00803082B01D1012300E00023184612
:10561000BD4680BC704780B400AF4FF0B0431B68FC
:1056200003F0F0031846BD4680BC704780B400AF5D
:105630004FF0B043D3F8943003F470631846BD467E
:1056400080BC704780B483B000AF78604FF0B04347
:105650005B6823F47F427B681B024FF0B041134329
:105660004B6000BF0C37BD4680BC704780B483B030
:1056700000AF78604FF0B0439B6823F003024FF017
:10568000B0417B6813438B6000BF0C37BD4680BCC4
:10569000704780B400AF4FF0B0439B6803F00C0339
:1056A0001846BD4680BC704780B483B000AF7860B8
:1056B0004FF0B0439B6823F0F0024FF0B0417B689D
:1056C00013438B6000BF0C37BD4680BC704780B46D
:1056D00083B000AF78604FF0B043D3F8083123F0C7
:1056E0000F027B681B094FF0B0411343C1F808312A
:1056F00000BF0C37BD4680BC704780B483B000AF9C
:1057000078604FF0B0439B6823F4E0624FF0B04103
:105710007B6813438B6000BF0C37BD4680BC70476D
:1057200080B483B000AF78604FF0B0439B6823F43F
:1057300060524FF0B0417B6813438B6000BF0C3761
:10574000BD4680BC704780B400AF4FF0B0439B684B
:1057500003F0F0031846BD4680BC704780B400AF2C
:105760004FF0B043D3F808311B0103F0F0031846A3
:10577000BD4680BC704780B400AF4FF0B0439B681B
:1057800003F4E0631846BD4680BC704780B400AFA8
:105790004FF0B0439B6803F460531846BD4680BC8D
:1057A000704780B400AF4FF0B0431B684FF0B04279
:1057B00043F08073136000BFBD4680BC704780B467
:1057C00000AF4FF0B0431B684FF0B04223F080733E
:1057D000136000BFBD4680BC704780B400AF4FF07F
:1057E000B0431B6803F00073B3F1007F01D10123C4
:1057F00000E000231846BD4680BC704780B400AF6F
:105800004FF0B043DB681B0A03F07F031846BD4628
:1058100080BC704780B400AF4FF0B043DB6803F04A
:1058200060431846BD4680BC704780B400AF4FF05F
:10583000B043DB6803F070031846BD4680BC704778
:1058400080B400AF4FF0B043DB6803F003031846A9
:10585000BD4680BC704780B400AF4FF0B0439B683A
:1058600003F48033B3F5803F01D1012300E000232E
:105870001846BD4680BC704780B400AF4FF0B043BF
:10588000D3F8083103F48033B3F5803F01D101230D
:1058900000E000231846BD4680BC704780B400AFCE
:1058A0004FF0B0439B6803F40033B3F5003F01D1E0
:1058B000012300E000231846BD4680BC704780B439
:1058C00000AF4FF0B0439B6803F48023B3F5802F03
:1058D00001D1012300E000231846BD4680BC70477B
:1058E00080B588B000AF78607B68002B01D10123C0
:1058F0006FE3FFF7CEFEF861FFF7A2FFB8617B68A8
:105900001B6803F02003002B00F0C480FB69002B10
:1059100005D0FB690C2B76D1BB69012B73D17B6859
:105920001B6A002B01D1012353E37B689A6A4FF075
:10593000B0431B6803F00803002B05D04FF0B043C1
:105940001B6803F0F00306E04FF0B043D3F8943047
:105950001B0903F0F003934222D27B689B6A18462E
:1059600000F03CFD0346002B01D0012331E34FF052
:10597000B0431B684FF0B04243F0080313604FF090
:10598000B0431B6823F0F0027B689B6A4FF0B04184
:1059900013430B607B685B6A1846FFF753FE21E0F8
:1059A0004FF0B0431B684FF0B04243F00803136060
:1059B0004FF0B0431B6823F0F0027B689B6A4FF006
:1059C000B04113430B607B685B6A1846FFF73AFEF1
:1059D0007B689B6A184600F001FD0346002B01D04E
:1059E0000123F6E200F0C2FC0346A74A1360A74B6E
:1059F0001B681846FBF7E2F80346FB74FB7C002BA0
:105A000047D0FB7CE5E27B681B6A002B2CD0FFF7BC
:105A1000C6FDFBF7DDF8786108E0FBF7D9F8024630
:105A20007B69D31A022B01D90323D2E2FFF7D3FDFE
:105A30000346002BF1D04FF0B0431B684FF0B0424B
:105A400043F0080313604FF0B0431B6823F0F002EB
:105A50007B689B6A4FF0B04113430B607B685B6AC5
:105A60001846FFF7EFFD15E0FFF7A7FDFBF7B0F8CD
:105A7000786108E0FBF7ACF802467B69D31A022B89
:105A800001D90323A5E2FFF7A6FD0346002BF1D1C0
:105A900000E000BF7B681B6803F00103002B58D0B7
:105AA000FB69082B05D0FB690C2B08D1BB69032BC4
:105AB00005D17B685B68002B4BD1012389E24FF055
:105AC000B0431B6823F480127B689B684FF0B041A1
:105AD00013430B607B685B68B3F5803F02D1FFF72F
:105AE000AEFC0DE07B685B68B3F5041F04D1FFF7E3
:105AF00079FCFFF7A4FC03E0FFF7AFFCFFF780FCA5
:105B00007B685B68002B12D0FBF762F8786108E0D5
:105B1000FBF75EF802467B69D31A642B01D9032395
:105B200057E2FFF7A8FC0346002BF1D011E0FBF78A
:105B30004FF8786108E0FBF74BF802467B69D31A0F
:105B4000642B01D9032344E2FFF795FC0346002BA5
:105B5000F1D17B681B6803F00203002B46D0FB6980
:105B6000042B05D0FB690C2B0ED1BB69022B0BD18A
:105B70007B681B69002B01D101232AE27B685B69EA
:105B80001846FFF7B6FC31E07B681B69002B19D083
:105B9000FFF782FCFBF71CF8786108E0FBF718F8C8
:105BA00002467B69D31A022B01D9032311E2FFF7C6
:105BB0008FFC0346002BF1D07B685B691846FFF72A
:105BC00098FC13E0FFF776FCFBF702F8786108E039
:105BD000FAF7FEFF02467B69D31A022B01D9032391
:105BE000F7E1FFF775FC0346002BF1D17B681B68DA
:105BF00003F00803002B6ED07B689B69002B56D006
:105C00004FF0B043D3F89430FB607B68DA69FB68EF
:105C100003F010039A4231D0FB6803F00203002B1B
:105C200006D0FB6803F00103002B01D10123D0E172
:105C3000FB6803F00103002B13D0FFF78FFCFAF78A
:105C4000C7FF786108E0FAF7C3FF02467B69D31A01
:105C5000112B01D90323BCE1FFF790FC0346002B75
:105C6000F1D14FF0B043D3F8943023F010027B68A9
:105C7000DB694FF0B0411343C1F89430FFF75EFC8D
:105C8000FAF7A6FF78610CE0C8000020CC000020E5
:105C9000FAF79EFF02467B69D31A112B01D9032321
:105CA00097E1FFF76BFC0346002BF1D013E0FFF701
:105CB00055FCFAF78DFF786108E0FAF789FF024694
:105CC0007B69D31A112B01D9032382E1FFF756FC1C
:105CD0000346002BF1D17B681B6803F00403002B03
:105CE00000F0D880FFF76CFB0346002B13D1FFF7C1
:105CF0004DFBFAF76DFF786108E0FAF769FF02469D
:105D00007B69D31A022B01D9032362E1FFF758FB09
:105D10000346002BF1D07B68DB68002B7BD07B68CF
:105D2000DB68852B03D07B68DB68052B09D14FF03E
:105D3000B043D3F890304FF0B04243F00403C2F8C0
:105D40009030FAF745FF78614FF0B043D3F89030C8
:105D50004FF0B04243F00103C2F890300AE0FAF786
:105D600037FF02467B69D31A41F28832934201D948
:105D700003232EE1FFF7D1FB0346002BEFD07B6816
:105D8000DB68812B03D07B68DB68852B21D1FAF798
:105D90001FFF78614FF0B043D3F890304FF0B0421E
:105DA00043F08003C2F890300AE0FAF711FF024690
:105DB0007B69D31A41F28832934201D9032308E167
:105DC0004FF0B043D3F8903003F40063002BECD0D5
:105DD00060E0FAF7FDFE78614FF0B043D3F8903001
:105DE0004FF0B04223F08003C2F890300AE0FAF797
:105DF000EFFE02467B69D31A41F28832934201D901
:105E00000323E6E04FF0B043D3F8903003F400638F
:105E1000002BECD13EE0FAF7DBFE78614FF0B043A7
:105E2000D3F890304FF0B04223F08003C2F89030A6
:105E30000AE0FAF7CDFE02467B69D31A41F28832B6
:105E4000934201D90323C4E04FF0B043D3F890301C
:105E500003F40063002BECD1FAF7BAFE78614FF03F
:105E6000B043D3F890304FF0B04223F00103C2F8B2
:105E700090300AE0FAF7ACFE02467B69D31A41F291
:105E80008832934201D90323A3E0FFF746FB034680
:105E9000002BEFD17B68DB6A002B00F09980FB6957
:105EA0000C2B6CD07B68DB6A022B4BD1FFF787FC95
:105EB000FAF78EFE786108E0FAF78AFE02467B69FF
:105EC000D31A0A2B01D9032383E0FFF786FC03468C
:105ED000002BF1D14FF0B043DA68404B13407A68A1
:105EE000116B7A68526B11437A68926B12021143FC
:105EF0007A68D26B11437A68126C11437A68526CDB
:105F00000A434FF0B0411343CB60FFF74AFC4FF018
:105F1000B043DB684FF0B04243F08053D360FAF7F0
:105F200057FE786108E0FAF753FE02467B69D31A00
:105F30000A2B01D903234CE0FFF74FFC0346002B4B
:105F4000F1D045E0FFF73BFCFAF742FE786108E04C
:105F5000FAF73EFE02467B69D31A0A2B01D90323C6
:105F600037E0FFF73AFC0346002BF1D14FF0B04386
:105F7000DA684FF0B0411A4B1340CB6028E07B68E1
:105F8000DB6A012B01D1012323E04FF0B043DB6832
:105F9000BB61BB6903F003027B681B6B9A4215D19E
:105FA000BB6903F070027B685B6B9A420ED1BB69E0
:105FB00003F4FE427B689B6B1B029A4206D1BB69CD
:105FC00003F060427B685B6C9A4201D0012300E0E1
:105FD000002318462037BD4680BD00BF8C80C1110C
:105FE000FCFFFEEE80B584B000AF786039607B685E
:105FF000002B01D101230FE1894B1B6803F007033C
:106000003A689A421BD9864B1B6823F007028449E1
:106010003B6813430B60FAF7DBFDF86008E0FAF722
:10602000D7FD0246FB68D31A022B01D90323F3E004
:106030007B4B1B6803F007033A689A42EFD17B68F9
:106040001B6803F00203002B16D07B689B68184680
:10605000FFF72AFBFAF7BCFDF86008E0FAF7B8FD95
:106060000246FB68D31A022B01D90323D4E0FFF7C1
:10607000F2FB0346002BF1D07B681B6803F0400362
:10608000002B16D07B685B691846FFF720FBFAF7F8
:106090009FFDF86008E0FAF79BFD0246FB68D31A03
:1060A000022B01D90323B7E0FFF7E6FB0346002BE1
:1060B000F1D07B681B6803F00403002B16D07B68CB
:1060C000DB681846FFF719FBFAF782FDF86008E075
:1060D000FAF77EFD0246FB68D31A022B01D903238F
:1060E0009AE0FFF7DBFB0346002BF1D07B681B68CF
:1060F00003F00803002B17D07B681B69DB001846F0
:10610000FFF70EFBFAF764FDF86008E0FAF760FDB0
:106110000246FB68D31A022B01D903237CE0FFF768
:10612000CEFB0346002BF1D07B681B6803F0010314
:10613000002B43D07B685B68022B06D1FFF79BF9ED
:106140000346002B1ED1012366E07B685B68032BAE
:1061500006D1FFF742FB0346002B13D101235BE07E
:106160007B685B68002B06D1FFF735FA0346002BEE
:1061700008D1012350E0FFF7ABF90346002B01D112
:10618000012349E07B685B681846FFF76FFAFAF76E
:106190001FFDF8600AE0FAF71BFD0246FB68D31A00
:1061A00041F28832934201D9032335E0FFF771FAB7
:1061B00002467B685B689B009A42ECD1184B1B68D7
:1061C00003F007033A689A421BD2154B1B6823F071
:1061D000070213493B6813430B60FAF7F9FCF860B8
:1061E00008E0FAF7F5FC0246FB68D31A022B01D946
:1061F000032311E00A4B1B6803F007033A689A4235
:10620000EFD100F0B3F80346064A1360064B1B6853
:106210001846FAF7D3FC034618461037BD4680BD32
:1062200000400058C8000020CC00002090B587B086
:1062300000AF00237B6100233B61FFF72AFAB860BF
:10624000FFF7FEFA7860BB68002B05D0BB680C2B0B
:1062500039D17B68012B36D1FFF7CDF90346002BEE
:1062600015D1FFF7C8F90346012B06D1FFF7D3F983
:1062700003461B0A03F00F0305E0FFF7D7F90346B7
:106280001B0A03F00F03364A52F8233014E0FFF7DD
:10629000B2F90346012B06D1FFF7BDF903461B09EE
:1062A00003F00F0305E0FFF7C1F903461B0903F0F4
:1062B0000F032B4A52F823303B61BB68002B15D1EA
:1062C0003B697B6112E0BB68042B02D1254B7B61EB
:1062D0000CE0BB68082B09D1FFF7A0F80346012B9F
:1062E00002D1204B7B6101E01F4B7B61FFF7D1F9AD
:1062F00003460C2B2FD1FFF7A3FA78607B68022BA3
:1063000003D07B68032B03D00DE0164BFB600DE040
:10631000FFF784F80346012B02D1124BFB6005E026
:10632000114BFB6002E03B69FB6000BFFFF766FAC0
:106330000246FB6803FB02F4FFF777FA03461B09EA
:106340000133B4FBF3F4FFF765FA03465B0F013347
:10635000B4FBF3F37B617B6918461C37BD4690BDE7
:10636000BC3601080024F4000048E80198B500AFED
:10637000FFF75CFF0446FFF7E6F903461B0903F04D
:106380000F03034A52F82330B4FBF3F3184698BDC9
:106390005C36010898B500AFFFF7E8FF0446FFF749
:1063A000EAF903461B0A034A52F8233024FA03F39E
:1063B000184698BD9C36010898B500AFFFF7D6FF88
:1063C0000446FFF7E3F90346DB0A034A52F8233099
:1063D00024FA03F3184698BD9C36010890B585B0A1
:1063E00000AF78607B681B0903F00F03104A52F876
:1063F0002330FB60FFF7B2F903461B0903F00F03DC
:106400000C4A52F82330FA68B2FBF3F3BB60BB6866
:10641000094AA2FB03239C0CFEF7C6FF034619465C
:10642000204600F00BF8034618461437BD4690BDD1
:10643000BC3601085C36010883DE1B4380B58EB094
:1064400000AF786039603A4A07F1200392E8030010
:10645000186004331980374A07F1180392E80300E3
:10646000186004331980344A07F10C0307CA83E823
:10647000070000237B633B68B3F5007F1BD100233B
:106480003B6314E03B6B5B0038333B4433F8183C10
:106490001A467B68934207D83B6B9B0038333B44DA
:1064A00053F82C3C7B6321E03B6B01333B633B6B3C
:1064B000022BE7D91AE00023FB6214E0FB6A5B00C1
:1064C00038333B4433F8203C1A467B68934207D864
:1064D000FB6A9B0038333B4453F82C3C7B6305E05C
:1064E000FB6A0133FB62FB6A022BE7D9134B1B6883
:1064F00023F0070211497B6B13430B60FAF768FB2B
:10650000B86208E0FAF764FB0246BB6AD31A022BB2
:1065100001D9032307E0094B1B6803F007037A6BDB
:106520009A42EFD1002318463837BD4680BD00BFE0
:10653000203101082831010830310108004000589D
:1065400080B400AF4FF0B043D3F8903003F00203B3
:10655000022B01D1012300E000231846BD4680BC78
:10656000704780B483B000AF78604FF0B043D3F889
:1065700088207B681B0CDB431A407B689BB24FF082
:10658000B0411343C1F8883000BF0C37BD4680BC12
:10659000704780B483B000AF78604FF0B043D3F859
:1065A000883023F440724FF0B0417B681343C1F848
:1065B000883000BF0C37BD4680BC704780B483B0C4
:1065C00000AF78604FF0B043D3F8883023F44062D6
:1065D0004FF0B0417B681343C1F8883000BF0C37DF
:1065E000BD4680BC704780B483B000AF78604FF088
:1065F000B043D3F888207B681B0903F47F23DB4377
:106600001A407B681B0103F47F234FF0B041134312
:10661000C1F8883000BF0C37BD4680BC704780B4DD
:1066200083B000AF78604FF0B043D3F888207B6828
:106630001B0C1B04DB431A407B681B044FF0B0416A
:106640001343C1F8883000BF0C37BD4680BC70478B
:1066500080B483B000AF78604FF0B043D3F8883097
:1066600023F040424FF0B0417B681343C1F88830BB
:1066700000BF0C37BD4680BC704780B483B000AF0C
:1066800078604FF0B043D3F8883023F040524FF099
:10669000B0417B681343C1F8883000BF0C37BD465A
:1066A00080BC704780B483B000AF78604FF0B043D7
:1066B000D3F8903023F440724FF0B0417B6813431D
:1066C000C1F8903000BF0C37BD4680BC704780B425
:1066D00000AF4FF0B043D3F8903003F44073184646
:1066E000BD4680BC704780B400AF4FF0B043D3F8D4
:1066F00090304FF0B04243F48033C2F8903000BF86
:10670000BD4680BC704780B400AF4FF0B043D3F8B3
:1067100090304FF0B04223F48033C2F8903000BF85
:10672000BD4680BC7047000080B586B000AF786081
:1067300000237B610023FB740023BB747B681B6810
:1067400003F48033002B58D0FEF720FEFAF740FA0E
:10675000F86009E0FAF73CFA0246FB68D31A022B0C
:1067600002D90323FB7406E07B4B1B6803F48073A0
:10677000B3F5807FEED1FB7C002B3CD1FFF7A7FF68
:1067800002467B685B6B9A420FD04FF0B043D3F860
:10679000903023F440737B61FFF7A5FFFFF7B3FF51
:1067A0004FF0B0427B69C2F890307B6903F002037E
:1067B000002B14D0FAF70CFAF8600BE0FAF708FA9D
:1067C0000246FB68D31A41F28832934202D903236E
:1067D000FB7404E0FFF7B4FE0346012BEED1FB7C13
:1067E000002B05D17B685B6B1846FFF75BFF04E06D
:1067F000FB7CBB7401E0FB7CBB747B681B6803F013
:106800000103002B04D07B685B681846FFF7A9FEE4
:106810007B681B6803F00203002B04D07B689B6835
:106820001846FFF79EFE7B681B6803F02003002BD1
:1068300004D07B681B691846FFF7C0FE7B681B68A5
:1068400003F40073002B04D07B681B6A1846FFF723
:10685000E6FE7B681B6803F48063002B04D07B6832
:106860005B6A1846FFF7DBFE7B681B6803F4006376
:10687000002B04D07B689B6A1846FFF7D0FE7B682C
:106880001B6803F04003002B04D07B685B6918464B
:10689000FFF7A9FE7B681B6803F08003002B04D080
:1068A0007B689B691846FFF79EFE7B681B6803F4B4
:1068B0008073002B04D07B68DB691846FFF793FEDA
:1068C0007B681B6803F01003002B11D07B68DB682A
:1068D0001846FFF75EFE7B68DB68B3F5807F07D163
:1068E0004FF0B043DB684FF0B04243F08073D360A9
:1068F0007B681B6803F40043002B10D07B681B6B84
:106900001846FFF7A5FE7B681B6B002B07D14FF0E5
:10691000B043DB684FF0B04243F08073D3607B68D4
:106920001B6803F48043002B11D07B68DB6A184698
:10693000FFF7A3FE7B68DB6AB3F1005F07D14FF07E
:10694000B043DB684FF0B04243F48033D360BB7C8C
:1069500018461837BD4680BD0004005880B584B085
:1069600000AF78600123FB737B68002B71D07B68DC
:1069700093F82D30DBB2002B06D17B68002283F820
:106980002C207868F9F7B2FF7B68022283F82D206B
:10699000324BDB6803F01003102B51D02F4BCA226F
:1069A0005A622E4B53225A62786800F011FA03465D
:1069B000FB73FB7B002B3FD1284B9B69274A23F0BD
:1069C0008E6323F040039361244B9A697B68596876
:1069D0007B681B6919437B689B690B431F49134301
:1069E0008B617B68DA687B689B681B041B491343D7
:1069F0000B611A4BDB6823F4F8527B68596A7B6899
:106A00009B6A0B4315491343CB60786800F014FA76
:106A10000346FB73FB7B002B0ED1104B9B6923F0CD
:106A200060427B68196A7B68DB6919437B685B6934
:106A30000B430A4913438B61084BFF225A6201E062
:106A40000023FB73FB7B002B03D17B68012283F8BF
:106A50002D20FB7B18461037BD4680BD0028004026
:106A600090B587B000AFF860B9607A6000237B61B1
:106A7000FB6893F82C30012B01D10223F3E0FB6873
:106A8000012283F82C20FB68022283F82D20784B0A
:106A9000DB6803F440733B613B69B3F5807F6AD0E8
:106AA0007B68002B3AD1724B9B6903F04003002BAB
:106AB00002D1BB680022DA70BB685B69B3F1004F9A
:106AC000BB681B78184600F0F5F903461C04BB6848
:106AD0005B78184600F0EEF903461B021C43BB68C6
:106AE0009B78184600F0E6F9034644EA0302BB68C7
:106AF000DB789B0542EA0304BB6893F82430184610
:106B000000F0D8F903461B0644EA0302BB681B6A7F
:106B10001A43BB685B6913437B612CE0BB685B690C
:106B2000B3F1803F0DD0BB685B69B3F5000F08D0AF
:106B30004F4B9B6903F04003002B02D1BB6800223E
:106B4000DA70BB681B781A04BB685B781B021343BE
:106B5000BA6892781A43BB68DB789B051A43BB6816
:106B600093F824301B061A43BB681B6A1A43BB68A0
:106B70005B6913437B613E4BCA225A623C4B5322F2
:106B80005A62BB689B6AB3F5807F2CD1384B9B69F6
:106B9000374A23F488539361354B0122DA653B6908
:106BA000B3F5807F07D1BB689A69BB68DB69304960
:106BB00013434B6406E02E4A7B6913642C4ABB687E
:106BC0009B6953642A4ABB685B681367FB681B6B4D
:106BD00043F00102FB681A63254B9B69244A43F486
:106BE000885393612BE0224B9B69214A23F408537D
:106BF00093611F4B0222DA653B69B3F5807F07D1B1
:106C0000BB689A69BB68DB6919491343CB6406E02A
:106C1000174A7B699364164ABB689B69D364144A1C
:106C2000BB685B685367FB681B6B43F00202FB6841
:106C30001A630F4B9B690E4A43F4085393610D4B43
:106C4000D3F880300B4A43F40033C2F88030084B4D
:106C5000FF225A62FB68012283F82D20FB68002284
:106C600083F82C20002318461C37BD4690BD00BF7A
:106C7000002800400008005880B483B000AF78605E
:106C800039607B6893F82C30012B01D1022348E056
:106C90007B68012283F82C207B68022283F82D2058
:106CA000224BCA225A62214B53225A623B68B3F5E7
:106CB000807F15D11D4B9B691C4A23F48853936137
:106CC0001A4B5B6C194A23F0004353647B681B6BBF
:106CD00023F001027B681A63144B0122DA6514E089
:106CE000124B9B69114A23F4085393610F4BDB6CE1
:106CF0000E4A23F00043D3647B681B6B23F002022F
:106D00007B681A63094B0222DA65084BFF225A623C
:106D10007B68012283F82D207B68002283F82C20D9
:106D2000002318460C37BD4680BC70470028004041
:106D300080B584B000AF7860114B5A6D7B681B6BD7
:106D40001340FB60FB6803F00103002B05D00C4BE4
:106D50000122DA657868FAF784F9FB6803F0020328
:106D6000002B05D0064B0222DA65786800F04AF95C
:106D70007B68012283F82D2000BF1037BD4680BDFF
:106D80000028004080B584B000AF78600F4BDB680E
:106D90000E4A23F02003D360F9F71AFFF86009E0E8
:106DA000F9F716FF0246FB68D31AB3F57A7F01D9CB
:106DB000032306E0054BDB6803F02003002BEFD034
:106DC000002318461037BD4680BD00BF0028004094
:106DD00080B584B000AF78600023FB73154BDB688F
:106DE00003F04003002B20D1124BDB68114A43F023
:106DF0008003D360F9F7ECFEB8600DE0F9F7E8FE28
:106E00000246BB68D31AB3F57A7F05D90323FB7317
:106E10007B68032283F82D20064BDB6803F04003D8
:106E2000002B02D1FB7B032BE8D1FB7B18461037EC
:106E3000BD4680BD0028004080B584B000AF7860BA
:106E40000023FB731A4BDB68194A23F08003D360DD
:106E5000174B9B6903F02003002B0CD17868FFF7D8
:106E600091FF0346002B1ED07B68032283F82D2060
:106E70000323FB7317E00E4B9B690D4A23F020039D
:106E800093617868FFF77EFF0346002B05D07B688F
:106E9000032283F82D200323FB73054B9B69044ACF
:106EA00043F020039361FB7B18461037BD4680BD3D
:106EB0000028004080B485B000AF0346FB7100237A
:106EC000FB60FB79FB7205E0FB680133FB60FB7A3A
:106ED0000A3BFB72FB7A092BF6D8FB68DBB21B017D
:106EE000DAB2FB7A1343DBB218461437BD4680BCD6
:106EF0007047000080B483B000AF78607B6893F87F
:106F00002C30012B01D102231FE07B68012283F882
:106F10002C207B68022283F82D200E4BCA225A6255
:106F20000C4B53225A620B4B9B690A4A43F02003D5
:106F30009361084BFF225A627B68012283F82D205F
:106F40007B68002283F82C20002318460C37BD46AE
:106F500080BC70470028004080B483B000AF7860E8
:106F60007B6893F82C30012B01D1022327E07B684A
:106F7000012283F82C207B68022283F82D20124BFB
:106F8000CA225A62104B53225A620F4B9B690E4A17
:106F900043F0800393610D4BD3F880300B4A43F4E8
:106FA0008023C2F88030084BFF225A627B6801229E
:106FB00083F82D207B68002283F82C2000231846BC
:106FC0000C37BD4680BC70470028004000080058C0
:106FD00080B582B000AF7860094B5B6D03F0400371
:106FE000002B05D0064B4022DA657868FAF743F8A3
:106FF0007B68012283F82D2000BF0837BD4680BD85
:107000000028004080B483B000AF786000BF0C3728
:10701000BD4680BC7047000080B487B000AFF86008
:10702000B9607A60074B7B61BB689B007A69134447
:107030007B617B697A681A6000BF1C37BD4680BCE3
:10704000704700BF00B1004080B485B000AF7860E9
:107050003960074BFB603B689B00FA681344FB6098
:10706000FB681B6818461437BD4680BC704700BFDC
:1070700000B1004080B483B000AF7860064B9B68DD
:1070800023F4006204497B6813438B6000BF0C3714
:10709000BD4680BC704700BF0004005880B400AFFC
:1070A000054BD3F89030044A43F40043C2F89030C3
:1070B00000BFBD4680BC70470004005880B400AFDC
:1070C000054BD3F89030044A23F40043C2F89030C3
:1070D00000BFBD4680BC70470004005880B400AFBC
:1070E000034B4FF400629A6100BFBD4680BC7047FD
:1070F0000004005880B400AF064B5B6903F0020344
:10710000022B01D1012300E000231846BD4680BCBC
:10711000704700BF0004005880B400AF064B5B69A5
:1071200003F00403042B01D1012300E000231846DF
:10713000BD4680BC704700BF0004005880B400AF5B
:107140004FF0B043D3F894304FF0B04223F40043F3
:10715000C2F8943000BFBD4680BC704780B400AF19
:107160004FF0B043D3F8943003F48043B3F5804F2D
:1071700001D1012300E000231846BD4680BC7047C2
:1071800080B483B000AF7860064BD3F890200549F7
:107190007B681343C1F8903000BF0C37BD4680BCFC
:1071A000704700BF0008005880B584B000AF786019
:1071B0007B68002B03D10123FB73FB7B52E0002390
:1071C000FB737B689B79BB73BB7B002B02D0BB7BC3
:1071D000032B09D17B6800225A717868F9F76AFCA1
:1071E0004FF48050FFF7CCFFBB7B002B26D17B6890
:1071F00002229A71FFF7A2FF1C4B1A681346DB00AC
:107200009B1A9B00DB0C642202FB03F3BB60BB6890
:10721000002B05D10123FB737B6801229A6007E0F4
:10722000BB68013BBB60FFF799FF0346002BEED123
:10723000FFF734FF4FF40060FFF71CFFFFF74EFF2E
:10724000FB7B002B0AD17B681B68184600F0B6FA5E
:107250007B6801221A717B6800229A607B68012298
:107260009A71FB7B18461037BD4680BDC8000020D0
:1072700080B586B000AFF8607A601A460B467B8115
:1072800013463B81FB689B79DBB2012B4AD1FB683B
:107290005B79012B01D1022345E0FB6801225A7181
:1072A000FB6802229A71F86800F056FBFFF706FFB0
:1072B0000D21F86800F0A2FA7B891B0A9BB2DBB2B1
:1072C0001946F86800F09AFA7B89DBB21946F8682B
:1072D00000F094FA0023BB820AE0BB8A7A68134468
:1072E0001B781946F86800F089FABB8A0133BB8223
:1072F000BA8A3B899A42F0D3FFF7D0FEF86800F0D3
:107300004FFBFB689B68002B02D00123FB7501E05B
:107310000023FB75FB6801229A71FB6800225A71F9
:10732000FB7D00E0022318461837BD4680BD80B5BE
:1073300088B000AFF8607A601A460B467B8113462E
:107340003B817B68BB61FB689B79DBB2012B4AD137
:10735000FB685B79012B01D1022345E0FB68012228
:107360005A71F86800F0F8FAFFF7A8FE1D21F868D6
:1073700000F044FA7B891B0A9BB2DBB21946F8681D
:1073800000F03CFA7B89DBB21946F86800F036FA67
:107390000021F86800F032FA0023FB8209E0B969A5
:1073A000F86800F081FABB690133BB61FB8A0133E5
:1073B000FB82FA8A3B899A42F1D3FFF76FFEF868A5
:1073C00000F0EEFAFB689B68002B02D00123FB77EC
:1073D00001E00023FB77FB6801229A71FB68002221
:1073E0005A71FB7F00E0022318462037BD4680BD5E
:1073F00080B586B000AFF8607A601A460B46FB7223
:1074000013463B81FB689B79DBB2012B4AD1FB68B9
:107410005B79012B01D1022345E0FB6801225A71FF
:10742000F86800F099FAFB7A842B02D0FB7A942B4F
:1074300003D1FB6801221A7102E0FB6800221A7175
:10744000FFF73CFEFB7A1946F86800F0D7F90023F5
:10745000BB820AE0BB8A7A6813441B781946F86835
:1074600000F0CCF9BB8A0133BB82BA8A3B899A42CD
:10747000F0D3FFF713FEFB7A842B02D0F86800F0FC
:107480008FFAFB689B68002B02D00123FB7501E09B
:107490000023FB75FB6801229A71FB6800225A7178
:1074A000FB7D00E0022318461837BD4680BD80B53D
:1074B00088B000AFF8607A601A460B46FB7213463C
:1074C0003B817B68BB61FB689B79DBB2012B3DD1C3
:1074D000FB685B79012B01D1022338E0FB680122B4
:1074E0005A71F86800F038FAFFF7E8FDFB7A1946A0
:1074F000F86800F083F90021F86800F07FF90023B4
:10750000FB8209E0B969F86800F0CEF9BB69013384
:10751000BB61FB8A0133FB82FA8A3B899A42F1D331
:10752000FFF7BCFDF86800F03BFAFB689B68002B96
:1075300002D00123FB7701E00023FB77FB680122E7
:107540009A71FB6800225A71FB7F00E00223184603
:107550002037BD4680BD80B586B000AFF8607A6048
:107560001A460B46FB7213463B81FB689B79DBB2E4
:10757000012B3ED1FB685B79012B01D1022339E05D
:10758000FB6801225A71F86800F0E6F9FFF796FDF2
:107590000E21F86800F032F9FB7A1946F86800F01D
:1075A0002DF90023BB820AE0BB8A7A6813441B785A
:1075B0001946F86800F022F9BB8A0133BB82BA8A07
:1075C0003B899A42F0D3FFF769FDF86800F0E8F9CB
:1075D000FB689B68002B02D00123FB7501E00023B0
:1075E000FB75FB6801229A71FB6800225A71FB7DD2
:1075F00000E0022318461837BD4680BD80B588B02C
:1076000000AFF8607A601A460B46FB7213463B8166
:107610007B68BB61FB689B79DBB2012B41D1FB68C6
:107620005B79012B01D102233CE0FB6801225A71F6
:10763000F86800F091F9FFF741FD1E21F86800F0AD
:10764000DDF8FB7A1946F86800F0D8F80021F868F0
:1076500000F0D4F80023FB8209E0B969F86800F073
:1076600023F9BB690133BB61FB8A0133FB82FA8AD0
:107670003B899A42F1D3FFF711FDF86800F090F9C9
:10768000FB689B68002B02D00123FB7701E00023FD
:10769000FB77FB6801229A71FB6800225A71FB7F1D
:1076A00000E0022318462037BD4680BD80B584B077
:1076B00000AF78600023BB8107F10C020223122186
:1076C0007868FFF7F4FE3B7BFB81B7F90E301B02B5
:1076D0001AB27B7B1BB213431BB2FB8107F10C0276
:1076E000022302217868FFF783FEFB8903F0010380
:1076F000002B02D0786808F0FBFBFB895B0803F0E5
:107700000103002B02D0786808F000FCFB899B087D
:1077100003F00103002B02D0786808F04FFCFB89CE
:10772000DB0803F00103002B02D0786808F054FC5A
:10773000FB891B0903F00103002B02D0786808F0D5
:1077400059FCFB895B0903F00103002B02D0786828
:1077500008F026FCFB899B0903F00103002B02D0F3
:10776000786808F0E1FBFB89DB0903F00103002BDB
:107770000ED0FB891B0A03F00103002B04D001216A
:10778000786808F0DFFB03E00021786808F0DAFB96
:10779000FB895B0A03F00103002B02D0786808F034
:1077A000EFFBFB899B0B03F00103002B02D07868F1
:1077B00008F02EFC00BF1037BD4680BD80B483B0FA
:1077C00000AF78600C4B1B680B4A23F0400313603A
:1077D000094A7B6843F441731360074B4FF4B85276
:1077E0005A60054B1B68044A43F04003136000BF16
:1077F0000C37BD4680BC70470000015880B487B08C
:1078000000AF78600B46FB700023FB75234B1A68B2
:107810001346DB009B1A9B00DB0C642202FB03F384
:10782000FB60FB68002B05D10123FB757B680122FF
:107830009A6008E0FB68013BFB60194B9B6803F012
:107840000203022BEDD1174B3B613B69FA781A70AA
:10785000124B1A681346DB009B1A9B00DB0C642258
:1078600002FB03F3FB60FB68002B05D10123FB75D2
:107870007B6801229A6008E0FB68013BFB60084BD3
:107880009B6803F00103012BEDD1054BDB68FB7D09
:1078900018461C37BD4680BC704700BFC80000209A
:1078A000000001580C00015880B487B000AF786028
:1078B00039600023FB75254B1A681346DB009B1AC1
:1078C0009B00DB0C642202FB03F3FB60FB68002BD4
:1078D00005D10123FB757B6801229A6008E0FB68F3
:1078E000013BFB601A4B9B6803F00203022BEDD1B6
:1078F000184B3B613B69FF221A70144B1A68134600
:10790000DB009B1A9B00DB0C642202FB03F3FB6091
:10791000FB68002B05D10123FB757B6801229A606F
:1079200008E0FB68013BFB60094B9B6803F0010327
:10793000012BEDD1064BDB68DAB23B681A70FB7D98
:1079400018461C37BD4680BC704700BFC8000020E9
:10795000000001580C00015880B584B000AF786079
:107960007B681B79012B11D10C4B1A6813465B0005
:107970001344DB001B0CFB60FFF7A0FBFB68013B23
:10798000FB60FB68002BF9D1FFF788FB786800F0FB
:1079900007F8034618461037BD4680BDC8000020D2
:1079A00080B586B000AF78600023FB75124B1A6873
:1079B00013465B001344DB001B0D642202FB03F340
:1079C000FB60FFF7A9FB3861FB68002B05D10123A1
:1079D000FB757B6802229A6009E0FB68013BFB6053
:1079E000FFF788FB02463B691340012BE9D0FB7D82
:1079F00018461837BD4680BDC800002080B483B04B
:107A000000AF78604FF0B043D3F888207B681A400D
:107A10007B681B04134318460C37BD4680BC704777
:107A200080B483B000AF78604FF0B043D3F88820C3
:107A30007B68134018460C37BD4680BC7047000079
:107A400080B582B000AF78607B68002B01D1012344
:107A500050E07B68D3F88830002B14D17B6800227B
:107A600083F88420786800F079FD7B68D3F8C4300F
:107A7000002B03D17B68214AC3F8C4207B68D3F86C
:107A8000C430786898477B682422C3F888207B68D4
:107A90001B681A687B681B6822F001021A6078680C
:107AA00000F0AEFD0346012B01D1012322E07B68EB
:107AB0009B6A002B02D0786801F016F87B681B687F
:107AC0005A687B681B6822F490425A607B681B6886
:107AD0009A687B681B6822F02A029A607B681B68A0
:107AE0001A687B681B6842F001021A60786801F02E
:107AF0009CF8034618460837BD4680BDE5130008CC
:107B000080B487B000AFF8600B467A60FB72002348
:107B1000FB757B68002B09D1FB68D3F8903043F0EC
:107B20004002FB68C3F8902001239CE0FB68D3F877
:107B30008830202B6CD1FB7A0C2B5ED801A252F836
:107B400023F000BF797B0008837B00088D7B000851
:107B5000977B0008A17B0008AB7B0008B57B000881
:107B6000BF7B0008C97B0008D37B0008DD7B0008D1
:107B7000E77B0008F17B0008FB687A68C3F8942073
:107B800070E0FB687A68C3F898206BE0FB687A685D
:107B9000C3F89C2066E0FB687A68C3F8A02061E027
:107BA000FB687A68C3F8A4205CE0FB687A68C3F8D5
:107BB000A82057E0FB687A68C3F8AC2052E0FB6865
:107BC0007A68C3F8B0204DE0FB687A68C3F8B42047
:107BD00048E0FB687A68C3F8B82043E0FB687A683D
:107BE000C3F8BC203EE0FB687A68C3F8C42039E0E3
:107BF000FB687A68C3F8C82034E0FB68D3F890309B
:107C000043F04002FB68C3F890200123FB7529E094
:107C1000FB68D3F88830002B1AD1FB7A0B2B02D0EB
:107C20000C2B05D009E0FB687A68C3F8C42019E082
:107C3000FB687A68C3F8C82014E0FB68D3F890307A
:107C400043F04002FB68C3F890200123FB7509E074
:107C5000FB68D3F8903043F04002FB68C3F89020F3
:107C60000123FB75FB7D18461C37BD4680BC704761
:107C700080B485B000AF786039600023FB733B6847
:107C8000002B09D17B68D3F8903043F040027B6829
:107C9000C3F89020012323E07B6893F88430012B04
:107CA00001D102231CE07B68012283F884207B68D9
:107CB000D3F88830202B04D17B683A68C3F8C02001
:107CC00009E07B68D3F8903043F040027B68C3F84A
:107CD00090200123FB737B68002283F88420FB7BC8
:107CE00018461437BD4680BC7047000080B491B080
:107CF00000AFF860B9601346FB80FB68D3F88830AA
:107D0000202B78D1BB68002B02D0FB88002B01D13F
:107D1000012371E0FB68BA681A65FB68FA88A3F86A
:107D20005420FB68FA88A3F85620FB6800229A6763
:107D3000FB680022C3F89020FB682122C3F888204A
:107D4000FB685B6EB3F1005F2AD1FB689B68B3F5FB
:107D5000805F07D1FB681B69002B03D1FB68294AB0
:107D60009A6702E0FB68284A9A67FB681B68083339
:107D7000BB62BB6A53E8003F7B627B6A43F400034B
:107D8000BB63FB681B680833BA6B7A633B63396B70
:107D90007A6B41E80023FB62FB6A002BE5D128E007
:107DA000FB689B68B3F5805F07D1FB681B69002BFC
:107DB00003D1FB68154A9A6702E0FB68144A9A6788
:107DC000FB681B687B617B6953E8003F3B613B6953
:107DD00043F08003FB63FB681B681A46FB6B3B6246
:107DE000FA61F9693A6A41E80023BB61BB69002B7B
:107DF000E6D1002300E0022318464437BD4680BC8C
:107E0000704700BF7195000893940008D393000851
:107E10001D93000880B5BAB000AF78607B681B681E
:107E2000DB69C7F8E4307B681B681B68C7F8E03083
:107E30007B681B689B68C7F8DC30D7F8E42040F605
:107E40000F031340C7F8D830D7F8D830002B1BD118
:107E5000D7F8E43003F02003002B15D0D7F8E0303A
:107E600003F02003002B05D1D7F8DC3003F080535A
:107E7000002B09D07B685B6F002B00F00F837B68C1
:107E80005B6F7868984709E3D7F8D830002B00F08B
:107E90004581D7F8DC209E4B1340002B06D1D7F844
:107EA000E0209C4B1340002B00F03881D7F8E430E1
:107EB00003F00103002B11D0D7F8E03003F48073F6
:107EC000002B0BD07B681B6801221A627B68D3F8F9
:107ED000903043F001027B68C3F89020D7F8E4307B
:107EE00003F00203002B11D0D7F8DC3003F00103BC
:107EF000002B0BD07B681B6802221A627B68D3F8C8
:107F0000903043F004027B68C3F89020D7F8E43047
:107F100003F00403002B11D0D7F8DC3003F0010389
:107F2000002B0BD07B681B6804221A627B68D3F895
:107F3000903043F002027B68C3F89020D7F8E43019
:107F400003F00803002B17D0D7F8E03003F020032C
:107F5000002B05D1D7F8DC206D4B1340002B0BD044
:107F60007B681B6808221A627B68D3F8903043F064
:107F700008027B68C3F89020D7F8E43003F400636C
:107F8000002B12D0D7F8E03003F08063002B0CD028
:107F90007B681B684FF400621A627B68D3F89030EC
:107FA00043F020027B68C3F890207B68D3F89030C0
:107FB000002B00F07582D7F8E43003F02003002B8B
:107FC00013D0D7F8E03003F02003002B05D1D7F809
:107FD000DC3003F08053002B07D07B685B6F002BF5
:107FE00003D07B685B6F786898477B68D3F89030E4
:107FF000C7F8D4307B681B689B6803F04003402BB4
:1080000005D0D7F8D43003F02803002B74D078685B
:1080100001F008F87B681B689B6803F04003402B65
:1080200064D17B681B680833C7F89C30D7F89C3054
:1080300053E8003FC7F89830D7F8983023F0400352
:10804000C7F8D0307B681B680833D7F8D020C7F852
:10805000A820C7F8A430D7F8A410D7F8A82041E882
:108060000023C7F8A030D7F8A030002BD9D17B6807
:10807000D3F880301B685B68A7F8CE30B7F8CE30F5
:10808000002B0BD07B68B3F85C30B7F8CE209A4257
:1080900004D27B68B7F8CE20A3F85E207B68D3F8C3
:1080A000A430786898477B68D3F88030002B17D0CD
:1080B0007B68D3F88030184A9A637B68D3F88030A5
:1080C0001846FCF7B3FC0346002B1FD07B68D3F89F
:1080D00080309B6B7A68D2F880201046984715E074
:1080E0007B68D3F8A430786898470FE07B68D3F8B2
:1080F000A4307868984709E07B68D3F8A4307868A2
:1081000098477B680022C3F89020C9E100BFC7E10F
:108110000100001020010004ED9200087B68DB6E76
:10812000012B40F05781D7F8E43003F01003002B07
:1081300000F05081D7F8E03003F01003002B00F07E
:1081400049817B681B6810221A627B681B689B68E8
:1081500003F04003402B40F0BD807B68D3F88030B3
:108160001B685B68A7F8BE30B7F8BE30002B00F084
:1081700099817B68B3F85C30B7F8BE209A4280F0F2
:1081800091817B68B7F8BE20A3F85E207B68D3F8A6
:1081900080301B681B6803F02003002B40F08780B1
:1081A0007B681B68C7F88830D7F8883053E8003FF1
:1081B000C7F88430D7F8843023F48073C7F8B83018
:1081C0007B681B681A46D7F8B830C7F89430C7F8F0
:1081D0009020D7F89010D7F8942041E80023C7F8F2
:1081E0008C30D7F88C30002BDAD17B681B680833D1
:1081F0007B677B6F53E8003F3B673B6F23F00103D6
:10820000C7F8B4307B681B680833D7F8B420C7F8C8
:108210008020FB67F96FD7F8802041E80023BB6717
:10822000BB6F002BE1D17B681B6808333B663B6E5C
:1082300053E8003FFB65FB6D23F04003C7F8B03007
:108240007B681B680833D7F8B020FA66BB66B96E46
:10825000FA6E41E800237B667B6E002BE3D17B68DE
:108260002022C3F88C207B680022DA667B681B68BA
:10827000FB64FB6C53E8003FBB64BB6C23F0100352
:10828000C7F8AC307B681B681A46D7F8AC30BB65C2
:108290007A65796DBA6D41E800233B653B6D002B33
:1082A000E4D17B68D3F880301846FCF761FB7B682B
:1082B00002221A677B68D3F8C0307A68B2F85C1083
:1082C0007A68B2F85E2092B28A1A92B21146786841
:1082D0009847E7E07B68B3F85C207B68B3F85E30D2
:1082E0009BB2D31AA7F8CC307B68B3F85E309BB250
:1082F000002B00F0D980B7F8CC30002B00F0D480F0
:108300007B681B68BB63BB6B53E8003F7B637B6B85
:1083100023F49073C7F8C8307B681B681A46D7F8F7
:10832000C8307B643A64396C7A6C41E80023FB63A3
:10833000FB6B002BE4D17B681B6808337B627B6A94
:1083400053E8003F3B623B6A23F0805323F0010374
:10835000C7F8C4307B681B680833D7F8C4203A6379
:10836000FB62F96A3A6B41E80023BB62BB6A002BEF
:10837000E1D17B682022C3F88C207B680022DA667A
:108380007B6800225A677B681B683B613B6953E846
:10839000003FFB60FB6823F01003C7F8C0307B6828
:1083A0001B681A46D7F8C030FB61BA61B969FA692F
:1083B00041E800237B617B69002BE4D17B680222CA
:1083C0001A677B68D3F8C030B7F8CC2011467868BC
:1083D000984769E0D7F8E43003F48013002B10D0FD
:1083E000D7F8DC3003F48003002B0AD07B681B68CD
:1083F0004FF480121A627B68D3F8B43078689847DB
:1084000055E0D7F8E43003F08003002B14D0D7F800
:10841000E03003F08003002B05D1D7F8DC3003F403
:108420000003002B08D07B689B6F002B3ED07B683D
:108430009B6F7868984739E0D7F8E43003F0400341
:10844000002B09D0D7F8E03003F04003002B03D015
:10845000786801F001F92AE0D7F8E43003F400036A
:10846000002B0BD0D7F8E03003F08043002B05D071
:108470007B68D3F8BC307868984718E0D7F8E430C8
:1084800003F08073002B12D0D7F8E030002B0EDA07
:108490007B68D3F8B8307868984708E000BF06E0FA
:1084A00000BF04E000BF02E000BF00E000BFE8370B
:1084B000BD4680BD80B483B000AF786000BF0C378C
:1084C000BD4680BC704780B483B000AF786000BF09
:1084D0000C37BD4680BC704780B483B000AF786075
:1084E00000BF0C37BD4680BC704780B483B000AF7E
:1084F000786000BF0C37BD4680BC704780B483B045
:1085000000AF786000BF0C37BD4680BC704780B4B8
:1085100083B000AF786000BF0C37BD4680BC7047A9
:1085200080B483B000AF786000BF0C37BD4680BC1C
:10853000704780B483B000AF786000BF0C37BD4691
:1085400080BC704780B483B000AF78600B467B80FE
:1085500000BF0C37BD4680BC7047000080B483B0BC
:1085600000AF78607B681A4AC3F894207B68194A88
:10857000C3F898207B68184AC3F89C207B68174A88
:10858000C3F8A0207B68164AC3F8A4207B68154A6C
:10859000C3F8A8207B68144AC3F8AC207B68134A50
:1085A000C3F8B0207B68124AC3F8B4207B68114A34
:1085B000C3F8B8207B68104AC3F8BC207B680F4A18
:1085C000C3F8C02000BF0C37BD4680BC704700BF59
:1085D000C7840008B5840008EB840008D98400082B
:1085E000FD8400080F8500082185000833850008F8
:1085F000B3960008C5960008D79600084585000880
:108600002DE9B04F8CB000AF7861002387F82A3095
:108610007B699A687B691B691A437B695B691A43AA
:108620007B69DB691343FB627B691B681A68944BA7
:1086300013407A691268F96A0B4313607B691B68FF
:108640005B6823F440517B69DA687B691B680A43E5
:108650005A607B699B69FB627B691B68894A93420C
:1086600004D07B691B6AFA6A1343FB627B691B684F
:108670009B6823F06E4323F430637A691268F96AC9
:108680000B4393607B691B68DB6A23F00F017B69F6
:108690005A6A7B691B680A43DA627B691B687A4AFB
:1086A000934227D10320FFF7A9F90346A3F54033EE
:1086B000032B1BD801A252F823F000BFCD8600087F
:1086C000DD860008D5860008E5860008012387F8C6
:1086D0002B3080E0022387F82B307CE0042387F8DE
:1086E0002B3078E0082387F82B3074E0102387F8CC
:1086F0002B3070E07B691B68644A934238D10C20B0
:10870000FFF77CF90346A3F540230C2B2CD801A2DC
:1087100052F823F049870008698700086987000834
:108720006987000859870008698700086987000879
:108730006987000851870008698700086987000871
:108740006987000861870008002387F82B3042E022
:10875000022387F82B303EE0042387F82B303AE0E1
:10876000082387F82B3036E0102387F82B3032E0CF
:108770007B691B68434A93422AD14FF44060FFF75C
:108780004FF90346B3F5406F1AD0B3F5406F1BD8CD
:10879000B3F5006F0CD0B3F5006F15D8002B03D0E4
:1087A000B3F5806F08D00FE0002387F82B3012E07C
:1087B000022387F82B300EE0042387F82B300AE0E1
:1087C000082387F82B3006E0102387F82B3002E0CF
:1087D000102387F82B307B691B682A4A934240F0AC
:1087E000A48097F82B30082B23D801A252F823F04D
:1087F00015880008338800081D88000833880008A1
:10880000238800083388000833880008338800086C
:108810002B880008FDF7BEFD786210E01C4B7B62E0
:108820000DE0FDF703FD786209E04FF400437B6241
:1088300005E000237B62012387F82A3000BF7B6AB2
:10884000002B00F037817B695B6A124A32F81330E3
:108850001A467B6AB3FBF2F3BB617B695A68134625
:108860005B001344BA699A4205D37B695B681B03BA
:10887000BA699A4210D9012387F82A301AE100BF59
:10888000F369FFCF00800040003801400044004001
:108890000024F400FC3601087B6A0022BB60FA6009
:1088A0007B695B6A8E4A32F813309BB200223B60D0
:1088B0007A60D7E90023D7E90201F7F7B9FC02464D
:1088C0000B46104619464FF000024FF000030B0212
:1088D00043EA1063020279694968490800200C469E
:1088E000054612EB040843EB05097B695B6800222F
:1088F0009A46934652465B4640464946F7F798FCEF
:1089000002460B4613463B623B6AB3F5407F08D3F1
:108910003B6AB3F5801F04D27B691B683A6ADA6050
:10892000C8E0012387F82A30C4E07B69DB69B3F52E
:10893000004F67D197F82B30082B28D801A252F8A6
:1089400023F000BF6989000871890008798900084F
:108950008F8900087F8900088F8900088F890008A7
:108960008F89000887890008FDF714FD786214E0FC
:10897000FDF722FD786210E05A4B7B620DE0FDF7B7
:1089800055FC786209E04FF400437B6205E0002368
:108990007B62012387F82A3000BF7B6A002B00F03E
:1089A00089807B695B6A4E4A32F813301A467B6ACB
:1089B000B3FBF2F35A007B695B685B081A447B697E
:1089C0005B68B2FBF3F33B623B6A0F2B16D93B6A41
:1089D000B3F5803F12D23B6A9BB223F00F03FB83B7
:1089E0003B6A5B089BB203F007039AB2FB8B13430D
:1089F000FB837B691B68FA8BDA605BE0012387F8F5
:108A00002A3057E097F82B30082B28D801A252F8CB
:108A100023F000BF398A0008418A0008498A00080B
:108A20005F8A00084F8A00085F8A00085F8A000892
:108A30005F8A0008578A0008FDF7ACFC786214E0F2
:108A4000FDF7BAFC786210E0264B7B620DE0FDF783
:108A5000EDFB786209E04FF400437B6205E0002300
:108A60007B62012387F82A3000BF7B6A002B21D06C
:108A70007B695B6A1A4A32F813301A467B6AB3FB89
:108A8000F2F27B695B685B081A447B695B68B2FB46
:108A9000F3F33B623B6A0F2B09D93B6AB3F5803F86
:108AA00005D23B6A9AB27B691B68DA6002E0012357
:108AB00087F82A307B690122A3F86A207B690122AA
:108AC000A3F868207B6900225A677B6900229A67B5
:108AD00097F82A3018463037BD46BDE8B08F00BF42
:108AE000FC3601080024F40080B483B000AF786045
:108AF0007B689B6A03F00103002B0AD07B681B682C
:108B00005B6823F400317B68DA6A7B681B680A4380
:108B10005A607B689B6A03F00203002B0AD07B68D3
:108B20001B685B6823F480317B681A6B7B681B6869
:108B30000A435A607B689B6A03F00403002B0AD047
:108B40007B681B685B6823F480217B685A6B7B68B9
:108B50001B680A435A607B689B6A03F00803002B7A
:108B60000AD07B681B685B6823F400417B689A6BC2
:108B70007B681B680A435A607B689B6A03F010039A
:108B8000002B0AD07B681B689B6823F480517B68AC
:108B9000DA6B7B681B680A439A607B689B6A03F008
:108BA0002003002B0AD07B681B689B6823F40051CC
:108BB0007B681A6C7B681B680A439A607B689B6AB7
:108BC00003F04003002B1AD07B681B685B6823F41A
:108BD00080117B685A6C7B681B680A435A607B680B
:108BE0005B6CB3F5801F0AD17B681B685B6823F45C
:108BF000C0017B689A6C7B681B680A435A607B687B
:108C00009B6A03F08003002B0AD07B681B685B68BB
:108C100023F400217B68DA6C7B681B680A435A6086
:108C200000BF0C37BD4680BC704780B586B002AF30
:108C300078607B680022C3F89020F7F7C9FFF860DE
:108C40007B681B681B6803F00803082B0ED16FF0CC
:108C50007E430093FB6800224FF40011786800F017
:108C600032F80346002B01D0032328E07B681B6801
:108C70001B6803F00403042B0ED16FF07E430093B6
:108C8000FB6800224FF48001786800F01CF803466E
:108C9000002B01D0032312E07B682022C3F8882038
:108CA0007B682022C3F88C207B680022DA667B6810
:108CB00000221A677B68002283F88420002318466C
:108CC0001037BD4680BD80B59CB000AFF860B9607C
:108CD0003B601346FB71A9E0BB6FB3F1FF3F00F0AF
:108CE000A580F7F775FF02463B68D31ABA6F9A4220
:108CF00002D3BB6F002B40D1FB681B683B653B6D0B
:108D000053E8003FFB64FB6C23F4D0737B66FB6885
:108D10001B681A467B6EFB65BA65B96DFA6D41E852
:108D200000237B657B6D002BE6D1FB681B68083355
:108D3000FB63FB6B53E8003FBB63BB6B23F001039A
:108D40003B66FB681B6808333A6EBA647B64796CD7
:108D5000BA6C41E800233B643B6C002BE5D1FB6817
:108D60002022C3F88820FB682022C3F88C20FB68EF
:108D7000002283F88420032369E0FB681B681B68DA
:108D800003F00403002B51D0FB681B68DB6903F47C
:108D90000063B3F5006F49D1FB681B684FF40062B4
:108DA0001A62FB681B68BB62BB6A53E8003F7B62C8
:108DB0007B6A23F4D073FB66FB681B681A46FB6E64
:108DC0007B633A63396B7A6B41E80023FB62FB6A91
:108DD000002BE6D1FB681B6808337B617B6953E895
:108DE000003F3B613B6923F00103BB66FB681B68E6
:108DF0000833BA6E3A62FB61F9693A6A41E80023C6
:108E0000BB61BB69002BE5D1FB682022C3F8882039
:108E1000FB682022C3F88C20FB682022C3F8902036
:108E2000FB68002283F88420032310E0FB681B68A2
:108E3000DA69BB681340BA689A420CBF0123002369
:108E4000DBB21A46FB799A423FF446AF002318463C
:108E50007037BD4680BD000080B596B000AFF860A9
:108E6000B9601346FB80FB68BA689A65FB68FA88AC
:108E7000A3F85C20FB680022C3F89020FB68222244
:108E8000C3F88C20FB68D3F88030002B2DD0FB6812
:108E9000D3F88030404ADA62FB68D3F880303F4A2A
:108EA0001A63FB68D3F880303D4A5A63FB68D3F8F5
:108EB000803000229A63FB68D3F88000FB681B684F
:108EC00024331946FB689B6D1A46FB88FBF7D2FCDE
:108ED0000346002B09D0FB681022C3F89020FB68E2
:108EE0002022C3F88C20012351E0FB681B69002B72
:108EF00018D0FB681B68FB63FB6B53E8003FBB6348
:108F0000BB6B43F480737B65FB681B681A467B6D03
:108F1000BB647A64796CBA6C41E800233B643B6CB7
:108F2000002BE6D1FB681B680833BB62BB6A53E8C1
:108F3000003F7B627B6A43F001033B65FB681B6873
:108F400008333A6D7A633B63396B7A6B41E80023EF
:108F5000FB62FB6A002BE5D1FB681B6808337B6171
:108F60007B6953E8003F3B613B6943F04003FB648E
:108F7000FB681B680833FA6C3A62FB61F9693A6A6C
:108F800041E80023BB61BB69002BE5D100231846F3
:108F90005837BD4680BD00BFEF90000823920008FF
:108FA0006992000880B48FB000AF78607B681B685E
:108FB0003B623B6A53E8003FFB61FB6923F0C0035F
:108FC0007B637B681B681A467B6BFB62BA62B96A7B
:108FD000FA6A41E800237B627B6A002BE6D17B685A
:108FE0001B680833FB60FB6853E8003FBB60BB684D
:108FF00023F400033B637B681B6808333A6BBA6158
:109000007B617969BA6941E800233B613B69002BC8
:10901000E5D17B682022C3F8882000BF3C37BD46DD
:1090200080BC704780B495B000AF78607B681B68E7
:109030007B637B6B53E8003F3B633B6B23F4907394
:10904000FB647B681B681A46FB6C3B64FA63F96B34
:109050003A6C41E80023BB63BB6B002BE6D17B6815
:109060001B6808333B623B6A53E8003FFB61FB69C6
:1090700023F0805323F00103BB647B681B68083333
:10908000BA6CFA62BB62B96AFA6A41E800237B6291
:109090007B6A002BE3D17B68DB6E012B18D17B68E8
:1090A0001B68FB60FB6853E8003FBB60BB6823F0B4
:1090B00010037B647B681B681A467B6CBB617A611A
:1090C0007969BA6941E800233B613B69002BE6D12D
:1090D0007B682022C3F88C207B680022DA667B68DC
:1090E00000225A6700BF5437BD4680BC704780B528
:1090F0009CB000AF78607B689B6AFB667B681B68EE
:109100001B6803F02003002B71D1FB6E0022A3F833
:109110005E20FB6E1B68FB64FB6C53E8003FBB6486
:10912000BB6C23F48073BB66FB6E1B681A46BB6E78
:10913000BB657A65796DBA6D41E800233B653B6D8F
:10914000002BE6D1FB6E1B680833BB63BB6B53E897
:10915000003F7B637B6B23F001037B66FB6E1B6828
:1091600008337A6E7A643B64396C7A6C41E8002388
:10917000FB63FB6B002BE5D1FB6E1B6808337B6246
:109180007B6A53E8003F3B623B6A23F040033B6647
:10919000FB6E1B6808333A6E3A63FB62F96A3A6BFE
:1091A00041E80023BB62BB6A002BE5D1FB6E2022A5
:1091B000C3F88C20FB6EDB6E012B18D1FB6E1B6895
:1091C0003B613B6953E8003FFB60FB6823F0100301
:1091D000FB65FB6E1B681A46FB6DFB61BA61B969E2
:1091E000FA6941E800237B617B69002BE6D1FB6EC5
:1091F00000221A67FB6EDB6E012B09D1FB6ED3F8E0
:10920000C030FA6EB2F85C201146F86E984704E060
:10921000FB6ED3F8A030F86E984700BF7037BD469C
:1092200080BD80B584B000AF78607B689B6AFB60CE
:10923000FB6801221A67FB68DB6E012B0BD1FB6810
:10924000D3F8C030FA68B2F85C20520892B21146E6
:10925000F868984704E0FB68D3F89C30F8689847B2
:1092600000BF1037BD4680BD80B586B000AF7860C6
:109270007B689B6A7B617B69D3F888303B617B6943
:10928000D3F88C30FB607B691B689B6803F080031C
:10929000802B09D13B69212B06D17B690022A3F8E1
:1092A00056207869FFF77EFE7B691B689B6803F098
:1092B0004003402B09D1FB68222B06D17B69002299
:1092C000A3F85E207869FFF7ADFE7B69D3F8903094
:1092D00043F010027B69C3F890207B69D3F8A43077
:1092E0007869984700BF1837BD4680BD80B584B007
:1092F00000AF78607B689B6AFB60FB680022A3F884
:109300005E20FB680022A3F85620FB68D3F8A43047
:10931000F868984700BF1037BD4680BD80B48FB055
:1093200000AF78607B68D3F88830212B4CD17B6804
:10933000B3F856309BB2002B32D17B681B683B627E
:109340003B6A53E8003FFB61FB6923F080037B63CA
:109350007B681B681A467B6BFB62BA62B96AFA6A61
:1093600041E800237B627B6A002BE6D17B681B68A7
:10937000FB60FB6853E8003FBB60BB6843F0400301
:109380003B637B681B681A463B6BBB617A617969FA
:10939000BA6941E800233B613B69002BE6D113E049
:1093A0007B681B6D1A787B681B689A627B681B6DF3
:1093B0005A1C7B681A657B68B3F856309BB2013B38
:1093C0009AB27B68A3F8562000BF3C37BD4680BCEC
:1093D000704780B491B000AF78607B68D3F8883074
:1093E000212B51D17B68B3F856309BB2002B32D180
:1093F0007B681B687B627B6A53E8003F3B623B6A89
:1094000023F08003BB637B681B681A46BB6B3B631E
:10941000FA62F96A3A6B41E80023BB62BB6A002B2F
:10942000E6D17B681B683B613B6953E8003FFB600A
:10943000FB6843F040037B637B681B681A467B6BC9
:10944000FB61BA61B969FA6941E800237B617B6914
:10945000002BE6D118E07B681B6DFB63FB6B1B8860
:109460001A467B681B68C2F308029A627B681B6D10
:109470009A1C7B681A657B68B3F856309BB2013B37
:109480009AB27B68A3F8562000BF4437BD4680BC23
:10949000704780B491B000AF78607B68D3F88830B3
:1094A000212B60D17B68B3F86A30FB8757E07B687B
:1094B000B3F856309BB2002B33D17B681B6808335E
:1094C0007B627B6A53E8003F3B623B6A23F4000304
:1094D000BB637B681B680833BA6B3A63FB62F96A4B
:1094E0003A6B41E80023BB62BB6A002BE5D17B6885
:1094F0001B683B613B6953E8003FFB60FB6843F03E
:1095000040037B637B681B681A467B6BFB61BA6117
:10951000B969FA6941E800237B617B69002BE6D1D8
:1095200021E07B681B68DB6903F08003002B13D00C
:109530007B681B6D1A787B681B689A627B681B6D61
:109540005A1C7B681A657B68B3F856309BB2013BA6
:109550009AB27B68A3F85620FB8F013BFB87FB8FF9
:10956000002BA4D1FFE700BF4437BD4680BC704745
:1095700080B491B000AF78607B68D3F88830212B3D
:1095800065D17B68B3F86A30FB875CE07B68B3F831
:1095900056309BB2002B33D17B681B6808333B628B
:1095A0003B6A53E8003FFB61FB6923F400037B63E4
:1095B0007B681B6808337A6BFA62BB62B96AFA6A25
:1095C00041E800237B627B6A002BE5D17B681B6846
:1095D000FB60FB6853E8003FBB60BB6843F040039F
:1095E0003B637B681B681A463B6BBB617A61796998
:1095F000BA6941E800233B613B69002BE6D126E0D4
:109600007B681B68DB6903F08003002B18D07B6844
:109610001B6DBB63BB6B1B881A467B681B68C2F360
:1096200008029A627B681B6D9A1C7B681A657B68CE
:10963000B3F856309BB2013B9AB27B68A3F8562030
:10964000FB8F013BFB87FB8F002B9FD1FFE700BF08
:109650004437BD4680BC704780B588B000AF7860A5
:109660007B681B68FB60FB6853E8003FBB60BB681E
:1096700023F04003FB617B681B681A46FB69BB61F2
:109680007A617969BA6941E800233B613B69002B43
:10969000E6D17B682022C3F888207B6800229A6785
:1096A0007B68D3F898307868984700BF2037BD466C
:1096B00080BD80B483B000AF786000BF0C37BD467A
:1096C00080BC704780B483B000AF786000BF0C37B7
:1096D000BD4680BC704780B483B000AF786000BFE7
:1096E0000C37BD4680BC704780B584B000AF786051
:1096F0007B6893F88430012B01D102232BE07B6837
:10970000012283F884207B682422C3F888207B68A8
:109710001B681B68FB607B681B681A687B681B689A
:1097200022F001021A60FB6843F00053FB607B6883
:109730004FF000525A667B681B68FA681A607868B6
:1097400000F016F97B682022C3F888207B6800228D
:1097500083F88420002318461037BD4680BD80B4AE
:1097600085B000AF78607B6893F88430012B01D11D
:10977000022327E07B68012283F884207B6824226F
:10978000C3F888207B681B681B68FB607B681B68CC
:109790001A687B681B6822F001021A60FB6823F0DC
:1097A0000053FB607B6800225A667B681B68FA687E
:1097B0001A607B682022C3F888207B68002283F827
:1097C0008420002318461437BD4680BC704780B5FE
:1097D00084B000AF786039607B6893F88430012BE7
:1097E00001D102232DE07B68012283F884207B686D
:1097F0002422C3F888207B681B681B68FB607B6899
:109800001B681A687B681B6822F001021A607B687B
:109810001B689B6823F060417B681B683A680A43B9
:109820009A60786800F0A4F87B681B68FA681A6090
:109830007B682022C3F888207B68002283F884207C
:10984000002318461037BD4680BD80B584B000AFF8
:10985000786039607B6893F88430012B01D1022352
:109860002DE07B68012283F884207B682422C3F8E2
:1098700088207B681B681B68FB607B681B681A6814
:109880007B681B6822F001021A607B681B689B687A
:1098900023F060617B681B683A680A439A607868C5
:1098A00000F066F87B681B68FA681A607B68202203
:1098B000C3F888207B68002283F8842000231846A0
:1098C0001037BD4680BD80B58CB000AFF860B96080
:1098D0001346FB80FB68D3F88C30202B42D1BB6849
:1098E000002B02D0FB88002B01D101233BE0FB6859
:1098F0000122DA66FB6800221A67FB881A46B968FB
:10990000F868FFF7A9FA034687F82F3097F82F3049
:10991000002B24D1FB68DB6E012B1DD1FB681B687B
:1099200010221A62FB681B68BB61BB6953E8003FE9
:109930007B617B6943F01003BB62FB681B681A46BE
:10994000BB6A7B623A62396A7A6A41E80023FB614A
:10995000FB69002BE6D102E0012387F82F3097F84E
:109960002F3000E0022318463037BD4680BD00008E
:1099700080B485B000AF78607B685B6E002B08D147
:109980007B680122A3F86A207B680122A3F8682083
:1099900031E00823FB730823BB737B681B689B685B
:1099A0005B0EDBB203F007037B737B681B689B686D
:1099B0005B0FDBB203F007033B73BB7B3A7B1049C1
:1099C0008A5C02FB03F33A7B0E498A5C93FBF2F359
:1099D0009AB27B68A3F86A20FB7B7A7B08498A5C91
:1099E00002FB03F37A7B07498A5C93FBF2F39AB29A
:1099F0007B68A3F8682000BF1437BD4680BC704761
:109A0000143701081C37010880B485B000AF7860B6
:109A10004FF0B043DA6C4FF0B0417B681343CB6436
:109A20004FF0B043DA6C7B681340FB60FB6800BF0B
:109A30001437BD4680BC704780B586B000AF3B1D73
:109A400000221A605A609A60DA601A610220FFF7F9
:109A5000DBFF40237B600123BB600023FB6003230B
:109A60003B613B1D19461348FBF718FB80237B60C5
:109A70003B1D19460F48FBF711FB4FF480737B60C9
:109A80003B1D19460B48FBF709FB002280210948C2
:109A9000FBF764FC002240210648FBF75FFC002234
:109AA0004FF480710348FBF759FC00231846183720
:109AB000BD4680BD0004004880B582B000AF0346BB
:109AC000FB71FB79032B4FD801A252F823F000BFA2
:109AD000E19A0008039B0008259B0008479B0008AB
:109AE00000224FF480712348FBF738FC002240210C
:109AF0002048FBF733FC002280211E48FBF72EFC98
:109B000033E0002240211B48FBF728FC0122802182
:109B10001848FBF723FC00224FF480711548FBF72F
:109B20001DFC22E0012240211248FBF717FC012214
:109B300080211048FBF712FC00224FF480710D4881
:109B4000FBF70CFC11E0012240210A48FBF706FC60
:109B5000012280210748FBF701FC00224FF48071AD
:109B60000448FBF7FBFB00E000BF00231846083762
:109B7000BD4680BD0004004880B400AF01231846F4
:109B8000BD4680BC704780B400AF00231846BD4678
:109B900080BC704780B400AF01231846BD4680BC2E
:109BA000704780B485B000AF0346FB71FB79002B92
:109BB00002D10F23FB6001E01623FB60FB6818460F
:109BC0001437BD4680BC704780B400AF00BFBD46AF
:109BD00080BC704780B485B000AFEFF30583BB60F5
:109BE000BB68002B0FD1EFF310837B607B68002BE9
:109BF00005D1EFF311833B603B68002B07D00D4B81
:109C00001B68022B03D16FF00503FB600CE0094BCE
:109C10001B68002B05D1074B01221A600023FB6053
:109C200002E04FF0FF33FB60FB6818461437BD4677
:109C300080BC7047642A002080B584B000AFEFF389
:109C40000583BB60BB68002B0FD1EFF310837B60F3
:109C50007B68002B05D1EFF311833B603B68002B41
:109C600007D00F4B1B68022B03D16FF00503FB607D
:109C700010E00B4B1B68012B09D1FFF7A5FF084B28
:109C800002221A6001F026FF0023FB6002E04FF081
:109C9000FF33FB60FB6818461037BD4680BD00BF30
:109CA000642A002080B590B004AFF860B9607A6093
:109CB00000233B61EFF30583FB61FB69002B40F060
:109CC0008F80EFF31083BB61BB69002B05D1EFF3ED
:109CD00011837B617B69002B03D0444B1B68022BF3
:109CE0007ED0FB68002B7BD08023BB6218237B6275
:109CF0000023FB624FF0FF333B627B68002B45D0B3
:109D00007B681B68002B02D07B681B68FB627B684A
:109D10009B69002B02D07B689B697B627B6A002B6E
:109D200008D07B6A382B05D87B685B6803F0010399
:109D3000002B01D0002354E07B685B69002B03D02B
:109D40007B685B699B08BB627B689B68002B0ED0BD
:109D50007B68DB689F2B0AD97B681B69002B06D0C8
:109D60007B685B69002B02D001233B6210E07B68BB
:109D70009B68002B0CD17B68DB68002B08D17B68CB
:109D80001B69002B04D100233B6201E000233B62EE
:109D90003B6A012B10D17B681B697A68926802923A
:109DA00001937B6A0093BB68BA6AF96AF86801F0AC
:109DB0002DFC03463B6113E03B6A002B10D1BB6ACC
:109DC0009AB207F1100301937B6A0093BB68F96AAA
:109DD000F86801F07BFC0346012B01D000233B61B6
:109DE0003B6918463037BD4680BD00BF642A00205D
:109DF00080B485B000AFF860B9607A60FB68064A4D
:109E00001A60BB68054A1A607B6880221A6000BF2E
:109E10001437BD4680BC7047682A0020082B0020FC
:109E200080B485B000AFF860B9607A60FB68074A1B
:109E30001A60BB68064A1A607B684FF480721A6029
:109E400000BF1437BD4680BC704700BF082D0020FE
:109E5000A82D002080B582B000AF1C2000F0DAF9F8
:109E600078607B68002B0AD07B6800221A607B68D0
:109E70000433184600F0ACFB7B6800221A767B683E
:109E800018460837BD4680BD80B590B000AFF86079
:109E9000B9607A603B60FB687B630023BB6300238F
:109EA0003B63FB68002B0BD14FF0500383F3118809
:109EB000BFF36F8FBFF34F8F3B6200BF00BFFDE763
:109EC000BB68B3F1807F0BD34FF0500383F311884D
:109ED000BFF36F8FBFF34F8FFB6100BF00BFFDE784
:109EE000BB68002B0BD14FF0500383F31188BFF3F5
:109EF0006F8FBFF34F8FBB6100BF00BFFDE702F064
:109F0000EBFA0346002B02D1BB6C002B01D10123DD
:109F100000E00023002B0BD14FF0500383F3118896
:109F2000BFF36F8FBFF34F8F7B6100BF00BFFDE7B3
:109F300001F040FE7B6B1B68FB623A68B968F86A07
:109F400000F046F9B862BB6A002B0ED0FB6AFB63D7
:109F50000023BB647B68002B28D07B6B1A68BB682E
:109F6000DB431A407B6B1A6020E0BB6C002B04D1F2
:109F7000FB6AFB6301233B6318E07B68002B03D083
:109F8000BB6B43F08073BB633B68002B03D0BB6BA0
:109F900043F08063BB637B6B181DBA68BB6B1343D4
:109FA000BA6C194602F004F80023FB6301F010FEBE
:109FB0007862BB6C002B31D07B6A002B07D11A4B27
:109FC0004FF080521A60BFF34F8FBFF36F8F02F0D4
:109FD00011FBF863FB6B03F00073002B1AD100F048
:109FE00095FC7B6B1B68FB633A68B968F86B00F003
:109FF000EFF80346002B09D07B68002B06D07B6B63
:10A000001A68BB68DB431A407B6B1A6001233B6311
:10A0100000F0ACFCFB6B23F07F43FB63FB6B18464B
:10A020004037BD4680BD00BF04ED00E080B586B07E
:10A0300000AF786039607B687B617B68002B0BD157
:10A040004FF0500383F31188BFF36F8FBFF34F8F2F
:10A05000FB6000BF00BFFDE73B68B3F1807F0BD31F
:10A060004FF0500383F31188BFF36F8FBFF34F8F0F
:10A07000BB6000BF00BFFDE700F048FC7B691B68C8
:10A080003B617B691A683B68DB431A407B691A6055
:10A0900000F06CFC3B6918461837BD4680BD80B5A2
:10A0A0008EB000AF7860396000233B637B68BB6291
:10A0B0000023FB627B68002B0BD14FF0500383F32E
:10A0C0001188BFF36F8FBFF34F8F3B6100BF00BF9D
:10A0D000FDE73B68B3F1807F0BD34FF0500383F370
:10A0E0001188BFF36F8FBFF34F8FFB6000BF00BFBE
:10A0F000FDE7BB6A04337B627B6A08333B6201F095
:10A1000059FD7B6ADB687B63BB6A1A683B681A434C
:10A11000BB6A1A603CE07B6B5B68FB617B6B1B6816
:10A12000BB610023FB62BB6903F07F437B61BB69BA
:10A1300023F07F43BB617B6903F08063002B08D170
:10A14000BB6A1A68BB691340002B0BD00123FB626A
:10A1500008E0BB6A1A68BB691340BA699A4201D128
:10A160000123FB62FB6A002B10D07B6903F0807334
:10A17000002B03D03A6BBB6913433B63BB6A1B687C
:10A1800043F000731946786B01F0E0FFFB697B63D5
:10A190007A6B3B6A9A42BED1BB6A1A683B6BDB435F
:10A1A0001A40BB6A1A6001F013FDBB6A1B681846AF
:10A1B0003837BD4680BD80B582B000AF7860396069
:10A1C00039687868FFF76BFF00BF0837BD4680BD70
:10A1D00080B487B000AFF860B9607A6000237B611B
:10A1E0007B68002B07D1FA68BB681340002B0AD0AC
:10A1F00001237B6107E0FA68BB681340BA689A42A2
:10A2000001D101237B617B6918461C37BD4680BCA8
:10A210007047000080B58AB000AF78600023FB6112
:10A2200001F0C8FC5A4B1B68002B01D100F016F955
:10A23000584B1A687B681340002B40F090807B6875
:10A24000002B1ED008227B6813447B607B6803F0E0
:10A250000703002B15D07B6823F0070308337B60CE
:10A260007B6803F00703002B0BD04FF0500383F300
:10A270001188BFF36F8FBFF34F8F7B6100BF00BFAB
:10A28000FDE77B68002B6AD0434B1B687A689A42D3
:10A2900065D8424B3B62414B1B687B6204E07B6AA2
:10A2A0003B627B6A1B687B627B6A5B687A689A4266
:10A2B00003D97B6A1B68002BF1D1354B1B687A6A86
:10A2C0009A424CD03B6A1B6808221344FB617B6AAC
:10A2D0001A683B6A1A607B6A5A687B68D21A08233C
:10A2E0005B009A4220D97A6A7B681344BB61BB69E0
:10A2F00003F00703002B0BD04FF0500383F31188BA
:10A30000BFF36F8FBFF34F8F3B6100BF00BFFDE70F
:10A310007B6A5A687B68D21ABB695A607B6A7A6822
:10A320005A60B86900F0FCF81B4B1A687B6A5B68DE
:10A33000D31A194A1360184B1A68194B1B689A42B2
:10A3400003D2154B1B68164A13607B6A5A68114B7F
:10A350001B681A437B6A5A607B6A00221A6001F00C
:10A3600037FCFB6903F00703002B0BD04FF05003C1
:10A3700083F31188BFF36F8FBFF34F8FFB6000BF74
:10A3800000BFFDE7FB6918462837BD4680BD00BF0A
:10A39000B0D10020BCD10020B4D10020A8D1002031
:10A3A000B8D1002080B586B000AF78607B687B6153
:10A3B0007B68002B4AD008235B427A6913447B6197
:10A3C0007B693B613B695A68224B1B681340002B39
:10A3D0000BD14FF0500383F31188BFF36F8FBFF39E
:10A3E0004F8FFB6000BF00BFFDE73B691B68002B80
:10A3F0000BD04FF0500383F31188BFF36F8FBFF37F
:10A400004F8FBB6000BF00BFFDE73B695A68114B2F
:10A410001B681340002B19D03B691B68002B15D11A
:10A420003B695A680B4B1B68DB431A403B695A6017
:10A4300001F0C0FB3B695A68074B1B681344064A8E
:10A440001360386900F06CF801F0C2FB00BF1837E8
:10A45000BD4680BDBCD10020B4D1002080B485B001
:10A4600000AF4FF42043BB60274BFB60FB6803F059
:10A470000703002B0CD0FB680733FB60FB6823F05D
:10A480000703FB60BA68FB68D31A1F4A1344BB601A
:10A49000FB687B601D4A7B6813601C4B00225A607E
:10A4A0007B68BA681344FB600822FB689B1AFB6058
:10A4B000FB6823F00703FB60FB68154A1360144B2D
:10A4C0001B6800225A60124B1B6800221A607B68CE
:10A4D0003B603B68FA68D21A3B685A600C4B1A68BA
:10A4E0003B681A603B685B680A4A13603B685B68BC
:10A4F000094A1360094B4FF000421A6000BF14373D
:10A50000BD4680BC704700BFA8310020A8D1002004
:10A51000B0D10020B8D10020B4D10020BCD100209F
:10A5200080B485B000AF7860274BFB6002E0FB6829
:10A530001B68FB60FB681B687A689A42F7D8FB6867
:10A54000BB60FB685B68BA6813447A689A4208D1BA
:10A55000FB685A687B685B681A44FB685A60FB6852
:10A560007B607B68BB607B685B68BA681A44FB6889
:10A570001B689A4218D1FB681A68144B1B689A42F0
:10A580000DD07B685A68FB681B685B681A447B685F
:10A590005A60FB681B681A687B681A6008E00B4BFE
:10A5A0001A687B681A6003E0FB681A687B681A60A7
:10A5B000FA687B689A4202D0FB687A681A6000BF2A
:10A5C0001437BD4680BC7047A8D10020B0D1002010
:10A5D00080B483B000AF78607B6803F108027B68C9
:10A5E0005A607B684FF0FF329A607B6803F1080283
:10A5F0007B68DA607B6803F108027B681A617B681C
:10A6000000221A6000BF0C37BD4680BC704780B482
:10A6100083B000AF78607B6800221A6100BF0C37FE
:10A62000BD4680BC704780B485B000AF78603960AB
:10A630007B685B68FB603B68FA685A60FB689A68F5
:10A640003B689A60FB689B683A685A60FB683A68A6
:10A650009A603B687A681A617B681B685A1C7B6841
:10A660001A6000BF1437BD4680BC704780B485B007
:10A6700000AF786039603B681B68BB60BB68B3F1B2
:10A68000FF3F03D17B681B69FB600CE07B680833EC
:10A69000FB6002E0FB685B68FB60FB685B681B6853
:10A6A000BA689A42F6D2FB685A683B685A603B68BF
:10A6B0005B683A689A603B68FA689A60FB683A6837
:10A6C0005A603B687A681A617B681B685A1C7B6811
:10A6D0001A6000BF1437BD4680BC704780B485B097
:10A6E00000AF78607B681B69FB607B685B687A6899
:10A6F00092689A607B689B687A6852685A60FB68C7
:10A700005B687A689A4203D17B689A68FB685A60F2
:10A710007B6800221A61FB681B685A1EFB681A607E
:10A72000FB681B6818461437BD4680BC70470000A4
:10A7300080B485B000AFF860B9607A60FB68043B14
:10A74000FB60FB684FF080721A60FB68043BFB60A3
:10A75000BB6823F00102FB681A60FB68043BFB60E6
:10A76000084AFB681A60FB68143BFB607A68FB6868
:10A770001A60FB68203BFB60FB6818461437BD4637
:10A7800080BC704789A7000880B485B000AF002363
:10A790007B60124B1B68B3F1FF3F0BD04FF05003AF
:10A7A00083F31188BFF36F8FBFF34F8FFB6000BF40
:10A7B00000BFFDE74FF0500383F31188BFF36F8FA5
:10A7C000BFF34F8FBB6000BF00BF7B68002BFCD086
:10A7D00000BF00BF1437BD4680BC7047D0000020CA
:10A7E000074B19680868B0E8F00F80F30988BFF3D9
:10A7F0006F8F4FF0000080F311884EF00D0E704700
:10A8000008D2002000BF00BF06480068006880F33F
:10A81000088862B661B6BFF34F8FBFF36F8F00DF5A
:10A8200000BF00BF08ED00E080B584B000AF324B40
:10A83000FB60FB681B78DBB27B60FB68FF221A7051
:10A84000FB681B78DBB2FB70FB78DBB203F05003D4
:10A85000DAB22A4B1A702A4B07221A6009E0284BF9
:10A860001B68013B264A1360FB78DBB25B00DBB25E
:10A87000FB70FB78DBB203F08003802BEFD0204B22
:10A880001B68C3F10703042B0BD04FF0500383F375
:10A890001188BFF36F8FBFF34F8FBB6000BF00BF46
:10A8A000FDE7174B1B681B02154A1360144B1B680E
:10A8B00003F4E063124A13607B68DAB2FB681A7033
:10A8C000104B1B680F4A43F4700313600D4B1B6859
:10A8D0000C4A43F07043136000F0B8F80A4B0022B2
:10A8E0001A60FFF791FF01F0D9FAFFF74DFF00233F
:10A8F00018461037BD4680BD00E400E0C0D10020FE
:10A90000C4D1002020ED00E0D000002080B483B04E
:10A9100000AF4FF0500383F31188BFF36F8FBFF385
:10A920004F8F7B6000BF0F4B1B6801330D4A1360D4
:10A930000C4B1B68012B10D10B4B1B68DBB2002B9F
:10A940000BD04FF0500383F31188BFF36F8FBFF329
:10A950004F8F3B6000BF00BFFDE700BF0C37BD4617
:10A9600080BC7047D000002004ED00E080B483B0CC
:10A9700000AF124B1B68002B0BD14FF0500383F339
:10A980001188BFF36F8FBFF34F8F7B6000BF00BF95
:10A99000FDE70A4B1B68013B084A1360074B1B6825
:10A9A000002B05D100233B603B6883F3118800BF77
:10A9B00000BF0C37BD4680BC704700BFD0000020F0
:10A9C000EFF30980BFF36F8F0D4B1A6820E9F00F8A
:10A9D000106008B54FF0500080F3118801F05EFA66
:10A9E0004FF0000080F31188BDE80840196808683E
:10A9F000B0E8F00F80F30988BFF36F8F704700BF96
:10AA000008D2002000BF00BF80B582B000AF4FF079
:10AA1000500383F31188BFF36F8FBFF34F8F7B60B9
:10AA200000BF01F081F90346002B03D0064B4FF025
:10AA300080521A6000233B603B6883F3118800BF9B
:10AA400000BF0837BD4680BD04ED00E080B400AF14
:10AA50000A4B00221A600A4B00221A60094B1B683D
:10AA6000094AA2FB03235B09084A013B1360034B1D
:10AA700007221A6000BFBD4680BC704710E000E0AE
:10AA800018E000E0C80000201F85EB5114E000E052
:10AA900080B485B000AFEFF30583FB60FB680F2B3C
:10AAA00015D9174AFB6813441B78FB72154B1B78AA
:10AAB000FA7A9A420BD24FF0500383F31188BFF316
:10AAC0006F8FBFF34F8F7B6000BF00BFFDE70E4B62
:10AAD0001B6803F4E0620D4B1B689A420BD94FF0E0
:10AAE000500383F31188BFF36F8FBFF34F8F3B6029
:10AAF00000BF00BFFDE700BF1437BD4680BC7047F4
:10AB0000F0E300E0C0D100200CED00E0C4D1002053
:10AB100080B584B000AF786039607B68FB60FB680B
:10AB2000002B0BD14FF0500383F31188BFF36F8FCD
:10AB3000BFF34F8FBB6000BF00BFFDE7FFF7E6FE2E
:10AB4000FB681A68FB68DB6BF968096C01FB03F3AF
:10AB50001A44FB689A60FB6800229A63FB681A68D3
:10AB6000FB685A60FB681A68FB68DB6B013BF9689D
:10AB7000096C01FB03F31A44FB68DA60FB68FF22EF
:10AB800083F84420FB68FF2283F845203B68002BB4
:10AB900014D1FB681B69002B1AD0FB6810331846D0
:10ABA00001F070FA0346002B12D00D4B4FF080528B
:10ABB0001A60BFF34F8FBFF36F8F09E0FB6810334C
:10ABC0001846FFF705FDFB6824331846FFF700FD24
:10ABD000FFF7CCFE012318461037BD4680BD00BFED
:10ABE00004ED00E080B58EB002AFF860B9607A6025
:10ABF0003B60FB68002B0BD14FF0500383F31188AF
:10AC0000BFF36F8FBFF34F8FBB6200BF00BFFDE785
:10AC10003B68002B0BD14FF0500383F31188BFF337
:10AC20006F8FBFF34F8F7B6200BF00BFFDE77B6874
:10AC3000002B02D0BB68002B01D0012300E00023D1
:10AC4000002B0BD14FF0500383F31188BFF36F8FAC
:10AC5000BFF34F8F3B6200BF00BFFDE77B68002B57
:10AC600002D1BB68002B01D1012300E00023002B9F
:10AC70000BD14FF0500383F31188BFF36F8FBFF3F5
:10AC80004F8FFB6100BF00BFFDE748237B617B69FD
:10AC9000482B0BD04FF0500383F31188BFF36F8F15
:10ACA000BFF34F8FBB6100BF00BFFDE77B693B680F
:10ACB000FB62FB6A002B0DD0FB6A012283F8462061
:10ACC00097F83820FB6A009313467A68B968F868E9
:10ACD00000F046F8FB6A18463037BD4680BD80B5A7
:10ACE0008AB002AFF860B9601346FB71FB68002BB5
:10ACF0000BD14FF0500383F31188BFF36F8FBFF375
:10AD00004F8F3B6100BF00BFFDE7BB68002B02D146
:10AD10000023FB6104E0FB68BA6802FB03F3FB61FC
:10AD2000FB6948331846FFF775FAB861BB69002B19
:10AD300011D0BB697B617B6948337B61BB690022B1
:10AD400083F84620FA79BB69009313467A69B9689B
:10AD5000F86800F005F8BB6918462037BD4680BD8D
:10AD600080B584B000AFF860B9607A60FB70BB68F2
:10AD7000002B03D1BB69BA691A6002E0BB697A682B
:10AD80001A60BB69FA68DA63BB69BA681A640121A0
:10AD9000B869FFF7BDFE00BF1037BD4680BD00009B
:10ADA00080B58EB000AFF860B9607A603B60002378
:10ADB0007B63FB683B633B6B002B0BD14FF0500375
:10ADC00083F31188BFF36F8FBFF34F8FBB6200BF58
:10ADD00000BFFDE7BB68002B03D13B6B1B6C002B56
:10ADE00001D1012300E00023002B0BD14FF05003D1
:10ADF00083F31188BFF36F8FBFF34F8F7B6200BF68
:10AE000000BFFDE73B68022B03D13B6BDB6B012BE3
:10AE100001D1012300E00023002B0BD14FF05003A0
:10AE200083F31188BFF36F8FBFF34F8F3B6200BF77
:10AE300000BFFDE701F050FB0346002B02D17B6809
:10AE4000002B01D1012300E00023002B0BD14FF098
:10AE5000500383F31188BFF36F8FBFF34F8FFB61F4
:10AE600000BF00BFFDE7FFF751FD3B6B9A6B3B6BEB
:10AE7000DB6B9A4202D33B68022B29D13A68B9684E
:10AE8000386B00F031FAF8623B6B5B6A002B10D034
:10AE90003B6B2433184601F0F5F80346002B13D022
:10AEA0003F4B4FF080521A60BFF34F8FBFF36F8F4D
:10AEB0000AE0FB6A002B07D0394B4FF080521A6032
:10AEC000BFF34F8FBFF36F8FFFF750FD012363E098
:10AED0007B68002B03D1FFF749FD00235CE07B6B0F
:10AEE000002B06D107F11403184601F093F9012352
:10AEF0007B63FFF73BFD00F05DFEFFF707FD3B6B5B
:10AF000093F844305BB2B3F1FF3F03D13B6B0022B7
:10AF100083F844203B6B93F845305BB2B3F1FF3FBD
:10AF200003D13B6B002283F84520FFF71FFD3A1D3C
:10AF300007F114031146184601F082F90346002B6D
:10AF400024D1386B00F0C8FA0346002B18D03B6BB5
:10AF500010337A681146184601F004F8386B00F097
:10AF600053FA00F035FE0346002B7FF47CAF0C4B08
:10AF70004FF080521A60BFF34F8FBFF36F8F72E7AD
:10AF8000386B00F041FA00F023FE6CE7386B00F0FC
:10AF90003BFA00F01DFE002318463837BD4680BD41
:10AFA00004ED00E080B58EB000AFF860B9607A6063
:10AFB0003B60FB683B633B6B002B0BD14FF05003B6
:10AFC00083F31188BFF36F8FBFF34F8F7B6200BF96
:10AFD00000BFFDE7BB68002B03D13B6B1B6C002B54
:10AFE00001D1012300E00023002B0BD14FF05003CF
:10AFF00083F31188BFF36F8FBFF34F8F3B6200BFA6
:10B0000000BFFDE73B68022B03D13B6BDB6B012BE1
:10B0100001D1012300E00023002B0BD14FF050039E
:10B0200083F31188BFF36F8FBFF34F8FFB6100BFB6
:10B0300000BFFDE7FFF72CFDEFF311824FF0500347
:10B0400083F31188BFF36F8FBFF34F8FBA617B61BA
:10B05000BB69FB623B6B9A6B3B6BDB6B9A4202D327
:10B060003B68022B2CD13B6B93F8453087F82B3093
:10B070003A68B968386B00F037F997F92B30B3F1BB
:10B08000FF3F12D13B6B5B6A002B16D03B6B243326
:10B09000184600F0F7FF0346002B0ED07B68002B0C
:10B0A0000BD07B6801221A6007E097F82B30013340
:10B0B000DBB25AB23B6B83F8452001237B6301E08E
:10B0C00000237B63FB6A3B613B6983F3118800BF0C
:10B0D0007B6B18463837BD4680BD000080B58CB00C
:10B0E00000AFF860B9607A600023FB62FB68BB6266
:10B0F000BB6A002B0BD14FF0500383F31188BFF3D1
:10B100006F8FBFF34F8F3B6200BF00BFFDE7BB688F
:10B11000002B03D1BB6A1B6C002B01D1012300E083
:10B120000023002B0BD14FF0500383F31188BFF3A2
:10B130006F8FBFF34F8FFB6100BF00BFFDE701F0D2
:10B14000CBF90346002B02D17B68002B01D10123F0
:10B1500000E00023002B0BD14FF0500383F3118844
:10B16000BFF36F8FBFF34F8FBB6100BF00BFFDE721
:10B17000FFF7CCFBBB6A9B6B7B627B6A002B1FD00B
:10B18000B968B86A00F01AF97B6A5A1EBB6A9A63FA
:10B19000BB6A1B69002B0FD0BB6A1033184600F046
:10B1A00071FF0346002B07D03C4B4FF080521A60D2
:10B1B000BFF34F8FBFF36F8FFFF7D8FB012369E019
:10B1C0007B68002B03D1FFF7D1FB002362E0FB6A11
:10B1D000002B06D107F11003184601F01BF80123DC
:10B1E000FB62FFF7C3FB00F0E5FCFFF78FFBBB6AD8
:10B1F00093F844305BB2B3F1FF3F03D1BB6A002246
:10B2000083F84420BB6A93F845305BB2B3F1FF3F4B
:10B2100003D1BB6A002283F84520FFF7A7FB3A1D44
:10B2200007F110031146184601F00AF80346002BF7
:10B2300023D1B86A00F03AF90346002B17D0BB6A55
:10B2400024337A681146184600F08CFEB86A00F084
:10B25000DBF800F0BDFC0346002B89D10F4B4FF00B
:10B2600080521A60BFF34F8FBFF36F8F80E7B86AC9
:10B2700000F0CAF800F0ACFC7AE7B86A00F0C4F855
:10B2800000F0A6FCB86A00F011F90346002B3FF469
:10B290006FAF002318463037BD4680BD04ED00E097
:10B2A00080B586B000AF78607B687B617B69002BDE
:10B2B0000BD14FF0500383F31188BFF36F8FBFF3AF
:10B2C0004F8FFB6000BF00BFFDE7FFF71FFB7B69EF
:10B2D000DA6B7B699B6BD31A3B61FFF747FB3B69DA
:10B2E00018461837BD4680BD80B586B000AFF860FF
:10B2F000B9607A6000237B61FB689B6B3B61FB68F4
:10B300001B6C002B0DD1FB681B68002B4DD1FB681B
:10B310009B68184601F0FEF87861FB6800229A608D
:10B3200043E07B68002B19D1FB685868FB681B6CF5
:10B330001A46B96806F055FAFB685A68FB681B6C38
:10B340001A44FB685A60FB685A68FB689B689A421B
:10B350002BD3FB681A68FB685A6026E0FB68D86844
:10B36000FB681B6C1A46B96806F03BFAFB68DA68A2
:10B37000FB681B6C5B421A44FB68DA60FB68DA68A6
:10B38000FB681B689A4207D2FB689A68FB681B6CD3
:10B390005B421A44FB68DA607B68022B05D13B698B
:10B3A000002B02D03B69013B3B613B695A1CFB68A7
:10B3B0009A637B6918461837BD4680BD80B582B058
:10B3C00000AF786039607B681B6C002B18D07B68FD
:10B3D000DA687B681B6C1A447B68DA607B68DA6821
:10B3E0007B689B689A4203D37B681A687B68DA6043
:10B3F0007B68D9687B681B6C1A46386806F0F1F9DF
:10B4000000BF0837BD4680BD80B584B000AF78600E
:10B41000FFF77CFA7B6893F84530FB7311E07B689B
:10B420005B6A002B12D07B682433184600F02AFE9A
:10B430000346002B01D000F067FFFB7B013BDBB232
:10B44000FB7397F90F30002BE9DC00E000BF7B684D
:10B45000FF2283F84520FFF789FAFFF757FA7B6848
:10B4600093F84430BB7311E07B681B69002B12D04A
:10B470007B681033184600F005FE0346002B01D010
:10B4800000F042FFBB7B013BDBB2BB7397F90E3090
:10B49000002BE9DC00E000BF7B68FF2283F844203A
:10B4A000FFF764FA00BF1037BD4680BD80B584B099
:10B4B00000AF7860FFF72AFA7B689B6B002B02D104
:10B4C0000123FB6001E00023FB60FFF74FFAFB68FC
:10B4D00018461037BD4680BD80B584B000AF786097
:10B4E000FFF714FA7B689A6B7B68DB6B9A4202D198
:10B4F0000123FB6001E00023FB60FFF737FAFB68E4
:10B5000018461037BD4680BD80B487B000AF786064
:10B510007B683B613B69002B0BD14FF0500383F3F9
:10B520001188BFF36F8FBFF34F8FFB6000BF00BF69
:10B53000FDE73B699A6B3B69DB6B9A4202D10123C1
:10B540007B6101E000237B617B6918461C37BD46A7
:10B5500080BC704780B485B000AF7860396000234C
:10B56000FB6014E00E4AFB6852F83330002B0BD11D
:10B570000B49FB683A6841F83320094AFB68DB0055
:10B5800013447A685A6006E0FB680133FB60FB688D
:10B59000072BE7D900BF00BF1437BD4680BC7047FA
:10B5A000C8D1002080B586B000AFF860B9607A607D
:10B5B000FB687B61FFF7AAF97B6993F844305BB2C3
:10B5C000B3F1FF3F03D17B69002283F844207B69FC
:10B5D00093F845305BB2B3F1FF3F03D17B690022A2
:10B5E00083F84520FFF7C2F97B699B6B002B06D1DE
:10B5F0007B6924337A68B968184600F017FD7869CA
:10B60000FFF702FF00BF1837BD4680BD80B58EB082
:10B6100004AFF860B9607A603B607B6B002B0BD1A4
:10B620004FF0500383F31188BFF36F8FBFF34F8F39
:10B630003B6200BF00BFFDE7BB6B002B0BD14FF09F
:10B64000500383F31188BFF36F8FBFF34F8FFB61FC
:10B6500000BF00BFFDE7A0233B613B69A02B0BD0DF
:10B660004FF0500383F31188BFF36F8FBFF34F8FF9
:10B67000BB6100BF00BFFDE73B69BB6B002B1ED069
:10B680007B6B002B1BD0BB6B7B627B6A7A6B1A6374
:10B690007B6A022283F89D20002303937B6A029336
:10B6A00007F1140301933B6B00933B687A68B96818
:10B6B000F86800F051F8786A00F0F6F801E000232D
:10B6C0007B617B6918462837BD4680BD80B58CB04C
:10B6D00004AFF860B9603B601346FB80FB889B00B9
:10B6E0001846FEF797FD78617B69002B0ED0A020ED
:10B6F000FEF790FDF861FB69002B03D0FB697A69C6
:10B700001A6305E07869FEF74DFE01E00023FB6156
:10B71000FB69002B17D0FB69002283F89D20FA8873
:10B7200000230393FB690293FB6A0193BB6A0093B6
:10B730003B68B968F86800F00FF8F86900F0B4F8F1
:10B740000123BB6102E04FF0FF33BB61BB691846C8
:10B750002037BD4680BD000080B588B000AFF860DE
:10B76000B9607A603B603B6B186B7B689B001A4644
:10B77000A52105F009FF3B6B1A6B7B6803F1804341
:10B78000013B9B001344BB61BB6923F00703BB6112
:10B79000BB6903F00703002B0BD04FF0500383F37A
:10B7A0001188BFF36F8FBFF34F8F7B6100BF00BF66
:10B7B000FDE7BB68002B1FD00023FB6112E0BA68D5
:10B7C000FB69134419783A6BFB69134434330A4616
:10B7D0001A70BA68FB6913441B78002B06D0FB690A
:10B7E0000133FB61FB690F2BE9D900E000BF3B6B24
:10B7F000002283F8432003E03B6B002283F83420CF
:10B80000BB6A372B01D93723BB623B6BBA6ADA625A
:10B810003B6BBA6A5A643B6B00229A643B6B0433FD
:10B820001846FEF7F4FE3B6B18331846FEF7EFFEA2
:10B830003B6B3A6B1A61BB6AC3F138023B6B9A618E
:10B840003B6B3A6B5A623B6B0022C3F898203B6B10
:10B85000002283F89C203B6B4C334C22002118467D
:10B8600005F092FE3B6B0D4A1A653B6B0C4A5A651C
:10B870003B6B0C4A9A653A68F968B869FEF758FF5D
:10B8800002463B6B1A60FB6A002B02D0FB6A3A6BE4
:10B890001A6000BF2037BD4680BD00BFF8DB002026
:10B8A00060DC0020C8DC002080B582B000AF78608A
:10B8B000FFF72CF82B4B1B6801332A4A13602A4BE5
:10B8C0001B68002B09D1284A7B681360254B1B6835
:10B8D000012B10D100F03CFD0DE0244B1B68002B28
:10B8E00009D1214B1B68DA6A7B68DB6A9A4202D86D
:10B8F0001D4A7B6813601E4B1B6801331C4A136092
:10B900007B68DA6A1B4B1B689A4203D97B68DB6A47
:10B91000184A13607B68DA6A13469B0013449B0045
:10B92000154A1A447B68043319461046FEF77BFE1D
:10B93000FFF71CF80D4B1B68002B0ED00A4B1B6841
:10B94000DA6A7B68DB6A9A4207D20C4B4FF080526E
:10B950001A60BFF34F8FBFF36F8F00BF0837BD462C
:10B9600080BD00BFDCD6002008D20020E8D6002031
:10B97000F8D60020E4D600200CD2002004ED00E030
:10B9800080B584B000AF7860FEF7C0FF7B68002B05
:10B9900002D12D4B1B6800E07B68FB60FB68043321
:10B9A0001846FEF79BFEFB689B6A002B04D0FB68E1
:10B9B00018331846FEF792FE244B1B680133234AC6
:10B9C0001360214B1B68FA689A420BD1FB68043361
:10B9D00019461F48FEF727FE1E4B1B6801331D4A00
:10B9E000136009E01C4B1B68013B1B4A1360F8689D
:10B9F00000F01CFD00F050FDFEF7B8FF174B1B6870
:10BA0000002B1CD0104B1B68FA689A4217D1144BBC
:10BA10001B68002B0BD04FF0500383F31188BFF34A
:10BA20006F8FBFF34F8FBB6000BF00BFFDE70D4BB3
:10BA30004FF080521A60BFF34F8FBFF36F8F00BF7C
:10BA40001037BD4680BD00BF08D20020F8D60020C8
:10BA5000B0D60020C4D60020DCD60020E8D60020D6
:10BA600004D7002004ED00E080B584B000AF78601A
:10BA70000023FB607B68002B18D0144B1B68002B45
:10BA80000BD04FF0500383F31188BFF36F8FBFF3D8
:10BA90004F8FBB6000BF00BFFDE700F08BF80021B7
:10BAA000786800F0BFFD00F093F8F860FB68002BA9
:10BAB00007D1074B4FF080521A60BFF34F8FBFF38F
:10BAC0006F8F00BF1037BD4680BD00BF04D7002078
:10BAD00004ED00E080B58AB004AF0023BB60002312
:10BAE0007B603A46391D07F108031846FEF780F9D6
:10BAF00039687B68BA68029201930023009300239F
:10BB00000A4624492448FFF781FD0346234A13606F
:10BB1000224B1B68002B02D001237B6101E0002334
:10BB20007B617B69012B02D100F0D0FD78617B69DC
:10BB3000012B1BD14FF0500383F31188BFF36F8F9C
:10BB4000BFF34F8F3B6100BF154B1B684C33154A49
:10BB50001360154B4FF0FF321A60144B01221A602C
:10BB6000134B00221A60FEF75FFE0FE07B69B3F112
:10BB7000FF3F0BD14FF0500383F31188BFF36F8F5A
:10BB8000BFF34F8FFB6000BF00BFFDE700BF18375A
:10BB9000BD4680BD3C31010821C3000800D700200C
:10BBA00008D20020EC000020FCD60020E8D60020BF
:10BBB000E0D6002080B400AF044B1B680133034A79
:10BBC000136000BFBD4680BC704700BF04D7002093
:10BBD00080B584B000AF0023FB600023BB60424B04
:10BBE0001B68002B0BD14FF0500383F31188BFF378
:10BBF0006F8FBFF34F8F3B6000BF00BFFDE7FEF7C5
:10BC000085FE394B1B68013B374A1360364B1B6876
:10BC1000002B62D1354B1B68002B5ED02FE0344BDC
:10BC2000DB68DB68FB60FB6818331846FEF756FDDF
:10BC3000FB6804331846FEF751FDFB68DA6A2D4BAA
:10BC40001B689A4203D9FB68DB6A2A4A1360FB68C7
:10BC5000DA6A13469B0013449B00274A1A44FB6888
:10BC6000043319461046FEF7DEFCFB68DA6A234B04
:10BC70001B68DB6A9A4202D3214B01221A601C4BDB
:10BC80001B68002BCBD1FB68002B01D000F004FC1B
:10BC90001C4B1B687B607B68002B10D000F044F8C5
:10BCA0000346002B02D0164B01221A607B68013B31
:10BCB0007B607B68002BF1D1124B00221A60104B85
:10BCC0001B68002B09D00123BB600F4B4FF0805243
:10BCD0001A60BFF34F8FBFF36F8FFEF747FEBB684D
:10BCE00018461037BD4680BD04D70020DCD60020A2
:10BCF0009CD60020E4D600200CD2002008D20020E0
:10BD0000F0D60020ECD6002004ED00E080B483B033
:10BD100000AF044B1B687B607B6818460C37BD4640
:10BD200080BC7047E0D6002080B586B000AF00230D
:10BD30007B614F4B1B68002B40F08A804D4B1B688A
:10BD400001333B614B4A3B6913603B69002B21D1B6
:10BD5000494B1B681B68002B0BD04FF0500383F33B
:10BD60001188BFF36F8FBFF34F8F3B6000BF00BFE1
:10BD7000FDE7414B1B68FB60404B1B683E4A13606C
:10BD80003E4AFB6813603E4B1B6801333C4A13601C
:10BD900000F082FB3B4B1B683A699A4249D3364B11
:10BDA0001B681B68002B04D1364B4FF0FF321A6022
:10BDB0003FE0314B1B68DB68DB68BB60BB685B68DE
:10BDC0007B603A697B689A4203D22E4A7B68136093
:10BDD0002FE0BB6804331846FEF780FCBB689B6A03
:10BDE000002B04D0BB6818331846FEF777FCBB68FD
:10BDF000DA6A254B1B689A4203D9BB68DB6A224A80
:10BE00001360BB68DA6A13469B0013449B001F4A09
:10BE10001A44BB68043319461046FEF704FCBB689D
:10BE2000DA6A1B4B1B68DB6A9A42B8D301237B6139
:10BE3000B5E7174B1B68DA6A144913469B00134495
:10BE40009B000B441B68012B07D901237B6104E095
:10BE5000104B1B6801330F4A13600F4B1B68002BFC
:10BE600001D001237B617B6918461837BD4680BD30
:10BE700004D70020E0D6002094D6002098D60020D9
:10BE8000F4D60020FCD60020E4D600200CD20020FE
:10BE900008D20020ECD60020F0D6002080B485B077
:10BEA00000AF2A4B1B68002B03D0294B01221A60DC
:10BEB00047E0274B00221A60264B1B68FB6011E00D
:10BEC000FB68002B0BD14FF0500383F31188BFF3B5
:10BED0006F8FBFF34F8F7B6000BF00BFFDE7FB6834
:10BEE000013BFB601C49FA6813469B0013449B000E
:10BEF0000B441B68002BE3D0FA6813469B001344E5
:10BF00009B00154A1344BB60BB685B685A68BB68FA
:10BF10005A60BB685A68BB6808339A4204D1BB6850
:10BF20005B685A68BB685A60BB685B68DB680B4A31
:10BF30001360084AFB681360084B1B684C33084ABF
:10BF4000136000BF1437BD4680BC704704D7002083
:10BF5000F0D60020E4D600200CD2002008D2002029
:10BF6000EC00002080B584B000AF786039607B6859
:10BF7000002B0BD14FF0500383F31188BFF36F8F69
:10BF8000BFF34F8FFB6000BF00BFFDE7074B1B688F
:10BF9000183319467868FEF769FB0121386800F00C
:10BFA00041FB00BF1037BD4680BD00BF08D2002056
:10BFB00080B586B000AFF860B9607A60FB68002B8E
:10BFC0000BD14FF0500383F31188BFF36F8FBFF392
:10BFD0004F8F7B6100BF00BFFDE7124B1B68002B3A
:10BFE0000BD14FF0500383F31188BFF36F8FBFF372
:10BFF0004F8F3B6100BF00BFFDE70B4B1B68BA686A
:10C0000042F000429A61084B1B6818331946F868E1
:10C01000FEF709FB0121786800F004FB00BF183728
:10C02000BD4680BD04D7002008D2002080B586B070
:10C0300000AFF860B9607A60FB68002B0BD14FF05D
:10C04000500383F31188BFF36F8FBFF34F8F7B6172
:10C0500000BF00BFFDE70A4B1B6818331946F8689C
:10C06000FEF7E1FA7B68002B02D04FF0FF33BB6094
:10C070007968B86800F0D6FA00BF1837BD4680BDB1
:10C0800008D2002080B586B000AF78607B68DB689E
:10C09000DB683B613B69002B0BD14FF0500383F30E
:10C0A0001188BFF36F8FBFF34F8FFB6000BF00BFDE
:10C0B000FDE73B6918331846FEF710FB1D4B1B6864
:10C0C000002B1DD13B6904331846FEF707FB3B6983
:10C0D000DA6A194B1B689A4203D93B69DB6A164A34
:10C0E00013603B69DA6A13469B0013449B00134AB2
:10C0F0001A443B69043319461046FEF794FA05E0EA
:10C100003B69183319460E48FEF78DFA3B69DA6A27
:10C110000C4B1B68DB6A9A4205D901237B610A4BF1
:10C1200001221A6001E000237B617B691846183701
:10C13000BD4680BD04D70020E4D600200CD20020EC
:10C140009CD6002008D20020F0D6002080B586B012
:10C1500000AF786039602A4B1B68002B0BD14FF081
:10C16000500383F31188BFF36F8FBFF34F8F3B6191
:10C1700000BF00BFFDE73B6843F000427B681A60E8
:10C180007B68DB687B617B69002B0BD14FF0500330
:10C1900083F31188BFF36F8FBFF34F8FFB6000BF36
:10C1A00000BFFDE77868FEF799FA7B69043318460B
:10C1B000FEF794FA7B69DA6A124B1B689A4203D93C
:10C1C0007B69DB6A0F4A13607B69DA6A13469B005E
:10C1D00013449B000C4A1A447B69043319461046E9
:10C1E000FEF721FA7B69DA6A084B1B68DB6A9A4220
:10C1F00002D9074B01221A6000BF1837BD4680BD27
:10C2000004D70020E4D600200CD2002008D2002061
:10C21000F0D6002080B483B000AF7860064B1A6877
:10C220007B681A60054B1A687B685A6000BF0C3740
:10C23000BD4680BC704700BFF4D60020E0D6002089
:10C2400080B588B000AF786039607B68002B0BD177
:10C250004FF0500383F31188BFF36F8FBFF34F8FFD
:10C260003B6100BF00BFFDE73B68002B0BD14FF0E7
:10C27000500383F31188BFF36F8FBFF34F8FFB60C1
:10C2800000BF00BFFDE7FEF741FB1D4B1B68BB6114
:10C290007B685B68BA69D31A7B613B681B68B3F142
:10C2A000FF3F02D10023FB6123E07B681A68154B36
:10C2B0001B689A4207D07B685B68BA699A4202D3CE
:10C2C0000123FB6115E03B681B687A699A420BD237
:10C2D0003B681A687B69D21A3B681A607868FFF776
:10C2E00099FF0023FB6104E03B6800221A600123F0
:10C2F000FB61FEF73BFBFB6918462037BD4680BD5E
:10C30000E0D60020F4D6002080B400AF034B012219
:10C310001A6000BFBD4680BC704700BFF0D6002049
:10C3200080B582B000AF786000F052F8064B1B6811
:10C33000012BF9D9054B4FF080521A60BFF34F8F94
:10C34000BFF36F8FF0E700BF0CD2002004ED00E0D8
:10C3500080B582B000AF00237B600CE07A681346A2
:10C360009B0013449B00124A13441846FEF730F911
:10C370007B6801337B607B68372BEFD90D48FEF774
:10C3800027F90D48FEF724F90C48FEF721F90C486F
:10C39000FEF71EF90B48FEF71BF90B4B054A1A6016
:10C3A0000A4B054A1A6000BF0837BD4680BD00BF72
:10C3B0000CD200206CD6002080D600209CD6002015
:10C3C000B0D60020C8D6002094D6002098D60020F1
:10C3D00080B582B000AF19E0FEF798FA104BDB6829
:10C3E000DB687B607B6804331846FEF777F90D4BFA
:10C3F0001B68013B0B4A13600B4B1B68013B0A4A4D
:10C400001360FEF7B3FA786800F010F8064B1B686B
:10C41000002BE1D100BF00BF0837BD4680BD00BF83
:10C42000B0D60020DCD60020C4D6002080B584B071
:10C4300000AF78607B684C33184605F001F97B68E3
:10C4400093F89D30002B08D17B681B6B1846FDF7D5
:10C45000A9FF7868FDF7A6FF19E07B6893F89D3087
:10C46000012B03D17868FDF79DFF10E07B6893F8FE
:10C470009D30022B0BD04FF0500383F31188BFF394
:10C480006F8FBFF34F8FFB6000BF00BFFDE700BFA2
:10C490001037BD4680BD000080B483B000AF0C4BA8
:10C4A0001B681B68002B04D10A4B4FF0FF321A6047
:10C4B00008E0074B1B68DB68DB687B607B685B68B8
:10C4C000044A136000BF0C37BD4680BC704700BFF4
:10C4D00094D60020FCD6002080B483B000AF0B4B74
:10C4E0001B68002B02D101237B6008E0084B1B680E
:10C4F000002B02D102237B6001E000237B607B687C
:10C5000018460C37BD4680BC704700BFE8D60020F7
:10C5100004D7002080B586B000AF78607B683B61AF
:10C5200000237B617B68002B58D02F4B1B683A6936
:10C530009A420BD04FF0500383F31188BFF36F8FF3
:10C54000BFF34F8FFB6000BF00BFFDE73B699B6CF3
:10C55000002B0BD14FF0500383F31188BFF36F8F83
:10C56000BFF34F8FBB6000BF00BFFDE73B699B6C13
:10C570005A1E3B699A643B69DA6A3B695B6C9A4272
:10C580002CD03B699B6C002B28D13B6904331846A7
:10C59000FEF7A4F83B695A6C3B69DA623B69DB6AD7
:10C5A000C3F138023B699A613B69DA6A0F4B1B6839
:10C5B0009A4203D93B69DB6A0C4A13603B69DA6A29
:10C5C00013469B0013449B00094A1A443B690433F9
:10C5D00019461046FEF727F801237B617B69184650
:10C5E0001837BD4680BD00BF08D20020E4D6002029
:10C5F0000CD2002080B483B000AF094B1B689B694C
:10C600007B60074B1B68DA6A054B1B68C2F1380276
:10C610009A617B6818460C37BD4680BC704700BFE6
:10C6200008D2002080B584B000AF78603960214B1B
:10C630001B68FB60204B1B6804331846FEF74EF85E
:10C640007B68B3F1FF3F0AD13B68002B07D01A4B40
:10C650001B68043319461948FDF7E5FF26E0FA6820
:10C660007B681344BB60144B1B68BA685A60BA6895
:10C67000FB689A4209D2124B1A680F4B1B680433AD
:10C6800019461046FDF7F2FF10E00E4B1A680A4BF0
:10C690001B68043319461046FDF7E8FF0A4B1B6878
:10C6A000BA689A4202D2084ABB68136000BF1037CA
:10C6B000BD4680BDE0D6002008D20020C8D60020AC
:10C6C00098D6002094D60020FCD6002080B58AB0F1
:10C6D00004AF00237B6100F06FFB1D4B1B68002B38
:10C6E00021D00023FB600023BB603A1D07F1080145
:10C6F00007F10C031846FDF793FB7968BB68FA68ED
:10C70000029201930223009300230A461149124822
:10C71000FEF77CFF0346114A1360104B1B68002B89
:10C7200001D001237B617B69002B0BD14FF05003BB
:10C7300083F31188BFF36F8FBFF34F8F3B6100BF4F
:10C7400000BFFDE77B6918461837BD4680BD00BFB6
:10C7500038D700204431010855C900083CD70020D3
:10C7600080B588B002AFF860B9607A603B6028207D
:10C77000FDF750FD78617B69002B0DD07B690022AD
:10C7800083F824207B6901933B6A00933B687A68B5
:10C79000B968F86800F005F87B6918461837BD4697
:10C7A00080BD80B586B000AFF860B9607A603B604C
:10C7B000BB68002B0BD14FF0500383F31188BFF3FC
:10C7C0006F8FBFF34F8F7B6100BF00BFFDE77B6AB8
:10C7D000002B1ED000F0F0FA7B6AFA681A607B6AC0
:10C7E000BA689A617B6A3A68DA617B6A3A6A1A6265
:10C7F0007B6A04331846FDF70AFF7B68002B08D0DC
:10C800007B6A93F8243043F00403DAB27B6A83F83E
:10C81000242000BF1837BD4680BD000080B58AB017
:10C8200000AFF860B9607A603B6000237B62FB6810
:10C83000002B0BD14FF0500383F31188BFF36F8FA0
:10C84000BFF34F8F3B6200BF00BFFDE7194B1B6872
:10C85000002B2AD0BB683B617B687B61FB68BB61B6
:10C86000BB68052B18DCFFF737FE0346022B09D106
:10C87000104B186807F1100100233A6BFEF790FA8D
:10C88000786212E00B4B186807F1100100230022B8
:10C89000FEF786FA786208E0064B186807F1100187
:10C8A00000233A68FEF77EFB78627B6A18462837D9
:10C8B000BD4680BD38D7002080B588B002AF786013
:10C8C0003960234B1B68DB68DB687B617B69043361
:10C8D0001846FDF703FF7B6993F8243003F0040347
:10C8E000002B23D07B699A697B68D1187B683A68F2
:10C8F000786900F0D3F80346002B20D00023009382
:10C9000000237A6800217869FFF788FF38613B6966
:10C91000002B14D14FF0500383F31188BFF36F8FB6
:10C92000BFF34F8FFB6000BF00BFFDE77B6993F84B
:10C93000243023F00103DAB27B6983F824207B6979
:10C940001B6A7869984700BF1837BD4680BD00BF95
:10C9500030D7002080B584B000AF786007F10803BD
:10C96000184600F059F8F860BB681946F86800F0FE
:10C9700005F800F0D5F800BFF0E7000080B584B0FE
:10C9800000AF78603960FFF715F907F10803184622
:10C9900000F064F8F860BB68002B30D13B68002BD6
:10C9A0000AD17A68FB689A4206D8FFF711F9F9684C
:10C9B0007868FFF781FF24E03B68002B08D0134B19
:10C9C0001B681B68002B01D1012300E000233B60A2
:10C9D0000F4B18687A68FB68D31A3A681946FEF755
:10C9E000E1FDFFF7F5F80346002B0AD1094B4FF0A4
:10C9F00080521A60BFF34F8FBFF36F8F01E0FFF7D4
:10CA0000E7F800BF1037BD4680BD00BF34D7002017
:10CA100038D7002004ED00E080B485B000AF786026
:10CA20000D4B1B681B68002B01D1012200E0002286
:10CA30007B681A607B681B68002B05D1064B1B685E
:10CA4000DB681B68FB6001E00023FB60FB681846A5
:10CA50001437BD4680BC704730D7002080B584B005
:10CA600000AF7860FFF752F9F8600B4B1B68FA686B
:10CA70009A4205D200F03AF97B6801221A6002E07E
:10CA80007B6800221A60044AFB681360FB68184642
:10CA90001037BD4680BD00BF40D7002080B586B0AE
:10CAA00000AFF860B9607A603B6000237B61FB688F
:10CAB000BA685A60FB68FA681A61BA687B689A4279
:10CAC00012D87A683B68D21AFB689B699A4202D3F3
:10CAD00001237B611BE0104B1A68FB680433194685
:10CAE0001046FDF7C3FD12E07A683B689A4206D211
:10CAF000BA683B689A4202D301237B6107E0074B87
:10CB00001A68FB68043319461046FDF7AFFD7B69D0
:10CB100018461837BD4680BD34D7002030D70020D6
:10CB200080B58EB002AFCEE07B68002B19DA3B1DDA
:10CB30000433FB62FB6A002B0BD14FF0500383F3ED
:10CB40001188BFF36F8FBFF34F8FFB6100BF00BF32
:10CB5000FDE7FB6A1B68FA6A5068FA6A9268114638
:10CB600098477B68002BC0F2AE80FB68BB62BB6A53
:10CB70005B69002B04D0BB6A04331846FDF7AEFD99
:10CB80003B461846FFF76AFF78627B68092B00F284
:10CB9000978001A252F823F0C1CB0008C1CB000856
:10CBA000C1CB000837CC00084BCC000897CC00085C
:10CBB000C1CB0008C1CB000837CC00084BCC000823
:10CBC000BB6A93F8243043F00103DAB2BB6A83F8FE
:10CBD0002420BA68BB6A9B69D118BB687A6AB86AB4
:10CBE000FFF75CFF0346002B6CD0BB6A1B6AB86A78
:10CBF0009847BB6A93F8243003F00403002B61D0FC
:10CC0000BA68BB6A9B691A44002300930023002181
:10CC1000B86AFFF703FE38623B6A002B52D14FF02F
:10CC2000500383F31188BFF36F8FBFF34F8FBB6146
:10CC300000BF00BFFDE7BB6A93F8243023F0010377
:10CC4000DAB2BB6A83F824203DE0BB6A93F8243053
:10CC500043F00103DAB2BB6A83F82420BA68BB6AE6
:10CC60009A61BB6A9B69002B0BD14FF0500383F391
:10CC70001188BFF36F8FBFF34F8F7B6100BF00BF81
:10CC8000FDE7BB6A9A697B6AD1187B6A7A6AB86ADF
:10CC9000FFF704FF17E0BB6A93F8243003F00203A8
:10CCA000002B03D1B86AFDF77DFB0CE0BB6A93F85B
:10CCB000243023F00103DAB2BB6A83F8242002E0B7
:10CCC00000BF00E000BF084B1B68391D002218465A
:10CCD000FEF704FA0346002B7FF426AF00BF00BF27
:10CCE0003037BD4680BD00BF38D7002080B588B042
:10CCF00002AF49E02E4B1B68DB681B683B612C4B85
:10CD00001B68DB68DB68FB60FB6804331846FDF7D3
:10CD1000E5FCFB681B6AF8689847FB6893F82430C9
:10CD200003F00403002B2FD0FB689B693A6913447E
:10CD3000BB60BA683B699A420ED9FB68BA685A6010
:10CD4000FB68FA681A611A4B1A68FB6804331946C3
:10CD50001046FDF78BFC17E00023009300233A698F
:10CD60000021F868FFF75AFD78607B68002B0BD133
:10CD70004FF0500383F31188BFF36F8FBFF34F8FD2
:10CD80003B6000BF00BFFDE7094B1B681B68002B21
:10CD9000B0D1074B1B687B61064B1B68044A1360CC
:10CDA000044A7B69136000BF1837BD4680BD00BFD1
:10CDB00030D7002034D7002080B582B002AFFDF715
:10CDC000A5FD154B1B68002B20D11448FDF700FC76
:10CDD0001348FDF7FDFB134B104A1A60124B104A23
:10CDE0001A6000230093114B114A10210A20FDF70D
:10CDF000F9FE0346084A1360074B1B68002B05D059
:10CE0000054B1B680B491846FEF7A4FBFDF7AEFD6A
:10CE100000BFBD4680BD00BF38D7002008D7002026
:10CE20001CD7002030D7002034D70020E4D70020C2
:10CE300044D700204C31010880B586B000AF78603F
:10CE40007B683B617B68002B0BD14FF0500383F371
:10CE50001188BFF36F8FBFF34F8FFB6000BF00BF20
:10CE6000FDE7FDF753FD3B6993F8243003F0010320
:10CE7000002B02D100237B6101E001237B61FDF7E0
:10CE800075FD7B6918461837BD4680BD80B58AB0F0
:10CE900000AFF860B9607A603B606FF001037B61BE
:10CEA000FB68BB61BB68FB617B683B62064B186833
:10CEB00007F1140100233A68FEF774F878627B6A80
:10CEC00018462837BD4680BD38D7002080B584B0CD
:10CED00002AF7860244A7B681360244B00225A70AA
:10CEE000224B00225A60214B00229A601F4B0022E5
:10CEF0009A651F4801F08CFF1C4B00225A731B4B94
:10CF000000221A7302F022FA0021002002F0EEFD46
:10CF100004220021012002F0B1FB002300224FF681
:10CF2000FF714FF6FF7002F0E1FA00F091FE00236E
:10CF30000093104B00224FF0FF310F4803F0C4FB69
:10CF4000002300930D4B00224FF0FF310C4803F0FB
:10CF5000BBFB094803F05CFC094803F059FC00BF27
:10CF60000837BD4680BD00BF2CD9002030D9002035
:10CF700045E00008CDDF00088CD90020E1DF000883
:10CF8000A4D9002080B500AF01F08AFF0346072B2B
:10CF90000AD0072B0ADC042B02D0052B02D005E0B7
:10CFA000022304E0012302E0032300E000231846EB
:10CFB00080BD000080B582B000AF0346FB712A4AF5
:10CFC000FB791370FB79184603F063F9FB79052BA5
:10CFD0000ED801A252F823F0FFCF00080DD00008B0
:10CFE000F1CF000833D0000841D000084FD000082E
:10CFF000032002F01DFB1C4B00225A732FE000207F
:10D0000002F016FB184B00225A7328E0012002F0B0
:10D010000FFB154B5A7B144B1B7B9A421ED0124BB5
:10D020001A7B114B5A73104B5B7B184600F098FF2C
:10D0300014E0022002F0FCFA0B4B00225A730EE0BF
:10D04000022002F0F5FA084B00225A7307E0002094
:10D0500002F0EEFA044B00225A7300E000BF00BF5A
:10D060000837BD4680BD00BF30D9002080B582B0F2
:10D0700000AF7860786802F095FA00BF0837BD46C7
:10D0800080BD80B590B00AAFF860B9603B601346D0
:10D09000FB800123FB750023BB8200233B6100F072
:10D0A000EAFD0020FFF786FFF868FFF7DFFF0123A6
:10D0B000099300230893002307930023069300237A
:10D0C0000593002304930023039300230293032377
:10D0D0000193BB68009300234FF41672B9680020D7
:10D0E00000F03CF8002000F0CDFD00F067FF0346A3
:10D0F0001846F3F781FD03F0A5FC38610DE0002030
:10D1000000F0AEFE0346BB82B7F91420B7F9063033
:10D110009A4202DD0023FB7506E0386903F0A4FCA7
:10D1200002463B689342EAD800F0A5FDFB7D184615
:10D130001837BD4680BD80B582B000AF00237B604C
:10D14000002300220021002002F0D0F901F079FF35
:10D1500078607B6818460837BD4680BD80B58AB0C8
:10D1600000AFB9607A601A460346FB731346BB737F
:10D17000B94A97F85430537003F049F897F854308F
:10D18000002B01D000233B8797F83C30002B04D0C4
:10D19000B24A97F84030137002E0B04BFF221A7089
:10D1A000FB7B052B09D0052B00F3D781002B00F06A
:10D1B000BF80012B00F02481CFE1012002F088F82C
:10D1C000A54B002283F83820A34A7B68D363A24B87
:10D1D000092283F84420A04B4FF448721A64B868BF
:10D1E00002F048FF03461A469B4B83F845209A4BB2
:10D1F00000229A73BB8EDB009AB2974B1A82964B31
:10D2000000229A74944B1022DA74934B00221A7500
:10D21000914B00225A75914B1A788F4B9A758E4B11
:10D220000122DA758C4B00221A760520FFF7C2FE28
:10D230008B4802F0F1FA8B4802F0BCFB8A4A07F1F6
:10D240001C0392E8030083E8030007F11C0318465F
:10D2500001F075FE40F2FF1001F0C0FE40F6B8008C
:10D2600000F01CFE034687F8273097F8273023F09C
:10D27000100387F8273097F82730194640F6B80092
:10D2800000F0FAFD042140F6B90000F0F5FD40F68B
:10D290009B0000F003FE034687F8273097F82730FD
:10D2A00023F01C0387F8273097F8273043F0080352
:10D2B000DBB2194640F69B0000F0DEFD40F2D16083
:10D2C00000F0ECFD034687F8273097F8273023F06D
:10D2D000180387F8273097F8273043F01803DBB29C
:10D2E000194640F2D16000F0C7FD40F2AC6000F09A
:10D2F000D5FD034687F8273097F8273023F07003D1
:10D3000087F8273097F8273043F05003DBB21946EF
:10D3100040F2AC6000F0B0FD3B8F4FF4FA5202FBDC
:10D3200003F31A467B68B2FBF3F34B4A936015E1B3
:10D33000002001F0CDFF484B002283F83820464AF8
:10D340007B68D363444B0B2283F84420B86802F017
:10D3500091FE03461A46404B83F845203E4B00227F
:10D360009A73BB8EDB009AB23B4B1A823A4B042273
:10D370009A74394B1822DA74374B00221A7597F8D1
:10D380003C3083F00103DBB21A46334B5A75334B02
:10D390001A78314B9A7597F84430002B03D02E4BF6
:10D3A000F222DA7502E02C4B0122DA752A4B0122B7
:10D3B0001A7600F060FC0020FFF7FCFD284802F020
:10D3C0002BFA284802F0F6FA284A07F1140392E8EB
:10D3D000030083E8030007F11403184601F0AFFDD2
:10D3E00040F2FF1001F0FAFD3B8F4FF4FA5202FBBE
:10D3F00003F31A467B68B2FBF3F3174A9360ADE080
:10D40000002001F065FF144B012283F838207B686F
:10D41000DAB2114B83F85020154ABB6813441A78CE
:10D420000D4B83F851200C4ABB7B82F85230BB680D
:10D43000002B05D17B680B2B08D07B680C2B05D00B
:10D44000BB68012B16D17B680C2B13D1024B012238
:10D4500083F8532012E000BF30D90020D400002010
:10D4600068D900203ED90020543101085C31010800
:10D47000B03701083B4B002283F85320394B01227F
:10D480009A73384B93F85030052B04D0354B93F8F2
:10D490005030062B0AD1BB8E0B2B03D8314B0C22FC
:10D4A0009A8306E02F4ABB8E938302E02D4ABB8EFF
:10D4B000938397F83C202B4B9A772B4B1A78294B68
:10D4C000DA7797F84420274B83F8202097F85020EC
:10D4D000244B83F8212000F0CEFB0120FFF76AFDEA
:10D4E000224802F099F9224802F064FA3B8FDBB23D
:10D4F000184601F0FCFE40F6A30002F0B5FB03461F
:10D5000003F00103DBB2194640F6A30002F098FBDA
:10D51000144B93F82130012B0DD140F2367002F0FC
:10D52000A3FB034623F00403DBB2194640F2367036
:10D5300002F086FB0CE040F2367002F095FB0346E9
:10D5400043F00403DBB2194640F2367002F078FB78
:10D55000044B4FF6FF729A6000E000BF00BF28370F
:10D56000BD4680BD30D90020D400002068D90020FD
:10D570003ED9002080B586B000AFBA607B6003461C
:10D58000FB730B46BB7302F042FEFB7B042B00F0E7
:10D59000C780042B00F3D680002B02D0012B59D07A
:10D5A000D0E0774B002283F83820754A3B6AD3637A
:10D5B000734B0B2283F84420786802F05BFD03462E
:10D5C0001A466F4B83F845206D4ABB6813646C4B59
:10D5D00000229A733B8DDB009AB2694B1A82684B2A
:10D5E00004229A74664B1822DA74654B00221A756D
:10D5F00097F82C3083F00103DBB21A46604B5A7562
:10D6000097F83030002B03D05D4BF222DA7502E040
:10D610005B4B0122DA755A4B01221A7600F02BFB84
:10D620000020FFF7C7FC574802F0F6F8564802F012
:10D63000C1F9564A07F1100392E8030083E803009A
:10D6400007F11003184601F07AFC40F2FF1001F0D8
:10D65000C5FC78E04A4B012283F838203B6ADAB2F5
:10D66000474B83F850204A4A7B6813441A78444B4E
:10D6700083F85120424A97F8243082F852307B6870
:10D68000002B05D13B6A0B2B08D03B6A0C2B05D035
:10D690007B68012B07D13B6A0C2B04D1384B01224C
:10D6A00083F8532003E0364B002283F85320344B99
:10D6B00001229A73324B93F85030052B04D0304B33
:10D6C00093F85030062B0AD13B8D0B2B03D82C4BF3
:10D6D0000C229A8306E02A4A3B8D938302E0284A73
:10D6E0003B8D938397F82C20254B9A77294B1A78FA
:10D6F000234BDA7797F83020214B83F8202097F8D6
:10D700003C201F4B83F8212000F0B5FA0120FFF7E1
:10D7100051FC1C4802F080F81B4802F04BF912E063
:10D720000420FFF747FC164B022283F83820144AE6
:10D730003B6A9364124B162283F84C20114802F086
:10D740006BF800E000BF97F90E30184602F094FB2A
:10D7500003461A460A4B83F856200E2140F61F1046
:10D7600002F06EFA064B93F85630184602F063FD4D
:10D77000034A3B6C536000BF1837BD4680BD00BFF5
:10D7800030D9002068D900203ED900205C31010842
:10D79000B0370108D400002080B483B000AF7860B7
:10D7A000012318460C37BD4680BC704780B485B055
:10D7B00000AF0346FB710023FB60FB790A2B3ED8C8
:10D7C00001A252F823F000BFF5D7000805D80008E1
:10D7D00015D8000825D800082DD8000833D800082F
:10D7E00039D800083FD80008FDD700080DD8000838
:10D7F0001DD8000841F68463FB6020E042F6B103C7
:10D80000FB601CE043F60953FB6018E045F261132E
:10D81000FB6014E047F61223FB6010E04AF2C323DA
:10D82000FB600CE04FF22443FB6008E0074BFB6019
:10D8300005E0074BFB6002E0064BFB6000BFFB68A6
:10D8400018461437BD4680BC704700BF48E8010049
:10D8500090D0030020A1070080B483B000AF7860AF
:10D86000084611461A460346FB700B463B8013469A
:10D87000BB703B88DB00BA7882F00102D2B2002A8A
:10D8800001D0082200E00022134403F118023B7C7F
:10D89000397D002901D0022100E000210B44DB008A
:10D8A000134418460C37BD4680BC704780B48BB01B
:10D8B00000AFF860B96011461A460B46FB7113467B
:10D8C000BB80FB7904337B61002387F82730BB687A
:10D8D000052B02D0BB68062B04D1BB880B2B01D8CB
:10D8E0000C23BB80FB68002B05D1BB680B2B08D039
:10D8F000BB680C2B05D0FB68012B05D1BB680C2B3A
:10D9000002D1012387F8273097F83430DB0097F8ED
:10D910003820002A01D0102200E0002213441A46C9
:10D92000BB689B00D31A97F83020002A01D0002250
:10D9300000E014221344FB61BB68062B03D8BB68CC
:10D940009B003B620EE0FB690833FB6197F82730D0
:10D95000002B04D0BB68023B9B003B6202E0BB682B
:10D960009B003B62FB69002B01DA0023FB61FA6933
:10D970003B6A13445A1E3B6A92FBF3F37A6903FB3A
:10D9800002F2BB8813440C33BB61BB68062B02D880
:10D99000BB690233BB61BB699B005A1CBB68023B7D
:10D9A00002FA03F318462C37BD4680BC70470000CE
:10D9B00080B58AB004AFB9607A601A460346FB733B
:10D9C0001346BB7300237B6101233B61FB7B002B70
:10D9D00002D0012B17D035E097F824003A8CB97BA0
:10D9E00097F82C30019397F8283000930346786815
:10D9F000FFF732FF03464FF47A7202FB03F37B61B9
:10DA00007B683B611EE0398CBA7B97F82C3002931F
:10DA100097F82830019397F8243000930B467968E3
:10DA2000B868FFF743FF03464FF47A7202FB03F333
:10DA30007B610A4ABB6813441B781846FFF7B6FEA1
:10DA4000386100BF7A693B6913445A1E3B69B2FBD7
:10DA5000F3F318461837BD4680BD00BFB037010844
:10DA600080B584B000AF78600B46FB7000230022C5
:10DA700040F2012140F2012001F038FD704B93F893
:10DA800056300121184602F0CFF96D4B1B78012B5F
:10DA900012D16B4B93F85130062B0DD140F6890013
:10DAA00002F0E2F8034623F00403DBB2194640F625
:10DAB000890002F0C5F80CE040F6890002F0D4F8C5
:10DAC000034643F00403DBB2194640F6890002F036
:10DAD000B7F85B4B1B78042B00F2A28001A252F82E
:10DAE00023F000BF13DB0008F9DA000813DB00089D
:10DAF00069DB000889DB0008514AFB78D37751487D
:10DB000001F058FFFB7800221946786801F004FA0A
:10DB100087E002F082FB0346012B18D107F10D02CA
:10DB2000FB781946786802F090FB0346002B0CD175
:10DB30007A7B434B9A75434801F03CFF7B7B002284
:10DB40001946786801F0E8F96BE0032373E03C4A7A
:10DB5000FB7893753B4801F02DFFFB7800221946B6
:10DB6000786801F0D9F95CE0354B02229A73344AA7
:10DB7000FB789376334801F01DFFFB7800221946AD
:10DB8000786801F0C9F94CE0FB781A4679682E48AC
:10DB900000F096FC2A4B02229A73FB780133DAB22A
:10DBA000274B9A76274801F005FF0021F12000F06D
:10DBB00063F90021F02000F05FF9214B9B6C642B8E
:10DBC00008D17021F32000F057F91D21F22000F058
:10DBD00053F907E0E121F32000F04EF90421F2208F
:10DBE00000F04AF9FB789BB2DB009BB20233FB8169
:10DBF000FB891B0A9BB2DBB21946F42000F03CF90A
:10DC0000FB89DBB21946F52000F036F9FB780133C9
:10DC1000DBB26FF07F4219460B4801F07DF900E05E
:10DC200000BF074B5B681946084802F061FE0748D1
:10DC300002F080FD002318461037BD4680BD00BFAE
:10DC400030D900203ED900202CD800208CD90020CB
:10DC500080B582B000AF00233B713B7943F00403F1
:10DC60003B71387901F034FA0220F2F7C5FF00BFAA
:10DC70000837BD4680BD80B500AF002001F05CFADA
:10DC800000BF80BD80B582B000AF786002F0C5FAF9
:10DC90000346012B02D102F0E8FA07E0002300223C
:10DCA00040F2622140F2622001F020FC7B68002BF0
:10DCB00006D07968114802F01BFE104802F03AFDC8
:10DCC0000F4B00229A650E4B93F8563000211846F0
:10DCD00002F0AAF80A4B5B78002B04D06FF07F406B
:10DCE00001F066FA05E0064B9B689B01184601F0BF
:10DCF0005FFA00BF0837BD4680BD00BFA4D9002031
:10DD000030D9002080B582B000AF786002F085FA8B
:10DD10000346012B02D102F0A8FA07E000230022FB
:10DD200040F2622140F2622001F0E0FB7B68002BB0
:10DD300006D07968114802F0DBFD104802F0FAFCC9
:10DD40000F4B00229A650E4B93F85630002118466F
:10DD500002F06AF80A4B5B78002B04D06FF07F402A
:10DD600001F046FA05E0064B9B689B01184601F05E
:10DD70003FFA00BF0837BD4680BD00BFA4D90020D0
:10DD800030D9002080B582B000AF786039607B6800
:10DD90005A003B6813440C4A9365002300224FF657
:10DDA000FF714FF6FF7001F0A1FB074B93F856305F
:10DDB0000021184602F038F83968786801F03CFA1A
:10DDC00000BF0837BD4680BD30D9002080B500AF08
:10DDD000094B93F856300021184602F025F800232D
:10DDE00000224FF4C0714FF4C07001F07FFB01F0CE
:10DDF0004FFA00BF80BD00BF30D9002080B584B08D
:10DE000000AF78600B46FB7013463B803B884FF4B5
:10DE10007A7202FB03F3FB60786801F0C3FB97F9A9
:10DE20000330184602F028F80346FB720E2140F634
:10DE30001F1001F005FFFB7A0121184601F0F4FFE5
:10DE400001F034FAF968054802F052FD034802F087
:10DE500071FC00BF1037BD4680BD00BF8CD90020CB
:10DE600080B582B000AF0346FB7101F056FE034659
:10DE700018460837BD4680BD80B582B000AF034666
:10DE80000A46FB8013467B717A79FB881146184657
:10DE900001F0D6FE00BF0837BD4680BD80B582B018
:10DEA00000AF0346FB80FB88184601F0DDFE034609
:10DEB00018460837BD4680BD80B582B000AF034626
:10DEC0003960FB8013467B717B799AB2FB88396895
:10DED000184601F0DDFE00BF0837BD4680BD80B5A5
:10DEE00082B000AF03463960FB8013467B717B79BB
:10DEF0009AB2FB883968184601F0ECFE00BF08377B
:10DF0000BD4680BD80B582B000AF03460A46FB71B6
:10DF10001346BB71FB79012B0AD10E4ABB791370F2
:10DF20000C4B1A780C4BDA770C4801F043FD0DE0EE
:10DF3000094B5B7D012B09D1064ABB791370054B58
:10DF40001A78054B9A75054801F034FD00BF083773
:10DF5000BD4680BDD400002030D900203ED900202D
:10DF600080B582B000AF0346FB71134AFB7913738F
:10DF7000114B1A7B104B5A730120FFF71BF8FB79EA
:10DF8000002B0AD034214FF4E86001F059FE4421FF
:10DF900040F2417001F054FE09E014214FF4E860B2
:10DFA00001F04EFE242140F2417001F049FE00BF15
:10DFB0000837BD4680BD00BF30D9002080B500AF16
:10DFC00001F08EFF03460333184680BD80B582B052
:10DFD00000AF786000F00EF800BF0837BD4680BD86
:10DFE00080B582B000AF786000F018F800BF083745
:10DFF000BD4680BD80B500AF074B1B68002B08D025
:10E00000054B1B685B68002B03D0034B1B685B68E8
:10E01000984700BF80BD00BF2CD9002080B500AF5D
:10E02000074B1B68002B08D0054B1B68DB68002BD7
:10E0300003D0034B1B68DB68984700BF80BD00BF5F
:10E040002CD9002080B582B000AF0346FB80054A82
:10E05000FB88A2F8543000F007F800BF0837BD462F
:10E0600080BD00BF30D90020B0B582B000AF002322
:10E07000FB7100233B60A54BB3F85430B3F5007F30
:10E0800000F00D81B3F5007F00F3C081B3F5807F10
:10E0900000F0F180B3F5807F00F3B881802B00F0B1
:10E0A000D680802B00F3B281202B49DC002B40F37B
:10E0B000AD81013B1F2B00F2A98101A252F823F090
:10E0C00049E1000883E100080DE4000829E30008A5
:10E0D0000DE400080DE400080DE4000897E30008D3
:10E0E0000DE400080DE400080DE400080DE400084C
:10E0F0000DE400080DE400080DE400080DE400083C
:10E100000DE400080DE400080DE400080DE400082B
:10E110000DE400080DE400080DE400080DE400081B
:10E120000DE400080DE400080DE400080DE400080B
:10E130000DE400080DE400080DE40008A7E3000862
:10E14000402B00F04B8161E1714802F061FB00203F
:10E1500000F0F2FF02F068F80346012B01D102F053
:10E160008CF86C4B1B68002B00F05281694B1B68CC
:10E170001B68002B00F04C81664B1B681B6898479E
:10E1800046E1654802F044FB604B5B7883F0010395
:10E19000DBB2002B14D0002000F0CEFF002140F6AF
:10E1A000021001F04DFD40F6441001F05DFD034604
:10E1B00043F00203DBB2194640F6441001F040FD83
:10E1C000FB1DFF221946554800F084FE544801F01B
:10E1D000E5FC504B1B68002B00F01C814D4B1B686D
:10E1E0009B68002B00F01681484B93F82430012BDC
:10E1F0000ED1484B1B689C68FB791946434B93F939
:10E2000030301A46414B93F931304448A0471DE065
:10E210003E4BDB6B3A461146184601F053FF3D4B2F
:10E220001B689C68FB791946384B93F929301846CE
:10E230003B6803F5FA733B4A82FB03529211DB17EA
:10E24000D31A5BB202463548A04700BFE2E0002087
:10E2500000F072FF2F4B1B68002B00F0DD802D4B70
:10E260001B689B69002B00F0D7802A4B1B689B69B9
:10E2700000209847D0E0002000F05EFF254B1B688F
:10E28000002B00F0CB80234B1B689B69002B00F018
:10E29000C580204B1B689B6901209847BEE000F0B9
:10E2A000FFFD0346042B15D1194802F0B1FA0020F6
:10E2B00000F042FF174B1B68002B00F0B180154B9C
:10E2C0001B685B68002B00F0AB80124B1B685B681F
:10E2D0009847A5E000F0E4FD0346052B40F0A08040
:10E2E0000D4802F095FA002000F026FF094B1B684C
:10E2F000002B00F09580074B1B68DB68002B00F0BB
:10E300008F80044B1B68DB68984789E030D9002078
:10E310008CD900202CD90020A4D900202CD8002092
:10E3200054D90020D34D6210444B9B6D002B79D003
:10E33000434A424B9B6D1B0CDBB2194640F603105F
:10E3400090473F4A3D4B9B6D1B0ADBB2194640F696
:10E35000041090473A4A394B9B6DDBB2194640F6A0
:10E3600005109047364C374B40F60210984703464D
:10E3700043F00103DBB2194640F60210A0472F4BD1
:10E3800000229A650023002240F2622140F26220BE
:10E3900001F0ACF846E001F040FF0346012B43D109
:10E3A00001F071FF40E0284802F032FA234B5B781D
:10E3B00083F00103DBB2002B02D0002000F0BCFE92
:10E3C000224B1B68002B31D0204B1B68DB68002BD5
:10E3D0002CD01E4B1B68DB68984727E0174B5B78F7
:10E3E00083F00103DBB2002B02D0002000F0A4FE7A
:10E3F000164B1B68002B1BD0144B1B681B69002B92
:10E4000016D0124B1B681B69984711E000BF10E043
:10E4100000BF0EE000BF0CE000BF0AE000BF08E054
:10E4200000BF06E000BF04E000BF02E000BF00E064
:10E4300000BF00BF0837BD46B0BD00BF30D90020C7
:10E4400079DE00089DDE0008A4D900202CD9002028
:10E4500080B500AF094B93F856300121184601F002
:10E46000E3FC074B2D214FF4D760984700F027FFBE
:10E47000044800F07DFE00BF80BD00BF30D9002001
:10E4800079DE0008FFFF0F0080B584B000AF0346BF
:10E49000FB7197F90730184601F0EEFC0346FB7359
:10E4A0000E2140F61F1001F0CBFBFB7B012118462B
:10E4B00001F0BAFC00F0FAFE00BF1037BD4680BD87
:10E4C00080B489B000AFF860B9601346FB710023D7
:10E4D000FB770023BB610023BB6111E0BB69BA6815
:10E4E00013441A78BB69B9680B44D243D2B21A708C
:10E4F000BB69FA68134400221A70BB690133BB611F
:10E50000FB79BA699A42E9DB0023BB6149E0BB6948
:10E510005A4203F0070302F0070258BF5342DBB22E
:10E52000C3F10703FB75BB69002B00DA0733DB106F
:10E53000BB75BB6901335A4203F0070302F00702BF
:10E5400058BF5342DBB2C3F107037B75BB6901338C
:10E55000002B00DA0733DB103B75BB7DBA68134430
:10E560001B781A46FB7D42FA03F3DBB203F001038A
:10E57000FB74FA7FFB7C5340FB773B7DFA681344C6
:10E580001B785AB2F97F7B7D01FA03F35BB2134328
:10E5900059B23B7DFA681344CAB21A70BB690133A1
:10E5A000BB61FB79DB00BA699A42B0DB97F91F3097
:10E5B000DB015AB297F91F309B015BB213435BB288
:10E5C000FA7F002A01D1202200E00022134359B231
:10E5D000FB79FA681344CAB21A7000BF2437BD46EB
:10E5E00080BC704780B58CB000AFB9607A603B608A
:10E5F0000346FB730023BB6207F1200300221A606D
:10E600005A6001F004FE7B68002B01D000233B60C0
:10E610007B68002B14BF01230023DAB2A34B5A708E
:10E62000FB7B002B03D0012B00F0DC8095E1BB6865
:10E630009B68002B03D0BB68DB68002B02D14FF036
:10E64000FF338BE1BB689B7F082B02D94FF0FF3370
:10E6500084E1BB681969BB689B7F1A4607F12003F8
:10E66000184601F075FFBB681B68002B14BF01231F
:10E670000023DBB2184600F02BFE8C4B002283F8FF
:10E680003820BB689B68894AD363BB6893F8202015
:10E69000864B83F84420BB685B68184601F0EAFCAF
:10E6A00003461A46814B83F84520804B00229A731B
:10E6B000BB68DB689BB2DB009AB27C4B1A82BB68FA
:10E6C000DA7F7A4B9A74BB689B7FDB00DAB2774BB8
:10E6D000DA74BB6893F82120744B1A75BB6893F801
:10E6E0002230002B05D1BB685B69DAB26F4B9A759B
:10E6F0000BE0BB6893F82230022B03D16B4BFF2257
:10E700009A7502E0694BFF229A75BB6893F8243032
:10E71000022B04D0BB6893F82230022B2DD1BB68AA
:10E7200093F82330F12B0CD0BB6893F82330F22BF5
:10E7300007D0BB6893F82330012B02D04FF0FF3392
:10E740000CE100233B77BB68BB61594B196807F1AB
:10E750001403584A184601F04DFD0346002B02D021
:10E760004FF0FF33FAE0514B00221A764F4B012253
:10E77000DA754E4B00225A750EE0BB6893F82320E1
:10E780004A4BDA75BB6893F82420484B1A76BB686D
:10E7900093F82220454B5A75FFF76DFA0020FEF7DB
:10E7A00009FC454801F038F8444801F003F907F145
:10E7B0002003184600F0C3FBBB689B8B184600F093
:10E7C0000DFCBB681B8B184600F0E8FB3B684FF460
:10E7D000FA5203FB02F2BB689B68B2FBF3F3334AC5
:10E7E0009360BAE0BB681B8E002B02D14FF0FF3361
:10E7F000B4E0BB6893F83230012B04D1BB685B698D
:10E8000087F82F3002E0FF2387F82F30BB689B6A20
:10E81000002B14BF01230023DBB2184600F058FD83
:10E820003B68DBB2184600F062FD204B012283F802
:10E830003820BB6893F82C201C4B83F85020BB6811
:10E8400093F82D20194B83F85120BB6893F82E20A4
:10E85000164B83F85220BB6893F82F30022B10D050
:10E86000022B2DDC002B02D0012B05D028E00F4B12
:10E87000002283F8532024E00C4B012283F853201C
:10E880001FE0BB6893F82C300B2B04D0BB6893F8C7
:10E890002C300C2B04D1054B012283F8532010E0BF
:10E8A000024B002283F853200BE000BF30D9002038
:10E8B0002CD90020A4D9002068D900203ED90020FE
:10E8C00000BF284B01229A73BB681A8E254B9A838E
:10E8D000BB6893F83220234B9A77224A97F82F305F
:10E8E000D377BB6893F834201E4B83F82020BB6895
:10E8F00093F835201B4B83F82120FFF7BCF901204A
:10E90000FEF758FB184800F087FF184801F052F84E
:10E91000144B93F82130012B0DD140F2367001F0E9
:10E92000A3F9034623F00403DBB2194640F2367024
:10E9300001F086F90CE040F2367001F095F90346DB
:10E9400043F00403DBB2194640F2367001F078F967
:10E95000044B4FF6FF729A6000BFBB6A184630370F
:10E96000BD4680BD30D9002068D900203ED90020A6
:10E9700080B58EB000AFB9607B600346FB73134671
:10E98000BB7307F12C0300221A605A6001F03FFCB0
:10E99000FB7B032B00F2058201A252F823F000BF9B
:10E9A00025EB00086DEC000865ED0008B1E90008F2
:10E9B000BB689B7C082B02D94FF0FF3306E2BB6893
:10E9C0009968BB689B7C1A4607F12C03184601F036
:10E9D000BFFDBB681B68002B02D14FF0FF33F5E190
:10E9E000BB681B6842F21072934213D8022387F867
:10E9F0003730994B03229A73974B032283F83820C0
:10EA0000BB681B68944AD363BB68DA7C924B83F87B
:10EA1000442017E0002387F837308F4B00229A7389
:10EA20008D4B002283F83820BB681B688A4AD36369
:10EA3000BB68DA7C884B83F84420BB681B689B0862
:10EA4000854A1364BB685B689BB2DB009AB2824B59
:10EA50001A82814B04229A74BB689B7CDB00DAB279
:10EA60007D4BDA747C4B00221A75BB689B7D022BB0
:10EA700003D0BB681B7D022B2BD1BB685B7DF12BC8
:10EA80000AD0BB685B7DF22B06D0BB685B7D012B97
:10EA900002D04FF0FF3399E1BB683B62012387F856
:10EAA00028306E4B196807F120036D4A184601F0B3
:10EAB000A1FB0346002B02D04FF0FF3386E1664BEB
:10EAC00000221A76644B0122DA75634B00225A75D4
:10EAD0000BE0BB685A7D604BDA75BB689A7D5E4B74
:10EAE0001A76BB681A7D5C4B5A75FFF7C4F897F825
:10EAF00037301846FEF75EFA5A4800F08DFE5A4845
:10EB000000F058FF07F12C03184600F018FABB6814
:10EB10001B8A184600F062FABB689B89184600F011
:10EB20003DFA3FE1BB681B68002B02D14FF0FF3379
:10EB30004CE1BB689B7C082B02D94FF0FF3345E1C9
:10EB4000BB689968BB689B7C1A4607F12C03184682
:10EB500001F0FEFC404B002283F83820BB681B68A4
:10EB60003D4AD363BB68DA7C3B4B83F84420BB68E7
:10EB70009B69394A1364384B00229A73BB685B68FF
:10EB80009BB2DB009AB2344B1A82334B04229A7444
:10EB9000BB689B7CDB00DAB22F4BDA742E4B002271
:10EBA0001A75BB689B7D022B03D0BB681B7D022BB3
:10EBB0002AD1BB685B7DF12B0AD0BB685B7DF22B51
:10EBC00006D0BB685B7D012B02D04FF0FF33FDE028
:10EBD00001233B77BB687B61204B196807F1140365
:10EBE0001F4A184601F006FB0346002B02D04FF0E7
:10EBF000FF33EBE0184B00221A76174B0122DA752F
:10EC0000154B00225A750BE0BB685A7D124BDA7522
:10EC1000BB689A7D104B1A76BB681A7D0E4B5A75ED
:10EC2000FFF729F80020FEF7C5F90E4800F0F4FDC3
:10EC30000D4800F0BFFE07F12C03184600F07FF9E5
:10EC4000BB681B8A184600F0C9F9BB689B89184647
:10EC500000F0A4F9A6E000BF30D900202CD9002094
:10EC60008CD9002068D900203ED90020594B0122C0
:10EC700083F83820BB681A78564B83F85020BB685D
:10EC80005A78544B83F85120BB689A78514B83F8DB
:10EC90005220BB68DB78022B10D0022B20DC002B2B
:10ECA00002D0012B05D01BE04A4B002283F85320F1
:10ECB00017E0484B012283F8532012E0BB681B7811
:10ECC0000B2B03D0BB681B780C2B04D1414B0122CA
:10ECD00083F8532005E03F4B002283F8532000E0E7
:10ECE00000BF3C4B01229A73BB689A88394B9A83C8
:10ECF000BB689A79374B9A77BB68DA79354B83F8DA
:10ED00002020BB681A7A334B83F82120FEF7B3FF2B
:10ED10000120FEF74FF9304800F07EFD2F4800F04B
:10ED200049FE2C4B93F85130062B0DD140F689004B
:10ED300000F09AFF034623F00403DBB2194640F6C5
:10ED4000890000F07DFF2DE040F6890000F08CFF87
:10ED5000034643F00403DBB2194640F6890000F095
:10ED60006FFF1FE0BB681B68002B04D0BB681B68EB
:10ED7000B3F57A7F02D94FF0FF3327E00320FEF787
:10ED800019F9144B022283F83820BB681B68114A1A
:10ED90009364104B162283F84C200F4800F03CFD82
:10EDA00000E000BF97F90E30184601F065F8034601
:10EDB0001A46084B83F85620064B93F856301846EF
:10EDC00001F039FA034A7B6853600023184638374C
:10EDD000BD4680BD30D9002068D900203ED9002032
:10EDE00080B485B000AF78600123FB73FB7B1846CD
:10EDF0001437BD4680BC704780B483B000AF7860E4
:10EE00003960012318460C37BD4680BC70470000AE
:10EE100080B584B000AF78607B68002B02D01D4ABB
:10EE20007B681360F1F734FE022001F001F91A4B00
:10EE300000221A70002000F07FF9F5F717FB034657
:10EE4000012B0ED14021012000F08AFB002140F669
:10EE5000111000F0F5FE7F233B73387B00F08DFA34
:10EE600009E00B2140F6111000F0EAFE0B2140F6FC
:10EE7000121000F0E5FE0E2140F61F1000F0E0FE3B
:10EE8000F5F7D8FA054B01221A7000BF1037BD46BE
:10EE900080BD00BFC8D90020C4D90020BCD9002043
:10EEA00080B400AF024B1B781846BD4680BC70474B
:10EEB000BCD9002080B582B000AF78600B46FB70F3
:10EEC000FB781A467968002000F026FF00BF08375B
:10EED000BD4680BD80B586B000AFF860B96013460E
:10EEE000FB710023FB7507F117031946B86800F0A2
:10EEF00029FEBB681B78FA799A4201D2012307E008
:10EF0000F87DBB681B781A46F96800F027FF0023DC
:10EF100018461837BD4680BD80B584B000AFF86094
:10EF20000B467A60FB72FB7A1946F868FFF7C2FF5E
:10EF3000786800F01DF900BF1037BD4680BD80B570
:10EF400082B000AF7860082279684FF4D86000F092
:10EF50009FFE002318460837BD4680BD80B584B0AB
:10EF600000AF0346FB80FB881B0A9BB2DBB23B73FE
:10EF7000FB88DBB27B7300F077FB0346002B08D1E4
:10EF800007F10C030222194640F2BC6000F080FE3B
:10EF900000E000BF00BF1037BD4680BD80B584B023
:10EFA00000AF0346FB80FB881B0A9BB2DBB23B73BE
:10EFB000FB88DBB27B7300F057FB0346002B08D1C4
:10EFC00007F10C030222194640F2BE6000F060FE19
:10EFD00000E000BF00BF1037BD4680BD80B584B0E3
:10EFE00000AF0346FB800023FB7300F03DFB0346AC
:10EFF000002B21D14FF4D76000F036FE034623F0FA
:10F000000103FB73FB881B0A9BB25BB203F0010395
:10F010005AB297F90F3013435BB2FB73FB7B19466F
:10F020004FF4D76000F00CFEFB88DBB2194640F2CB
:10F03000B96000F005FE00E000BF00BF1037BD461C
:10F0400080BD80B582B000AF00233B600023FB7120
:10F050000023BB7140F6E20000F006FE0346FB71A0
:10F06000FB7923F00103DBB2194640F6E20000F021
:10F07000E7FD40F6E50000F0F7FD0346BB71BB7904
:10F0800003F07F03DBB2194640F6E50000F0D8FD3F
:10F090006FF07F4000F08CF83B460422194640F6A2
:10F0A000190000F017FE002000F046F8FB79194621
:10F0B00040F6E20000F0C4FDBB79194640F6E500D9
:10F0C00000F0BEFD3B6818460837BD4680BD000015
:10F0D00080B584B000AF38710020F5F7B2F9022096
:10F0E00000F0A6FF3B79C3F38003DBB25BB29B0069
:10F0F0005AB23B79C3F34003DBB25BB25B005BB255
:10F1000013435AB23B79C3F30003DBB25BB2134340
:10F110005BB2DBB2FB7307F10F03012219468420B7
:10F1200000F03EFE034B00221A7000BF1037BD46B0
:10F1300080BD00BFBCD9002080B582B000AF0346BF
:10F14000FB71FB1D01221946802000F029FEFB798E
:10F15000002B03D1054B01221A7002E0034B02225F
:10F160001A7000BF0837BD4680BD00BFBCD9002063
:10F1700080B584B000AF78600C4B04221A707B68B5
:10F180001B0CDBB23B737B681B0ADBB27B737B68B7
:10F19000DBB2BB7307F10C0303221946832000F096
:10F1A000FFFD00BF1037BD4680BD00BFBCD90020A9
:10F1B00080B584B000AF78600C4B05221A707B6874
:10F1C0001B0CDBB23B737B681B0ADBB27B737B6877
:10F1D000DBB2BB7307F10C0303221946822000F057
:10F1E000DFFD00BF1037BD4680BD00BFBCD9002089
:10F1F00080B584B000AF78600E4B05221A7097215D
:10F2000040F6AC0000F01CFD7B681B0CDBB23B73CE
:10F210007B681B0ADBB27B737B68DBB2BB7307F1D5
:10F220000C0303221946822000F0BAFD00BF1037FC
:10F23000BD4680BDBCD9002080B584B000AF7860E9
:10F2400039607B681B0CDBB23B727B681B0ADBB24C
:10F250007B727B68DBB2BB723B681B0CDBB2FB7260
:10F260003B681B0ADBB23B733B68DBB27B7307F185
:10F27000080306221946942000F092FD034B062253
:10F280001A7000BF1037BD4680BD00BFBCD900203A
:10F2900080B500AF00220021C52000F081FD024BA7
:10F2A00007221A7000BF80BDBCD9002080B500AF16
:10F2B00000220021D12000F073FD00BF80BD80B589
:10F2C00000AF00220021D22000F06AFD00BF80BD07
:10F2D00080B582B000AF0346FB71FB1D01221946C9
:10F2E0009F2000F05DFD00BF0837BD4680BD80B5A2
:10F2F00084B000AF0346FB71FB1D01221946A0201C
:10F3000000F04EFDFB793F2B1CD9FB795B08FB73AA
:10F310000023BB7300237B7305E0FB7B9B08FB731F
:10F32000BB7B0133BB73FB7B1F2BF6D8FB7BDB0066
:10F33000DAB2BB7B13447B737B7B194640F20670C9
:10F3400000F07EFC00BF1037BD4680BD80B582B0A6
:10F3500000AFF5F792F80346012B02D10123FB71B0
:10F3600001E00023FB71FB1D01221946962000F0ED
:10F3700017FD00BF0837BD4680BD80B584B000AF23
:10F3800038713B79C3F38013DBB25BB29B015AB295
:10F390003B79C3F34013DBB25BB25B015BB2134357
:10F3A0005AB23B79C3F30013DBB25BB21B015BB211
:10F3B00013435AB23B79C3F3C003DBB25BB2DB0049
:10F3C0005BB213435AB23B79C3F38003DBB25BB247
:10F3D0009B005BB213435AB23B79C3F34003DBB2E9
:10F3E0005BB25B005BB213435AB23B79C3F30003D9
:10F3F000DBB25BB213435BB2DBB2FB7307F10F030B
:10F4000001221946892000F0CBFC00BF1037BD4611
:10F4100080BD000080B584B000AF78607B681D4A75
:10F42000934204D9E1233B73E9237B7327E07B6894
:10F43000194A934204D9D7233B73DB237B731EE025
:10F440007B68164A934204D9C1233B73C5237B735F
:10F4500015E07B68124A934204D975233B738123DC
:10F460007B730CE07B680F4A934204D96B233B7398
:10F470006F237B7303E029233B732B237B7307F1FB
:10F480000C0302221946982000F08AFC00BF1037B6
:10F49000BD4680BD00E9A43580F8A9328044E52D41
:10F4A000000B6B1B40FC541990B585B000AF0446AF
:10F4B000084611461A462346FB710346BB710B46AC
:10F4C0007B7113463B71FB793B73BB797B737B7913
:10F4D000BB733B79FB7307F10C030422194695209B
:10F4E00000F05EFC00BF1437BD4690BD90B585B0FE
:10F4F00000AF0446084611461A462346FB800346E1
:10F50000BB800B467B8013463B80FB881B0A9BB26B
:10F51000DBB23B72FB88DBB27B72BB881B0A9BB2FF
:10F52000DBB2BB72BB88DBB2FB727B881B0A9BB26F
:10F53000DBB23B737B88DBB27B733B881B0A9BB2DD
:10F54000DBB2BB733B88DBB2FB7307F10803082215
:10F550001946082000F024FC00BF1437BD4690BDBA
:10F5600080B584B000AF03463960FB71FB7903F0CE
:10F570000703DBB23B733B681B0CDBB27B733B685E
:10F580001B0ADBB2BB733B68DBB2FB7307F10C03F6
:10F5900004221946972000F003FC00BF1037BD4637
:10F5A00080BD00002DE9B04384B000AF7860002337
:10F5B000FB601D4B1B7883F00103DBB2002B05D0F1
:10F5C0007868FFF727FF184B01221A707B6800222A
:10F5D0001C4615464FEAD4194FEA4468134A4FF0C7
:10F5E000000340464946F0F723FE02460B46134609
:10F5F000FB60FB681B0EDBB23B72FB681B0CDBB2D3
:10F600007B72FB681B0ADBB2BB72FB68DBB2FB726E
:10F6100007F1080304221946862000F0C1FB00BF51
:10F620001037BD46BDE8B083C4D900200048E801CA
:10F6300080B582B000AF0346FB71FA79094B1A70AE
:10F64000FB79002B04D1002140F2AC6000F0F8FA05
:10F65000FB1D012219468A2000F0A2FB00BF0837DB
:10F66000BD4680BDBDD9002080B400AF024B1B78E1
:10F670001846BD4680BC7047BDD9002080B584B017
:10F6800000AF0346FB710B46BB7113467B71FB79E0
:10F69000012B49D10020F4F7F7FEF86097F9063006
:10F6A000FA689A4201DAFB68BB71FB680E2B0ED137
:10F6B0000123012200210420FFF7F6FEBA79FB683E
:10F6C000DBB2D31ADBB20E33DBB2BB711FE0FB68D7
:10F6D0000A2B0ED10123012200210120FFF7E4FEB5
:10F6E000BA79FB68DBB2D31ADBB20D33DBB2BB7184
:10F6F0000DE00123012200210720FFF7D5FEBA7992
:10F70000FB68DBB2D31ADBB20E33DBB2BB7197F905
:10F71000063013F1110F01DAEF23BB71182140F607
:10F72000E70000F08DFA67E040F6D80000F09CFAA0
:10F73000034643F01E03DBB2194640F6D80000F042
:10F740007FFA0120F4F7A0FEF86097F90630FA6816
:10F750009A4201DAFB68BB71FB68142B0ED10123BE
:10F76000002205210320FFF79FFEBA79FB68DBB278
:10F77000D31ADBB21633DBB2BB7131E0FB68112B5D
:10F780000ED10123002203210220FFF78DFEBA795A
:10F79000FB68DBB2D31ADBB21633DBB2BB711FE0FE
:10F7A000FB680E2B0ED10123002202210220FFF75D
:10F7B0007BFEBA79FB68DBB2D31ADBB20E33DBB265
:10F7C000BB710DE00123002207210420FFF76CFE2E
:10F7D000BA79FB68DBB2D31ADBB21633DBB2BB718A
:10F7E00097F9063013F1090F01DAF723BB713821BD
:10F7F00040F6E70000F024FABB793B727B797B721C
:10F8000007F10803022219468E2000F0C9FA00BF52
:10F810001037BD4680BD00002DE9B04386B000AF73
:10F82000786000237B6107F1080300221A605A60A8
:10F830007B681A785C4B1B789A4204D07B681B78F3
:10F840001846FFF7F5FE7B681B78032B00F2A580B6
:10F8500001A252F823F000BF69F8000829F9000856
:10F86000EBF8000857F900080823FB747B685B6815
:10F870004E4AB2FBF3F37B617B691B0CDBB23B723C
:10F880007B691B0ADBB27B727B69DBB2BB727B6874
:10F890001B7BFB727B685B7B3B737B689B680022F6
:10F8A0001C4615464FEAD4194FEA4468404A4FF0C7
:10F8B000000340464946F0F7BBFC02460B461346A0
:10F8C0007B617B691B0CDBB27B737B691B0ADBB240
:10F8D000BB737B69DBB2FB73FB7C9AB207F1080355
:10F8E00019468B2000F05CFA58E00423FB747B6817
:10F8F0001B692E4AB2FBF3F37B617B691B0CDBB205
:10F900003B727B691B0ADBB27B727B69DBB2BB7229
:10F910007B681B7DFB72FB7C9AB207F108031946DA
:10F920008B2000F03DFA39E00423FB747B681B7EDA
:10F930003B727B685B7E7B727B689B7EBB727B6865
:10F94000DB7EFB72FB7C9AB207F1080319468B2021
:10F9500000F026FA22E00523FB747B685B68134AFB
:10F96000B2FBF3F37B617B691B0CDBB23B727B69FF
:10F970001B0ADBB27B727B69DBB2BB727B681B7BD1
:10F98000FB727B685B7B3B73FB7C9AB207F10803DD
:10F9900019468B2000F004FA00E000BF00BF1837C2
:10F9A000BD46BDE8B08300BFBDD900200000093DC1
:10F9B0000048E80180B586B000AF78600023BB75D1
:10F9C00007F10C0300221A605A601A727B681A78D9
:10F9D000444B1B789A4204D07B681B781846FFF78B
:10F9E00027FE7B681B78032B78D801A252F823F0FE
:10F9F00001FA000891FA000885FA000801FA0008E7
:10FA00007B685B7AF12B0AD14FF6FF70FFF7A6FAFD
:10FA100048F20500FFF7C2FA0223BB7511E07B68CC
:10FA20005B7AF22B0AD141F60F50FFF797FA41F2B9
:10FA30002100FFF7B3FA0623BB7502E07B685B7A0F
:10FA4000BB750923FB757B685B881B0A9BB2DBB225
:10FA50003B737B685B88DBB27B737B681B79BB7312
:10FA60007B685B79FB737B689B793B747B68DB7994
:10FA70007B747B681B7ABB74BB7DFB747B689B7A51
:10FA80003B7522E00123FB757B681B7B3B731CE00D
:10FA90000623FB757B68DB891B0A9BB2DBB23B73D9
:10FAA0007B68DB89DBB27B737B681A7C0E4B11466B
:10FAB00019701346BB737B685B7CFB737B689B7C14
:10FAC0003B747B68DB7C7B7400BFFB7D9AB207F1E3
:10FAD0000C0319468C2000F063F900E000BF1837D2
:10FAE000BD4680BDBDD90020BED9002080B584B000
:10FAF00000AF03460A46FB711346BB71FB793B73AB
:10FB0000BB797B7307F10C03022219468F2000F0AA
:10FB100047F900BF1037BD4680BD80B582B000AF49
:10FB20000023FB713B1D01221946152000F05AF9F4
:10FB30003B795B425B10FB7197F907301846083739
:10FB4000BD4680BD80B584B000AF7860396007F1F4
:10FB50000C0302221946132000F044F9FFF784FD3C
:10FB60000346012B0DD10C4B1B78DBB2012B08D1C6
:10FB700040F2027000F078F803461A467B681A706B
:10FB800002E03A7B7B681A707A7B3B681A7000BF90
:10FB90001037BD4680BD00BFBED9002080B584B0FF
:10FBA00000AF786007F10C0303221946142000F01F
:10FBB00019F9FFF759FD03461A467B681A707B68EE
:10FBC0001B78002B02D0012B13D02AE03A7B7B68F4
:10FBD0001A717B7B5B425B105AB27B689A71BB7B6C
:10FBE0005B425B105AB27B685A717B6800229A6054
:10FBF00020E03B7B5B425B105AB27B681A737B7BD5
:10FC00005BB202339B105AB27B685A73BB7B5B4278
:10FC10005B105AB27B689A73084B1A687B681A614A
:10FC200008E014220021786800F0B1FC7B680F2204
:10FC30001A7000BF00BF1037BD4680BDC0D900207C
:10FC400080B582B000AF03460A46FB8013467B7145
:10FC50007A1DF98801230348F7F70AFB00BF08372C
:10FC6000BD4680BD9805002080B584B000AF034636
:10FC7000FB8007F10F02F98801230448F7F757FBCF
:10FC8000FB7B18461037BD4680BD00BF980500209D
:10FC900080B586B000AF03463960FB801346BB8059
:10FCA000EFF31083FB60FB687B6172B600BFBB881B
:10FCB000F9883A680648F7F7DBFA7B693B613B69EC
:10FCC00083F3108800BF00BF1837BD4680BD00BF5A
:10FCD0009805002080B586B000AF03463960FB80F0
:10FCE0001346BB80EFF31083FB60FB687B6172B649
:10FCF00000BFBB88F9883A680648F7F718FB7B69AC
:10FD00003B613B6983F3108800BF00BF1837BD46D5
:10FD100080BD00BF9805002080B586B000AF0346C7
:10FD20003960FB711346BB71EFF31083FB60FB6816
:10FD30007B6172B600BFBB799BB2F9793A6806481D
:10FD4000F7F709FC7B693B613B6983F3108800BFCF
:10FD500000BF1837BD4680BD9805002080B586B02D
:10FD600000AF03463960FB711346BB71EFF310839C
:10FD7000FB60FB687B6172B600BFBB799BB2F9790F
:10FD80003A680648F7F73AFC7B693B613B6983F3C5
:10FD9000108800BF00BF1837BD4680BD9805002001
:10FDA00080B586B000AF03463960FB711346BB8057
:10FDB000EFF31083FB60FB687B6172B600BFBB880A
:10FDC000F9793A680648F7F713FB7B693B613B69B1
:10FDD00083F3108800BF00BF1837BD4680BD00BF49
:10FDE0009805002080B586B000AF03463960FB71EE
:10FDF0001346BB80EFF31083FB60FB687B6172B638
:10FE000000BFBB88F9793A680648F7F750FB7B6971
:10FE10003B613B6983F3108800BF00BF1837BD46C4
:10FE200080BD00BF9805002080B584B000AF0346B8
:10FE30000A46FB711346BB710123FB73BB79012B8F
:10FE40000DD1FB79012B04D10223FB73042000F0B8
:10FE5000EFF8FB79022B07D10323FB7304E0BB7996
:10FE6000002B01D10123FB73FB7B1846F4F7E9FA61
:10FE700000BF1037BD4680BD80B584B000AF0346DB
:10FE8000FB710123FB73F4F7EAFAB860BB68022B3D
:10FE900016D0BB68022B16DCBB68002B03D0BB68F6
:10FEA000012B0AD00FE097F907300F2B02DD022358
:10FEB000FB7309E00123FB7306E00123FB7303E0FE
:10FEC0000223FB7300E000BF97F90710FB7B0222BF
:10FED0001846FFF7D3FBFB7B18461037BD4680BDA5
:10FEE00080B400AF01231846BD4680BC70470000B7
:10FEF00080B582B000AF7860034B1B680120984743
:10FF000000BF0837BD4680BDC8D9002080B582B08B
:10FF100000AF7860034B1B680220984700BF08378A
:10FF2000BD4680BDC8D9002080B582B000AF7860E2
:10FF3000034B1B684020984700BF0837BD4680BD73
:10FF4000C8D9002080B582B000AF78600B46FB7046
:10FF5000FB78002B02D0012B05D00AE0074B1B6871
:10FF60008020984705E0054B1B684FF48070984748
:10FF700000BF00BF0837BD4680BD00BFC8D9002004
:10FF800080B582B000AF7860044B1B684FF40070FE
:10FF9000984700BF0837BD4680BD00BFC8D90020C4
:10FFA00080B582B000AF7860034B1B682020984773
:10FFB00000BF0837BD4680BDC8D9002080B582B0DB
:10FFC00000AF7860034B1B680420984700BF0837D8
:10FFD000BD4680BDC8D9002080B582B000AF786032
:10FFE000034B1B680820984700BF0837BD4680BDFB
:10FFF000C8D9002080B582B000AF7860034B1B6881
:020000040801F1
:100000001020984700BF0837BD4680BDC8D90020E2
:1000100080B582B000AF7860044B1B684FF480401D
:10002000984700BF0837BD4680BD00BFC8D9002033
:1000300080B584B000AF0346FB71F4F71EFA0346A7
:10004000012B12D140F62310FFF70EFE0346FB737F
:10005000FB7B23F00603FB73FA7BFB791343DBB2D4
:10006000194640F62310FFF7EBFD00BF1037BD46E1
:1000700080BD000080B485B000AF78607B68002B45
:1000800001D11F2317E00023FB730FE0FB7B0C4A19
:1000900052F833307A689A4205D2FB7B084ADB007B
:1000A00013441B7907E0FB7B0133FB73FB7B152BB0
:1000B000ECD900BFFDE718461437BD4680BC704739
:1000C000B437010880B58AB000AF78603960354B2D
:1000D000FB6040F60700FFF7C7FD0346FB77FB7F99
:1000E000DB08DBB203F0030328333B4413F81C3C6A
:1000F000BB77FB7F03F007037B77BA7F7B7F0133FE
:1001000002FA03F31A46284BB3FBF2F3BB61BA6958
:100110007B68B2FBF3F37B61012387F8273097F804
:1001200027307A6902FB03F3072B02D8022387F8F2
:10013000273097F827307A6902FB03F3032B02D8A4
:10014000042387F8273097F82720BB6902FB03F3C5
:100150003B614FF4D660FFF787FD03461B0203F4B3
:1001600070633B6240F2B160FFF77EFD03461A46C2
:100170003B6A13433B623B6A03F40063002B05D0E8
:100180003B6A6FEA03536FEA13533B623B695B09B7
:100190003A6A02FB03F3DA113B681A6000BF2837A2
:1001A000BD4680BD04080A0C0048E80180B487B051
:1001B00000AF0346B9607A60FB8100237B614FF09A
:1001C000FF337B617B6918461C37BD4680BC704796
:1001D00080B487B000AF0346B9607A60FB73002338
:1001E0007B614FF0FF337B617B6918461C37BD464E
:1001F00080BC704780B485B000AFF860B9607A60A9
:100200004FF0FF3318461437BD4680BC704780B4AA
:1002100000AF00BFBD4680BC704780B400AF002374
:100220001846BD4680BC704780B400AF0023184616
:10023000BD4680BC704780B483B000AF0346FB71FD
:1002400000BF0C37BD4680BC704780B487B000AF9C
:10025000F8600B467A60FB724FF0FF337B617B697D
:1002600018461C37BD4680BC704780B400AF4FF0C5
:10027000FF331846BD4680BC704780B400AF00BF56
:10028000BD4680BC704780B400AF00BFBD4680BC97
:10029000704780B483B000AF0346FB7100BF0C37DA
:1002A000BD4680BC7047000080B500AF1822002119
:1002B000074800F06CF94FF400720021054800F087
:1002C00066F9054B1B68054898470346184680BDEC
:1002D000CCD90020E4D900202C3201081D030108EC
:1002E00080B483B000AF7860034A7B68536000BF7E
:1002F0000C37BD4680BC7047CCD9002080B483B099
:1003000000AF0346FB71044AFB79137200BF0C3740
:10031000BD4680BC704700BFCCD9002080B588B0F6
:1003200000AF78600023FB61EFF310837B617B6992
:10033000BB6172B600BF3C4B9B78022B06D13A4B97
:1003400000229A70384B00221A820AE0364B1A8A31
:10035000354B9B8A13449BB2C3F308039AB2324BCA
:100360001A82314B1A8A304B5B8A9A424DD02E4BFF
:10037000DB8A012B49D12C4B9B78012B17D12A4BBF
:100380001A88294B1B8AD31A9AB2274B9A82264B7A
:1003900002229A70244B00221A80234B9B8A002B46
:1003A00005D1214B00229A701F4B00221A821E4B4E
:1003B0009B78002B15D11C4B5A8A1B4B1B8A9A42E7
:1003C00008D9194B5A8A184B1B8AD31A9AB2164B62
:1003D0009A8206E0144B1B8AC3F500739AB2124B43
:1003E0009A82114B1B8A1A46104B1344FB61BB695E
:1003F0003B613B6983F3108800BF0D4BDB680A4A01
:10040000928A1146F86998470AE0BB69FB60FB686D
:1004100083F3108800BFF0F7B3FB00F00BF800BFC8
:1004200000BF2037BD4680BDCCD90020E4D90020D4
:100430002C32010880B485B000AFEFF310837B60ED
:100440007B68FB6072B600BF084BDB8A013B9AB247
:10045000064BDA82FB68BB60BB6883F3108800BF81
:1004600000BF1437BD4680BC704700BFCCD9002008
:1004700080B400AF044B00221A60044B00221A60C3
:1004800000BFBD4680BC7047E4DB0020E8DB0020F5
:1004900080B487B000AF78600B46FB70EFF3108339
:1004A0003B613B697B6172B600BFFB78002B08D0D3
:1004B000012B0ED10D4B1A687B6813430B4A136056
:1004C00008E07B68DA43094B1B681340074A136056
:1004D00000E000BF7B69FB60FB6883F3108800BF0E
:1004E00000BF1C37BD4680BC704700BFE4DB002066
:1004F00080B487B000AF78600B46FB70EFF31083D9
:100500003B613B697B6172B600BFFB78002B08D072
:10051000012B0ED10D4B1A687B6813430B4A1360F5
:1005200008E07B68DA43094B1B681340074A1360F5
:1005300000E000BF7B69FB60FB6883F3108800BFAD
:1005400000BF1C37BD4680BC704700BFE8DB002001
:1005500080B487B000AFF860B9601346FB80FB68D9
:100560007B61BB683B6107E03A69531C3B617B6977
:10057000591C796112781A70FB885A1EFA80002B78
:10058000F2D100BF00BF1C37BD4680BC704780B4AD
:1005900085B000AF78600B46FB7013463B807B68EC
:1005A000FB6004E0FB685A1CFA60FA781A703B881A
:1005B0005A1E3A80002BF5D100BF00BF1437BD464C
:1005C00080BC704782B080B487B000AFF860381D3F
:1005D00080E806007B6200233B610023BB827A68CF
:1005E0007B6A13443B61B7F908309AB2B7F92830F7
:1005F0009BB213449BB21BB2BB82B7F91430B3F564
:100600007A7F0ADB3B6901333B61B7F914309BB257
:10061000A3F57A739BB21BB2BB82FB681A4607F143
:10062000100393E8030082E80300F8681C37BD4616
:1006300080BC02B07047000080B58AB002AF78601D
:100640000023BB610023BB8300233B610023BB82EB
:10065000144B1B6907F118020432104698470346F1
:10066000BB61104BDB68984703461BB2BB810D4B47
:100670005B6898470346BB6007F11000FB69009375
:10068000BB6907F1080206CAFFF79CFF7B681A46A0
:1006900007F1100393E8030082E80300786820372D
:1006A000BD4680BD1832010880B500AF044B002262
:1006B0001A60044B1B6898470346184680BD00BF6C
:1006C000ECDB0020EC31010880B584B000AFF860AD
:1006D000B9603B601346FB71FB68002B23D03B687D
:1006E000002B20D0FB6800221A60114B5B6AB868AF
:1006F00098470246FB685A60FB6800221A72FB6842
:1007000000225A72FB6800229A72FB683A68DA602B
:10071000FB68BA691A61FB68FA79DA72FB68002231
:100720005A61002300E0012318461037BD4680BD02
:10073000EC31010880B58AB000AF7860002387F8FB
:1007400027307B68002B56D0786800F0A9F9034663
:1007500083F00103DBB2002B4DD07B685B7A002B6A
:1007600049D1EFF310833B613B69FB6172B600BF77
:100770007B685B683B62244B1B6A9847B8613A6AA6
:10078000BB699A4201D2BB693B627B683A6A1A60D4
:100790007B6800221A727B6801225A727B680022F1
:1007A0009A721A4B1B68002B06D1174B1B6998478E
:1007B000786800F0EBF917E0134B9B699847786174
:1007C0007B681A687B691A447B681A607B681A68C0
:1007D0000E4B1B681B689A4203D2786800F0D6F96A
:1007E00002E0786800F0A2F9FB69FB60FB6883F324
:1007F000108800BF02E0012387F8273097F82730E0
:1008000018462837BD4680BDEC310108ECDB0020DE
:1008100080B588B000AF78600023FB777B68002B41
:100820005BD0EFF31083FB60FB683B6172B600BFE7
:100830002D4B1B68BB612C4B1B687B617B680122C5
:100840009A72294B1B68002B41D07B6800225A7298
:10085000254B1B687A689A4234D1234B1B680022CF
:100860001A72214B1B685B69002B0AD01E4B1B6858
:100870005B691D4A13601C4B1B68184600F02CF97D
:1008800023E01A4BDB689847174B00221A601CE0E4
:100890007A697B689A4210D17B695B69002B06D02C
:1008A0007B695B697B61BB697A695A610DE00023F2
:1008B0007B61BB697A695A6107E07B69BB617B69CF
:1008C0005B697B617B69002BE2D10023FB773B698D
:1008D000BB60BB6883F3108801E00123FB77FB7FDB
:1008E00018462037BD4680BDECDB0020EC31010806
:1008F00080B584B000AF786039600023FB737B68FB
:10090000002B02D10123FB7314E00D4B5B6A3868A6
:10091000984702467B685A60786800F0C1F8034641
:10092000002B07D07868FFF773FF7868FFF702FFA6
:100930000346FB73FB7B18461037BD4680BD00BFE6
:10094000EC31010890B589B000AFEFF31083BB60C4
:10095000BB68BB6172B600BF384B5B699847786172
:10096000364B1B69984738613A697B69D31AFB603B
:10097000334B1B68002B37D0314B1B68FB61FB6985
:100980001B68FA689A4206D2FB691A68FB68D21A99
:10099000FB691A6002E0FB6900221A60FB695B696F
:1009A000FB61FB69002BEAD11EE0254B1B68FB6154
:1009B000234B1B685B69224A1360FB6900221A7291
:1009C000FB6900225A72FB69DB68FA6912691046FA
:1009D0009847FB69DB7A012B06D1FB699B7A002BD8
:1009E00002D1F869FFF7A6FE154B1B68002B0DD04E
:1009F000134B1B681B68002BD7D0114B1B681C685E
:100A00000E4B9B69984703469C42CED30C4B1B6808
:100A1000002B09D00A4B1B681B7A002B04D1084B12
:100A20001B68184600F058F8BB697B607B6883F34D
:100A3000108800BF00BF2437BD4690BDEC310108CF
:100A4000ECDB002080B582B000AF064BDB69984735
:100A50007860044B9B6A78689847034618460837C5
:100A6000BD4680BDEC31010880B584B000AF786030
:100A70000A4BDB699847F860084B5B6A78689847CF
:100A8000B860064B9B6AF968BA688A1A104698479C
:100A9000034618461037BD4680BD00BFEC31010843
:100AA00080B485B000AF78600A4B1B68FB6008E03B
:100AB000FA687B689A4201D1012306E0FB685B6912
:100AC000FB60FB68002BF3D1002318461437BD46AA
:100AD00080BC7047ECDB002090B585B000AF78603B
:100AE000114B1B6A9847F8607B6801221A727B6879
:100AF0001C680D4B9B6998470246FB6813449C4257
:100B000007D2094B9B6998470246FB681A447B68E9
:100B10001A60054B9B687A6812681046984700BFB8
:100B20001437BD4690BD00BFEC31010880B485B0DC
:100B300000AF7860144B1B68FB60134B1B685B694C
:100B4000BB6012E07B681A68BB681B689A4205D9D3
:100B5000BB68FB60BB685B69BB6006E0FB687A68EA
:100B60005A617B68BA685A6109E0FB685B69002BCF
:100B7000E8D1FB687A685A617B6800225A611437B1
:100B8000BD4680BC704700BFECDB002080B584B060
:100B900000AF78600B4B1B68FB60FB68002B02D03A
:100BA000FB6800221A727B68FA685A61054A7B6802
:100BB0001360044B1B681846FFF78EFF00BF103709
:100BC000BD4680BDECDB002080B485B000AF78600E
:100BD0000023FB600EE0FA6813469B0013445B00A1
:100BE00018467B681B68591C7A6811601B7803449F
:100BF000303BFB607B681B681B782F2B04D97B681C
:100C00001B681B78392BE6D9FB6818461437BD469C
:100C100080BC704780B499B000AFF860B9607A606A
:100C20003B60714B1B68BB653B6F03F04003002BBF
:100C300002D06E4B1B68BB653B68012B02DD3B6835
:100C4000242B01DD0023CAE03B6F03F00103002BDE
:100C500001D0302300E0202387F85330002387F8A9
:100C60005F303B6F03F00203002B0BD07B68002B3F
:100C700008DA2D2387F85F307B685B427B60BB6EB0
:100C8000013BBB6600237B657B68002B1ED17B6D1F
:100C90005A1C7A6560333B44302203F8502C18E02C
:100CA0007B683A68B3FBF2F101FB02F29B1ABA6D62
:100CB0001A447B6D591C7965127860333B4403F804
:100CC000502C7A683B68B2FBF3F37B607B68002BA7
:100CD000E6D17A6DFB6E9A4201DD7B6DFB66BA6EE2
:100CE000FB6ED31ABB663B6F03F00103002B12D1DE
:100CF0000CE0FB685A1CFA6020221A70BB68013BAA
:100D0000BB60BB68002B01D1FB6868E0BB6E5A1E5C
:100D1000BA66002BEDDC97F85F30002B1BD0FB6828
:100D20005A1CFA6097F85F201A70BB68013BBB60E1
:100D3000BB68002B0FD1FB6851E0FB685A1CFA60BE
:100D400097F853201A70BB68013BBB60BB68002B4F
:100D500001D1FB6843E0BB6E5A1EBA66002BECDC87
:100D60000CE0FB685A1CFA6030221A70BB68013B29
:100D7000BB60BB68002B01D1FB6830E0FB6E5A1EE4
:100D8000FA667A6D9A42ECDB10E0FB685A1CFA6056
:100D900007F110017A6D0A4412781A70BB68013BA2
:100DA000BB60BB68002B01D1FB6818E07B6D5A1E4D
:100DB0007A65002BE9DC0CE0FB685A1CFA60202203
:100DC0001A70BB68013BBB60BB68002B01D1FB689C
:100DD00005E0BB6E5A1EBA66002BEDDCFB681846B8
:100DE0006437BD4680BC7047D8000020DC0000207E
:100DF00080B592B004AFF860B9607A603B60BB68C0
:100E0000002B01DC00233EE1FB68FB6228E1FA6A6B
:100E1000FB68D21ABB68013B9A4280F22E817B6844
:100E20001B78252B06D07A68FB6A591CF962127868
:100E30001A7012E100233B627B6801337B607B68A0
:100E40001B78302B03D13B6A43F001033B624FF028
:100E5000FF33FB617B681B782F2B08D97B681B78DD
:100E6000392B04D83B1D1846FFF7AEFEF8614FF052
:100E7000FF33BB614FF0FF337B610A233B637B6829
:100E80001B78583B202B00F2948001A252F823F0EB
:100E90009B0F0108B30F0108B30F0108B30F01083E
:100EA000B30F0108B30F0108B30F0108B30F010816
:100EB000B30F0108B30F0108B30F01081F0F01089A
:100EC000A90F0108B30F0108B30F0108B30F010800
:100ED000B30F0108A90F0108B30F0108B30F0108F0
:100EE000B30F0108B30F0108B30F0108B30F0108D6
:100EF000B30F0108B30F0108B30F01083F0F01083A
:100F0000B30F0108FF0F0108B30F0108B30F010869
:100F1000A30F0108FB6A5A1CFA6220221A70FB69AF
:100F2000013BFB61FB69002BF4DC3B681A1D3A6056
:100F30001968FB6A5A1CFA62CAB21A708DE03B68E3
:100F40001A1D3A601B687B627B6A002B01D1504BF3
:100F50007B62786AEFF714F903463B6104E0FB6AB1
:100F60005A1CFA6220221A70FB695A1EFA613A6909
:100F70009A42F4DB0023BB620AE07A6A531C7B626C
:100F8000FB6A591CF96212781A70BB6A0133BB62A2
:100F9000BA6A3B699A42F0DB5FE03B6A43F0400388
:100FA0003B6210233B632BE03B6A43F002033B624E
:100FB00025E07B681B78252B04D0FB6A5A1CFA625B
:100FC00025221A70FA6AFB68D21ABB68013B9A4262
:100FD00016DA7B681B78002B06D07A68FB6A591CEE
:100FE000F96212781A7002E07B68013B7B60FA6A52
:100FF000FB68D21ABB68013B9A422DDB00E000BFC0
:101000007B696C2B05D13B681A1D3A601B687B63BA
:101010000FE03B6A03F00203002B05D03B681A1D6A
:101020003A601B687B6304E03B681A1D3A601B68EA
:101030007B63BB685A1EF96AFB68CB1AD11A7A6BBC
:101040003B6A0293BB690193FB6900933B6BF86AAF
:10105000FFF7E0FDF86200E000BF7B6801337B60D2
:101060007B681B78002B7FF4D2AEFA6AFB68D21A39
:10107000BB68013B9A42BFF6CAAEFB6A00221A70F7
:10108000FA6AFB68D31A18463837BD4680BD00BFE0
:10109000B4310108024B0146186800F025B800BFC2
:1010A000EC00002070B50F4E0C463168054611B9B2
:1010B00000F048FB30602146284600F043FB431C0B
:1010C00003D14FF0FF34204670BDC41C24F003044C
:1010D000A042F8D0211A284600F034FB0130F2D1AA
:1010E000EFE700BFF0DB00202DE9F843CD1C25F031
:1010F000030508350C2D38BF0C25002D064601DBF5
:10110000A94204D90C2333600020BDE8F883DFF83E
:10111000D48000F069F8D8F800301C4644BB29465A
:101120003046FFF7BFFF431C044658D1D8F80040B3
:101130002746002F43D1002C4BD023683946304638
:1011400004EB030900F0FEFA814542D121686D1AD3
:1011500029463046FFF7A6FF01303AD023682B44DA
:101160002360D8F800305A6862BBC8F800700FE0FE
:101170002268521B20D40B2A17D96119A34225607B
:1011800018BF5960636808BFC8F8001062514B600F
:10119000304600F02FF804F10B00231D20F007006B
:1011A000C21A1CBF1B1AA350AFE76268A3420CBF50
:1011B000C8F800205A60EBE723466468AEE73C4677
:1011C0007F68B6E71A465B68A342FBD100235360F1
:1011D000DEE70C233360304600F00CF894E705603E
:1011E000D6E700BFF4DB0020014800F0F8BA00BFEA
:1011F00038DD0020014800F0F3BA00BF38DD0020E0
:1012000038B5104B1D682A6B0446B2B91820FFF799
:1012100041FF0246286320B90B4B0C48462100F0E1
:10122000EFFA0B490B4BC0E900130B4B83600B2308
:10123000838100210120C2E904010023146153616C
:1012400038BD00BFEC000020643801087B3801087D
:101250000E33CDAB34126DE6ECDE0500164B10B547
:101260001C68226BB2B91820FFF714FF02462063F6
:1012700020B9124B1248522100F0C2FA1149124B08
:10128000C0E90013114B83600B23838100210120EF
:10129000C2E9040113690E4854690E49584301FB21
:1012A0000400A3FB0131013340EB0100C2E904302B
:1012B00020F0004010BD00BFEC00002064380108A1
:1012C0007B3801080E33CDAB34126DE6ECDE050041
:1012D0002DF451582D7F954C002310B50446C0E9DC
:1012E0000033C0E90433836081814366C281836136
:1012F000194608225C3000F047F90D4B63620D4B34
:10130000A3620D4BE3620D4B23630D4B24629C42A1
:1013100006D003F16802944202D0D0339C4205D13A
:1013200004F15800BDE8104000F058BA10BD00BFED
:10133000FD140108231501085B150108811501083A
:10134000F8DB0020024A0349034800F06BB800BFF5
:10135000E0000020ED250108F000002041680C4B62
:10136000994210B5044601D001F040F9A168094B3B
:10137000994202D0204601F039F9E168064B9942C2
:1013800004D02046BDE8104001F030B910BD00BFC8
:10139000F8DB002060DC0020C8DC00200C4B0D4A8C
:1013A0000D4810B504211A600022FFF795FF0A4B83
:1013B00001221C46092103F16800FFF78DFF04F1AB
:1013C000D0000222BDE810401221FFF785BF00BF08
:1013D00030DD002045130108F8DB0020014800F053
:1013E000FEB900BF39DD0020014800F0F9B900BFA7
:1013F00039DD002010B50446FFF7F0FF236A1BB16A
:10140000BDE81040FFF7F0BF044B2362044B1B689C
:10141000002BF5D1FFF7C2FFF2E700BF5D13010813
:1014200030DD00202DE9F8430746884614460026A3
:10143000D4E90195B9F1010905D52468002CF7D14B
:101440003046BDE8F883AB89012B07D9B5F90E30DA
:10145000013303D029463846C04706436835E9E7DB
:101460000EB410B59DB01FAB029006906FF0004116
:101470000A48079104910A4953F8042B0591002466
:1014800002A9006801931B9400F082FA029B1C7071
:101490001DB0BDE8104003B0704700BFEC00002055
:1014A0000802FFFF0EB470B59DB021AC00254FF4CB
:1014B000017254F8046BADF814201B95029006904D
:1014C000EEF75EFE0B4B039007900B480B934FF625
:1014D000FF73ADF816303246234602A900680F9517
:1014E0001495019400F0A6FB1DB0BDE8704003B058
:1014F000704700BF1F150108EC00002010B50C4616
:10150000B1F90E1000F00CF90028ABBF636DA38990
:101510001B1823F48053ACBF6365A38110BD00206A
:1015200070472DE9F0411F468B89DB0505460C46C7
:10153000164605D5B1F90E100223002200F0DEF8A0
:10154000A389B4F90E1023F48053A38132463B469D
:101550002846BDE8F04100F005B910B50C46B1F9D8
:101560000E1000F0CBF8B4F90C30421C0BBF23F482
:10157000805343F48053A381A38118BF606510BDDD
:10158000B1F90E1000F04CB802440346934200D16A
:10159000704703F8011BF9E7C9B20346184613F870
:1015A000012B12B18A42F9D17047002918BF0020DF
:1015B0007047000070B50E4E05460A44914201D1B5
:1015C000002013E015F8013B11F8014BF05C00F02E
:1015D00003000128305D00F0030008BF203301281C
:1015E00008BF2034181B01D1002CE7D170BD00BF0B
:1015F0005E3901080A7870B56AB970BD9A4209D19E
:101600000C46054614F8013F002BF6D015F8016F83
:101610009E42F7D001300378002BEFD11846ECE75B
:1016200038B5064D0023044608462B60EFF755FBFE
:10163000431C02D12B6803B1236038BD34DD002088
:101640002D4B1B68834270B5044653D0C3691BB34E
:10165000DB6863B10025E369DB685959B1B904352A
:10166000802DF8D1E3692046D96800F0E7F8E369F6
:10167000196811B1204600F0E1F8E3699D685DB199
:10168000294620462D6800F0D9F8F8E70E68204674
:1016900000F0D4F83146E1E7616911B1204600F06D
:1016A000CDF8E16911B1204600F0C8F8216B11B105
:1016B000204600F0C3F8616B11B1204600F0BEF87F
:1016C000A16B11B1204600F0B9F8A16C11B1204610
:1016D00000F0B4F8616C11B1204600F0AFF8E16A97
:1016E00011B1204600F0AAF8236A1BB12046BDE8DC
:1016F0007040184770BD00BFEC00002038B5074DA2
:1017000004460846114600222A601A46EFF709FBF4
:10171000431C02D12B6803B1236038BD34DD0020A7
:1017200038B5074D04460846114600222A601A467D
:10173000EFF79AFA431C02D12B6803B1236038BD3E
:1017400034DD002038B5064D0023044608462B60E2
:10175000EFF7F4FA431C02D12B6803B1236038BDC4
:1017600034DD002038B5074D0446084611460022F6
:101770002A601A46EFF795FA431C02D12B6803B191
:10178000236038BD34DD0020014B1868704700BF6E
:10179000EC00002070B50D4B0D4D5B1B9C1000261E
:1017A000A64209D101F0A4FB0A4D0B4B5B1B9C1018
:1017B0000026A64205D170BD55F8043B9847013676
:1017C000EEE755F8043B98470136F2E7683A01081E
:1017D000683A0108683A01086C3A01087047704796
:1017E00070470A44914200F1FF3300D1704710B5B1
:1017F00011F8014B03F8014F9142F9D110BD0000DF
:101800001FB514461A46094B1B680546D8684CB1EB
:10181000074B0091CDE9013406492B4600F00EFF3D
:1018200000F0AAFF044B1C46F3E700BFEC000020C9
:10183000D3380108E03801080E39010838B50546EB
:10184000002941D051F8043C0C1F002BB8BFE4180C
:10185000FFF7CAFC1D4A136833B963601460284659
:10186000BDE83840FFF7C6BCA34208D9206821185C
:101870008B4201BF19685B6809182160EDE71A46C1
:101880005B680BB1A342FAD911685018A0420BD182
:1018900020680144501883421160E0D118685B68E9
:1018A000536008441060DAE702D90C232B60D6E7B6
:1018B000206821188B4204BF19685B68636004BF0D
:1018C000091821605460CAE738BD00BFF4DB00206E
:1018D0002DE9F0478E681F46BE4282460C46904670
:1018E000334653D8B1F90C0010F4906F2BD06569D2
:1018F0002368096905EB4505A3EB010905EBD575DF
:101900007B1C6D104B44AB422A4684BF1D462A46C1
:10191000430527D511465046FFF7E6FB064658B368
:1019200021694A46FFF75DFFA38923F4906343F0E2
:101930008003A381266165614E44A5EB09052660FD
:10194000A5603E463B461F4620683A46414600F0A9
:10195000FAFEA3689B1BA36023683B44236000201E
:10196000BDE8F087504600F00EFF06460028E1D1A2
:1019700021695046FFF762FF0C23CAF80030A389A3
:1019800043F04003A3814FF0FF30E9E73E46DBE739
:101990002DE9F0471F468B891B069CB006460D4675
:1019A000144610D50B6973B94021FFF79DFB2860E1
:1019B000286130B90C2333604FF0FF301CB0BDE814
:1019C000F08740236B610023099320238DF8293091
:1019D00003973023654F8DF82A304FF001082346D6
:1019E000994613F8012B0AB1252AF9D1B9EB040A5B
:1019F0000BD05346224629463046FFF769FF013097
:101A000000F0A480099A5244099299F80030002B02
:101A100000F09C8000234FF0FF32CDE9052309F14F
:101A20000109049307938DF853301A934C464F489D
:101A300014F8011B0522EEF7ABFB049BD0B9D806C6
:101A400044BF20228DF85320190744BF2B228DF864
:101A5000532099F800202A2A13D0079A4C460020D8
:101A60004FF00A0C214611F8013B303B092B49D9B4
:101A700068B913E0C01B08FA00F018430490A146AF
:101A8000D4E7039A111D12680391002A01DB079223
:101A900004E0524243F002030792049323782E2B72
:101AA0000AD163782A2B32D1039B1A1D1B6803923B
:101AB00043EAE37302340593DFF8B49021780322FC
:101AC0004846EEF765FB38B1049BA0EB09004022C5
:101AD000824013430134049314F8011B25488DF808
:101AE00028100622EEF754FB002835D0224818BBF8
:101AF000039B073323F0070308330393099B034435
:101B000009936CE70CFB02320C460120AAE7002384
:101B10000134059319464FF00A0C204610F8012BAA
:101B2000303A092A03D9002BC6D00591C4E70CFB33
:101B3000012104460123F0E703AB00932A460F4B33
:101B400004A93046AFF30080421CD7D1AB895B06B5
:101B50003FF532AF099831E703AB00932A46074BB4
:101B600004A9304600F052FAEEE700BF0F39010831
:101B7000153901081939010800000000D1180108C1
:101B800038B54B1C144603D14FF0FF35284638BDFD
:101B9000938923F020039381636B5268CDB28BB19C
:101BA000A36B934208DD23685A1E226003F8015C90
:101BB000636801336360E9E7214600F08AFD00288D
:101BC000F1D0E1E72169236851B1994208D213F8B5
:101BD000011CA94204D1013B013223606260D5E7B8
:101BE000C4E90F3204F1440363630323A363234670
:101BF00003F8465F23600123DCE710B50C46496B10
:101C000069B104F14403994201D0FFF717FE236C38
:101C100063600020606313B1E36B236010BD236930
:101C2000236000236360A38943F02003A3814FF066
:101C3000FF30F3E72DE9F04FADF5237D41AC0D46C4
:101C40000021C4E9031101A96161AF49C4F87C1105
:101C5000DFF8B8B2AE49C4F880110746E8460093F1
:101C600092F80090B9F1000F00F060811BF8093084
:101C700013F0080302F101061BD06B68002B10DD86
:101C80002B681A781BF80220120701D43246E7E7C6
:101C90002269013222616A680133013A6A602B606D
:101CA000EBE7D4F880312946384698470028E7D03A
:101CB000ECE7B9F1250F40F084802360A3605378EE
:101CC0002A2B02BF1023961C23600A22B2461AF860
:101CD000011BA1F13003092B1DD98E4B032218469D
:101CE000EEF756FA38B18B4B2268C01A01238340B5
:101CF00013432360564616F8013B782B06D8572B22
:101D000010D8252B5DD057D8002B76D00323A361A4
:101D10000A23636089E0A36802FB03113039A160E4
:101D20005646D3E7A3F15802202AEFD801A151F873
:101D300022F000BF091E01080D1D01080D1D01083C
:101D4000651E01080D1D01080D1D01080D1D01086E
:101D50000D1D01080D1D01080D1D01080D1D0108B7
:101D60007B1E0108611E0108BF1D0108BF1D01087F
:101D7000BF1D01080D1D01081B1E01080D1D0108D6
:101D80000D1D01080D1D01080D1D01088B1E010808
:101D9000231E0108011E01080D1D01080D1D01086B
:101DA000871E01080D1D0108611E01080D1D010897
:101DB0000D1D0108091E0108453B022BA6D805236D
:101DC00032E06B68002B0DDD2B681A784A4540F035
:101DD000AD8001336A682B602369013A01336A6080
:101DE000236153E7D4F880312946384698470028C4
:101DF000EAD0E068002840F091804FF0FF3091E099
:101E0000226842F020022260226842F400722260BE
:101E100010226E2B626006D801E00023636003236A
:101E200002E0082363600423A3616B68002B3CDDA0
:101E30002368590605D42B681A781BF8022012076C
:101E40003BD4A369022B4BDC43462A462146384645
:101E500000F002FA012869D002287FF417AFC8E722
:101E60000A22D6E7314601A800F0FAFB236843F0C6
:101E70004003236006460123D6E7236843F040036E
:101E800023600023D0E70223CEE72068C3063FF596
:101E9000FDAED8F800302269191DC8F800101B6883
:101EA000C0074CBF1A801A60F0E6D4F8803129468A
:101EB000384698470028BBD09BE72269013222614F
:101EC0006A68013A002A6A6002DD01332B60B2E7DA
:101ED000D4F880312946384698470028ABD088E7A7
:101EE000042B06DC43462A462146384600F00EFA0B
:101EF000B0E7094B002B3FF4C9AE43462A462146C2
:101F00003846AFF30080A5E7811B01085E39010860
:101F1000FB1B01081539010800000000AB895B06B6
:101F20003FF56BAF0DF5237DBDE8F08FE068F9E775
:101F30002DE9F047164698468A680B69DDF820902F
:101F40009342B8BF1346336091F8432007460C46CE
:101F50000AB1013333602368990642BF3368023304
:101F60003360256815F0060506D104F1190AE36807
:101F700032689B1AAB4226DC94F843302268003B5F
:101F800018BF012392062BD404F143024146384680
:101F9000C84701301ED02368226903F00603042BD2
:101FA00002BFE5683368ED1AA3680CBF25EAE57542
:101FB00000259342C4BF9B1AED1800261A34B5427F
:101FC0001AD1002008E00123524641463846C8474E
:101FD000013003D14FF0FF30BDE8F0870135C6E78F
:101FE000E1185A1C302081F84300224494F845102F
:101FF00082F843100233C7E70123224641463846A0
:10200000C8470130E6D00136D9E700002DE9F0439A
:102010000D7E85B0782D90460C9E07460C4699465D
:1020200001F1430207D8622D0AD8002D00F0D780B5
:10203000582D00F0BC8004F1420684F842503BE089
:10204000A5F16303152BF6D801A151F823F000BFC9
:10205000A9200108BD200108372001083720010808
:102060003720010837200108BD200108372001086A
:10207000372001083720010837200108C521010851
:10208000E7200108772101083720010837200108DF
:10209000E721010837200108E7200108372001085F
:1020A000372001087F21010833681A1D1B68326040
:1020B00004F1420684F842300123A1E0336820682D
:1020C000191D3160060601D51D6803E04506FBD5E4
:1020D000B3F90050002D03DA2D236D4284F843300C
:1020E0005B480A2311E021683368080653F8045B53
:1020F00002D4490648BFADB23360237E54486F2BEB
:102100005CD10823002184F843106668A660002E85
:1021100005DB21682E4321F00401216050D01646D2
:10212000B5FBF3F103FB115C10F80CC006F801CD10
:10213000AC4663450D46F3D9082B0BD12368DB076A
:1021400008D5236961689942DEBF302306F8013C57
:1021500006F1FF36921B2261CDF80090434603AA98
:1021600021463846FFF7E4FE01304ED14FF0FF30F4
:1021700005B0BDE8F083236843F0200323603548B1
:10218000782584F845502368316813F0800F51F8A2
:10219000045B03D113F0400F18BFADB23160D90713
:1021A00044BF43F0200323601DB11023AAE7284851
:1021B000E7E7236823F020032360F6E70A23A1E77B
:1021C0001646B9E7336825686169181D30602E0628
:1021D0001B6801D5196002E06806FBD51980002351
:1021E00023611646B8E733681A1D32601E686268BC
:1021F00000213046EDF7CCFF08B1801B60606368BA
:102200002361002384F84330A6E723693246414620
:102210003846C8470130A9D023689B0713D4E0682B
:10222000039B9842B8BF1846A2E7012332464146B5
:102230003846C847013099D00135E36803995B1AE5
:10224000AB42F2DCEBE7002504F11906F5E700BF2D
:1022500020390108313901082DE9F84315468A680B
:1022600080460C4632B98A69002A14BF4FF0FF320B
:1022700001228A602268DFF89090D1065FBF1A6859
:10228000111D196016680027A06988B1012807D1BF
:102290002B681A7863699B5C53B9002F32D023E016
:1022A000022821D12B681B7819F803301B071BD497
:1022B0002368DA065EBF2B681B7806F8013B6B6863
:1022C000013B6B602B6801332B60A368013B013736
:1022D000A3604BB16B68002BD6DCD4F88031294663
:1022E000404698470028CFD0236813F0100305D14B
:1022F000E2680132E260A26902B1337023693B44B3
:1023000023610020BDE8F8835E3901082DE9F04F14
:102310009846734B0C468246164693E8070087B0F2
:1023200003AB83E807006F4BA1696F4A032908BF1D
:102330001A46A36801925A1EB2F5AE7F84BF6FF4AD
:10234000AE7503EB0509274684BF40F25D13A36019
:1023500057F81C3B43F4506398BF4FF000092360CB
:102360003D464FF0000B316803AB097853F82B0062
:102370000222EDF70DFF28B3BBF1010F58D16268BF
:102380002AB92268082142F4007261602260226842
:1023900022F4A0622260A268511EA16092B132684C
:1023A000511C3160127805F8012B7268013A002A3D
:1023B000726007DCD4F880213146504690470028EF
:1023C00040F083800BF1010BBBF1030FCBD16168AF
:1023D00009B90A216160454B6069591A00F040F95A
:1023E0004FF0000BA3682268002B3DD03168606974
:1023F00091F800C010F80C00002835D0BCF1300F67
:1024000024D1100522D50BF1010BB9F1000F03D037
:10241000013309F1FF39A3607368013B002B73603E
:102420001BDD336801333360A368013BA360D9E748
:10243000BBF1020FAFD1226802F4C061B1F5007F99
:10244000C5D11021616042F48072A3E722F41062CA
:1024500022600B7805F8013BDEE7D4F88031314685
:10246000504698470028DFD02368DB050DD5BD42D4
:1024700009D915F8011CD4F87C31324650469847EA
:1024800005F1FF394D46BD4227D0226812F01002F7
:1024900012D12A706368019E39465046B047D8F879
:1024A000003021681A1DC8F800208E061B680FD561
:1024B0001860E3680133E3602369ED1B5D442B443E
:1024C0002361002007B0BDE8F08F4FF0000BCBE791
:1024D000CA074CBF18801860EBE70120F2E700BF85
:1024E000BC310108D9280108B9290108523901086D
:1024F000B1F90C20F8B5160705460C4651D44B68C7
:10250000002B02DC0B6C002B49DDE66A002E46D066
:10251000002312F480522F682B6031D0626DA389A2
:10252000590705D56368D21A636B0BB1236CD21AB5
:102530000023E66A216A2846B047421CB4F90C30F1
:1025400006D129681D2945D8274ACA40D60741D552
:1025500000226260D9042269226004D5421C01D1A4
:102560002B6803B96065616B2F60C1B104F144034E
:10257000994202D02846FFF761F9002363630EE019
:10258000216A01232846B0470246501CC7D12B6858
:10259000002BC4D01D2B01D0162B19D12F60002089
:1025A0001DE00F69002FFAD093070E6808BF4B6932
:1025B0000F6018BF0023F61B8B60002EEFDD216A31
:1025C000D4F828C033463A462846E047002807DCBE
:1025D000B4F90C3043F04003A3814FF0FF30F8BD55
:1025E0000744361AE9E700BF0100402038B50B69FF
:1025F00005460C4613B90025284638BD18B1036AB4
:102600000BB9FEF7F7FEB4F90C30002BF3D0626E75
:10261000D00704D4990502D4A06DFFF7E0F828464E
:102620002146FFF765FF636EDA070546E4D4A38908
:102630009B05E1D4A06DFFF7D3F8DDE70EB403B539
:10264000014603AB054853F8042B0068019300F0E2
:10265000DDF902B05DF804EB03B07047EC00002038
:1026600070B50B7804465E2B0BBF4B784A1C8A1C56
:10267000002108BF0121013804F1FF0500F8011F06
:10268000A842FBD10BB9501E70BD81F00101E1548D
:102690001046024612F8015B2D2D05D05D2D16D097
:1026A000002DF1D02B46F2E746785D2EFAD0B342EA
:1026B000F8DC02301A4601329642A154FBDCF21AD1
:1026C000013AB342A8BF002201331344E1E71046A8
:1026D000DAE72DE9F0410C46496B04F144039942D5
:1026E0001DD14FF48061FEF7FFFC18B94FF0FF30A9
:1026F000BDE8F0814FF48063A36394F846306063D3
:1027000080F8FF3394F8453080F8FE3394F8443075
:1027100080F8FD3300F2FD3020600020E8E7A66B72
:1027200077003A4600F02FF805460028DED000EB8F
:102730000608014632464046FFF753F8C4E90D57F4
:10274000C4F80080E9E7884210B501EB020402D921
:102750008442234607D8431EA14207D011F8012B1B
:1027600003F8012FF8E70244824200D110BD13F8AC
:10277000011D02F8011DF7E708B5062000F014FB63
:102780000120EEF766FA2DE9F041074614460D46A2
:1027900021B9BDE8F0411146FEF7A6BC2AB9FFF702
:1027A0004DF825462846BDE8F08100F019FB84422B
:1027B000064602D8B4EB500FF4D821463846FEF74F
:1027C00093FC804608B94546ECE7B44222462946C8
:1027D00028BF3246FFF705F829463846FFF72EF89E
:1027E000F1E70000242B2DE9F0478646904601D8FA
:1027F000012B06D1FEF7C8FF162303600020BDE8B9
:10280000F08734480D462A4615F8014B065D16F050
:102810000806F8D12D2C10D12C780126951C33F008
:10282000100215D1302C0DD12A7802F0DF02582A7F
:1028300008D16C78023510230AE02B2C04BF2C78C9
:10284000951CECE7002BF6D1302C14BF0A2308238B
:1028500006F1004C0CF1FF3C0022BCFBF3F91046E2
:1028600003FB19CAA4F13007092F0FD83C46A34235
:102870001BDD571C07D0814514D301D1A24511DBC4
:1028800000FB0340012215F8014BEBE7A4F14107DF
:10289000192F01D8373CEAE7A4F16107192F04D8B2
:1028A000573CE4E74FF0FF32EDE7531C08D12223F9
:1028B000CEF800306046B8F1000FA0D0691E06E0E7
:1028C00006B14042B8F1000F99D0002AF6D1C8F8FD
:1028D000001094E75E390108FFF784BF2DE9F0434B
:1028E000344E86460D46284615F8014B375D17F0E5
:1028F0000807F8D12D2C10D12C780127851C33F036
:10290000100015D1302C0DD1287800F0DF005828A8
:1029100008D16C78023510230AE02B2C04BF2C78E8
:10292000851CECE7002BF6D1302C14BF0A230823BA
:102930004FF0FF380026B8FBF3F803FB08F96FEA05
:1029400009093046A4F1300CBCF1090F10D86446D7
:10295000A3421EDDB6F1FF3F07D0804516D301D15B
:10296000A14513DB00FB0340012615F8014BE9E705
:10297000A4F1410CBCF1190F01D8373CE8E7A4F1F0
:10298000610CBCF1190F04D8573CE1E74FF0FF365A
:10299000EBE7731C06D12223CEF80030304632B963
:1029A000BDE8F08307B14042002AF9D006B1691EA4
:1029B0001160F5E75E390108FFF790BF9368013BAE
:1029C000002B10B4936007DA9469A34201DB0A2953
:1029D00002D110BC00F02EB91368581C1060197099
:1029E000084610BC7047F8B506460F461446D51881
:1029F000AC4201D1002007E014F8011B3A463046F2
:102A0000FFF7DCFF431CF3D1F8BD00002DE9F047D0
:102A10000D469CB014461F46064618B1036A0BB912
:102A2000FEF7E8FC6B6ED90705D4AB899A0502D492
:102A3000A86DFEF7D4FEAB891B0701D52B699BB9A6
:102A40002946304600F034F970B16B6EDC0704D5CE
:102A50004FF0FF301CB0BDE8F087AB899805F7D484
:102A6000A86DFEF7BDFEF3E70023099320238DF840
:102A70002930039730236A4F8DF82A304FF0010830
:102A80002346994613F8012B0AB1252AF9D1B9EB4F
:102A9000040A0BD05346224629463046FFF7A3FFCF
:102AA000013000F0A480099A5244099299F800304C
:102AB000002B00F09C8000234FF0FF32CDE905236E
:102AC00009F10109049307938DF853301A934C468A
:102AD000534814F8011B0522EDF75AFB049BD0B9AB
:102AE000D90644BF20228DF853201A0744BF2B2259
:102AF0008DF8532099F800202A2A13D0079A4C46C3
:102B000000204FF00A0C214611F8013B303B092B05
:102B100049D968B913E0C01B08FA00F018430490C3
:102B2000A146D4E7039A111D12680391002A01DB24
:102B3000079204E0524243F0020307920493237881
:102B40002E2B0AD163782A2B32D1039B1A1D1B68C6
:102B5000039243EAE37302340593DFF8C8902178C7
:102B600003224846EDF714FB38B1049BA0EB0900A3
:102B70004022824013430134049314F8011B2A4875
:102B80008DF828100622EDF703FB00283ED02748D9
:102B900018BB039B073323F0070308330393099BF8
:102BA000034409936CE70CFB02320C460120AAE7B0
:102BB00000230134059319464FF00A0C204610F803
:102BC000012B303A092A03D9002BC6D00591C4E75E
:102BD0000CFB012104460123F0E703AB00932A46D6
:102BE000134B04A93046AFF30080431CD7D16B6E62
:102BF000D90705D4AB899A0502D4A86DFEF7F0FD7C
:102C0000AB895B063FF524AF099823E703AB00933C
:102C10002A46074B04A93046FFF7F8F9E5E700BF5D
:102C20000F390108153901081939010800000000A1
:102C3000E7290108F8B50E461446054618B1036A9F
:102C40000BB9FEF7D7FBA369A360A3891A0701D5C7
:102C5000236943B92146284600F02AF818B14FF0FD
:102C6000FF373846F8BD23682269981A6369F6B2BF
:102C70008342374605DC21462846FFF7B7FC00288B
:102C8000EDD1A368013BA36023685A1C22601E702B
:102C90006269431C9A4204D0A389DB07E1D50A2E5E
:102CA000DFD121462846FFF7A1FC0028D9D0D6E77E
:102CB00038B5284B054618680C4618B1036A0BB99D
:102CC000FEF798FBB4F90C301A0721D4D80607D4C4
:102CD00009222A6043F04003A3814FF0FF3030E027
:102CE000590712D5616B41B104F14403994202D0F6
:102CF0002846FEF7A3FD002363630022B4F90C30DD
:102D000062602269226023F0240343F00803A38158
:102D100022693AB99A0501D5180603D521462846F5
:102D200000F08AF8B4F90C3013F001020AD0002246
:102D3000A26062695242A261226942B913F0800026
:102D4000C8D138BD990758BF6269A260F4E7002076
:102D5000F7E700BFEC0000201F2938B505460C46F8
:102D600004D9162303604FF0FF3038BDC26B12B197
:102D700052F821304BB9284600F030F8224601467F
:102D80002846BDE8384000F017B8012B0AD0591C7E
:102D900003D1162303600120E7E7002142F8241045
:102DA000204698470020E0E7024B01461868FFF7ED
:102DB000D3BF00BFEC00002038B5074D0023044608
:102DC000084611462B60EDF734FF431C02D12B68F7
:102DD00003B1236038BD00BF34DD0020EDF722BF12
:102DE00051F8043C181F002BBCBF0B58C01870478B
:102DF00070B50C46B1F90E10002996B015461E4666
:102E00000ADAA18911F0800113D14FF48062002009
:102E100031602A6016B070BD6A4600F047F800289D
:102E2000EFDB019901F47041A1F50053594259417A
:102E3000EBE700214022EAE78B8973B59E07054640
:102E40000C4607D504F14703236023610123636126
:102E500002B070BD01AB6A46FFF7CAFF009E28466C
:102E60003146FEF741F9B4F90C3038B99A05EFD480
:102E700023F0030343F00203A381E3E743F080035D
:102E8000A381019B2060C4E90406002BE0D0B4F9C3
:102E90000E10284600F01CF80028D9D0A38923F092
:102EA000030343F00103A381D2E7000038B5074DC7
:102EB00000230446084611462B60EDF719FF431C1A
:102EC00002D12B6803B1236038BD00BF34DD002080
:102ED00038B5064D0023044608462B60EDF717FF72
:102EE000431C02D12B6803B1236038BD34DD0020C0
:102EF000F8B500BFF8BC08BC9E467047F8B500BFE7
:082F0000F8BC08BC9E467047B6
:102F080064656661756C745461736B002564732520
:102F18003033643A000000006C6576656C3A256CC5
:102F2800752064626D0D0A00707562202564206941
:102F380074656D0D0A00000066616B65206C657331
:102F4800733A207072655F737A2025642063757206
:102F58005F737A2025640D0A0000000074785F70A2
:102F680075625F71756575655F66756C6C0D0A00D5
:102F78007075625F7274636D0000000070756C6C30
:102F88005F7274636D000000756172745F636F6DCA
:102F980031000000756172745F636F6D320000006C
:102FA800256473253033643A0000000041542B54E3
:102FB80052414E530D0A0D0A4F4B0D0A00000000F6
:102FC800257300002B2B2B0041542B5600000000CA
:102FD8000D0A4552524F520D0A000000332E302E72
:102FE8003000000076657273696F6E3A25730D0ABA
:102FF8000D0A4F4B0D0A000041542B4D4F44453DDF
:1030080025640D0A0D0A4F4B0D0A000041542B4D43
:103018004F44453D25640D0A000000000D0A4F4B42
:103028000D0A000041542B545950453D25640D0AA2
:103038000000000041542B545950453D256C750D36
:103048000A0D0A4F4B0D0A0041542B5057523D258B
:10305800640D0A0041542B5057523D256C750D0ADA
:103068000D0A4F4B0D0A000041542B4652513D2585
:10307800642E253033642025642E253033640D0AF0
:103088000000000041542B4652513D25642E253046
:1030980033642025642E253033640D0A0D0A4F4B06
:1030A8000D0A000041542B42414E443D2564202521
:1030B800640D0A0041542B42414E443D256C752055
:1030C800256C750D0A0D0A4F4B0D0A0041542B4211
:1030D80050533D25640D0A0041542B4250533D2561
:1030E8006C640D0A0D0A4F4B0D0A000041542B0069
:1030F8000D0A0000636D645B25645D206E6F2073AC
:1031080065742063620D0A0041542B445052543DAB
:1031180025640D0A000000001200240030000000A1
:1031280006000C0010000000000000000100000074
:103138000200000049444C4500000000546D722014
:1031480053766300546D725100000000B2270000EE
:1031580000000000C194C10000000000303132338B
:103168003435363738396162636465666768696A19
:103178006B6C6D6E6F707172737475767778797A1F
:1031880000000000303132333435363738394142A7
:10319800434445464748494A4B4C4D4E4F5051527F
:1031A800535455565758595A000000003C4E554C38
:1031B8004C3E000054390108573901085A390108B2
:1031C800082F0108000000000000000000000000B7
:1031D80000000000000200001800000000000000CD
:1031E80000000000C10D000800000000250E0008C6
:1031F800950E0008C90E0008E50E0008F90E000833
:10320800210F0008490F0008630F00089D0F0008F0
:1032180025110008651100084511000889110008EA
:103228009710000865160008791600089F16000810
:1032380087160008004B00000207020000960000F5
:103248000205040024F4000002050100010000004A
:103258000200000000000000FB4C86000DD58A002B
:10326800F6990C00E1E693001AAA1500EC33190050
:10327800177F9F003981A100C2CD270034542B004D
:10328800CF18AD00D8673200232BB400D5B2B800F0
:103298002EFE3E00894EC50072024300849B4F00FB
:1032A8007FD7C90068A8560093E4D000657DDC008C
:1032B8009E315A00B0CF64004B83E200BD1AEE0085
:1032C800465668005129F700AA6571005CFC7D002C
:1032D800A7B0FB00E9D10C00129D8A00E404860027
:1032E8001F48000008379F00F37B190005E215000E
:1032F800FEAE9300D050AD002B1C2B00DD852700BF
:1033080026C9A10031B63E00CAFAB8003C63B40031
:10331800C72F3200609FC9009BD34F006D4A4300FE
:103328009606C50081795A007A35DC008CACD0004D
:1033380077E05600591E6800A252EE0054CBE20016
:10334800AF876400B8F8FB0043B47D00B52D710069
:103358004E61F700D2A3190029EF9F00DF76930092
:10336800243A150033458A00C8090C003E90000035
:10337800C5DC8600EB22B800106E3E00E6F732008E
:103388001DBBB4000AC42B00F188AD000711A100D1
:10339800FC5D27005BEDDC00A0A15A005638560002
:1033A800AD74D000BA0B4F004147C900B7DEC50065
:1033B8004C924300626C7D009920FB006FB9F700C6
:1033C80094F57100838AEE0078C668008E5F640009
:1033D8007513E2003B721500C03E930036A79F00AC
:1033E800CDEB1900DA94860021D80000D7410C00F3
:1033F8002C0D8A0002F3B400F9BF32000F263E00FC
:10340800F46AB800E31527001859A100EEC0AD0012
:10341800158C2B00B23CD00049705600BFE95A0009
:1034280044A5DC0053DA4300A896C5005E0FC90026
:10343800A5434F008BBD710070F1F7008668FB0053
:103448007D247D006A5BE20091176400678E680046
:103458009CC2EE00A44733005F0BB500A992B900E7
:1034680052DE3F0045A1A000BEED260048742A00A8
:10347800B338AC009DC69200668A140090131800F9
:103488006B5F9E007C200100876C870071F58B00C4
:103498008AB90D002D09F600D645700020DC7C00A5
:1034A800DB90FA00CCEF650037A3E300C13AEF00E8
:1034B8003A76690014885700EFC4D100195DDD0021
:1034C800E2115B00F56EC4000E224200F8BB4E000C
:1034D80003F7C8004D963F00B6DAB9004043B5007F
:1034E800BB0F3300AC70AC00573C2A00A1A52600E6
:1034F8005AE9A00074179E008F5B180079C2140067
:10350800828E920095F10D006EBD8B009824870085
:1035180063680100C4D8FA003F947C00C90D7000AC
:103528003241F600253E6900DE72EF0028EBE30029
:10353800D3A76500FD595B000615DD00F08CD100AE
:103548000BC057001CBFC800E7F34E00116A4200C9
:10355800EA26C40076E42A008DA8AC007B31A000DE
:10356800807D26009702B9006C4E3F009AD7330041
:10357800619BB5004F658B00B4290D0042B0010076
:10358800B9FC8700AE83180055CF9E00A356920061
:10359800581A1400FFAAEF0004E66900F27F6500DC
:1035A8000933E3001E4C7C00E500FA001399F6008D
:1035B800E8D57000C62B4E003D67C800CBFEC4009E
:1035C80030B2420027CDDD00DC815B002A185700AD
:1035D800D154D1009F3526006479A00092E0AC0058
:1035E80069AC2A007ED3B500859F330073063F007F
:1035F800884AB900A6B487005DF80100AB610D00E8
:10360800502D8B0047521400BC1E92004A879E0022
:10361800B1CB1800167BE300ED3765001BAE6900DF
:10362800E0E2EF00F79D70000CD1F600FA48FA00CE
:1036380001047C002FFA4200D4B6C400222FC8002F
:10364800D9634E00CE1CD10035505700C3C95B006A
:103658003885DD00010000000300000005000000BF
:103668000100000001000000060000000A00000040
:103678002000000002000000040000000800000014
:103688001000000040000000800000000001000061
:103698000002000000000000000000000000000020
:1036A800000000000100000002000000030000000C
:1036B80004000000A0860100400D0300801A0600E7
:1036C80000350C0040420F0080841E0000093D00B8
:1036D80000127A000024F40000366E010048E80168
:1036E800006CDC0200000000000000000000000088
:1036F80000000000010002000400060008000A00A3
:103708000C001000200040008000000101010103AE
:10371800070100000804020408010101CDCE0008D9
:1037280085CF0008B5CF00086DD0000883D0000809
:1037380037D100085DD1000875D5000899D7000871
:10374800B1D9000861DA000851DC000877DC00080C
:1037580085DC0008CDDD0008FDDD000861DE00081D
:1037680079DE00089DDE0008B9DE0008DFDE00080B
:1037780005DF000861DF0008BDDF000869E0000818
:1037880005DD000885DD000851E4000889E400082B
:10379800E5E5000871E90008AD010108D10101085B
:1037A800E1ED0008F9ED000804050600C01200006C
:1037B8001F000000A816000017000000841C00006D
:1037C8000F000000E42500001E000000B42D0000DA
:1037D80016000000083900000E0000002C4C000004
:1037E8001D000000685B00001500000074720000F6
:1037F8000D000000589800001C00000034B70000BD
:1038080014000000E8E400000C000000783101001A
:103818001B000000686E01001300000034CA01009C
:103828000B000000286202001A00000040DB0200C2
:10383800120000003C9303000A000000C0C204000C
:103848001900000060B305001100000038200700CF
:103858000900000020A10700000000005245454E65
:1038680054206D616C6C6F63207375636365656468
:103878006564002F6275696C642F676E752D746FAF
:103888006F6C732D666F722D73746D33325F3134C4
:103898002E332E72656C312E32303235313032375C
:1038A8002D303730302F7372632F6E65776C6962F5
:1038B8002F6E65776C69622F6C6962632F7374640D
:1038C8006C69622F72616E642E63002C2066756EBF
:1038D8006374696F6E3A2000617373657274696FFF
:1038E8006E2022257322206661696C65643A206621
:1038F800696C6520222573222C206C696E65202551
:1039080064257325730A00232D302B2000686C4C26
:1039180000656667454647003031323334353637FF
:103928003839414243444546003031323334353624
:1039380037383961626364656600412D46612D66DA
:10394800383930313233343536375D002B2D00307D
:103958003000785800002020202020202020202817
:10396800282828282020202020202020202020202F
:103978002020202020208810101010101010101067
:1039880010101010101004040404040404040404A7
:103998001010101010101041414141414101010126
:1039A80001010101010101010101010101010101FF
:1039B800011010101010104242424242420202020C
:1039C80002020202020202020202020202020202CF
:1039D800021010101020000000000000000000007D
:1039E80000000000000000000000000000000000CF
:1039F80000000000000000000000000000000000BF
:103A080000000000000000000000000000000000AE
:103A1800000000000000000000000000000000009E
:103A2800000000000000000000000000000000008E
:103A3800000000000000000000000000000000007E
:103A4800000000000000000000000000000000006E
:083A5800000000000000000066
:083A600020C7FE7F01000000F9
:043A680065010008EC
:043A6C00410100080C
:103A70000141542B5600000000000000000000002F
:103A8000513A00080241542B4652510000000000F8
:103A9000013D0008C13D00080341542B505752001E
:103AA00000000000453C0008C93C00080441542BBC
:103AB00042414E44000000005D3E0008F13E000817
:103AC0000541742B5459504500000000893B000803
:103AD0000D3C00080641542B4D4F444500000000AA
:103AE000FD3A0008BD3A00080741542B5452414E9C
:103AF0005300000081390008000000000841542BE9
:103B00004250530000000000293F0008A93F000870
:103B10000941542B4450525400000000B5430008A2
:103B20000000000000000000000000000000000095
:103B3000000000000000000000093D00100000002F
:103B4000AAAAAAAAFF000000643101088C3101086A
:103B50000000000003000000F8DB0020F00000205F
:103B600000000000F8DB002060DC0020C8DC002042
:103B70000000000000000000000000000000000045
:103B80000000000000000000000000000000000035
:103B90000000000000000000000000000000000025
:0C3BA00000000000000000000000000019
:04000005080016B524
:00000001FF
