:020000040800F2
:100000000000012035190008750900087D09000865
:10001000850900088D090008950900080000000006
:1000200000000000000000000000000091BB00087C
:100030009D0900080000000071BD0008B9BD00085E
:100040008519000885190008A90900088519000804
:100050008519000885190008851900088519000808
:1000600085190008851900088519000885190008F8
:100070008519000885190008D1090008BD09000884
:10008000E5090008F9090008851900088519000824
:10009000000000008519000885190008851900086E
:1000A00085190008851900088519000885190008B8
:1000B00085190008851900088519000885190008A8
:1000C0008519000885190008851900088519000898
:1000D0000D0A0008210A0008851900088519000882
:1000E0008519000885190008350A000885190008D7
:1000F00085190008000000000000000085190008B4
:100100008519000885190008490A000885190008A2
:100110008519000885190008851900088519000847
:100120008519000885190008851900088519000837
:0801300085190008851900087B
:1001400010B5054C237833B9044B13B10448AFF311
:1001500000800123237010BD280100200000000052
:10016000B042010808B5034B1BB103490348AFF384
:10017000008008BD000000002C010020B0420108F2
:10018000034613F8012B002AFBD1181A01387047D7
:1001900001F0FF01102A2BDB10F0070F08D010F838
:1001A000013B013A8B422DD010F0070F42B3F6D13C
:1001B000F0B441EA012141EA014122F007047FF055
:1001C00000070023F0E80256083C85EA010586EAAC
:1001D000010685FA47F5A3FA87F586FA47F6A5FAE8
:1001E00087F68EB9EED1F0BC01F0FF0102F00702F4
:1001F00032B110F8013B013A83EA010313B1F8D19F
:100200000020704701387047002D06BF354603387F
:10021000073815F0010F07D1013015F4807F02BFB8
:10022000013015F4C03F0130F0BC0138704700BF09
:1002300053B94AB9002908BF00281CBF4FF0FF314D
:100240004FF0FF3000F088B9ADF1080C6DE904CE35
:1002500000F006F8DDF804E0DDE9022304B07047A1
:100260002DE9F047089D0F4604468C46002B48D1E7
:100270008A42164661D9B2FA82F34BB1C3F1200229
:1002800001FA03FC20FA02F29E4042EA0C0C9C4068
:100290004FEA164EB7B2BCFBFEF1220C0EFB11CC9E
:1002A00042EA0C4201FB07F0904209D9B21801F171
:1002B000FF3C80F0EE80904240F2EB800239324405
:1002C000121AA4B2B2FBFEF00EFB102244EA024462
:1002D00000FB07F7A74209D9341900F1FF3280F07B
:1002E000DA80A74240F2D7803444023840EA014025
:1002F000E41B00211DB1DC400023C5E90043BDE83B
:10030000F0878B4206D90DB1C5E9000100210846EE
:10031000BDE8F087B3FA83F1002948D1BB4202D38C
:10032000824200F20781841A67EB0302012094469F
:10033000002DE4D0C5E9004CE1E7002A00F09280EE
:10034000B2FA82F3002B40F0A8808A1A4FEA164EC8
:100350001FFA86FC0121200CB2FBFEF70EFB1722D0
:1003600040EA02420CFB07F0904207D9B21807F1AD
:10037000FF3802D2904200F2E2804746121AA4B23D
:10038000B2FBFEF00EFB102244EA02440CFB00FC20
:10039000A44507D9341900F1FF3202D2A44500F276
:1003A000CB801046A4EB0C0440EA0740A2E7C1F161
:1003B00020068B4022FA06FC4CEA030C07FA01F4F3
:1003C00020FA06F3F7404FEA1C49234300FA01F8EC
:1003D0001FFA8CFEB7FBF9F01C0C09FB107744EAFE
:1003E000074400FB0EF7A74202FA01F20AD91CEB00
:1003F000040400F1FF3A80F09B80A74240F298800D
:1004000002386444E41B9FB2B4FBF9F309FB1344C4
:1004100047EA044403FB0EFEA64509D91CEB04047D
:1004200003F1FF3780F08280A6457FD9023B644408
:1004300043EA0040A4EB0E04A0FB02E7BC42734673
:10044000B94663D360D05DB1B8EB030264EB090435
:1004500004FA06F622FA01F31E43CC40C5E9006413
:1004600000214CE76208480842EAC1710B0C43EADC
:1004700000438AB242EA0342B3FBF6F1E407B44612
:100480003746B6461F23B0FBF6F0D21B41EA0041C7
:1004900061E7614614E7104628E7C3F1200120FA1E
:1004A00001F29E4027FA01F19F403A434FEA164E6F
:1004B0001FFA86FCB1FBFEF70EFB1710110C41EA88
:1004C000004107FB0CF8884504FA03F43AD9711887
:1004D00007F1FF3001D288451FD8A1EB0801B1FB1D
:1004E000FEF808FB0CF70EFB181192B242EA01422B
:1004F000BA422FD2B21808F1FF31C6D2BA42C4D2E2
:10050000A8F102013244C0E7F0459CD2BEEB0203E1
:1005100067EB0C070138B94695E7A6EB080841449C
:10052000B81EB1FBFEF808FB0CF7DCE73B467FE7A3
:10053000504667E70846FBE63444023832E7023F9C
:1005400032441BE7A1EB08013846B1FBFEF808FB7B
:100550000CF7C8E7414698E7704700BF80B500AF89
:10056000044A002104480AF061FD0346034A13606F
:1005700000BF80BD784501088105000844050020C2
:1005800080B582B000AF786001F0FDF94FF4806271
:100590000849012003F02CFE02F0F6FF064803F0A4
:1005A00069F802F087FC00200CF0CAFB00BF083796
:1005B000BD4680BD44010020D543000880B485B00D
:1005C00000AF78604FF0B0439A6C4FF0B0417B6859
:1005D00013438B644FF0B0439A6C7B681340FB600D
:1005E000FB6800BF1437BD4680BC704780B500AFC4
:1005F0000420FFF7E3FF0120FFF7E0FF00220521C1
:100600000E2004F0A0F80E2004F0B7F80222052115
:100610000F2004F098F80F2004F0AFF80022052115
:10062000112004F090F8112004F0A7F8022205210F
:10063000102004F088F8102004F09FF800BF80BD5F
:1006400080B485B000AF78604FF0B043DA6C4FF003
:10065000B0417B681343CB644FF0B043DA6C7B68E6
:100660001340FB60FB6800BF1437BD4680BC704779
:1006700080B586B000AF3B1D00221A605A609A60B8
:10068000DA601A610220FFF7DBFF0120FFF7D8FFD5
:100690000420FFF7D5FF00224FF4E2710A4805F06D
:1006A00009F84FF4E2737B600123BB600023FB6019
:1006B00000233B613B1D1946034804F0CDFD00BFFC
:1006C0001837BD4680BD00BF0004004880B483B029
:1006D00000AF78604FF0B043D3F8903023F01802A9
:1006E0004FF0B0417B681343C1F8903000BF0C3726
:1006F000BD4680BC704780B500AF03F019FF00F025
:100700000BF8FFF7B5FF0AF029FCFFF727FF0AF007
:1007100057FC00BFFDE7000080B59AB000AF07F1BD
:10072000200348220021184612F00EF907F10803B1
:1007300000221A605A609A60DA601A615A6104F005
:10074000D1FF0020FFF7C2FF264B1B6823F4C063D4
:10075000244A43F400731360224B1B6803F4C06304
:100760007B607B6805233B624FF480337B6281238F
:10077000FB620023BB620223FB6403233B6510235F
:100780007B650923BB654FF40033FB654FF0804365
:100790007B664FF000733B6607F12003184605F0B7
:1007A0004BFA0346002B01D000F01EF84F23BB602C
:1007B0000323FB6000233B6100237B610023BB61BB
:1007C0000023FB6107F108030221184605F0B6FD7E
:1007D0000346002B01D000F007F800BF6837BD4684
:1007E00080BD00BF0004005880B400AF72B600BFE7
:1007F00000BFFDE780B400AF4FF0B043D3F89030B6
:100800004FF0B04243F40043C2F8903000BFBD4601
:1008100080BC704780B485B000AF78604FF0B043C3
:100820009A6D4FF0B0417B6813438B654FF0B04336
:100830009A6D7B681340FB60FB6800BF1437BD46B0
:1008400080BC704780B58CB000AF3B1D2C220021CE
:10085000184612F079F8224B224A1A60204B1F22C8
:100860009A601F4B00221A611D4B00225A611C4BDB
:1008700000229A611A4B4FF08042DA61184B002235
:100880001A62174B4FF480725A62154806F012FA3A
:100890000346002B01D0FFF7A7FF114806F008FD23
:1008A0000346002B01D0FFF79FFF00233B6200238C
:1008B000BB600023BB614FF00053FB614FF48073BA
:1008C000FB623B1D00221946054806F075FA0346F7
:1008D000002B01D0FFF788FF00BF3037BD4680BD39
:1008E000480500200028004080B590B000AF786037
:1008F00007F1080338220021184612F025F87B681A
:100900001B68164A934225D14FF48033BB604FF4E5
:100910008073FB6307F10803184606F0B1F803463D
:10092000002B01D0FFF760FFFFF764FF4FF48060FA
:10093000FFF770FF00220521022003F004FF0220D0
:1009400003F01BFF002205212A2003F0FCFE2A20D1
:1009500003F013FF00BF4037BD4680BD00280040B4
:1009600080B500AF00220F216FF0010003F0EBFE15
:1009700000BF80BD80B400AF00BFFDE780B400AF12
:1009800000BFFDE780B400AF00BFFDE780B400AF5B
:1009900000BFFDE780B400AF00BFFDE780B400AF4B
:1009A00000BFBD4680BC704780B500AF024806F06E
:1009B000BBFC00BF80BD00BF4805002080B500AF74
:1009C000024804F071F900BF80BD00BF9407002009
:1009D00080B500AF024804F067F900BF80BD00BFDA
:1009E0005408002080B500AF024804F05DF900BF54
:1009F00080BD00BF3407002080B500AF024804F07E
:100A000053F900BF80BD00BFF407002080B500AFE0
:100A1000024807F077FC00BF80BD00BF9C050020A6
:100A200080B500AF024807F06DFC00BF80BD00BF7D
:100A30006806002080B500AF024806F025FB00BF25
:100A400080BD00BF4805002080B500AF024806F019
:100A5000D9FF00BF80BD00BF8005002080B485B0F5
:100A600000AF78604FF0B0435A6E4FF0B0417B68F2
:100A700013434B664FF0B0435A6E7B681340FB60E4
:100A8000FB6800BF1437BD4680BC704780B500AF1F
:100A9000064B08221A60054806F032FD0346002B7B
:100AA00001D0FFF7A1FE00BF80BD00BF8005002080
:100AB00080B582B000AF78600120FFF7CFFF002241
:100AC0000521322003F03FFE322003F056FE00BF26
:100AD0000837BD4680BD80B483B000AF78604FF06A
:100AE000B0439B6823F400424FF0B0417B6813434E
:100AF0008B6000BF0C37BD4680BC704780B500AF2F
:100B00000020FFF7E8FF10F0AFFF0A4B01221A7038
:100B100000F090F810F0A8FD074810F0C1FD022089
:100B200010F0CCFD10F084FE0121012010F0C0FE79
:100B300000BF80BD8C0500203D0B000880B586B04D
:100B400002AF7860396007F10803184610F054FFCF
:100B5000BB68B7F90C200092074A1021786800F0B2
:100B600015F87868FFF70CFB03469AB23B681A80C9
:100B700000BF1037BD4680BDD442010880B500AF2C
:100B80000021022010F064FE00BF80BD0CB480B5CF
:100B900084B000AF7860396007F11C03FB603968EE
:100BA000FB68BA69786811F003FB00BF1037BD46D7
:100BB000BDE8804002B0704780B483B000AF786079
:100BC000002318460C37BD4680BC704780B582B004
:100BD00000AF00237B60064B1B78002B02D000F097
:100BE000B5F978607B6818460837BD4680BD00BF00
:100BF0008C05002080B582B000AF78607B68184615
:100C000000F02BFA00BF0837BD4680BD80B483B02A
:100C100000AF7860064BD3F8902005497B681343FA
:100C2000C1F8903000BF0C37BD4680BC704700BF94
:100C30000008005880B500AF4FF48040FFF7E6FF92
:100C400003F096FC03F09AFC03F09EFC00BF80BD0D
:100C500080B400AF01231846BD4680BC704780B504
:100C600082B000AF7860396011F06EFF0346162243
:100C70001A604FF0FF3318460837BD4680BD80B577
:100C800082B000AF78604FF0FF317868FFF7E7FF80
:100C900000BFFDE780B586B000AFF860B9607A604C
:100CA00000237B610AE0AFF300800146BB685A1C59
:100CB000BA60CAB21A707B6901337B617A697B685A
:100CC0009A42F0DB7B6818461837BD4680BD80B578
:100CD00086B000AFF860B9607A6000237B6109E0FC
:100CE000BB685A1CBA601B781846AFF300807B695A
:100CF00001337B617A697B689A42F1DB7B68184635
:100D00001837BD4680BD80B483B000AF78604FF027
:100D1000FF3318460C37BD4680BC704780B483B0A3
:100D200000AF786039603B684FF400525A6000238E
:100D300018460C37BD4680BC704780B483B000AF06
:100D40007860012318460C37BD4680BC704780B4DC
:100D500085B000AFF860B9607A6000231846143798
:100D6000BD4680BC7047000080B586B000AF78609B
:100D7000144A154BD31A7B617B693B61134B1B688B
:100D8000002B02D1114B124A1A60104B1A687B6873
:100D900013443A699A4207D211F0D6FE03460C2258
:100DA0001A604FF0FF3309E0084B1B68FB60074BEC
:100DB0001A687B681344054A1360FB6818461837A5
:100DC000BD4680BD00000120000800009005002005
:100DD0000000001080B483B000AF78607B689B682F
:100DE00018460C37BD4680BC7047000080B582B005
:100DF00000AF0023FB71144B1B7883F00103DBB2BF
:100E0000002B1BD0114B4FF0FF321A63FFF71AFD76
:100E100000F056F84FF480710C4806F0D9F80B4BEF
:100E20004FF0FF321A63094806F010FA002000F074
:100E3000D3F900F05FF8044B01221A70FB791846D1
:100E40000837BD4680BD00BF94050020480500203E
:100E500080B58EB000AF7860002387F8373007F197
:100E600008032C220021184611F06EFD00F028F82E
:100E7000114B1B687A6813447B6000237B627B689C
:100E8000DB43FB600023FB614FF000533B624FF4F8
:100E900080733B6307F1080301221946074805F0F8
:100EA0008BFF0346002B01D0FFF79EFC97F83730ED
:100EB00018463837BD4680BD9805002048050020FB
:100EC00080B582B000AF0023FB71084B0122DA65C8
:100ED0004FF48071064806F07BF8054B4FF0FF3267
:100EE0001A63FB7918460837BD4680BD00280040CC
:100EF0004805002080B500AF00F08EF90346034A94
:100F00001360024B1B68184680BD00BF9805002087
:100F100080B400AF024B1B681846BD4680BC7047CA
:100F20009805002080B582B000AF00237B6000F000
:100F300073F90246044B1B68D31A7B607B68184622
:100F40000837BD4680BD00BF9805002080B582B03F
:100F500000AF00237B60064B1B78002B02D000F013
:100F60005BF978607B6818460837BD4680BD00BFD6
:100F70009405002080B483B000AF00237B6003237E
:100F80007B607B6818460C37BD4680BC7047B0B5A7
:100F900084B000AF78600021F960796800200A46CB
:100FA0000346950D94024FF47A724FF000032046E9
:100FB0002946FFF73DF902460B461346FB60FB68E6
:100FC00018461037BD46B0BD2DE9B00F85B000AF53
:100FD00078600021F960796800200C4605462046BB
:100FE00029464FF0000A4FF0000B4FEA411B4BEA35
:100FF000D06B4FEA401A50465946021B61EB05037D
:101000004FF000004FF00001990041EA927190000A
:1010100002460B4612EB040843EB05094FF00002B1
:101020004FF000034FEAC90343EA58734FEAC8027E
:1010300090469946404649464FF000024FF0000363
:10104000820A42EA81528B0A1346FB60FB6818460B
:101050001437BD46BDE8B00F704780B584B000AF0F
:1010600078607868FFF793FFF86000F0D5F8B86013
:1010700000E000BF00F0D0F80246BB68D31AFA685F
:101080009A42F6D800BF00BF1037BD4680BD80B57C
:1010900082B000AF786010F035FE00BF0837BD4663
:1010A00080BD80B584B000AF786000F0A5F8F8602E
:1010B000FB680133184600F08FF800BF1037BD46BB
:1010C00080BD2DE9B04F8CB000AF78610023FB628A
:1010D00000F0A2F8B86200F08FF878627B6A002214
:1010E000BB60FA604FF000024FF00003B9680B00DC
:1010F0000022B96A00200C46054612EB040843EBB7
:101100000509C7E90689D7E906014FF000024FF04B
:101110000003820A42EA81528B0A1346FB62BB69D2
:1011200000223B607A603B68C3F3090A4FF0000B72
:10113000C7E906ABBB691846FFF746FF03469AB2FC
:101140007B691A80FB6A18463037BD46BDE8B08F10
:1011500080B582B000AF78607A680021034806F05D
:1011600007F900BF0837BD4680BD00BF4805002015
:1011700080B582B000AF78607A680121034806F03C
:10118000F7F800BF0837BD4680BD00BF4805002006
:1011900080B582B000AF00237B600021044806F0D8
:1011A000FFF878607B6818460837BD4680BD00BFF1
:1011B0004805002080B582B000AF00237B6001218C
:1011C000044806F0EDF878607B6818460837BD469D
:1011D00080BD00BF4805002080B582B000AF7860B8
:1011E0007A680221034806F0C3F800BF0837BD46FD
:1011F00080BD00BF4805002080B582B000AF02214D
:10120000044806F0CDF878607B6818460837BD467C
:1012100080BD00BF4805002080B582B000AF0B48FC
:10122000FFF7D8FD786003E00848FFF7D3FD78604A
:101230000648FFF7CFFD02467B689342F4D17B68F6
:10124000DB4318460837BD4680BD00BF002800407C
:1012500080B485B000AF78604FF0B043DA6C4FF0E7
:10126000B0417B681343CB644FF0B043DA6C7B68CA
:101270001340FB60FB6800BF1437BD4680BC70475D
:1012800080B485B000AF78604FF0B0439A6D4FF0F6
:10129000B0417B6813438B654FF0B0439A6D7B6818
:1012A0001340FB60FB6800BF1437BD4680BC70472D
:1012B00080B483B000AF78604FF0B0439A6D7B6824
:1012C000DB434FF0B04113408B6500BF0C37BD4688
:1012D00080BC704780B485B000AF78604FF0B043F9
:1012E0001A6E4FF0B0417B6813430B664FF0B0436A
:1012F0001A6E7B681340FB60FB6800BF1437BD4665
:1013000080BC704780B483B000AF78604FF0B043CA
:101310001A6E7B68DB434FF0B04113400B6600BF91
:101320000C37BD4680BC704780B500AF224B234AC6
:101330001A60214B4FF4E1325A601F4B00229A6031
:101340001D4B0022DA601C4B00221A611A4B0C2242
:101350005A61194B00229A61174B0022DA61164B31
:1013600000221A62144B00225A62134B00229A6226
:10137000114806F011FD0346002B01D0FFF734FAA7
:1013800000210D4809F0C5FB0346002B01D0FFF7F3
:101390002BFA0021084809F0FAFB0346002B01D084
:1013A000FFF722FA044809F07CFB0346002B01D02A
:1013B000FFF71AFA00BF80BD9C05002000380140ED
:1013C00080B500AF224B234A1A60214B4FF4E13223
:1013D0005A601F4B00229A601D4B0022DA601C4BA2
:1013E00000221A611A4B0C225A61194B00229A6191
:1013F000174B0022DA61164B00221A62144B0022AE
:101400005A62134B00229A62114806F0C5FC03464B
:10141000002B01D0FFF7E8F900210D4809F079FB16
:101420000346002B01D0FFF7DFF90021084809F03F
:10143000AEFB0346002B01D0FFF7D6F9044809F0B4
:10144000F5FA0346002B01D0FFF7CEF900BF80BDAF
:10145000680600200044004080B596B000AF786078
:1014600007F1440300221A605A609A60DA601A6138
:1014700007F10C0338220021184611F065FA7B6849
:101480001B688B4A934240F085800123FB604FF438
:1014900040333B6107F10C03184605F0F1FA0346AF
:1014A000002B01D0FFF7A0F94FF48040FFF712FFA7
:1014B0000120FFF7CDFE4FF4C0637B640223BB64C1
:1014C0000023FB6403233B6507237B6507F144038B
:1014D00019464FF0904003F0BFFE764B764A1A60F3
:1014E000744B12225A60734B10229A60714B002287
:1014F000DA60704B80221A616E4B00225A616D4B8C
:1015000000229A616B4B0022DA616A4B00221A6258
:10151000684803F04FF90346002B01D0FFF764F948
:101520007B68644ADA67634A7B689362634B644A08
:101530001A60624B11225A60604B00229A605F4B26
:101540000022DA605D4B80221A615C4B00225A61F6
:101550005A4B00229A61594B0022DA61574B4FF4E3
:1015600080521A62554803F025F90346002B01D03A
:10157000FFF73AF97B68514AC3F880204F4A7B68ED
:10158000936200220521242003F0DDF8242003F0DB
:10159000F4F888E07B681B684A4A934240F08380F5
:1015A0000223FB604FF440237B6107F10C031846D4
:1015B00005F066FA0346002B01D0FFF715F94FF44A
:1015C0000030FFF75DFE0120FFF742FE0C237B6435
:1015D0000223BB640023FB6403233B6507237B6575
:1015E00007F1440319464FF0904003F035FE364BA7
:1015F000364A1A60344B14225A60334B10229A60D8
:10160000314B0022DA60304B80221A612E4B0022CF
:101610005A612D4B00229A612B4B0022DA612A4B32
:1016200000221A62284803F0C5F80346002B01D0B7
:10163000FFF7DAF87B68244ADA67234A7B6893620B
:10164000234B244A1A60224B13225A60204B00225B
:101650009A601F4B0022DA601D4B80221A611C4BDE
:1016600000225A611A4B00229A61194B0022DA615A
:10167000174B4FF480521A62154803F09BF803464B
:10168000002B01D0FFF7B0F87B68114AC3F8802027
:101690000F4A7B68936200220521252003F053F84E
:1016A000252003F06AF800BF5837BD4680BD00BF53
:1016B00000380140340700206C000240F40700208D
:1016C000800002400044004094070020580002407F
:1016D000540800204400024080B582B000AF78601A
:1016E0007B681B68174A934212D14FF48040FFF782
:1016F00009FE4FF4C0614FF0904003F00DFF7B688E
:10170000DB6F184603F0FEF8242003F044F815E0E0
:101710007B681B680C4A934210D14FF40030FFF7EE
:10172000C7FD0C214FF0904003F0F6FE7B68DB6FA5
:10173000184603F0E7F8252003F02DF800BF08371E
:10174000BD4680BD003801400044004080B483B0F5
:1017500000AF78604FF0B0431A6C4FF0B0417B6837
:1017600013430B6400BF0C37BD4680BC704780B488
:1017700083B000AF78604FF0B0431A6C7B68DB43F6
:101780004FF0B04113400B6400BF0C37BD4680BC26
:101790007047000080B483B000AF7860064BD3F888
:1017A000802005497B681343C1F8803000BF0C37A7
:1017B000BD4680BC704700BF0008005880B582B0AD
:1017C00000AF7860074A7B681360FEF70FFFFFF7F2
:1017D000ABFD4FF08060FFF7DDFF002318460837B0
:1017E000BD4680BDB808002080B500AF4FF48040F2
:1017F000FFF7ACFF4FF48040FFF7B9FF0448FFF755
:101800006BFF0F2002F0C7FF0023184680BD00BF0A
:101810009C05002080B582B000AF78600B467B80CD
:101820007B881A467968044806F0ECFC00231846C9
:101830000837BD4680BD00BF9C05002080B584B040
:1018400000AF7860194A7B6813604FF40013BB60E7
:1018500007F1080393E80600154809F05AF800BF9D
:10186000134B1B68DB6903F48033B3F5803FF7D07B
:1018700000BF0F4B1B68DB6903F48003B3F5800FD7
:10188000F7D10B4B1B689A68094B1B6842F4800226
:101890009A60074809F098F801220649044806F0C2
:1018A00065FC002318461037BD4680BDBC080020EB
:1018B0009C050020B408002080B582B000AF78609D
:1018C0007B681B68054A934203D1054B1B680020C7
:1018D000984700BF0837BD4680BD00BF00380140B3
:1018E000B808002080B582B000AF78607B681B68C4
:1018F0000D4A934213D10D4B1B68002B0AD07B6815
:10190000D3F89030002B05D1084B1B680022012131
:101910000748984701220649786806F027FC00BF6F
:101920000837BD4680BD00BF00380140BC0800201C
:10193000B40800200D48854602F0CAFD0C480D4948
:101940000D4A002302E0D458C4500433C4188C421A
:10195000F9D30A4A0A4C002301E013600432A24280
:10196000FBD311F0F7F8FEF7C6FEFEE700000120FA
:101970000000002028010020184E01082801002046
:1019800038DD0020FEE780B500AFFFF7B7F802F0C2
:1019900007F800BF80BD80B483B000AF78607B687B
:1019A000D3E90023104619460C37BD4680BC70476A
:1019B00090B587B000AFF860B9601346FB80002394
:1019C000FB8210E0FB8ADB00BA68D418F868FFF7E6
:1019D000E2FF02460B46C4E90023FB680833FB60C4
:1019E000FB8A0133FB82FA8AFB889A42EAD300BF62
:1019F00000BF1C37BD4690BD80B58AB000AFF8600F
:101A0000B9601346FB8000233B620023FB842FE078
:101A1000BB6803F10802BA60D3E90023C7E90623D3
:101A200003F0F6FAD7E90623F968012003F0ACFACF
:101A30000346FB7503F00EFBFB7D002B12D003F079
:101A400023FB386203F0E4FA4FF47A7003F026FBCC
:101A5000D7E90623F968012003F096FA0346FB75DF
:101A600003F0F8FAFB680833FB60FB8C0133FB845E
:101A7000FA8CFB889A42CBD300BF00BF2837BD4603
:101A800080BD000080B588B000AFF860B960134633
:101A9000FB80FB68B3F1006FC0F08480FB68444AB0
:101AA00093427FD8FB6803F178433B613B69DB0AD3
:101AB000FB613B69C3F30A03DB087B837B8BC3F5C4
:101AC00080733B83FA883B8B9A4201D8FB883B8327
:101AD000FB6903F58033DB024FF480723549184609
:101AE000FFF766FFFA8A3B8B9A4234D203F090FAF2
:101AF000314B4CF2FA321A61F86903F095FB02207F
:101B00000BF092F92C4B5B692B4A23F47E7323F084
:101B10000203536103F09EFA0023FB8210E0FB8A6C
:101B2000DB00BA681344F98A7A8B1144D3E90023A5
:101B30002048C9000144C1E90023FB8A0133FB822C
:101B4000FA8A3B8B9A42EAD33B8B1A46B968F8680B
:101B5000FFF752FF05E03B8B1A46B968F868FFF7BC
:101B60004BFFFA883B8B9A421ED0FB690133FB6125
:101B700000237B833B8BDB00BA681344BB603B8B49
:101B8000FA681344FB60FA883B8BD31AFB80FB880E
:101B9000B3F5807F03D94FF480733B8398E7FB88CC
:101BA0003B8395E700BF00E000BF2037BD4680BD06
:101BB000FFFF0308C00800200040005880B5A4B013
:101BC00000AFF860B9601346FB7107F11403682297
:101BD0000021184610F0B8FE0123C7F88C3000230E
:101BE000C7F8883018E097F90730D7F88C209A4268
:101BF0000CD0D7F888305A1CC7F88820D7F88C202A
:101C000052B290333B4403F87C2C00E000BFD7F87D
:101C10008C300133C7F88C30D7F88C20BB689A42DF
:101C2000E1DD0BF053FA0346184610F0C9FCBB681F
:101C3000013BC7F8843032E010F0F0FC0346D7F8DF
:101C4000842093FBF2F2D7F8841001FB02F29B1A76
:101C5000DBB20133DBB287F87F3007F11402D7F82B
:101C6000843013441B7887F87E3097F97F309033A7
:101C70003B4413F97C1C07F11402D7F88430134459
:101C80000A461A7097F97F3090333B4497F87E20CC
:101C900003F87C2CD7F88430013BC7F88430D7F8A0
:101CA0008430002BC8DCFB68002B06D0BA6807F133
:101CB00014031946F86810F074FF0023C7F8803049
:101CC00015E0D7F880200F4B83FB02131911D317AF
:101CD000CB1A322101FB03F3D31A002B02D10520CA
:101CE0000BF0A2F8D7F880300A33C7F88030D7F865
:101CF0008020BB689A42E4DB00BF00BF9037BD463E
:101D000080BD00BF1F85EB5180B584B000AF786007
:101D100039607B68BB600023FB6012E0FA680D4B02
:101D200083FB02131911D317CB1A322101FB03F3E2
:101D3000D31A002B02D101200BF076F8FB680A338E
:101D4000FB60FA683B689A42E8DB00BF00BF1037CF
:101D5000BD4680BD1F85EB5180B582B000AF00232A
:101D60003B600E4B1B683A460121184609F016FCF1
:101D700078607B68002B0AD03B68002B07D0084BAB
:101D80004FF080521A60BFF34F8FBFF36F8F054B38
:101D9000DB6A984700BF0837BD4680BDA819002000
:101DA00004ED00E0CC4A010880B586B000AFF860D1
:101DB000084611461A4603467B810B463B81134673
:101DC000FB7100233B612B4B9B69012B05D17B8968
:101DD0001A46F968284801F009FD284A3B89138012
:101DE000274AFB7913707B89264A5360254B0422CE
:101DF0001A607B891A46F968234810F0D2FE1D4B01
:101E00005B6E002B04D1214B5B6B4FF4FA6098475B
:101E1000184B5B6E012B0AD100233B611C4B1B68E6
:101E200007F110020421184609F0B8FB7861194B3C
:101E30001B6818460AF044FD0346002B16D1154BCB
:101E4000186807F1100200230E490AF087FA78613A
:101E50007B69002B0AD03B69002B07D00E4B4FF05B
:101E600080521A60BFF34F8FBFF36F8F00BF1837D8
:101E7000BD4680BDC0100020841A0020801A0020BA
:101E8000821A0020981A0020A01A0020CC4A0108CB
:101E9000A8190020A019002004ED00E080B400AFD4
:101EA000034B01221A6000BFBD4680BC704700BFD3
:101EB000741A002080B582B000AF00237B600E4B07
:101EC00001221A600D4B1B68002B11D00B4B1B68B5
:101ED0003A1D0821184609F061FB7B68002B07D0EA
:101EE000074B4FF080521A60BFF34F8FBFF36F8FD5
:101EF00000BF0837BD4680BD781A0020A819002011
:101F000004ED00E080B582B000AF00237B60134B8E
:101F100001221A60124B5B6E002B04D1114B5B6BDC
:101F20004FF4FA609847104B1B68002B11D00E4BF2
:101F30001B683A1D1021184609F030FB7B68002B06
:101F400007D00A4B4FF080521A60BFF34F8FBFF398
:101F50006F8F00BF0837BD4680BD00BF7C1A0020D0
:101F6000C0100020CC4A0108A819002004ED00E0B0
:101F700080B400AF024B1846BD4680BC704700BF1E
:101F8000C010002080B500AF0A4B0B4A1A60094B05
:101F90000A4A9A60074B0A4A5A60064B094ADA60B5
:101FA000044B094A1A61094B1B68024898470023F1
:101FB000184680BD581A0020591D0008A91D0008A8
:101FC0009D1E0008B51E0008051F0008CC4A010828
:101FD00090B58FB00AAFF860B9607A60FB70144BAF
:101FE000DB68F8689847124BDC6997F920107B6A28
:101FF00008930023079300230693002305930123EE
:1020000004930023039306230293FB7801937B68D8
:102010000093BB6800220120A047054B5B6DFF21A8
:1020200001209847002318461437BD4690BD00BFD5
:10203000CC4A010890B58FB00AAFF860B9607A60F9
:10204000FB70164BDB68F8689847144B9C69FB786B
:102050000122099200220892002207920022069291
:10206000012205920022049200220392052202928C
:1020700006220192002200927A68B9680120A047E6
:10208000064B5B6DFF2101209847044B5B6B386A60
:102090009847002318461437BD4690BDCC4A010826
:1020A00080B483B000AF78607B68074A934205D95B
:1020B0007B68064A934201D8012300E000231846BA
:1020C0000C37BD4680BC7047806DC335FF27503745
:1020D00080B487B000AF78607B68254AA2FB0323F9
:1020E0009B093B613B69224AA2FB031292094FF410
:1020F0007A7101FB02F29B1AFB6000237B61FB6893
:10210000F92B02D87D237B6123E0FB68F92B07D9EB
:10211000FB68B3F5FA7F03D240F277137B6118E0D6
:10212000FB68B3F5FA7F08D3FB6840F2ED229342D7
:1021300003D840F271237B610BE0FB6840F2ED2293
:10214000934206D9FB68B3F57A7F02D240F26B3333
:102150007B613A697B6913444FF47A7202FB03F3A3
:102160003B613B6918461C37BD4680BC704700BFC9
:10217000D34D621080B582B000AF7860294B1B68E8
:102180000133284A13607B681C221A607B680A228C
:102190005A74244B1A687B68DA607B68224A5A605A
:1021A000224B1B69DAB27B681A747B6803F1120058
:1021B0001E4B1A6913469B0013445B0020331B4AD5
:1021C00013440A22194610F0ECFC184B1A69134606
:1021D0009B0013445B002033144A98187B68173324
:1021E0000522194610F0DDFC104B1A6913469B00BE
:1021F00013445B00053320330C4A98187B68123374
:102200000522194610F0CDFC7B681B6819467868DA
:1022100001F09CFB02467B68DA6100BF0837BD46CF
:1022200080BD00BFBC1B0020EDFEEDFEB0190020FC
:1022300080B485B000AF78600023FB737A680A4BE6
:1022400013440A4AA2FB03239B09BB60BB68074AED
:10225000A2FB03231B09FB7397F90F3018461437B1
:10226000BD4680BC704700BF80923CCAD34D62100F
:1022700080B485B000AF7860094A7B68134412339C
:1022800093F90030FB60FB68064A03FB02F2064B41
:102290001344BB60BB6818461437BD4680BC70470A
:1022A000381A002090D00300C855C53580B483B0DB
:1022B00000AF0023FB711C4B1A681C4B1B689A4231
:1022C00029D1194BDA69194BDB699A4223D1164B94
:1022D0001A6B164B1B6B9A421DD1134B9A6C134B06
:1022E0009B6C9A4217D1104BDA6C104BDB6C9A4204
:1022F00011D10D4B1A6D0D4B1B6D9A420BD10A4B30
:102300005A6D0A4B5B6D9A4205D1074BDA6D074B4C
:10231000DB6D9A4201D00123FB71FB7918460C3723
:10232000BD4680BC704700BF28110020C0100020AF
:1023300080B592B002AF0523FB630223BB63012388
:102340007B63644B1B6B7B624FF0FF333B6300236B
:10235000FB620CE0604AFB6A52F833307A6A9A42B8
:1023600002D1FB6A3B6305E0FB6A0133FB62FB6A57
:10237000022BEFDD3B6BB3F1FF3F12D0564A3B6BB4
:10238000DB0013441B79BB63534A3B6BDB001344F4
:102390005B79FB63504A3B6BDB0013449B797B63A7
:1023A00003E04C4B4FF416421A634A4B9B69002BD7
:1023B00003D0484B9B6B032B74D10023BB62454B6E
:1023C000DB69002B23D1434B9B6CBB62414BDA6D25
:1023D0003B1D4249184610F023FA3B1D1846FDF7F5
:1023E000CFFE03469AB23B1D1146184601F028FB6A
:1023F0007B6BDAB2374BDB6D5BB242F2107101914D
:1024000000931346FA6BB96BB86AFFF7E1FD314BE5
:10241000DB69012B0CD12F4BDB6CBB627B6BDBB21E
:102420004FF4FA620092FA6BB96BB86AFFF702FEDA
:10243000B86AFFF735FE0346002B30D0254B01224A
:102440005A66B86AFFF744FE0346254A1360244AD9
:10245000BB6B5360224AFB6B93607B6BDAB2204B01
:102460001A731F4B00221A611D4B00225A611C4B2C
:1024700000229A61B86AFFF7DBFE03461A46184B42
:10248000DA61174B1B68184600F032F8144BDB6911
:102490005BB21A4665211348FFF790FB02E00D4B33
:1024A00000225A66FFF702FF0346002B0CD00E4AAB
:1024B000084B1046194668231A4610F072FB0D228D
:1024C00009490A48FFF7DEFA002318464037BD469F
:1024D00080BD00BFC0100020EC450108E0420108AB
:1024E000B0190020D01900202811002000E80308AE
:1024F000B0B58CB00AAF78602A4B5B6E012B4DD122
:10250000284BDB69002B23D1274BDB687868984781
:10251000254BDC69234BDB6D59B2244B5868234BA8
:102520009B68224A127B42F2107508950025079598
:1025300000250695002505950125049500250395A0
:102540000625029501920093034600220120A04730
:10255000144BDB69012B21D1134BDB68786898475A
:10256000114B9C69114B5968104B9A680F4B1B7BA0
:10257000012009900020089000200790002006907C
:102580000120059000200490002003900520029077
:1025900006200190002000900120A04700BF0837CE
:1025A000BD46B0BDC0100020CC4A0108B0190020C3
:1025B00080B584B002AF786000220421074803F0A0
:1025C00079F80023009300230022032178680BF0A0
:1025D00005FB00BF0837BD4680BD00BF00040048B2
:1025E00080B582B000AF786000220421034803F078
:1025F00061F800BF0837BD4680BD00BF0004004839
:1026000080B582B002AF104B0093002300225A2104
:1026100000200BF085FA03460C4A13600023009358
:102620000B4B00224FF0FF310A480FF02DFA4FF408
:10263000C87108480FF03CFB00220421064803F053
:1026400039F800BFBD4680BDB1250008A01B0020A1
:10265000E1250008A41B00200004004890B583B0C9
:1026600002AF104B1B6818460BF0C6FD0346002B4B
:1026700013D1012204210C4803F01CF80B480FF081
:1026800039FA084B1C680AF021FD0246002300932A
:102690000023012120460BF0A1FA00BF0437BD46FC
:1026A00090BD00BFA01B002000040048A41B002018
:1026B00080B586B002AF786039600523FB60074BB8
:1026C0001868FB68009300230122796808F0A0FDD8
:1026D000B860BB6818461037BD4680BDA8190020F9
:1026E000B0B5CEB000AF07F59C73A3F59A73186030
:1026F0000023C7F82831002387F837310023C7F8B3
:1027000030310023C7F82C3128200AF08DFBB54B5F
:10271000DB69042B01D001F0DDF94FF0FF33C7F87E
:1027200024311E23C7F82431AE4B1B69002B07D080
:10273000AC4B5B69002B03D1AA4BDB69012B11D099
:10274000A94B1B68184609F087FF03460A2B05D0E2
:10275000A54B1B680021184609F0B2FB0A200AF0BD
:1027600063FB3DE1A04B1B6807F11001D7F8242162
:10277000184609F08FFE0346002B00F0048107F590
:102780009C73A3F594735B68002BCDD0954B5B6E67
:10279000012B40F0E88097F8373183F00103DBB27A
:1027A000002B00F0958007F59C73A3F594735B688C
:1027B000202B40F08D8007F110030833C7F81C313F
:1027C000D7F81C315B68894A934240F08180D7F882
:1027D0001C311B681C2B7BD1854B1B681C211846A8
:1027E00008F0E8FDD7F81C311B681A4607F1100302
:1027F00008331146184601F0A9F8C7F81801D7F8B0
:102800001C311B6807F11002083213441B681A467A
:1028100007F59C73A3F596731A6007F59C73A3F5EF
:1028200096731B68D7F818219A421ED0714B1B680B
:10283000C7F82831704AD7F81C3114461D460FCD11
:102840000FC495E80F0084E80F00D7F82801FFF7C0
:102850004FFE6A4B5B6B4FF4FA6098470023C7F852
:102860002C310023C7F83031BAE00023C7F83031EB
:10287000012387F83731604AD7F81C3114461D46CA
:102880000FCD0FC495E80F0084E80F000023C7F8B0
:102890002C31D7F82C01FFF7EBFCC7F82801D7F84B
:1028A0002801FFF725FE554B5B6BC8209847D7F8EA
:1028B00030310133C7F83031D7F82C310133C7F844
:1028C0002C314D4B5B7C19464D48FFF71DFA87E0D4
:1028D00097F83731002B46D0D7F830310133C7F89D
:1028E000303107F59C73A3F594735B68FE2B15D804
:1028F000002387F837313F4B1B68C7F82831202267
:1029000000213D4810F020F8D7F82801FFF7F0FD2E
:102910003A4B5B6B4FF4FA60984724E0D7F82C01F0
:10292000FFF7A6FCC7F82801D7F82C310133C7F808
:102930002C31D7F82C31092B0DDD2E4B1B68C7F835
:102940002831D7F82801FFF7D3FD2C4B5B6B4FF4F0
:10295000FA60984707E0D7F82801FFF7C9FD274B31
:102960005B6BC8209847FFF779FE07F59C73A3F5CA
:1029700094735B689AB207F1100308331946214833
:1029800005F060FBD0E6174B5B6E012B7FF4CCAEFD
:1029900000211820FFF78CFEC7F82001D7F820315E
:1029A00003F01803002B3FF4BFAE20220021124891
:1029B0000FF0CAFF0F4B1B68C7F82831002387F8B8
:1029C00037310023C7F82C310023C7F83031D7F84E
:1029D0002801FFF78DFD094B5B6B4FF4FA609847B8
:1029E000A2E600BFC0100020A0190020EDFEEDFE01
:1029F000A8190020B0190020381A0020CC4A01087C
:102A00004A1A00209C05002080B500AF074B012228
:102A10005A61064B0022DA6014200AF005FA034BD3
:102A200000225A610023184680BD00BFC01000205C
:102A300080B500AF054B01225A61044B0122DA60D8
:102A400014200AF0F1F90023184680BDC0100020C0
:102A500080B5CCB000AF07F59873A3F596731860F6
:102A60000023C7F80C310023C7F82C3107F5987301
:102A7000A3F5927318464FF480731A4600210FF0A5
:102A800063FF002387F82B310023C7F82431A84BBC
:102A90001B69002B07D0A64B5B69002B03D1A44B0D
:102AA000DB69002B14D0A34B1B68184609F0D4FD3A
:102AB0000346142B08D09F4B1B680021184609F0D1
:102AC000FFF99D4800F024FF0A200AF0ADF9ABE1C0
:102AD0009A4B1B68012B15D1954BDB69002B0BD151
:102AE000934B9B69012B07D1FFF722FC944B1B688A
:102AF0000121184608F097FC904B00221A60022032
:102B00000AF092F98B4B1B6807F58671052218466F
:102B100009F0C0FCC7F82001874800F009FFC7F89A
:102B20002C01834BDB68002B40F07681D7F82C31E9
:102B3000002B00F07181D7F82C31002B69D07C4B31
:102B40005B6E012B65D197F82B3183F00103DBB26B
:102B5000002B5ED0012387F82B317A4B00225A617B
:102B60007948FFF707FB01200AF05EF90A21774850
:102B7000FFF7CAF8734B1B690133724A1361714B3B
:102B80001B690A2B02D16F4B00221A616D4B1B6827
:102B9000C7F824316E4BDB68D7F82401984707F15A
:102BA0000C032022684918460FF0FBFF694B1B6895
:102BB0000133694A136064210120FFF779FDC7F8EA
:102BC0001C01D7F81C3103F00103002B0DD00120AC
:102BD0000AF02AF95E4B9B6A07F10C02202110468D
:102BE000984708200AF020F909E005200AF01CF9AE
:102BF000574B9B6A07F10C02202110469847554B12
:102C00001B680133534A13604B4800F091FEC7F82C
:102C10002C01D7F82C31FE2B40F2A28007F10C03D7
:102C2000FF221946444800F029FEFFF717FDC8218E
:102C30000120FFF73DFDC7F814013D4B5B6E012BF2
:102C40001ED1404B5B691846FFF712FBC7F8240101
:102C50003F4BDB68D7F8240198473A4B5B69013357
:102C6000384A5361374B5B69092B09DD354B5B698A
:102C700019463A4800F06EFD002387F82B31D3E067
:102C8000D7F8143103F00103002B0CD0314B1B6833
:102C90000133314A13602E4B9B6A07F10C02FF216E
:102CA000104698471FE02B4B1B6801332A4A1360DC
:102CB00064210120FFF7FCFCC7F81001D7F81031A0
:102CC00003F00103002B07D1214B9B6A07F10C0293
:102CD000FF211046984706E01D4B9B6A07F10C0246
:102CE000FF2110469847124B1B6BB3F5964F03D14B
:102CF0000C200AF099F815E00D4B1B6BB3F5164F3D
:102D000003D108200AF090F80CE0094B1B6B4FF23E
:102D10002442934203D105200AF086F802E00A20FB
:102D20000AF082F80B4B1B6801330A4A13607AE001
:102D3000C0100020A419002090110020741A002057
:102D4000A8190020B0190020381A00204A1A0020C3
:102D5000CC4A0108AC190020941A0020F042010866
:102D6000D7F82031002B5ED1D7F82C31002B5AD068
:102D7000D7F82C31FE2B56D82C4B5B6E012B29D16A
:102D8000D7F82C31C7F8183103200AF04DF828483D
:102D900000F0CEFDC7F82C01D7F82C21D7F8183158
:102DA0009A4207D9D7F82C21D7F81811214800F0FA
:102DB000D1FC39E0204B5B691846FFF759FAC7F898
:102DC0002401D7F82401FFF793FB1B4B5B69013308
:102DD000194A5361002387F82B3107F10C03D7F808
:102DE0002C211946124800F049FD144B9B6AD7F874
:102DF0002C21D1B207F10C0210469847104B1B68EA
:102E00000133104A136008200AF00EF80C4B1B68BF
:102E100001330B4A136006E0084BDB6A98470A202F
:102E20000AF002F833E600BF31E600BFC010002010
:102E30009011002000430108B0190020CC4A01087D
:102E4000AC190020941A002080B584B000AF7860DF
:102E50000B467B80134B1B69002B1DD0114BDB688D
:102E6000002B19D10F4BDB69002B15D17B881A463B
:102E700079680D4800F0BAFC7B88FB600B4B186842
:102E800007F10C010023002209F066F90346002B2C
:102E900002D1074800F05EFC002318461037BD46FB
:102EA00080BD00BFC010002090110020A419002098
:102EB0002443010880B584B002AF604B00221A6140
:102EC0005E4B00225A6608F089F903465C4A13609B
:102ED000FFF758F800224FF484710A2009F0D7F860
:102EE0000346584A136000220421142009F0CFF849
:102EF0000346554A13604FF400625449544800F0A9
:102F000059FC4FF400625149524800F053FC05202F
:102F100009F08AFF002301933623009300234FF426
:102F200080624D494D4809F0ADFD7860052009F0FB
:102F30007BFF002301933623009300234FF480622C
:102F40004749484809F09EFD78603D4B1B680421C5
:102F5000184608F068FA3A4B1B680121184608F039
:102F600062FAFFF74DFB354B3F4A1A60334B0122A3
:102F70001A61324B00229A61304B01225A612F4B69
:102F80000122DA602D4B0122DA612C4B374A9A6418
:102F90002A4B364ADA64294BFA229A62274BFA22E4
:102FA000DA62264B4FF416421A63244B03225A630B
:102FB000224B5B6B214A9363204B0A22DA650D2278
:102FC0002B492C48FEF7F4FC294B1B68264A9342F8
:102FD0000DD0274A194B1046194668231A460FF0A0
:102FE000E0FD0D2222492348FEF74CFD1BE0204B5B
:102FF000DB69124AD3611E4B9B6C104A93641C4BD5
:10300000DB6C0E4AD3641A4B1B6B0C4A1363184BD0
:103010005B6B0A4A5363164B9B6B084A9363144BD2
:10302000DB6D064AD365054B0422DA61034B0122AE
:10303000DA60002318460837BD4680BDC010002066
:10304000A8190020A0190020A4190020A011002018
:1030500090110020841A002038430108512A0008EA
:1030600044430108E1260008EFBEEDFEC0CA8936E0
:103070002811002000E8030880B483B000AF786016
:10308000064BD3F8802005497B681343C1F8803094
:1030900000BF0C37BD4680BC704700BF0008005819
:1030A00080B5ACB000AF78600B467B800023FB603E
:1030B0007B88C7F8A43000237B6100233B61D7F8ED
:1030C000A430002B40F39580D7F8A4307B617B6857
:1030D0001B684A4A934243D17B681B6F022B03D083
:1030E0007B681B6F002B3BD10023C7F8AC302EE070
:1030F000D7F8A420D7F8AC30D31A802BA8BF8023F0
:10310000C7F8A030D7F8AC303D4A9918D7F8A020BE
:1031100007F11003083318460FF043FDD7F8A0302D
:103120007B61384B1B68184609F0CAFB0346002B2D
:1031300008D1344B186807F10C0207F11001002385
:1031400009F00CF9D7F8AC308033C7F8AC30D7F8B9
:10315000AC20D7F8A4309A42CADB786800F098F81F
:103160007B681B68284A934243D17B681B6F022B04
:1031700003D07B681B6F002B3BD10023C7F8A8301E
:103180002EE0D7F8A420D7F8A830D31A802BA8BFF8
:103190008023C7F89C30D7F8A8301C4A9918D7F874
:1031A0009C2007F11003083318460FF0FAFCD7F8FB
:1031B0009C307B61164B1B68184609F081FB034667
:1031C000002B08D1124B186807F10C0207F110010F
:1031D000002309F0C3F8D7F8A8308033C7F8A83027
:1031E000D7F8A820D7F8A4309A42CADB786800F054
:1031F0004FF800BFB037BD4680BD00BF003801406A
:10320000D81B0020C01B002000440040DC2100200F
:10321000C41B002080B584B000AF78600023BB6081
:103220007B681B68154A934208D1154B1B6807F150
:1032300008020121184608F0B1F9F8607B681B68A4
:10324000104A934208D1104B1B6807F10802022173
:10325000184608F0A3F9F860FB68002B0AD0BB6899
:10326000002B07D0094B4FF080521A60BFF34F8FED
:10327000BFF36F8F00BF1037BD4680BD00380140DF
:10328000C81B002000440040CC1B002004ED00E0DF
:1032900080B584B000AF78600123FB737B681B6846
:1032A0001F4A934218D14FF4C0621E49786807F054
:1032B000ACFC0346FB737B68D3F88030002B0BD04B
:1032C0007B68D3F880301B681A687B68D3F880303D
:1032D0001B6822F004021A607B681B68124A934242
:1032E00018D14FF4C0621149786807F08EFC03468C
:1032F000FB737B68D3F88030002B0BD07B68D3F84E
:1033000080301B681A687B68D3F880301B6822F015
:1033100004021A60FB7B18461037BD4680BD00BF13
:1033200000380140D81B002000440040DC21002070
:1033300080B5ACB000AF78607B68D3F89030102BCC
:1033400002D17868FFF7A4FF7B68D3F89030082B90
:1033500040F09D800023C7F894307B681B684E4A7C
:10336000934247D17B68B3F85E309BB2C7F8A43074
:10337000D7F8A430002B3ADD0023BB600023C7F848
:10338000AC302EE0D7F8A420D7F8AC30D31A802B7D
:10339000A8BF8023C7F8A030D7F8AC303F4A9918AF
:1033A000D7F8A02007F10803083318460FF0F9FBFF
:1033B000D7F8A030FB603A4B1B68184609F080FA3A
:1033C0000346002B08D1364B186807F1940207F129
:1033D0000801002308F0C2FFD7F8AC308033C7F8EB
:1033E000AC30D7F8AC20D7F8A4309A42CADB786862
:1033F000FFF74EFF7B681B682A4A934247D17B68E0
:10340000B3F85E309BB2C7F89C30D7F89C30002BE5
:103410003ADD0023BB600023C7F8A8302EE0D7F8C0
:103420009C20D7F8A830D31A802BA8BF8023C7F8D8
:103430009830D7F8A8301C4A9918D7F8982007F187
:103440000803083318460FF0ACFBD7F89830FB6040
:10345000164B1B68184609F033FA0346002B08D1B7
:10346000124B186807F1940207F10801002308F0D5
:1034700075FFD7F8A8308033C7F8A830D7F8A82050
:10348000D7F89C309A42CADB7868FFF701FF00BF8B
:10349000B037BD4680BD00BF00380140D81B0020BA
:1034A000C01B002000440040DC210020C41B002081
:1034B00080B5A8B000AF78607B681B68C7F894300F
:1034C0000023C7F89C300023C7F89830D7F8943011
:1034D000012B04D0D7F89430022B07D00EE0204BFC
:1034E000C7F89C301F4BC7F898300BE01E4BC7F84D
:1034F0009C301E4BC7F8983000BF03E0002009F055
:103500001FFC2AE0D7F89C301B6807F108014FF038
:10351000FF32184608F0BEFF0346002BF2D0BB680E
:10352000012B03D9033B012B13D815E0D7F89830B2
:103530001B68002B0FD0FB68002B0CD0D7F89830FD
:103540001B68FA6891B207F10802083210469847E2
:1035500001E000BFD6E700BFD4E7A037BD4680BD7D
:10356000C01B0020D01B0020C41B0020D41B002047
:1035700080B500AFFDF73AF8FDF722FF4FF000608D
:10358000FFF77AFD00BF80BD80B584B002AF022393
:103590007B6000228C21142008F079FD0346184A34
:1035A000136007F01BFE0346164A1360FFF7E0FFA7
:1035B000144B1B680221184607F035FF3B1D002203
:1035C0000192372200924FF440620F490F4809F0F0
:1035D00059FA0F4A01210F4804F03EFC0E490D48EC
:1035E00004F0F2FC0D4A04210A4804F035FC0948B5
:1035F000FFF74EFE002318460837BD4680BD00BFCA
:10360000C41B0020CC1B00205C430108B13400081F
:103610001532000868060020A13000083133000888
:1036200080B588B002AF78600B467B8005233B6194
:103630000E4B18683B69009300230122012107F01B
:10364000E7FDF8604FF0FF337B617B881A467968AD
:10365000074804F0F7FC0346002B01D100237B61EF
:103660007B6918461837BD4680BD00BFC81B0020C7
:103670009C05002080B483B000AF7860044A7B686A
:103680001360002318460C37BD4680BC704700BF4E
:10369000D41B002080B588B002AF78603960052364
:1036A0003B610F4B18683B69009300230122022104
:1036B00007F0AEFDF8604FF0FF337B613B689BB2D3
:1036C0001A467968074804F0BDFC0346002B01D177
:1036D00000237B617B6918461837BD4680BD00BF5B
:1036E000CC1B0020680600200CB480B584B000AF6D
:1036F0007860396007F11C03FB603968FB68BA69C0
:1037000078680EF055FD00BF1037BD46BDE880401B
:1037100002B0704780B586B002AF7860396007F1BB
:10372000080318460EF068F9BB68B7F90C20009240
:10373000074A10217868FFF7D7FF7868FCF720FD6B
:1037400003469AB23B681A8000BF1037BD4680BD61
:10375000684301080FB480B584B000AF0023FB803C
:103760000023FB81BB1D19461148FFF7D3FF07F16A
:103770001C03BB60FB881A460D4BD018BB68BA69A6
:103780004FF480710EF014FD0346BB81FA88BB89AB
:103790001344BB81BB891946054800F051F9BB8928
:1037A00018461037BD46BDE8804004B0704700BFE2
:1037B000E027002080B584B000AFF860B9607A607F
:1037C00010220021F8680FF0BFF8FB68BA68DA60D1
:1037D000FB6800229A60FB6800225A60FB687A68E6
:1037E0001A60002318461037BD4680BD80B588B0EA
:1037F00000AFF860B9607A60FB681A68FB689B6884
:10380000D21AFB685B681344FB617A68FB699342D8
:1038100028BF13467B60FB689A68FB681B68013B06
:103820001340BB61FB681A68BB69D31A7A6893427C
:1038300028BF13467B61FB68DA68BB6913447A6969
:10384000B96818460FF0ADF97A687B699A420AD9CF
:10385000FB68D868BA687B69D1187A687B69D31A23
:103860001A460FF09EF9FB689A687B681A44FB6859
:103870009A607B6818462037BD4680BD80B588B009
:1038800000AFF860B9607A60FB689A68FB685B68B3
:10389000D31AFB61FB69002B01D1002334E07A6865
:1038A000FB69934228BF13467B60FB685A68FB683C
:1038B0001B68013B1340BB61FB681A68BB69D31AE4
:1038C0007A68934228BF13467B61FB68DA68BB695C
:1038D00013447A691946B8680FF063F97A687B690E
:1038E0009A420AD9BA687B69D018FB68D9687A68A5
:1038F0007B69D31A1A460FF054F9FB685A687B6843
:103900001A44FB685A607B6818462037BD4680BD64
:1039100080B483B000AF78607B6800225A607B6817
:103920005A687B689A6000BF0C37BD4680BC704700
:1039300080B483B000AF78607B689A687B685B680E
:10394000D31A18460C37BD4680BC704780B485B08A
:1039500000AF786039600023FB600023BB6012E099
:10396000FB681B0223F07F42FB681B0CB968786878
:10397000014409784B40094951F823305340FB601A
:10398000BB680133BB60BA683B689A42E8DBFB68FE
:1039900018461437BD4680BC704700BF0446010876
:1039A00080B500AF0A4B0B4A1A60094B0A4A9A606D
:1039B000074B0A4A5A60064B094ADA60044B094A27
:1039C0001A61094B1B680248984700BF80BD00BFC1
:1039D000E0280020ED390008F93900081D3A0008F8
:1039E000293A0008353A0008CC4A010880B400AFF3
:1039F00000BFBD4680BC704780B485B000AFF860A2
:103A0000084611461A4603467B810B463B81134606
:103A1000FB7100BF1437BD4680BC704780B400AF57
:103A200000BFBD4680BC704780B400AF00BFBD463C
:103A300080BC704780B400AF00BFBD4680BC7047FB
:103A400080B582B000AF78600B467B800A4B1B6864
:103A5000002B06D17B8819467868FFF7E1FD034605
:103A600005E07B8819467868FFF714FE0346184680
:103A70000837BD4680BD00BFFC28002080B584B05B
:103A800000AF786039603B68FB600E4B1A680E49E6
:103A900013469B0013449B000B440C3302221A7004
:103AA0000A4A0B49F8680EF0BBFEFEF741FCFEF730
:103AB000ABFFF868FCF764FBB860BB6818461037CA
:103AC000BD4680BDFC280020002900207443010869
:103AD0008843010880B590B000AF3B4640220021EA
:103AE00018460EF031FF064B1B681A463B46194636
:103AF0001046FFF7C3FF00BF4037BD4680BD00BF83
:103B0000FC28002080B584B000AF786039600D4B90
:103B10001A680D4913469B0013449B000B440C3359
:103B200000221A700323FB60FB689BB2194607480A
:103B3000FFF786FFFEF77CFF002318461037BD46CF
:103B400080BD00BFFC280020002900208C43010814
:103B500080B584B000AF786039603B68FB600422B8
:103B6000124938680EF006FF0346002B0ED0F868A5
:103B7000FCF706FB0246FB6813440D4918460EF09D
:103B80004FFEF868FCF7FCFA03460BE00023BB602D
:103B9000084A0949F8680EF043FEF868FCF7F0FAA5
:103BA000B860BB6818461037BD4680BD9043010819
:103BB00098430108A4430108AC43010880B586B0CE
:103BC00000AF786039603B687B61FEF7D1F93861FE
:103BD0003B69DB69FB603B69DB69FB60FA680649AE
:103BE00078690EF01DFE7869FCF7CAFA034618469C
:103BF0001837BD4680BD00BFC043010880B586B000
:103C000000AF786039603B687B61FEF7B1F93861DD
:103C10000023FB6007F10C031A46174978690EF080
:103C200021FE0346002B0FDA7869FCF7A9FA024659
:103C30007B691344114A124918460EF0F1FD786968
:103C4000FCF79EFA034612E07869FCF799FA0246FF
:103C50007B6913440B4A0A4918460EF0E1FDFB68E4
:103C60001A463B69DA617869FCF78AFA0346184616
:103C70001837BD4680BD00BFD443010898430108F2
:103C800088430108E443010880B586B000AF78603E
:103C900039603B687B61FEF76BF938610023FB609C
:103CA00007F10C031A46154978690EF0DBFD03464F
:103CB000002B0BDA7869FCF763FA02467B69134440
:103CC0000F4A104918460EF0ABFD0EE0FB681A468D
:103CD0003B699A617869FCF753FA02467B691344A1
:103CE000094A084918460EF09BFD7869FCF748FA26
:103CF000034618461837BD4680BD00BFEC43010897
:103D00009843010888430108E443010880B584B062
:103D100000AF786039603B68FB60FEF729F9B86056
:103D2000BB689B691A460649F8680EF079FDF86889
:103D3000FCF726FA034618461037BD4680BD00BF83
:103D4000FC43010880B586B000AF786039603B68FD
:103D50007B61FEF70DF938610023FB6007F10C036E
:103D60001A46154978690EF07DFD0346002B0BDAE3
:103D70007869FCF705FA02467B6913440F4A10493B
:103D800018460EF04DFD0EE0FB681A463B69DA65F9
:103D90007869FCF7F5F902467B691344094A08493A
:103DA00018460EF03DFD7869FCF7EAF9034618461F
:103DB0001837BD4680BD00BF104401089843010874
:103DC00088430108E443010880B584B000AF7860FF
:103DD0003960FEF7CDF8F8603B68BB60FB68DB6DCF
:103DE0001A460649B8680EF01BFDB868FCF7C8F91A
:103DF000034618461037BD4680BD00BF1C4401086D
:103E000080B58AB002AF786039603B68FB61FEF72D
:103E1000AFF8B86107F10C0107F1140207F10803CC
:103E2000019307F1100300930B462049F8690EF047
:103E300019FD0346002B0BDAF869FCF7A1F90246DD
:103E4000FB6913441A4A1B4918460EF0E9FC24E0AA
:103E50007B69194A03FB02F2FB684FF47A7101FB9C
:103E600003F313441A46BB699A643B69124A03FB85
:103E700002F2BB684FF47A7101FB03F313441A4654
:103E8000BB69DA64F869FCF77BF90246FB69134405
:103E90000A4A084918460EF0C3FCF869FCF770F9A5
:103EA000034618462037BD4680BD00BF3044010898
:103EB000984301088843010840420F00E443010889
:103EC000B0B586B002AF78603960FEF751F8F8609F
:103ED0003B68BB60FB689B6C1C4AA2FB03239B0CEA
:103EE0001C46FB689A6C194BA3FB02139B0C1849E8
:103EF00001FB03F3D31A174AA2FB03239B091D46B8
:103F0000FB68DB6C114AA2FB03239B0C1846FB6881
:103F1000DA6C0E4BA3FB02139B0C0D4901FB03F360
:103F2000D31A0C4AA2FB03239B09019300902B4652
:103F300022460949B8680EF073FCB868FCF720F90E
:103F4000034618461037BD46B0BD00BF83DE1B4395
:103F500040420F00D34D62104C44010880B586B03A
:103F600000AF786039603B687B61FEF701F838612B
:103F70004FF4FA73BB604FF4FA73FB6007F1080368
:103F800007F10802164978690EF06CFC0346002B15
:103F90000BDA7869FCF7F4F802467B691344114A9E
:103FA000114918460EF03CFC11E0BB681A463B690B
:103FB0009A62FA683B69DA627869FCF7E1F80246CE
:103FC0007B691344094A084918460EF029FC7869B0
:103FD000FCF7D6F8034618461837BD4680BD00BF2B
:103FE0006C4401089843010888430108E443010830
:103FF00080B584B000AF78603960FDF7B9FFF86034
:104000003B68BB60FB689A6AFB68DB6A0549B86875
:104010000EF006FCB868FCF7B3F8034618461037F4
:10402000BD4680BD7C44010880B586B000AF786095
:1040300039603B687B61FDF79BFF386107F10C033A
:104040001A46154978690EF00DFC0346002B0BDA71
:104050007869FCF795F802467B6913440F4A1049CA
:1040600018460EF0DDFB0EE0FB681A463B691A634A
:104070007869FCF785F802467B691344094A0849C8
:1040800018460EF0CDFB7869FCF77AF8034618461F
:104090001837BD4680BD00BF94440108984301080D
:1040A00088430108E443010880B584B000AF78601C
:1040B0003960FDF75DFFF8603B68BB60FB681B6B18
:1040C0001A460649B8680EF0ABFBB868FCF758F81A
:1040D000034618461037BD4680BD00BFA044010806
:1040E00080B58AB000AFB9607B600346FB731346AE
:1040F000BB7300237B62FA7B13469B0013449B0037
:10410000374A13443B623B6A1B69FB610023BB6176
:104110003B6A1B7B022B1ED13249B8680EF04AFC69
:104120000346002B0FD03B6A00229A603B6A5B6813
:104130001A460021F8690EF007FCFB7BF969184666
:10414000FFF7E0FC05E0BB7B9BB21946B868FEF7C1
:104150007BFE002340E0BA7B3B6A9B681A443B6AC3
:104160005B689A420BD93B6A00229A603B6A5B68A3
:104170001A460021F8690EF0E7FB00232CE03B6AA9
:104180001A693B6A9B681344BA7BB96818460EF0FB
:1041900008FD3B6A9B685A003B6A9A601249F869BD
:1041A0000EF008FCB8611149F8690EF003FC786163
:1041B0007B69002B0FD0BB69002B0CD07A69BB69DF
:1041C000D31A02337B623B6A00229A607B68BA6929
:1041D0001A607B6A00E0002318462837BD4680BD80
:1041E000002900208C430108B4440108B8440108A8
:1041F00080B485B000AF0346B9607A60FB73BB68DA
:10420000002B37D07B687F2B34D9FA7B1C491346AF
:104210009B0013449B000B441033BA681A60FA7B6E
:10422000174913469B0013449B000B4404337A68E0
:104230001A60FA7B124913469B0013449B000B44FF
:104240000C3300221A70FA7B0D4913469B0013446D
:104250009B000B4400221A60FA7B094913469B001D
:1042600013449B000B44083300221A60FB7B054A71
:10427000136000E000BF1437BD4680BC704700BF2C
:1042800000290020FC28002080B588B000AFF8602D
:10429000B9607A603B600023FB6100237B613B686F
:1042A0003B617B68402B02D94FF0FF3389E000234C
:1042B000BB6181E04549BA6913469B0013449B00EA
:1042C0000B441B78002B74D0BA6913469B0013442F
:1042D0009B003E4A134401331946B8680EF06AFB4E
:1042E00078617B69002B64D08022002138690EF050
:1042F0002BFB7A68B96838690EF053FC3F21B86827
:104300000EF02AFB0346002B22D03049BA6913462F
:104310009B0013449B000B4410331B68002B48D0B8
:104320002A49BA6913469B0013449B000B4410337F
:104330001B683969F86898470346FB61FB69002BE5
:1043400037DDFB699BB219463869FFF779FB30E02E
:104350001E49BA6913469B0013449B000B440C335F
:104360001B68002B17D01949BA6913469B001344E8
:104370009B000B440C331B683969F8689847034667
:10438000FB61FB69002B14DDFB699BB219463869A0
:10439000FFF756FB0DE0BA690D4938690EF040FA97
:1043A0003869FBF7EDFE03469BB219463869FFF703
:1043B00047FBBB690133BB61BB69082B7FF77AAF51
:1043C000FB6918462037BD4680BD00BF00000020B5
:1043D000BC44010880B586B000AF78600B467B8096
:1043E00000237B6100233B610023FB60194B1B68AA
:1043F000002B29DB174B1B68D8B27B88DAB207F198
:104400000C037968FFF76CFE03463B613B69002BA8
:104410001ADD3B69802B17DC802200210E480EF04C
:1044200093FA802200210D480EF08EFAFB683A695B
:10443000194609480EF0B5FB064B1B6818463A6949
:10444000064B0549FFF720FF7B6918461837BD4624
:1044500080BD00BFFC28002028290020AC290020B6
:1044600080B500AF06F0ACFC0346184680BD80B5B1
:1044700082B000AF0346FB71FB79184606F0E0FC02
:10448000034618460837BD4680BD80B500AF06F02C
:1044900037FD0346184680BD80B500AF06F037FDF6
:1044A0000346184680BD80B500AF06F037FD0346D1
:1044B000184680BD80B582B000AF0346FB71FB7922
:1044C000184606F032FD034618460837BD4680BD43
:1044D00080B400AF00BFBD4680BC704780B400AF61
:1044E000044B5B68034A43F00103536000BFBD46C1
:1044F00080BC7047002004E080B400AF044B5B68D0
:10450000034A43F00203536000BFBD4680BC7047BE
:10451000002004E080B400AF044B5B68034A43F022
:104520000403536000BFBD4680BC7047002004E018
:1045300080B582B000AF0023FB71032000F0F8F8D3
:1045400002F0C0F80346094A13600F20FCF734FB61
:104550000346002B02D00123FB7101E0FCF700FAB7
:10456000FB7918460837BD4680BD00BFB400002067
:1045700080B500AFFFF7B2FF00BF80BD80B500AFD0
:10458000FFF7BAFF00BF80BD80B500AFFFF7C2FFE5
:1045900000BF80BD80B485B000AF78607B6803F059
:1045A0000703FB600C4BDB68BB60BA684FF6FF0388
:1045B0001340BB60FB681A02BB68134343F0BF6340
:1045C00043F40033BB60044ABB68D36000BF1437B8
:1045D000BD4680BC704700BF00ED00E080B400AF76
:1045E000044BDB681B0A03F007031846BD4680BC7A
:1045F000704700BF00ED00E080B483B000AF034619
:10460000FB7197F90730002B0BDBFB7903F01F02DE
:10461000064997F907305B09012000FA02F241F8D8
:10462000232000BF0C37BD4680BC704700E100E08E
:1046300080B483B000AF0346FB7197F90730002BBD
:1046400012DBFB7903F01F020A4997F907305B0977
:10465000012000FA02F2203341F82320BFF34F8FEC
:1046600000BFBFF36F8F00BF00BF0C37BD4680BCDB
:10467000704700BF00E100E080B483B000AF0346A4
:104680003960FB7197F90730002B0ADB3B68DAB21F
:104690000C4997F907301201D2B20B4483F800237A
:1046A0000AE03B68DAB20849FB7903F00F03043BE8
:1046B0001201D2B20B441A7600BF0C37BD4680BC43
:1046C000704700BF00E100E000ED00E080B489B079
:1046D00000AFF860B9607A60FB6803F00703FB6124
:1046E000FB69C3F10703042B28BF0423BB61FB69EB
:1046F0000433062B02D9FB69033B00E000237B61F6
:104700004FF0FF32BB6902FA03F3DA43BB681A4089
:104710007B699A404FF0FF317B6901FA03F3D9437B
:104720007B680B40134318462437BD4680BC704756
:1047300080B582B000AF78607868FFF72BFF00BFCC
:104740000837BD4680BD80B586B000AF0346B9606E
:104750007A60FB73FFF742FF78617A68B96878691D
:10476000FFF7B4FF024697F90F3011461846FFF7DE
:1047700083FF00BF1837BD4680BD80B582B000AF53
:104780000346FB7197F907301846FFF735FF00BF66
:104790000837BD4680BD80B582B000AF0346FB71CF
:1047A00097F907301846FFF743FF00BF0837BD46AB
:1047B00080BD000080B582B000AF78607B68002BC0
:1047C00001D101238EE07B681B681A46474B9A4251
:1047D0000FD87B681B681A46454B1344454AA2FB19
:1047E00003231B099A007B685A647B68424A1A6457
:1047F0000EE07B681B681A46404B13443D4AA2FBFF
:1048000003231B099A007B685A647B683C4A1A643C
:104810007B68022283F825207B681B681B687A6806
:10482000126823F4FF4323F0700313607B681B6856
:1048300019687B689A687B68DB681A437B681B6928
:104840001A437B685B691A437B689B691A437B68E0
:10485000DB691A437B681B6A1A437B681B680A433F
:104860001A60786800F024FB7B689B68B3F5804F82
:1048700002D17B6800225A607B685A687B689B6C17
:1048800002F07F021A607B68DB6C7A68126D5A60F6
:104890007B685B68002B10D07B685B68042B0CD8AE
:1048A000786800F04DFB7B685B6D00221A607B68C6
:1048B0009B6D7A68D26D5A6008E07B6800225A6569
:1048C0007B6800229A657B680022DA657B6800229B
:1048D000DA637B68012283F825207B68002283F855
:1048E0002420002318460837BD4680BD0704024037
:1048F000F8FFFDBFCDCCCCCC00000240F8FBFDBFE3
:104900000004024080B582B000AF78607B68002B65
:1049100001D101237BE07B681B681A687B681B68F8
:1049200022F001021A607B681B681A463A4B9A42D1
:104930000FD87B681B681A46384B1344384AA2FBD1
:1049400003231B099A007B685A647B68354A1A6402
:104950000EE07B681B681A46334B1344304AA2FBB7
:1049600003231B099A007B685A647B682F4A1A64E8
:104970007B681B6800221A607B685B6C03F01C027A
:104980007B681B6C012101FA02F25A60786800F022
:104990008FFA7B689B6C00221A607B68DB6C7A68FC
:1049A000126D5A607B685B68002B0FD07B685B6878
:1049B000042B0BD8786800F0C3FA7B685B6D00228B
:1049C0001A607B689B6D7A68D26D5A607B680022A2
:1049D0005A657B6800229A657B680022DA657B68ED
:1049E0000022DA627B6800221A637B6800225A6325
:1049F0007B6800229A637B680022DA637B6800226E
:104A000083F825207B68002283F8242000231846A1
:104A10000837BD4680BD00BF07040240F8FFFDBF58
:104A2000CDCCCCCC00000240F8FBFDBF000402401E
:104A300080B586B000AFF860B9607A603B60002353
:104A4000FB75FB6893F82430012B01D1022369E048
:104A5000FB68012283F82420FB6893F82530DBB241
:104A6000012B55D1FB68022283F82520FB68002228
:104A7000DA63FB681B681A68FB681B6822F0010296
:104A80001A603B687A68B968F86800F0D3F9FB6887
:104A90001B6B002B08D0FB681B681A68FB681B683F
:104AA00042F00E021A600FE0FB681B681A68FB6890
:104AB0001B6822F004021A60FB681B681A68FB6816
:104AC0001B6842F00A021A60FB689B6C1B6803F4C7
:104AD0008033002B07D0FB689B6C1A68FB689B6CCB
:104AE00042F480721A60FB685B6D002B07D0FB6894
:104AF0005B6D1A68FB685B6D42F480721A60FB683C
:104B00001B681A68FB681B6842F001021A6008E023
:104B1000FB688022DA63FB68002283F824200123EB
:104B2000FB75FB7D18461837BD4680BD80B483B049
:104B300000AF78607B68002B01D101234FE07B68D8
:104B400093F82530DBB2022B08D07B680422DA63AD
:104B50007B68002283F82420012340E07B681B68E7
:104B60001A687B681B6822F00E021A607B689B6CD7
:104B70001A687B689B6C22F480721A607B681B68E1
:104B80001A687B681B6822F001021A607B685B6C04
:104B900003F01C027B681B6C012101FA02F25A60CF
:104BA0007B68DB6C7A68126D5A607B685B6D002BEA
:104BB0000CD07B685B6D1A687B685B6D22F4807239
:104BC0001A607B689B6D7A68D26D5A607B6801229F
:104BD00083F825207B68002283F8242000231846D0
:104BE0000C37BD4680BC704780B584B000AF78609C
:104BF0000023FB737B6893F82530DBB2022B05D0D2
:104C00007B680422DA630123FB7347E07B681B683F
:104C10001A687B681B6822F00E021A607B681B68AA
:104C20001A687B681B6822F001021A607B689B6C23
:104C30001A687B689B6C22F480721A607B685B6CDC
:104C400003F01C027B681B6C012101FA02F25A601E
:104C50007B68DB6C7A68126D5A607B685B6D002B39
:104C60000CD07B685B6D1A687B685B6D22F4807288
:104C70001A607B689B6D7A68D26D5A607B680122EE
:104C800083F825207B68002283F824207B689B6BB7
:104C9000002B03D07B689B6B78689847FB7B18469A
:104CA0001037BD4680BD000080B584B000AF78608D
:104CB0007B681B6C1B68FB607B681B681B68BB60A8
:104CC0007B685B6C03F01C0304229A40FB68134072
:104CD000002B27D0BB6803F00403002B22D07B6895
:104CE0001B681B6803F02003002B07D17B681B683F
:104CF0001A687B681B6822F004021A607B685B6C90
:104D000003F01C027B681B6C042101FA02F25A605A
:104D10007B681B6B002B00F081807B681B6B7868C5
:104D200098477BE07B685B6C03F01C0302229A408F
:104D3000FB681340002B3DD0BB6803F00203002B3F
:104D400038D07B681B681B6803F02003002B0BD155
:104D50007B681B681A687B681B6822F00A021A606D
:104D60007B68012283F825207B681B681A462E4B3E
:104D70009A4209D97B685B6C03F01C032B4A022121
:104D800001FA03F3536008E07B685B6C03F01C03DB
:104D9000274A022101FA03F353607B68002283F85B
:104DA00024207B68DB6A002B38D07B68DB6A78685C
:104DB000984733E07B685B6C03F01C0308229A4041
:104DC000FB681340002B2AD0BB6803F00803002BBC
:104DD00025D07B681B681A687B681B6822F00E026E
:104DE0001A607B685B6C03F01C027B681B6C012102
:104DF00001FA02F25A607B680122DA637B680122C1
:104E000083F825207B68002283F824207B685B6B75
:104E1000002B04D07B685B6B7868984700BF00BFAD
:104E20001037BD4680BD00BF800002400004024034
:104E30000000024080B485B000AFF860B9607A60CD
:104E40003B60FB68DB6CFA68126D5A60FB685B6D57
:104E5000002B04D0FB689B6DFA68D26D5A60FB682A
:104E60005B6C03F01C02FB681B6C012101FA02F26F
:104E70005A60FB681B683A685A60FB689B68102B95
:104E800008D1FB681B687A689A60FB681B68BA687F
:104E9000DA6007E0FB681B68BA689A60FB681B6809
:104EA0007A68DA6000BF1437BD4680BC70470000E6
:104EB00080B485B000AF78607B681B681A461C4BD5
:104EC0009A4213D87B685B6C9B089B0003F180437C
:104ED00003F502337A6893647B681B68DBB2083B96
:104EE000144AA2FB03231B09FB6011E07B685B6C87
:104EF0009B089A00104B13447A6893647B681B6884
:104F0000DBB2083B0B4AA2FB03231B090733FB6000
:104F10007B680A4ADA64FB6803F01F0301229A40A7
:104F20007B681A6500BF1437BD4680BC704700BF60
:104F300007040240CDCCCCCC1C08024080080240C3
:104F400080B485B000AF78607B685B6803F07F0356
:104F5000FB60FA680A4B13449B001A467B685A654B
:104F60007B68084A9A65FB68013B03F00303012252
:104F70009A407B68DA6500BF1437BD4680BC704735
:104F80003F8200104009024080B586B000AFF86053
:104F9000B960C7E900231C4B1B78012B01D1022308
:104FA0002DE0194B01221A70174B00225A604FF462
:104FB0007A7000F073F80346FB75FB7D002B1AD165
:104FC000FB68012B05D1D7E90023B86800F0C8F8C9
:104FD00004E03B681946B86800F0E8F84FF47A70CE
:104FE00000F05CF80346FB75084B5A69FB68DB432D
:104FF000064913404B61044B00221A70FB7D184692
:105000001837BD4680BD00BF302A00200040005840
:1050100080B483B000AF0023FB710B4B5B69002BA6
:105020000BDA094B094A9A60074B094A9A60064B0A
:105030005B69002B01DA0123FB71FB7918460C3701
:10504000BD4680BC704700BF004000582301674543
:10505000AB89EFCD80B483B000AF0023FB71094B67
:105060005B69084A43F000435361064B5B69002BC0
:1050700001DB0123FB71FB7918460C37BD4680BC70
:10508000704700BF0040005880B400AF024B5B681F
:105090001846BD4680BC7047302A002080B584B0D9
:1050A00000AF7860FBF792FDF86009E0FBF78EFD3A
:1050B0000246FB68D31A7A689A4201D8032346E075
:1050C000254B1B6903F48033B3F5803FEED0224BB0
:1050D0001B69BB60BB6803F00103002B02D01E4BB1
:1050E00001221A61BA684CF2FA331340BB60BB6804
:1050F000B3F1804F07D3184B9A69BB6803F0404364
:10510000154913438B61BB6823F04043002B04D047
:10511000114ABB6823F040431361BB68002B0ED0DB
:105120000E4ABB685360012311E0FBF74FFD0246B6
:10513000FB68D31A7A689A4201D8032307E0064B2A
:105140001B6903F48023B3F5802FEED000231846AB
:105150001037BD4680BD00BF00400058302A0020F7
:1051600080B485B000AFF860C7E900230E4B5B69DF
:105170000D4A43F001035361FB683A681A60BFF3BC
:105180006F8F00BFD7E900014FF000024FF000031E
:105190000A000023F968043113460B6000BF14377E
:1051A000BD4680BC704700BF0040005880B489B045
:1051B00000AF786039604023FB777B68BB613B6858
:1051C0007B61184B5B69174A43F480235361EFF30B
:1051D0001083FB60FB683B6172B600BF7B691A6895
:1051E000BB691A60BB690433BB617B6904337B61B3
:1051F000FB7F013BFB77FB7F002BEFD100BF094B0F
:105200001B6903F48033B3F5803FF8D03B69BB6082
:10521000BB6883F3108800BF00BF2437BD4680BC45
:10522000704700BF0040005880B483B000AF786082
:10523000084B5B6923F47E727B68DB001343054AED
:1052400043F4803343F00203536100BF0C37BD4683
:1052500080BC70470040005880B487B000AF7860D1
:10526000396000237B6140E13B681A6801217B695A
:1052700001FA03F31340FB60FB68002B00F032815E
:105280003B685B6803F00303012B05D03B685B6858
:1052900003F00303022B30D17B689B683B617B6981
:1052A0005B00032202FA03F3DB433A6913403B61DC
:1052B0003B68DA687B695B0002FA03F33A691343DF
:1052C0003B617B683A699A607B685B683B6101225D
:1052D0007B6902FA03F3DB433A6913403B613B68A5
:1052E0005B681B0903F001027B6902FA03F33A6968
:1052F00013433B617B683A695A603B685B6803F023
:105300000303032B17D07B68DB683B617B695B0081
:10531000032202FA03F3DB433A6913403B613B6823
:105320009A687B695B0002FA03F33A6913433B61B5
:105330007B683A69DA603B685B6803F00303022B21
:1053400023D17B69DA087B68083253F822303B614D
:105350007B6903F007039B000F2202FA03F3DB4390
:105360003A6913403B613B681A697B6903F00703A4
:105370009B0002FA03F33A6913433B617B69DA0845
:105380007B680832396943F822107B681B683B61EF
:105390007B695B00032202FA03F3DB433A691340A3
:1053A0003B613B685B6803F003027B695B0002FAC8
:1053B00003F33A6913433B617B683A691A603B68BF
:1053C0005B6803F44033002B00F08C804E4A7B690D
:1053D0009B08023352F823303B617B6903F00303DF
:1053E0009B00072202FA03F3DB433A6913403B6157
:1053F0007B68B3F1904F0DD07B68444A934207D04D
:105400007B68434A934201D1022304E0072302E070
:10541000012300E000237A6902F003029200934026
:105420003A6913433B6138497B699B0802333A6907
:1054300041F82320374B1B683B61FB68DB433A692B
:1054400013403B613B685B6803F48013002B03D07F
:105450003A69FB6813433B612E4A3B6913602D4B4D
:105460005B683B61FB68DB433A6913403B613B6827
:105470005B6803F40013002B03D03A69FB68134305
:105480003B61244A3B695360224BD3F880303B6137
:10549000FB68DB433A6913403B613B685B6803F49C
:1054A0008033002B03D03A69FB6813433B61194AF0
:1054B0003B69C2F88030174BD3F884303B61FB68FE
:1054C000DB433A6913403B613B685B6803F400339C
:1054D000002B03D03A69FB6813433B610D4A3B69DB
:1054E000C2F884307B6901337B613B681A687B6951
:1054F00022FA03F3002B7FF4B7AE00BF00BF1C37C6
:10550000BD4680BC704700BF000001400004004859
:10551000000800480008005880B487B000AF7860E9
:10552000396000237B61AFE001227B6902FA03F35B
:105530003A6813403B613B69002B00F0A280594A56
:105540007B699B08023352F82330FB607B6903F0D0
:1055500003039B00072202FA03F3FA681340FB607F
:105560007B68B3F1904F0DD07B684F4A934207D0D0
:105570007B684E4A934201D1022304E0072302E0F4
:10558000012300E000237A6902F0030292009340B5
:10559000FA689A4236D1464BD3F880203B69DB4308
:1055A00043491340C1F88030414BD3F884203B6914
:1055B000DB433F491340C1F884303D4B1A683B69D7
:1055C000DB433B4913400B60394B5A683B69DB4373
:1055D000374913404B607B6903F003039B000722AC
:1055E00002FA03F3FB602F4A7B699B08023352F8EF
:1055F0002310FB68DA432B487B699B080A4002337F
:1056000040F823207B681A687B695B00032101FA5C
:1056100003F31A437B681A607B69DA087B680832F7
:1056200053F822107B6903F007039B000F2202FA54
:1056300003F3DB437A69D20819407B68083243F8E8
:1056400022107B689A687B695B00032101FA03F3EF
:10565000DB431A407B689A607B685A6801217B694A
:1056600001FA03F3DB431A407B685A607B68DA680F
:105670007B695B00032101FA03F3DB431A407B687B
:10568000DA607B6901337B613A687B6922FA03F354
:10569000002B7FF449AF00BF00BF1C37BD4680BC64
:1056A000704700BF000001400004004800080048A7
:1056B0000008005880B483B000AF78600B467B8050
:1056C00013467B707B78002B03D07A887B689A61C5
:1056D00002E07A887B689A6200BF0C37BD4680BCC6
:1056E0007047000080B400AF044B1B68034A43F4CA
:1056F0008073136000BFBD4680BC70470004005833
:1057000080B400AF034B1B6803F4C0631846BD466A
:1057100080BC70470004005880B400AF064B1B6883
:1057200003F48073B3F5807F01D1012300E00023EF
:105730001846BD4680BC70470004005880B400AFD6
:105740004FF0B0431B684FF0B04243F400131360B6
:1057500000BFBD4680BC704780B400AF4FF0B0437F
:105760001B684FF0B04223F40013136000BFBD4626
:1057700080BC704780B400AF4FF0B0431B6803F4A7
:105780008013B3F5801F01D1012300E000231846E8
:10579000BD4680BC704780B400AF4FF0B0431B687B
:1057A0004FF0B04243F48033136000BFBD4680BC6D
:1057B000704780B400AF4FF0B0431B684FF0B04269
:1057C00023F48033136000BFBD4680BC704780B4B3
:1057D00000AF4FF0B0431B6803F40033B3F5003F54
:1057E00001D1012300E000231846BD4680BC70476C
:1057F00080B400AF4FF0B0431B684FF0B04243F4A9
:105800008073136000BFBD4680BC704780B400AF9A
:105810004FF0B0431B684FF0B04223F48073136025
:1058200000BFBD4680BC704780B400AF4FF0B043AE
:105830001B6803F48063B3F5806F01D1012300E09E
:1058400000231846BD4680BC704780B483B000AFCB
:1058500078604FF0B0435B6823F0FE427B681B0624
:105860004FF0B04113434B6000BF0C37BD4680BCC6
:10587000704780B400AF4FF0B043D3F8903003F0DE
:105880000203022B01D1012300E000231846BD468C
:1058900080BC704780B400AF4FF0B043D3F8943071
:1058A0004FF0B04243F00103C2F8943000BFBD4650
:1058B00080BC704780B400AF4FF0B043D3F8943051
:1058C0004FF0B04223F00103C2F8943000BFBD4650
:1058D00080BC704780B400AF4FF0B043D3F8943031
:1058E00003F00203022B01D1012300E0002318463C
:1058F000BD4680BC704780B400AF4FF0B0431B681A
:105900004FF0B04243F00103136000BFBD4680BCBE
:10591000704780B400AF4FF0B0431B684FF0B04207
:1059200023F00103136000BFBD4680BC704780B404
:1059300000AF4FF0B0431B6803F00203022B01D10C
:10594000012300E000231846BD4680BC704780B4A8
:1059500000AF4FF0B0431B6803F00803082B01D1E0
:10596000012300E000231846BD4680BC704780B488
:1059700000AF4FF0B0431B6803F0F0031846BD467C
:1059800080BC704780B400AF4FF0B043D3F8943080
:1059900003F470631846BD4680BC704780B483B082
:1059A00000AF78604FF0B0435B6823F47F427B68C0
:1059B0001B024FF0B04113434B6000BF0C37BD4694
:1059C00080BC704780B483B000AF78604FF0B043C4
:1059D0009B6823F003024FF0B0417B6813438B6058
:1059E00000BF0C37BD4680BC704780B400AF4FF09D
:1059F000B0439B6803F00C031846BD4680BC70475B
:105A000080B483B000AF78604FF0B0439B6823F060
:105A1000F0024FF0B0417B6813438B6000BF0C373E
:105A2000BD4680BC704780B483B000AF78604FF053
:105A3000B043D3F8083123F00F027B681B094FF005
:105A4000B0411343C1F8083100BF0C37BD4680BCDC
:105A5000704780B483B000AF78604FF0B0439B686C
:105A600023F4E0624FF0B0417B6813438B6000BFCA
:105A70000C37BD4680BC704780B483B000AF7860FF
:105A80004FF0B0439B6823F460524FF0B0417B6805
:105A900013438B6000BF0C37BD4680BC704780B499
:105AA00000AF4FF0B0439B6803F0F0031846BD46CB
:105AB00080BC704780B400AF4FF0B043D3F80831DA
:105AC0001B0103F0F0031846BD4680BC704780B44C
:105AD00000AF4FF0B0439B6803F4E0631846BD4647
:105AE00080BC704780B400AF4FF0B0439B6803F4B4
:105AF00060531846BD4680BC704780B400AF4FF07D
:105B0000B0431B684FF0B04243F08073136000BF96
:105B1000BD4680BC704780B400AF4FF0B0431B68F7
:105B20004FF0B04223F08073136000BFBD4680BCCD
:105B3000704780B400AF4FF0B0431B6803F00073B0
:105B4000B3F1007F01D1012300E000231846BD46D8
:105B500080BC704780B400AF4FF0B043DB681B0AD5
:105B600003F07F031846BD4680BC704780B400AF89
:105B70004FF0B043DB6803F060431846BD4680BC7D
:105B8000704780B400AF4FF0B043DB6803F07003A0
:105B90001846BD4680BC704780B400AF4FF0B0439C
:105BA000DB6803F003031846BD4680BC704780B431
:105BB00000AF4FF0B0439B6803F48033B3F5803FF0
:105BC00001D1012300E000231846BD4680BC704788
:105BD00080B400AF4FF0B043D3F8083103F4803302
:105BE000B3F5803F01D1012300E000231846BD46F4
:105BF00080BC704780B400AF4FF0B0439B6803F4A3
:105C00000033B3F5003F01D1012300E00023184623
:105C1000BD4680BC704780B400AF4FF0B0439B6876
:105C200003F48023B3F5802F01D1012300E000238A
:105C30001846BD4680BC704780B588B000AF78601C
:105C40007B68002B01D101236FE3FFF7CEFEF861E3
:105C5000FFF7A2FFB8617B681B6803F02003002BED
:105C600000F0C480FB69002B05D0FB690C2B76D1BA
:105C7000BB69012B73D17B681B6A002B01D1012307
:105C800053E37B689A6A4FF0B0431B6803F0080344
:105C9000002B05D04FF0B0431B6803F0F00306E083
:105CA0004FF0B043D3F894301B0903F0F003934254
:105CB00022D27B689B6A184600F03CFD0346002B0D
:105CC00001D0012331E34FF0B0431B684FF0B042E5
:105CD00043F0080313604FF0B0431B6823F0F00259
:105CE0007B689B6A4FF0B04113430B607B685B6A33
:105CF0001846FFF753FE21E04FF0B0431B684FF00A
:105D0000B04243F0080313604FF0B0431B6823F028
:105D1000F0027B689B6A4FF0B04113430B607B68D5
:105D20005B6A1846FFF73AFE7B689B6A184600F0EC
:105D300001FD0346002B01D00123F6E200F0C2FC76
:105D40000346A74A1360A74B1B681846FAF734FFAF
:105D50000346FB74FB7C002B47D0FB7CE5E27B68B1
:105D60001B6A002B2CD0FFF7C6FDFAF72FFF7861D6
:105D700008E0FAF72BFF02467B69D31A022B01D900
:105D80000323D2E2FFF7D3FD0346002BF1D04FF0FF
:105D9000B0431B684FF0B04243F0080313604FF06C
:105DA000B0431B6823F0F0027B689B6A4FF0B04160
:105DB00013430B607B685B6A1846FFF7EFFD15E045
:105DC000FFF7A7FDFAF702FF786108E0FAF7FEFE99
:105DD00002467B69D31A022B01D90323A5E2FFF700
:105DE000A6FD0346002BF1D100E000BF7B681B68D5
:105DF00003F00103002B58D0FB69082B05D0FB6989
:105E00000C2B08D1BB69032B05D17B685B68002B89
:105E10004BD1012389E24FF0B0431B6823F4801279
:105E20007B689B684FF0B04113430B607B685B68F5
:105E3000B3F5803F02D1FFF7AEFC0DE07B685B68F5
:105E4000B3F5041F04D1FFF779FCFFF7A4FC03E0CE
:105E5000FFF7AFFCFFF780FC7B685B68002B12D07C
:105E6000FAF7B4FE786108E0FAF7B0FE02467B6903
:105E7000D31A642B01D9032357E2FFF7A8FC03468A
:105E8000002BF1D011E0FAF7A1FE786108E0FAF7F3
:105E90009DFE02467B69D31A642B01D9032344E299
:105EA000FFF795FC0346002BF1D17B681B6803F0DC
:105EB0000203002B46D0FB69042B05D0FB690C2B99
:105EC0000ED1BB69022B0BD17B681B69002B01D162
:105ED00001232AE27B685B691846FFF7B6FC31E0D4
:105EE0007B681B69002B19D0FFF782FCFAF76EFE66
:105EF000786108E0FAF76AFE02467B69D31A022B42
:105F000001D9032311E2FFF78FFC0346002BF1D0E8
:105F10007B685B691846FFF798FC13E0FFF776FC97
:105F2000FAF754FE786108E0FAF750FE02467B6902
:105F3000D31A022B01D90323F7E1FFF775FC0346BF
:105F4000002BF1D17B681B6803F00803002B6ED097
:105F50007B689B69002B56D04FF0B043D3F8943048
:105F6000FB607B68DA69FB6803F010039A4231D06A
:105F7000FB6803F00203002B06D0FB6803F001036B
:105F8000002B01D10123D0E1FB6803F00103002BBA
:105F900013D0FFF78FFCFAF719FE786108E0FAF7E3
:105FA00015FE02467B69D31A112B01D90323BCE1EC
:105FB000FFF790FC0346002BF1D14FF0B043D3F82C
:105FC000943023F010027B68DB694FF0B04113433B
:105FD000C1F89430FFF75EFCFAF7F8FD78610CE049
:105FE000B4000020B8000020FAF7F0FD02467B69FB
:105FF000D31A112B01D9032397E1FFF76BFC03465A
:10600000002BF1D013E0FFF755FCFAF7DFFD7861C4
:1060100008E0FAF7DBFD02467B69D31A112B01D9A0
:10602000032382E1FFF756FC0346002BF1D17B6886
:106030001B6803F00403002B00F0D880FFF76CFB13
:106040000346002B13D1FFF74DFBFAF7BFFD786134
:1060500008E0FAF7BBFD02467B69D31A022B01D98F
:10606000032362E1FFF758FB0346002BF1D07B6866
:10607000DB68002B7BD07B68DB68852B03D07B68DB
:10608000DB68052B09D14FF0B043D3F890304FF0C7
:10609000B04243F00403C2F89030FAF797FD7861FC
:1060A0004FF0B043D3F890304FF0B04243F00103CB
:1060B000C2F890300AE0FAF789FD02467B69D31AEC
:1060C00041F28832934201D903232EE1FFF7D1FB3D
:1060D0000346002BEFD07B68DB68812B03D07B6805
:1060E000DB68852B21D1FAF771FD78614FF0B04361
:1060F000D3F890304FF0B04243F08003C2F89030B4
:106100000AE0FAF763FD02467B69D31A41F288324E
:10611000934201D9032308E14FF0B043D3F8903004
:1061200003F40063002BECD060E0FAF74FFD7861D8
:106130004FF0B043D3F890304FF0B04223F08003DB
:10614000C2F890300AE0FAF741FD02467B69D31AA3
:1061500041F28832934201D90323E6E04FF0B04385
:10616000D3F8903003F40063002BECD13EE0FAF753
:106170002DFD78614FF0B043D3F890304FF0B0422E
:1061800023F08003C2F890300AE0FAF71FFD0246C0
:106190007B69D31A41F28832934201D90323C4E0C8
:1061A0004FF0B043D3F8903003F40063002BECD1F0
:1061B000FAF70CFD78614FF0B043D3F890304FF010
:1061C000B04223F00103C2F890300AE0FAF7FEFC77
:1061D00002467B69D31A41F28832934201D90323E4
:1061E000A3E0FFF746FB0346002BEFD17B68DB6A99
:1061F000002B00F09980FB690C2B6CD07B68DB6A6C
:10620000022B4BD1FFF787FCFAF7E0FC786108E03E
:10621000FAF7DCFC02467B69D31A0A2B01D9032367
:1062200083E0FFF786FC0346002BF1D14FF0B0432B
:10623000DA68404B13407A68116B7A68526B1143ED
:106240007A68926B120211437A68D26B11437A68B2
:10625000126C11437A68526C0A434FF0B0411343F9
:10626000CB60FFF74AFC4FF0B043DB684FF0B04221
:1062700043F08053D360FAF7A9FC786108E0FAF79D
:10628000A5FC02467B69D31A0A2B01D903234CE0F3
:10629000FFF74FFC0346002BF1D045E0FFF73BFC36
:1062A000FAF794FC786108E0FAF790FC02467B6903
:1062B000D31A0A2B01D9032337E0FFF73AFC034630
:1062C000002BF1D14FF0B043DA684FF0B0411A4BD8
:1062D0001340CB6028E07B68DB6A012B01D10123EE
:1062E00023E04FF0B043DB68BB61BB6903F00302FE
:1062F0007B681B6B9A4215D1BB6903F070027B6807
:106300005B6B9A420ED1BB6903F4FE427B689B6BC8
:106310001B029A4206D1BB6903F060427B685B6C4A
:106320009A4201D0012300E0002318462037BD46E1
:1063300080BD00BF8C80C111FCFFFEEE80B584B033
:1063400000AF786039607B68002B01D101230FE139
:10635000894B1B6803F007033A689A421BD9864BA6
:106360001B6823F0070284493B6813430B60FAF76C
:106370002DFCF86008E0FAF729FC0246FB68D31A06
:10638000022B01D90323F3E07B4B1B6803F00703C7
:106390003A689A42EFD17B681B6803F00203002B36
:1063A00016D07B689B681846FFF72AFBFAF70EFCAD
:1063B000F86008E0FAF70AFC0246FB68D31A022BE1
:1063C00001D90323D4E0FFF7F2FB0346002BF1D001
:1063D0007B681B6803F04003002B16D07B685B6969
:1063E0001846FFF720FBFAF7F1FBF86008E0FAF730
:1063F000EDFB0246FB68D31A022B01D90323B7E059
:10640000FFF7E6FB0346002BF1D07B681B6803F027
:106410000403002B16D07B68DB681846FFF719FBD6
:10642000FAF7D4FBF86008E0FAF7D0FB0246FB6805
:10643000D31A022B01D903239AE0FFF7DBFB0346B3
:10644000002BF1D07B681B6803F00803002B17D0EA
:106450007B681B69DB001846FFF70EFBFAF7B6FBFB
:10646000F86008E0FAF7B2FB0246FB68D31A022B89
:1064700001D903237CE0FFF7CEFB0346002BF1D0CC
:106480007B681B6803F00103002B43D07B685B68CB
:10649000022B06D1FFF79BF90346002B1ED10123E7
:1064A00066E07B685B68032B06D1FFF742FB03467F
:1064B000002B13D101235BE07B685B68002B06D1C6
:1064C000FFF735FA0346002B08D1012350E0FFF710
:1064D000ABF90346002B01D1012349E07B685B68DF
:1064E0001846FFF76FFAFAF771FBF8600AE0FAF75F
:1064F0006DFB0246FB68D31A41F28832934201D900
:10650000032335E0FFF771FA02467B685B689B0066
:106510009A42ECD1184B1B6803F007033A689A4281
:106520001BD2154B1B6823F0070213493B6813432A
:106530000B60FAF74BFBF86008E0FAF747FB0246FE
:10654000FB68D31A022B01D9032311E00A4B1B6805
:1065500003F007033A689A42EFD100F0B3F803461C
:10656000064A1360064B1B681846FAF725FB0346DC
:1065700018461037BD4680BD00400058B4000020CA
:10658000B800002090B587B000AF00237B610023E6
:106590003B61FFF72AFAB860FFF7FEFA7860BB6844
:1065A000002B05D0BB680C2B39D17B68012B36D171
:1065B000FFF7CDF90346002B15D1FFF7C8F90346C5
:1065C000012B06D1FFF7D3F903461B0A03F00F0393
:1065D00005E0FFF7D7F903461B0A03F00F03364A1D
:1065E00052F8233014E0FFF7B2F90346012B06D12D
:1065F000FFF7BDF903461B0903F00F0305E0FFF7A2
:10660000C1F903461B0903F00F032B4A52F823304C
:106610003B61BB68002B15D13B697B6112E0BB6815
:10662000042B02D1254B7B610CE0BB68082B09D100
:10663000FFF7A0F80346012B02D1204B7B6101E05C
:106640001F4B7B61FFF7D1F903460C2B2FD1FFF7CE
:10665000A3FA78607B68022B03D07B68032B03D0FE
:106660000DE0164BFB600DE0FFF784F80346012BAD
:1066700002D1124BFB6005E0114BFB6002E03B696D
:10668000FB6000BFFFF766FA0246FB6803FB02F4FB
:10669000FFF777FA03461B090133B4FBF3F4FFF766
:1066A00065FA03465B0F0133B4FBF3F37B617B694F
:1066B00018461C37BD4690BD644A01080024F4000A
:1066C0000048E80198B500AFFFF75CFF0446FFF70C
:1066D000E6F903461B0903F00F03034A52F823307F
:1066E000B4FBF3F3184698BD044A010898B500AF0F
:1066F000FFF7E8FF0446FFF7EAF903461B0A034ADF
:1067000052F8233024FA03F3184698BD444A01088E
:1067100098B500AFFFF7D6FF0446FFF7E3F903464D
:10672000DB0A034A52F8233024FA03F3184698BDD3
:10673000444A010890B585B000AF78607B681B09BA
:1067400003F00F03104A52F82330FB60FFF7B2F951
:1067500003461B0903F00F030C4A52F82330FA6872
:10676000B2FBF3F3BB60BB68094AA2FB03239C0C9A
:10677000FEF7C6FF03461946204600F00BF8034615
:1067800018461437BD4690BD644A0108044A010802
:1067900083DE1B4380B58EB000AF786039603A4A23
:1067A00007F1200392E80300186004331980374A88
:1067B00007F1180392E80300186004331980344A83
:1067C00007F10C0307CA83E8070000237B633B68DB
:1067D000B3F5007F1BD100233B6314E03B6B5B00F0
:1067E00038333B4433F8183C1A467B68934207D849
:1067F0003B6B9B0038333B4453F82C3C7B6321E0DC
:106800003B6B01333B633B6B022BE7D91AE0002360
:10681000FB6214E0FB6A5B0038333B4433F8203CF6
:106820001A467B68934207D8FB6A9B0038333B4487
:1068300053F82C3C7B6305E0FB6A0133FB62FB6A87
:10684000022BE7D9134B1B6823F0070211497B6B1E
:1068500013430B60FAF7BAF9B86208E0FAF7B6F931
:106860000246BB6AD31A022B01D9032307E0094B66
:106870001B6803F007037A6B9A42EFD10023184696
:106880003837BD4680BD00BFD0440108D844010858
:10689000E04401080040005880B400AF4FF0B0431E
:1068A000D3F8903003F00203022B01D1012300E062
:1068B00000231846BD4680BC704780B483B000AF4B
:1068C00078604FF0B043D3F888207B681B0CDB4323
:1068D0001A407B689BB24FF0B0411343C1F8883037
:1068E00000BF0C37BD4680BC704780B483B000AF9A
:1068F00078604FF0B043D3F8883023F440724FF003
:10690000B0417B681343C1F8883000BF0C37BD46E7
:1069100080BC704780B483B000AF78604FF0B04364
:10692000D3F8883023F440624FF0B0417B681343C2
:10693000C1F8883000BF0C37BD4680BC704780B4BA
:1069400083B000AF78604FF0B043D3F888207B6805
:106950001B0903F47F23DB431A407B681B0103F40C
:106960007F234FF0B0411343C1F8883000BF0C378C
:10697000BD4680BC704780B483B000AF78604FF0F4
:10698000B043D3F888207B681B0C1B04DB431A4000
:106990007B681B044FF0B0411343C1F8883000BF3F
:1069A0000C37BD4680BC704780B483B000AF7860C0
:1069B0004FF0B043D3F8883023F040424FF0B0415D
:1069C0007B681343C1F8883000BF0C37BD4680BCDC
:1069D000704780B483B000AF78604FF0B043D3F815
:1069E000883023F040524FF0B0417B681343C1F828
:1069F000883000BF0C37BD4680BC704780B483B080
:106A000000AF78604FF0B043D3F8903023F4407279
:106A10004FF0B0417B681343C1F8903000BF0C3792
:106A2000BD4680BC704780B400AF4FF0B043D3F890
:106A3000903003F440731846BD4680BC704780B464
:106A400000AF4FF0B043D3F890304FF0B04243F472
:106A50008033C2F8903000BFBD4680BC704780B420
:106A600000AF4FF0B043D3F890304FF0B04223F472
:106A70008033C2F8903000BFBD4680BC7047000034
:106A800080B586B000AF786000237B610023FB7483
:106A90000023BB747B681B6803F48033002B58D041
:106AA000FEF720FEFAF792F8F86009E0FAF78EF8A0
:106AB0000246FB68D31A022B02D90323FB7406E0BB
:106AC0007B4B1B6803F48073B3F5807FEED1FB7CB6
:106AD000002B3CD1FFF7A7FF02467B685B6B9A4215
:106AE0000FD04FF0B043D3F8903023F440737B6164
:106AF000FFF7A5FFFFF7B3FF4FF0B0427B69C2F885
:106B000090307B6903F00203002B14D0FAF75EF893
:106B1000F8600BE0FAF75AF80246FB68D31A41F224
:106B20008832934202D90323FB7404E0FFF7B4FEDA
:106B30000346012BEED1FB7C002B05D17B685B6B00
:106B40001846FFF75BFF04E0FB7CBB7401E0FB7CB5
:106B5000BB747B681B6803F00103002B04D07B68C7
:106B60005B681846FFF7A9FE7B681B6803F0020309
:106B7000002B04D07B689B681846FFF79EFE7B685D
:106B80001B6803F02003002B04D07B681B691846A8
:106B9000FFF7C0FE7B681B6803F40073002B04D072
:106BA0007B681B6A1846FFF7E6FE7B681B6803F4E8
:106BB0008063002B04D07B685B6A1846FFF7DBFE1E
:106BC0007B681B6803F40063002B04D07B689B6A1E
:106BD0001846FFF7D0FE7B681B6803F04003002BCC
:106BE00004D07B685B691846FFF7A9FE7B681B68C9
:106BF00003F08003002B04D07B689B691846FFF7E5
:106C00009EFE7B681B6803F48073002B04D07B68B6
:106C1000DB691846FFF793FE7B681B6803F01003DF
:106C2000002B11D07B68DB681846FFF75EFE7B689F
:106C3000DB68B3F5807F07D14FF0B043DB684FF0DE
:106C4000B04243F08073D3607B681B6803F4004359
:106C5000002B10D07B681B6B1846FFF7A5FE7B68E6
:106C60001B6B002B07D14FF0B043DB684FF0B042F5
:106C700043F08073D3607B681B6803F48043002B70
:106C800011D07B68DB6A1846FFF7A3FE7B68DB6ADE
:106C9000B3F1005F07D14FF0B043DB684FF0B04273
:106CA00043F48033D360BB7C18461837BD4680BDA3
:106CB0000004005880B584B000AF78600123FB73F6
:106CC0007B68002B71D07B6893F82D30DBB2002BF2
:106CD00006D17B68002283F82C207868F9F704FE3F
:106CE0007B68022283F82D20324BDB6803F010030F
:106CF000102B51D02F4BCA225A622E4B53225A626C
:106D0000786800F011FA0346FB73FB7B002B3FD140
:106D1000284B9B69274A23F08E6323F0400393613D
:106D2000244B9A697B6859687B681B6919437B68A7
:106D30009B690B431F4913438B617B68DA687B684F
:106D40009B681B041B4913430B611A4BDB6823F43C
:106D5000F8527B68596A7B689B6A0B431549134359
:106D6000CB60786800F014FA0346FB73FB7B002BC2
:106D70000ED1104B9B6923F060427B68196A7B68D7
:106D8000DB6919437B685B690B430A4913438B61D9
:106D9000084BFF225A6201E00023FB73FB7B002BB0
:106DA00003D17B68012283F82D20FB7B1846103726
:106DB000BD4680BD0028004090B587B000AFF860A8
:106DC000B9607A6000237B61FB6893F82C30012B5B
:106DD00001D10223F3E0FB68012283F82C20FB6839
:106DE000022283F82D20784BDB6803F440733B616B
:106DF0003B69B3F5807F6AD07B68002B3AD1724B38
:106E00009B6903F04003002B02D1BB680022DA70BB
:106E1000BB685B69B3F1004FBB681B78184600F094
:106E2000F5F903461C04BB685B78184600F0EEF9E0
:106E300003461B021C43BB689B78184600F0E6F92A
:106E4000034644EA0302BB68DB789B0542EA03047D
:106E5000BB6893F82430184600F0D8F903461B06A7
:106E600044EA0302BB681B6A1A43BB685B691343AD
:106E70007B612CE0BB685B69B3F1803F0DD0BB68E0
:106E80005B69B3F5000F08D04F4B9B6903F04003DB
:106E9000002B02D1BB680022DA70BB681B781A0491
:106EA000BB685B781B021343BA6892781A43BB68CD
:106EB000DB789B051A43BB6893F824301B061A4302
:106EC000BB681B6A1A43BB685B6913437B613E4B1B
:106ED000CA225A623C4B53225A62BB689B6AB3F582
:106EE000807F2CD1384B9B69374A23F488539361B8
:106EF000354B0122DA653B69B3F5807F07D1BB686A
:106F00009A69BB68DB69304913434B6406E02E4A3B
:106F10007B6913642C4ABB689B6953642A4ABB682B
:106F20005B681367FB681B6B43F00102FB681A6325
:106F3000254B9B69244A43F4885393612BE0224BF1
:106F40009B69214A23F4085393611F4B0222DA659F
:106F50003B69B3F5807F07D1BB689A69BB68DB6981
:106F600019491343CB6406E0174A7B699364164AB8
:106F7000BB689B69D364144ABB685B685367FB6852
:106F80001B6B43F00202FB681A630F4B9B690E4AAE
:106F900043F4085393610D4BD3F880300B4A43F40C
:106FA0000033C2F88030084BFF225A62FB6801228E
:106FB00083F82D20FB68002283F82C20002318463C
:106FC0001C37BD4690BD00BF002800400008005897
:106FD00080B483B000AF786039607B6893F82C3060
:106FE000012B01D1022348E07B68012283F82C2089
:106FF0007B68022283F82D20224BCA225A62214B41
:1070000053225A623B68B3F5807F15D11D4B9B69B3
:107010001C4A23F4885393611A4B5B6C194A23F082
:10702000004353647B681B6B23F001027B681A6387
:10703000144B0122DA6514E0124B9B69114A23F4C8
:10704000085393610F4BDB6C0E4A23F00043D3646B
:107050007B681B6B23F002027B681A63094B0222D8
:10706000DA65084BFF225A627B68012283F82D20E3
:107070007B68002283F82C20002318460C37BD467D
:1070800080BC70470028004080B584B000AF7860B5
:10709000114B5A6D7B681B6B1340FB60FB6803F060
:1070A0000103002B05D00C4B0122DA657868F9F753
:1070B000EEFFFB6803F00203002B05D0064B022213
:1070C000DA65786800F04AF97B68012283F82D20A0
:1070D00000BF1037BD4680BD0028004080B584B099
:1070E00000AF78600F4BDB680E4A23F02003D360BB
:1070F000F9F76CFDF86009E0F9F768FD0246FB68F6
:10710000D31AB3F57A7F01D9032306E0054BDB6878
:1071100003F02003002BEFD0002318461037BD46A4
:1071200080BD00BF0028004080B584B000AF78600B
:107130000023FB73154BDB6803F04003002B20D1C9
:10714000124BDB68114A43F08003D360F9F73EFD30
:10715000B8600DE0F9F73AFD0246BB68D31AB3F503
:107160007A7F05D90323FB737B68032283F82D20E4
:10717000064BDB6803F04003002B02D1FB7B032BA3
:10718000E8D1FB7B18461037BD4680BD0028004083
:1071900080B584B000AF78600023FB731A4BDB68C6
:1071A000194A23F08003D360174B9B6903F0200337
:1071B000002B0CD17868FFF791FF0346002B1ED0FF
:1071C0007B68032283F82D200323FB7317E00E4B0B
:1071D0009B690D4A23F0200393617868FFF77EFFD7
:1071E0000346002B05D07B68032283F82D20032360
:1071F000FB73054B9B69044A43F020039361FB7BBF
:1072000018461037BD4680BD0028004080B485B0C8
:1072100000AF0346FB710023FB60FB79FB7205E0C6
:10722000FB680133FB60FB7A0A3BFB72FB7A092B9C
:10723000F6D8FB68DBB21B01DAB2FB7A1343DBB290
:1072400018461437BD4680BC7047000080B483B038
:1072500000AF78607B6893F82C30012B01D10223BA
:107260001FE07B68012283F82C207B68022283F8D0
:107270002D200E4BCA225A620C4B53225A620B4BE2
:107280009B690A4A43F020039361084BFF225A622C
:107290007B68012283F82D207B68002283F82C2054
:1072A000002318460C37BD4680BC704700280040BC
:1072B00080B483B000AF78607B6893F82C30012BEA
:1072C00001D1022327E07B68012283F82C207B6810
:1072D000022283F82D20124BCA225A62104B5322ED
:1072E0005A620F4B9B690E4A43F0800393610D4B2A
:1072F000D3F880300B4A43F48023C2F88030084B27
:10730000FF225A627B68012283F82D207B680022CD
:1073100083F82C20002318460C37BD4680BC7047EC
:10732000002800400008005880B582B000AF7860A7
:10733000094B5B6D03F04003002B05D0064B402248
:10734000DA657868F9F7ADFE7B68012283F82D20B5
:1073500000BF0837BD4680BD0028004080B483B020
:1073600000AF786000BF0C37BD4680BC704700009E
:1073700080B487B000AFF860B9607A60074B7B617A
:10738000BB689B007A6913447B617B697A681A60E9
:1073900000BF1C37BD4680BC704700BF00B1004035
:1073A00080B485B000AF78603960074BFB603B6804
:1073B0009B00FA681344FB60FB681B68184614378F
:1073C000BD4680BC704700BF00B1004080B483B0B0
:1073D00000AF7860064B9B6823F4006204497B6829
:1073E00013438B6000BF0C37BD4680BC704700BFA5
:1073F0000004005880B400AF054BD3F89030044A25
:1074000043F40043C2F8903000BFBD4680BC7047D3
:107410000004005880B400AF054BD3F89030044A04
:1074200023F40043C2F8903000BFBD4680BC7047D3
:107430000004005880B400AF034B4FF400629A611F
:1074400000BFBD4680BC70470004005880B400AF48
:10745000064B5B6903F00203022B01D1012300E01C
:1074600000231846BD4680BC704700BF000400588A
:1074700080B400AF064B5B6903F00403042B01D119
:10748000012300E000231846BD4680BC704700BFC2
:107490000004005880B400AF4FF0B043D3F89430EC
:1074A0004FF0B04223F40043C2F8943000BFBD4611
:1074B00080BC704780B400AF4FF0B043D3F8943035
:1074C00003F48043B3F5804F01D1012300E0002392
:1074D0001846BD4680BC704780B483B000AF78606A
:1074E000064BD3F8902005497B681343C1F89030D0
:1074F00000BF0C37BD4680BC704700BF0008005875
:1075000080B584B000AF78607B68002B03D1012385
:10751000FB73FB7B52E00023FB737B689B79BB739F
:10752000BB7B002B02D0BB7B032B09D17B680022E5
:107530005A717868F9F7BCFA4FF48050FFF7CCFF26
:10754000BB7B002B26D17B6802229A71FFF7A2FF3A
:107550001C4B1A681346DB009B1A9B00DB0C642251
:1075600002FB03F3BB60BB68002B05D10123FB7357
:107570007B6801229A6007E0BB68013BBB60FFF7B4
:1075800099FF0346002BEED1FFF734FF4FF4006064
:10759000FFF71CFFFFF74EFFFB7B002B0AD17B6838
:1075A0001B68184600F0B6FA7B6801221A717B68E6
:1075B00000229A607B6801229A71FB7B1846103783
:1075C000BD4680BDB400002080B586B000AFF86035
:1075D0007A601A460B467B8113463B81FB689B7998
:1075E000DBB2012B4AD1FB685B79012B01D102236D
:1075F00045E0FB6801225A71FB6802229A71F86823
:1076000000F056FBFFF706FF0D21F86800F0A2FA24
:107610007B891B0A9BB2DBB21946F86800F09AFA24
:107620007B89DBB21946F86800F094FA0023BB822C
:107630000AE0BB8A7A6813441B781946F86800F0A0
:1076400089FABB8A0133BB82BA8A3B899A42F0D35A
:10765000FFF7D0FEF86800F04FFBFB689B68002B3B
:1076600002D00123FB7501E00023FB75FB680122BA
:107670009A71FB6800225A71FB7D00E002231846D4
:107680001837BD4680BD80B588B000AFF8607A601D
:107690001A460B467B8113463B817B68BB61FB68C6
:1076A0009B79DBB2012B4AD1FB685B79012B01D1BD
:1076B000022345E0FB6801225A71F86800F0F8FAED
:1076C000FFF7A8FE1D21F86800F044FA7B891B0A29
:1076D0009BB2DBB21946F86800F03CFA7B89DBB25A
:1076E0001946F86800F036FA0021F86800F032FA1E
:1076F0000023FB8209E0B969F86800F081FABB69F0
:107700000133BB61FB8A0133FB82FA8A3B899A42CF
:10771000F1D3FFF76FFEF86800F0EEFAFB689B68A4
:10772000002B02D00123FB7701E00023FB77FB68ED
:1077300001229A71FB6800225A71FB7F00E002234C
:1077400018462037BD4680BD80B586B000AFF860D2
:107750007A601A460B46FB7213463B81FB689B79A5
:10776000DBB2012B4AD1FB685B79012B01D10223EB
:1077700045E0FB6801225A71F86800F099FAFB7A3B
:10778000842B02D0FB7A942B03D1FB6801221A715F
:1077900002E0FB6800221A71FFF73CFEFB7A1946F3
:1077A000F86800F0D7F90023BB820AE0BB8A7A6848
:1077B00013441B781946F86800F0CCF9BB8A0133F2
:1077C000BB82BA8A3B899A42F0D3FFF713FEFB7A59
:1077D000842B02D0F86800F08FFAFB689B68002BBE
:1077E00002D00123FB7501E00023FB75FB68012239
:1077F0009A71FB6800225A71FB7D00E00223184653
:107800001837BD4680BD80B588B000AFF8607A609B
:107810001A460B46FB7213463B817B68BB61FB68D3
:107820009B79DBB2012B3DD1FB685B79012B01D148
:10783000022338E0FB6801225A71F86800F038FA38
:10784000FFF7E8FDFB7A1946F86800F083F900219C
:10785000F86800F07FF90023FB8209E0B969F86855
:1078600000F0CEF9BB690133BB61FB8A0133FB82B7
:10787000FA8A3B899A42F1D3FFF7BCFDF86800F021
:107880003BFAFB689B68002B02D00123FB7701E0E9
:107890000023FB77FB6801229A71FB6800225A7172
:1078A000FB7F00E0022318462037BD4680BD80B52F
:1078B00086B000AFF8607A601A460B46FB7213463A
:1078C0003B81FB689B79DBB2012B3ED1FB685B7986
:1078D000012B01D1022339E0FB6801225A71F868BB
:1078E00000F0E6F9FFF796FD0E21F86800F032F996
:1078F000FB7A1946F86800F02DF90023BB820AE0F4
:10790000BB8A7A6813441B781946F86800F022F99C
:10791000BB8A0133BB82BA8A3B899A42F0D3FFF714
:1079200069FDF86800F0E8F9FB689B68002B02D05D
:107930000123FB7501E00023FB75FB6801229A71AE
:10794000FB6800225A71FB7D00E0022318461837BD
:10795000BD4680BD80B588B000AFF8607A601A4639
:107960000B46FB7213463B817B68BB61FB689B79CE
:10797000DBB2012B41D1FB685B79012B01D10223E2
:107980003CE0FB6801225A71F86800F091F9FFF7BA
:1079900041FD1E21F86800F0DDF8FB7A1946F86811
:1079A00000F0D8F80021F86800F0D4F80023FB823A
:1079B00009E0B969F86800F023F9BB690133BB61DC
:1079C000FB8A0133FB82FA8A3B899A42F1D3FFF7A3
:1079D00011FDF86800F090F9FB689B68002B02D05D
:1079E0000123FB7701E00023FB77FB6801229A71FA
:1079F000FB6800225A71FB7F00E002231846203703
:107A0000BD4680BD80B584B000AF78600023BB81E7
:107A100007F10C02022312217868FFF7F4FE3B7B8A
:107A2000FB81B7F90E301B021AB27B7B1BB21343EA
:107A30001BB2FB8107F10C02022302217868FFF7D9
:107A400083FEFB8903F00103002B02D0786809F064
:107A50002FFCFB895B0803F00103002B02D0786840
:107A600009F034FCFB899B0803F00103002B02D0D2
:107A7000786809F083FCFB89DB0803F00103002B25
:107A800002D0786809F088FCFB891B0903F0010328
:107A9000002B02D0786809F08DFCFB895B0903F0AC
:107AA0000103002B02D0786809F05AFCFB899B097E
:107AB00003F00103002B02D0786809F015FCFB8964
:107AC000DB0903F00103002B0ED0FB891B0A03F036
:107AD0000103002B04D00121786809F013FC03E0B6
:107AE0000021786809F00EFCFB895B0A03F00103B2
:107AF000002B02D0786809F023FCFB899B0B03F074
:107B00000103002B02D0786809F062FC00BF103737
:107B1000BD4680BD80B483B000AF78600C4B1B685D
:107B20000B4A23F040031360094A7B6843F4417316
:107B30001360074B4FF4B8525A60054B1B68044A58
:107B400043F04003136000BF0C37BD4680BC704754
:107B50000000015880B487B000AF78600B46FB701E
:107B60000023FB75234B1A681346DB009B1A9B000E
:107B7000DB0C642202FB03F3FB60FB68002B05D1E6
:107B80000123FB757B6801229A6008E0FB68013BDA
:107B9000FB60194B9B6803F00203022BEDD1174BDE
:107BA0003B613B69FA781A70124B1A681346DB0086
:107BB0009B1A9B00DB0C642202FB03F3FB60FB6857
:107BC000002B05D10123FB757B6801229A6008E038
:107BD000FB68013BFB60084B9B6803F00103012B32
:107BE000EDD1054BDB68FB7D18461C37BD4680BCDC
:107BF000704700BFB4000020000001580C0001587D
:107C000080B487B000AF786039600023FB75254BE6
:107C10001A681346DB009B1A9B00DB0C642202FBF4
:107C200003F3FB60FB68002B05D10123FB757B6828
:107C300001229A6008E0FB68013BFB601A4B9B68DD
:107C400003F00203022BEDD1184B3B613B69FF228D
:107C50001A70144B1A681346DB009B1A9B00DB0C4E
:107C6000642202FB03F3FB60FB68002B05D10123B8
:107C7000FB757B6801229A6008E0FB68013BFB60B2
:107C8000094B9B6803F00103012BEDD1064BDB6828
:107C9000DAB23B681A70FB7D18461C37BD4680BCC3
:107CA000704700BFB4000020000001580C000158CC
:107CB00080B584B000AF78607B681B79012B11D14F
:107CC0000C4B1A6813465B001344DB001B0CFB6073
:107CD000FFF7A0FBFB68013BFB60FB68002BF9D1C1
:107CE000FFF788FB786800F007F80346184610375E
:107CF000BD4680BDB400002080B586B000AF78607E
:107D00000023FB75124B1A6813465B001344DB001B
:107D10001B0D642202FB03F3FB60FFF7A9FB386134
:107D2000FB68002B05D10123FB757B6802229A605A
:107D300009E0FB68013BFB60FFF788FB02463B69FB
:107D40001340012BE9D0FB7D18461837BD4680BD96
:107D5000B400002080B483B000AF78604FF0B0432F
:107D6000D3F888207B681A407B681B0413431846AD
:107D70000C37BD4680BC704780B483B000AF7860DC
:107D80004FF0B043D3F888207B68134018460C3777
:107D9000BD4680BC7047000080B582B000AF7860FF
:107DA0007B68002B01D1012350E07B68D3F8883039
:107DB000002B14D17B68002283F88420786800F0BF
:107DC00033FE7B68D3F8C430002B03D17B68214A93
:107DD000C3F8C4207B68D3F8C430786898477B68C0
:107DE0002422C3F888207B681B681A687B681B689C
:107DF00022F001021A60786800F068FE0346012B49
:107E000001D1012322E07B689B6A002B02D07868B5
:107E100001F0D0F87B681B685A687B681B6822F405
:107E200090425A607B681B689A687B681B6822F0E6
:107E30002A029A607B681B681A687B681B6842F09C
:107E400001021A60786801F056F9034618460837AF
:107E5000BD4680BD5914000880B487B000AFF860FB
:107E60000B467A60FB720023FB757B68002B09D1FF
:107E7000FB68D3F8903043F04002FB68C3F89020D1
:107E800001239CE0FB68D3F88830202B6CD1FB7A6F
:107E90000C2B5ED801A252F823F000BFD17E00085F
:107EA000DB7E0008E57E0008EF7E0008F97E000812
:107EB000037F00080D7F0008177F0008217F00085E
:107EC0002B7F0008357F00083F7F0008497F0008AE
:107ED000FB687A68C3F8942070E0FB687A68C3F89E
:107EE00098206BE0FB687A68C3F89C2066E0FB682A
:107EF0007A68C3F8A02061E0FB687A68C3F8A42020
:107F00005CE0FB687A68C3F8A82057E0FB687A68F1
:107F1000C3F8AC2052E0FB687A68C3F8B0204DE0AB
:107F2000FB687A68C3F8B42048E0FB687A68C3F855
:107F3000B82043E0FB687A68C3F8BC203EE0FB68E9
:107F40007A68C3F8C42039E0FB687A68C3F8C820AF
:107F500034E0FB68D3F8903043F04002FB68C3F88C
:107F600090200123FB7529E0FB68D3F88830002BB3
:107F70001AD1FB7A0B2B02D00C2B05D009E0FB6841
:107F80007A68C3F8C42019E0FB687A68C3F8C8208F
:107F900014E0FB68D3F8903043F04002FB68C3F86C
:107FA00090200123FB7509E0FB68D3F8903043F083
:107FB0004002FB68C3F890200123FB75FB7D184647
:107FC0001C37BD4680BC704780B485B000AF786078
:107FD00039600023FB733B68002B09D17B68D3F821
:107FE000903043F040027B68C3F89020012323E0E7
:107FF0007B6893F88430012B01D102231CE07B685D
:10800000012283F884207B68D3F88830202B04D1A8
:108010007B683A68C3F8C02009E07B68D3F89030E9
:1080200043F040027B68C3F890200123FB737B6818
:10803000002283F88420FB7B18461437BD4680BCA1
:108040007047000080B491B000AFF860B96013468B
:10805000FB80FB68D3F88830202B78D1BB68002BDD
:1080600002D0FB88002B01D1012371E0FB68BA68C4
:108070001A65FB68FA88A3F85420FB68FA88A3F80D
:108080005620FB6800229A67FB680022C3F8902004
:10809000FB682122C3F88820FB685B6EB3F1005FA8
:1080A0002AD1FB689B68B3F5805F07D1FB681B6929
:1080B000002B03D1FB68294A9A6702E0FB68284A33
:1080C0009A67FB681B680833BB62BB6A53E8003FD2
:1080D0007B627B6A43F40003BB63FB681B68083365
:1080E000BA6B7A633B63396B7A6B41E80023FB62BE
:1080F000FB6A002BE5D128E0FB689B68B3F5805F45
:1081000007D1FB681B69002B03D1FB68154A9A67EE
:1081100002E0FB68144A9A67FB681B687B617B6915
:1081200053E8003F3B613B6943F08003FB63FB681E
:108130001B681A46FB6B3B62FA61F9693A6A41E8CF
:108140000023BB61BB69002BE6D1002300E00223C2
:1081500018464437BD4680BC704700BF3B9D0008B1
:108160005D9C00089D9B0008E79A000880B58AB0D6
:1081700000AFF860B9601346FB80FB68D3F88C3021
:10818000202B37D1BB68002B02D0FB88002B01D1FC
:10819000012330E0FB680022DA66FB681B68184A9E
:1081A00093421FD0FB681B685B6803F40003002B3D
:1081B00018D0FB681B687B617B6953E8003F3B611B
:1081C0003B6943F080637B62FB681B681A467B6AED
:1081D0003B62FA61F9693A6A41E80023BB61BB6915
:1081E000002BE6D1FB881A46B968F86801F09AF8C6
:1081F000034600E0022318462837BD4680BD00BF75
:108200000080004080B58AB000AFF860B9601346C6
:10821000FB80FB68D3F88830202B67D1BB68002B2C
:1082200002D0FB88002B01D1012360E0FB68BA6813
:108230001A65FB68FA88A3F85420FB68FA88A3F84B
:108240005620FB680022C3F89020FB682122C3F867
:108250008820FB68DB6F002B28D0FB68DB6F264A89
:10826000DA62FB68DB6F254A1A63FB68DB6F244A1E
:108270005A63FB68DB6F00229A63FB68D86FFB6868
:108280001B6D1946FB681B6828331A46FB88FCF7F0
:10829000CFFB0346002B09D0FB681022C3F89020C7
:1082A000FB682022C3F88820012320E0FB681B68BC
:1082B00040221A62FB681B6808337B617B6953E8C4
:1082C000003F3B613B6943F080037B62FB681B68B6
:1082D00008337A6A3A62FB61F9693A6A41E8002335
:1082E000BB61BB69002BE5D1002300E002231846E7
:1082F0002837BD4680BD00BFFB970008999800084D
:10830000339A000880B5BAB000AF78607B681B680C
:10831000DB69C7F8E4307B681B681B68C7F8E0308E
:108320007B681B689B68C7F8DC30D7F8E42040F610
:108330000F031340C7F8D830D7F8D830002B1BD123
:10834000D7F8E43003F02003002B15D0D7F8E03045
:1083500003F02003002B05D1D7F8DC3003F0805365
:10836000002B09D07B685B6F002B00F00F837B68CC
:108370005B6F7868984709E3D7F8D830002B00F096
:108380004581D7F8DC209E4B1340002B06D1D7F84F
:10839000E0209C4B1340002B00F03881D7F8E430EC
:1083A00003F00103002B11D0D7F8E03003F4807301
:1083B000002B0BD07B681B6801221A627B68D3F804
:1083C000903043F001027B68C3F89020D7F8E43086
:1083D00003F00203002B11D0D7F8DC3003F00103C7
:1083E000002B0BD07B681B6802221A627B68D3F8D3
:1083F000903043F004027B68C3F89020D7F8E43053
:1084000003F00403002B11D0D7F8DC3003F0010394
:10841000002B0BD07B681B6804221A627B68D3F8A0
:10842000903043F002027B68C3F89020D7F8E43024
:1084300003F00803002B17D0D7F8E03003F0200337
:10844000002B05D1D7F8DC206D4B1340002B0BD04F
:108450007B681B6808221A627B68D3F8903043F06F
:1084600008027B68C3F89020D7F8E43003F4006377
:10847000002B12D0D7F8E03003F08063002B0CD033
:108480007B681B684FF400621A627B68D3F89030F7
:1084900043F020027B68C3F890207B68D3F89030CB
:1084A000002B00F07582D7F8E43003F02003002B96
:1084B00013D0D7F8E03003F02003002B05D1D7F814
:1084C000DC3003F08053002B07D07B685B6F002B00
:1084D00003D07B685B6F786898477B68D3F89030EF
:1084E000C7F8D4307B681B689B6803F04003402BBF
:1084F00005D0D7F8D43003F02803002B74D0786867
:1085000001F016F97B681B689B6803F04003402B61
:1085100064D17B681B680833C7F89C30D7F89C305F
:1085200053E8003FC7F89830D7F8983023F040035D
:10853000C7F8D0307B681B680833D7F8D020C7F85D
:10854000A820C7F8A430D7F8A410D7F8A82041E88D
:108550000023C7F8A030D7F8A030002BD9D17B6812
:10856000D3F880301B685B68A7F8CE30B7F8CE3000
:10857000002B0BD07B68B3F85C30B7F8CE209A4262
:1085800004D27B68B7F8CE20A3F85E207B68D3F8CE
:10859000A430786898477B68D3F88030002B17D0D8
:1085A0007B68D3F88030184A9A637B68D3F88030B0
:1085B0001846FCF719FB0346002B1FD07B68D3F845
:1085C00080309B6B7A68D2F880201046984715E07F
:1085D0007B68D3F8A430786898470FE07B68D3F8BD
:1085E000A4307868984709E07B68D3F8A4307868AD
:1085F00098477B680022C3F89020C9E100BFC7E11B
:108600000100001020010004B79A00087B68DB6EAF
:10861000012B40F05781D7F8E43003F01003002B12
:1086200000F05081D7F8E03003F01003002B00F089
:1086300049817B681B6810221A627B681B689B68F3
:1086400003F04003402B40F0BD807B68D3F88030BE
:108650001B685B68A7F8BE30B7F8BE30002B00F08F
:1086600099817B68B3F85C30B7F8BE209A4280F0FD
:1086700091817B68B7F8BE20A3F85E207B68D3F8B1
:1086800080301B681B6803F02003002B40F08780BC
:108690007B681B68C7F88830D7F8883053E8003FFC
:1086A000C7F88430D7F8843023F48073C7F8B83023
:1086B0007B681B681A46D7F8B830C7F89430C7F8FB
:1086C0009020D7F89010D7F8942041E80023C7F8FD
:1086D0008C30D7F88C30002BDAD17B681B680833DC
:1086E0007B677B6F53E8003F3B673B6F23F00103E1
:1086F000C7F8B4307B681B680833D7F8B420C7F8D4
:108700008020FB67F96FD7F8802041E80023BB6722
:10871000BB6F002BE1D17B681B6808333B663B6E67
:1087200053E8003FFB65FB6D23F04003C7F8B03012
:108730007B681B680833D7F8B020FA66BB66B96E51
:10874000FA6E41E800237B667B6E002BE3D17B68E9
:108750002022C3F88C207B680022DA667B681B68C5
:10876000FB64FB6C53E8003FBB64BB6C23F010035D
:10877000C7F8AC307B681B681A46D7F8AC30BB65CD
:108780007A65796DBA6D41E800233B653B6D002B3E
:10879000E4D17B68D3F880301846FCF7C7F97B68D2
:1087A00002221A677B68D3F8C0307A68B2F85C108E
:1087B0007A68B2F85E2092B28A1A92B2114678684C
:1087C0009847E7E07B68B3F85C207B68B3F85E30DD
:1087D0009BB2D31AA7F8CC307B68B3F85E309BB25B
:1087E000002B00F0D980B7F8CC30002B00F0D480FB
:1087F0007B681B68BB63BB6B53E8003F7B637B6B91
:1088000023F49073C7F8C8307B681B681A46D7F802
:10881000C8307B643A64396C7A6C41E80023FB63AE
:10882000FB6B002BE4D17B681B6808337B627B6A9F
:1088300053E8003F3B623B6A23F0805323F001037F
:10884000C7F8C4307B681B680833D7F8C4203A6384
:10885000FB62F96A3A6B41E80023BB62BB6A002BFA
:10886000E1D17B682022C3F88C207B680022DA6685
:108870007B6800225A677B681B683B613B6953E851
:10888000003FFB60FB6823F01003C7F8C0307B6833
:108890001B681A46D7F8C030FB61BA61B969FA693A
:1088A00041E800237B617B69002BE4D17B680222D5
:1088B0001A677B68D3F8C030B7F8CC2011467868C7
:1088C000984769E0D7F8E43003F48013002B10D008
:1088D000D7F8DC3003F48003002B0AD07B681B68D8
:1088E0004FF480121A627B68D3F8B43078689847E6
:1088F00055E0D7F8E43003F08003002B14D0D7F80C
:10890000E03003F08003002B05D1D7F8DC3003F40E
:108910000003002B08D07B689B6F002B3ED07B6848
:108920009B6F7868984739E0D7F8E43003F040034C
:10893000002B09D0D7F8E03003F04003002B03D020
:10894000786801F06EFA2AE0D7F8E43003F4000307
:10895000002B0BD0D7F8E03003F08043002B05D07C
:108960007B68D3F8BC307868984718E0D7F8E430D3
:1089700003F08073002B12D0D7F8E030002B0EDA12
:108980007B68D3F8B8307868984708E000BF06E005
:1089900000BF04E000BF02E000BF00E000BFE83716
:1089A000BD4680BD80B483B000AF786000BF0C3797
:1089B000BD4680BC704780B483B000AF786000BF14
:1089C0000C37BD4680BC704780B483B000AF786080
:1089D00000BF0C37BD4680BC704780B483B000AF89
:1089E000786000BF0C37BD4680BC704780B483B050
:1089F00000AF786000BF0C37BD4680BC704780B4C4
:108A000083B000AF786000BF0C37BD4680BC7047B4
:108A100080B483B000AF78600B467B8000BF0C371A
:108A2000BD4680BC7047000080B483B000AF786062
:108A30007B681A4AC3F894207B68194AC3F89820C7
:108A40007B68184AC3F89C207B68174AC3F8A020AB
:108A50007B68164AC3F8A4207B68154AC3F8A8208F
:108A60007B68144AC3F8AC207B68134AC3F8B02073
:108A70007B68124AC3F8B4207B68114AC3F8B82057
:108A80007B68104AC3F8BC207B680F4AC3F8C0203B
:108A900000BF0C37BD4680BC704700BFA5890008E9
:108AA000B9180008B7890008E5180008C989000846
:108AB000DB890008ED890008FF890008DDA80008AF
:108AC000EFA8000801A90008118A00082DE9B04F9D
:108AD0008CB000AF7861002387F82A307B699A68F0
:108AE0007B691B691A437B695B691A437B69DB6994
:108AF0001343FB627B691B681A68944B13407A69C5
:108B00001268F96A0B4313607B691B685B6823F486
:108B100040517B69DA687B691B680A435A607B694C
:108B20009B69FB627B691B68894A934204D07B691D
:108B30001B6AFA6A1343FB627B691B689B6823F01C
:108B40006E4323F430637A691268F96A0B439360C9
:108B50007B691B68DB6A23F00F017B695A6A7B69BA
:108B60001B680A43DA627B691B687A4A934227D101
:108B70000320FFF7EFF80346A3F54033032B1BD880
:108B800001A252F823F000BF998B0008A98B0008BE
:108B9000A18B0008B18B0008012387F82B3080E0FF
:108BA000022387F82B307CE0042387F82B3078E011
:108BB000082387F82B3074E0102387F82B3070E0FF
:108BC0007B691B68644A934238D10C20FFF7C2F8D6
:108BD0000346A3F540230C2B2CD801A252F823F016
:108BE000158C0008358C0008358C0008358C000881
:108BF000258C0008358C0008358C0008358C000861
:108C00001D8C0008358C0008358C0008358C000858
:108C10002D8C0008002387F82B3042E0022387F8D0
:108C20002B303EE0042387F82B303AE0082387F806
:108C30002B3036E0102387F82B3032E07B691B683D
:108C4000434A93422AD14FF44060FFF795F8034618
:108C5000B3F5406F1AD0B3F5406F1BD8B3F5006F72
:108C60000CD0B3F5006F15D8002B03D0B3F5806F8F
:108C700008D00FE0002387F82B3012E0022387F89A
:108C80002B300EE0042387F82B300AE0082387F806
:108C90002B3006E0102387F82B3002E0102387F8F2
:108CA0002B307B691B682A4A934240F0A48097F8D6
:108CB0002B30082B23D801A252F823F0E18C0008B6
:108CC000FF8C0008E98C0008FF8C0008EF8C00087E
:108CD000FF8C0008FF8C0008FF8C0008F78C000850
:108CE000FDF704FD786210E01C4B7B620DE0FDF7A0
:108CF00049FC786209E04FF400437B6205E0002301
:108D00007B62012387F82A3000BF7B6A002B00F0CA
:108D100037817B695B6A124A32F813301A467B6AE4
:108D2000B3FBF2F3BB617B695A6813465B001344E3
:108D3000BA699A4205D37B695B681B03BA699A4298
:108D400010D9012387F82A301AE100BFF369FFCF59
:108D50000080004000380140004400400024F4003E
:108D6000A44A01087B6A0022BB60FA607B695B6AE7
:108D70008E4A32F813309BB200223B607A60D7E90A
:108D80000023D7E90201F7F753FA02460B461046D3
:108D900019464FF000024FF000030B0243EA106344
:108DA000020279694968490800200C46054612EB21
:108DB000040843EB05097B695B6800229A469346E9
:108DC00052465B4640464946F7F732FA02460B46A2
:108DD00013463B623B6AB3F5407F08D33B6AB3F569
:108DE000801F04D27B691B683A6ADA60C8E00123FD
:108DF00087F82A30C4E07B69DB69B3F5004F67D19F
:108E000097F82B30082B28D801A252F823F000BF86
:108E1000358E00083D8E0008458E00085B8E0008E8
:108E20004B8E00085B8E00085B8E00085B8E00088E
:108E3000538E0008FDF75AFC786214E0FDF768FCD9
:108E4000786210E05A4B7B620DE0FDF79BFB786285
:108E500009E04FF400437B6205E000237B620123BD
:108E600087F82A3000BF7B6A002B00F089807B697D
:108E70005B6A4E4A32F813301A467B6AB3FBF2F350
:108E80005A007B695B685B081A447B695B68B2FBCC
:108E9000F3F33B623B6A0F2B16D93B6AB3F5803F75
:108EA00012D23B6A9BB223F00F03FB833B6A5B0841
:108EB0009BB203F007039AB2FB8B1343FB837B69DE
:108EC0001B68FA8BDA605BE0012387F82A3057E0F1
:108ED00097F82B30082B28D801A252F823F000BFB6
:108EE000058F00080D8F0008158F00082B8F0008D4
:108EF0001B8F00082B8F00082B8F00082B8F00087A
:108F0000238F0008FDF7F2FB786214E0FDF700FC08
:108F1000786210E0264B7B620DE0FDF733FB786250
:108F200009E04FF400437B6205E000237B620123EC
:108F300087F82A3000BF7B6A002B21D07B695B6AEF
:108F40001A4A32F813301A467B6AB3FBF2F27B6995
:108F50005B685B081A447B695B68B2FBF3F33B62B6
:108F60003B6A0F2B09D93B6AB3F5803F05D23B6AB8
:108F70009AB27B691B68DA6002E0012387F82A3025
:108F80007B690122A3F86A207B690122A3F868208B
:108F90007B6900225A677B6900229A6797F82A301A
:108FA00018463037BD46BDE8B08F00BFA44A01085F
:108FB0000024F40080B483B000AF78607B689B6AC3
:108FC00003F00103002B0AD07B681B685B6823F465
:108FD00000317B68DA6A7B681B680A435A607B68E9
:108FE0009B6A03F00203002B0AD07B681B685B6856
:108FF00023F480317B681A6B7B681B680A435A60D4
:109000007B689B6A03F00403002B0AD07B681B6813
:109010005B6823F480217B685A6B7B681B680A437A
:109020005A607B689B6A03F00803002B0AD07B68B8
:109030001B685B6823F400417B689A6B7B681B6844
:109040000A435A607B689B6A03F01003002B0AD026
:109050007B681B689B6823F480517B68DA6B7B68B4
:109060001B680A439A607B689B6A03F02003002B0D
:109070000AD07B681B689B6823F400517B681A6CDC
:109080007B681B680A439A607B689B6A03F0400315
:10909000002B1AD07B681B685B6823F480117B6807
:1090A0005A6C7B681B680A435A607B685B6CB3F53B
:1090B000801F0AD17B681B685B6823F4C0017B6852
:1090C0009A6C7B681B680A435A607B689B6A03F052
:1090D0008003002B0AD07B681B685B6823F40021A7
:1090E0007B68DA6C7B681B680A435A6000BF0C37E8
:1090F000BD4680BC704780B586B002AF78607B68A3
:109100000022C3F89020F7F761FDF8607B681B68C8
:109110001B6803F00803082B0ED16FF07E43009309
:10912000FB6800224FF40011786800F032F8034623
:10913000002B01D0032328E07B681B681B6803F029
:109140000403042B0ED16FF07E430093FB680022D2
:109150004FF48001786800F01CF80346002B01D022
:10916000032312E07B682022C3F888207B6820223A
:10917000C3F88C207B680022DA667B6800221A67BD
:109180007B68002283F88420002318461037BD46F0
:1091900080BD80B59CB000AFF860B9603B601346FD
:1091A000FB71A9E0BB6FB3F1FF3F00F0A580F7F7BB
:1091B0000DFD02463B68D31ABA6F9A4202D3BB6FC9
:1091C000002B40D1FB681B683B653B6D53E8003FBB
:1091D000FB64FB6C23F4D0737B66FB681B681A4648
:1091E0007B6EFB65BA65B96DFA6D41E800237B655E
:1091F0007B6D002BE6D1FB681B680833FB63FB6BC0
:1092000053E8003FBB63BB6B23F001033B66FB6885
:109210001B6808333A6EBA647B64796CBA6C41E8B7
:1092200000233B643B6C002BE5D1FB682022C3F894
:109230008820FB682022C3F88C20FB68002283F87A
:109240008420032369E0FB681B681B6803F00403A8
:10925000002B51D0FB681B68DB6903F40063B3F596
:10926000006F49D1FB681B684FF400621A62FB680B
:109270001B68BB62BB6A53E8003F7B627B6A23F4D6
:10928000D073FB66FB681B681A46FB6E7B633A6310
:10929000396B7A6B41E80023FB62FB6A002BE6D155
:1092A000FB681B6808337B617B6953E8003F3B61C7
:1092B0003B6923F00103BB66FB681B680833BA6E89
:1092C0003A62FB61F9693A6A41E80023BB61BB6914
:1092D000002BE5D1FB682022C3F88820FB68202200
:1092E000C3F88C20FB682022C3F89020FB68002282
:1092F00083F88420032310E0FB681B68DA69BB68ED
:109300001340BA689A420CBF01230023DBB21A460D
:10931000FB799A423FF446AF002318467037BD46AA
:1093200080BD000080B4A3B000AFF860B960134600
:10933000FB80FB68BA689A65FB68FA88A3F85C2032
:10934000FB68FA88A3F85E20FB6800225A67FB6876
:109350009B68B3F5805F0ED1FB681B69002B05D1BC
:10936000FB6840F2FF12A3F860202DE0FB68FF22AB
:10937000A3F8602028E0FB689B68002B0DD1FB68F8
:109380001B69002B04D1FB68FF22A3F860201BE0BF
:10939000FB687F22A3F8602016E0FB689B68B3F1AE
:1093A000805F0DD1FB681B69002B04D1FB687F2215
:1093B000A3F8602008E0FB683F22A3F8602003E0E8
:1093C000FB680022A3F86020FB680022C3F890200D
:1093D000FB682222C3F88C20FB681B6808337B667D
:1093E0007B6E53E8003F3B663B6E43F00103C7F8DA
:1093F0008430FB681B680833D7F884203A67FB6623
:10940000F96E3A6F41E80023BB66BB6E002BE3D1D7
:10941000FB685B6EB3F1005F4FD1FB68B3F8683057
:10942000FA889A4249D3FB689B68B3F5805F07D1FD
:10943000FB681B69002B03D1FB68464A5A6702E0B0
:10944000FB68454A5A67FB681B69002B1AD0FB680A
:109450001B683B653B6D53E8003FFB64FB6C43F4CA
:109460008073C7F88030FB681B681A46D7F88030D5
:10947000FB65BA65B96DFA6D41E800237B657B6DCC
:10948000002BE4D1FB681B680833FB63FB6B53E8DC
:10949000003FBB63BB6B43F08053FB67FB681B68FB
:1094A0000833FA6FBA647B64796CBA6C41E80023C4
:1094B0003B643B6C002BE5D146E0FB689B68B3F551
:1094C000805F07D1FB681B69002B03D1FB68234A2F
:1094D0005A6702E0FB68224A5A67FB681B69002B47
:1094E00019D0FB681B68BB62BB6A53E8003F7B6214
:1094F0007B6A43F490737B67FB681B681A467B6F3B
:109500007B633A63396B7A6B41E80023FB62FB6A49
:10951000002BE6D118E0FB681B687B617B6953E890
:10952000003F3B613B6943F02003BB67FB681B685E
:109530001A46BB6F3B62FA61F9693A6A41E8002357
:10954000BB61BB69002BE6D1002318468C37BD46B2
:1095500080BC704769A50008FDA100083DA0000877
:109560007D9E000880B596B000AFF860B9601346E4
:10957000FB80FB68BA689A65FB68FA88A3F85C20F0
:10958000FB680022C3F89020FB682222C3F88C20DD
:10959000FB68D3F88030002B2DD0FB68D3F88030E7
:1095A000404ADA62FB68D3F880303F4A1A63FB68AE
:1095B000D3F880303D4A5A63FB68D3F880300022EC
:1095C0009A63FB68D3F88000FB681B682433194654
:1095D000FB689B6D1A46FB88FBF72AFA0346002BB3
:1095E00009D0FB681022C3F89020FB682022C3F842
:1095F0008C20012351E0FB681B69002B18D0FB680D
:109600001B68FB63FB6B53E8003FBB63BB6B43F41E
:1096100080737B65FB681B681A467B6DBB647A644C
:10962000796CBA6C41E800233B643B6C002BE6D1BB
:10963000FB681B680833BB62BB6A53E8003F7B6270
:109640007B6A43F001033B65FB681B6808333A6D96
:109650007A633B63396B7A6B41E80023FB62FB6AF8
:10966000002BE5D1FB681B6808337B617B6953E8FD
:10967000003F3B613B6943F04003FB64FB681B68B0
:109680000833FA6C3A62FB61F9693A6A41E80023EF
:10969000BB61BB69002BE5D1002318465837BD4696
:1096A00080BD00BFB9980008ED990008339A000802
:1096B00080B48FB000AF78607B681B683B623B6A08
:1096C00053E8003FFB61FB6923F0C0037B637B68C9
:1096D0001B681A467B6BFB62BA62B96AFA6A41E898
:1096E00000237B627B6A002BE6D17B681B68083312
:1096F000FB60FB6853E8003FBB60BB6823F40003DA
:109700003B637B681B6808333A6BBA617B6179699C
:10971000BA6941E800233B613B69002BE5D17B68D6
:109720002022C3F8882000BF3C37BD4680BC70476C
:1097300080B495B000AF78607B681B687B637B6BFF
:1097400053E8003F3B633B6B23F49073FB647B68FF
:109750001B681A46FB6C3B64FA63F96B3A6C41E890
:109760000023BB63BB6B002BE6D17B681B6808330F
:109770003B623B6A53E8003FFB61FB6923F0805387
:1097800023F00103BB647B681B680833BA6CFA6280
:10979000BB62B96AFA6A41E800237B627B6A002BEC
:1097A000E3D17B68DB6E012B18D17B681B68FB6003
:1097B000FB6853E8003FBB60BB6823F010037B6489
:1097C0007B681B681A467B6CBB617A617969BA69F0
:1097D00041E800233B613B69002BE6D17B682022F6
:1097E000C3F88C207B680022DA667B6800225A6707
:1097F00000BF5437BD4680BC704780B590B000AF05
:1098000078607B689B6AFB637B681B681B6803F05E
:109810002003002B37D1FB6B0022A3F85620FB6BF3
:109820001B6808337B627B6A53E8003F3B623B6AFC
:1098300023F08003BB63FB6B1B680833BA6B3A638E
:10984000FB62F96A3A6B41E80023BB62BB6A002BFA
:10985000E5D1FB6B1B683B613B6953E8003FFB6054
:10986000FB6843F040037B63FB6B1B681A467B6B12
:10987000FB61BA61B969FA6941E800237B617B69E0
:10988000002BE6D104E0FB6BD3F89830F86B9847D7
:1098900000BF4037BD4680BD80B584B000AF786062
:1098A0007B689B6AFB60FB68D3F89430F868984744
:1098B00000BF1037BD4680BD80B59CB000AF78605A
:1098C0007B689B6AFB667B681B681B6803F0200350
:1098D000002B71D1FB6E0022A3F85E20FB6E1B688B
:1098E000FB64FB6C53E8003FBB64BB6C23F48073E8
:1098F000BB66FB6E1B681A46BB6EBB657A65796DED
:10990000BA6D41E800233B653B6D002BE6D1FB6E51
:109910001B680833BB63BB6B53E8003F7B637B6B07
:1099200023F001037B66FB6E1B6808337A6E7A6452
:109930003B64396C7A6C41E80023FB63FB6B002BC2
:10994000E5D1FB6E1B6808337B627B6A53E8003FFE
:109950003B623B6A23F040033B66FB6E1B680833A7
:109960003A6E3A63FB62F96A3A6B41E80023BB62E4
:10997000BB6A002BE5D1FB6E2022C3F88C20FB6E66
:10998000DB6E012B18D1FB6E1B683B613B6953E812
:10999000003FFB60FB6823F01003FB65FB6E1B6858
:1099A0001A46FB6DFB61BA61B969FA6941E80023A7
:1099B0007B617B69002BE6D1FB6E00221A67FB6E90
:1099C000DB6E012B09D1FB6ED3F8C030FA6EB2F812
:1099D0005C201146F86E984704E0FB6ED3F8A03087
:1099E000F86E984700BF7037BD4680BD80B584B023
:1099F00000AF78607B689B6AFB60FB6801221A6796
:109A0000FB68DB6E012B0BD1FB68D3F8C030FA6822
:109A1000B2F85C20520892B21146F868984704E008
:109A2000FB68D3F89C30F868984700BF1037BD46F4
:109A300080BD80B586B000AF78607B689B6A7B6133
:109A40007B69D3F888303B617B69D3F88C30FB604D
:109A50007B691B689B6803F08003802B09D13B69FD
:109A6000212B06D17B690022A3F856207869FFF7E5
:109A70001FFE7B691B689B6803F04003402B09D1E4
:109A8000FB68222B06D17B690022A3F85E2078694F
:109A9000FFF74EFE7B69D3F8903043F010027B69EC
:109AA000C3F890207B69D3F8A4307869984700BF49
:109AB0001837BD4680BD80B584B000AF78607B6844
:109AC0009B6AFB60FB680022A3F85E20FB68002213
:109AD000A3F85620FB68D3F8A430F868984700BF75
:109AE0001037BD4680BD80B48FB000AF78607B6812
:109AF000D3F88830212B4CD17B68B3F856309BB219
:109B0000002B32D17B681B683B623B6A53E8003F05
:109B1000FB61FB6923F080037B637B681B681A464B
:109B20007B6BFB62BA62B96AFA6A41E800237B6226
:109B30007B6A002BE6D17B681B68FB60FB6853E8FF
:109B4000003FBB60BB6843F040033B637B681B681E
:109B50001A463B6BBB617A617969BA6941E80023B7
:109B60003B613B69002BE6D113E07B681B6D1A78E3
:109B70007B681B689A627B681B6D5A1C7B681A6540
:109B80007B68B3F856309BB2013B9AB27B68A3F86E
:109B9000562000BF3C37BD4680BC704780B491B0B2
:109BA00000AF78607B68D3F88830212B51D17B6877
:109BB000B3F856309BB2002B32D17B681B687B62B6
:109BC0007B6A53E8003F3B623B6A23F08003BB6340
:109BD0007B681B681A46BB6B3B63FA62F96A3A6B97
:109BE00041E80023BB62BB6A002BE6D17B681B689F
:109BF0003B613B6953E8003FFB60FB6843F0400377
:109C00007B637B681B681A467B6BFB61BA61B96931
:109C1000FA6941E800237B617B69002BE6D118E0FB
:109C20007B681B6DFB63FB6B1B881A467B681B689C
:109C3000C2F308029A627B681B6D9A1C7B681A65E6
:109C40007B68B3F856309BB2013B9AB27B68A3F8AD
:109C5000562000BF4437BD4680BC704780B491B0E9
:109C600000AF78607B68D3F88830212B60D17B68A7
:109C7000B3F86A30FB8757E07B68B3F856309BB285
:109C8000002B33D17B681B6808337B627B6A53E807
:109C9000003F3B623B6A23F40003BB637B681B68A5
:109CA0000833BA6B3A63FB62F96A3A6B41E8002306
:109CB000BB62BB6A002BE5D17B681B683B613B69DB
:109CC00053E8003FFB60FB6843F040037B637B6825
:109CD0001B681A467B6BFB61BA61B969FA6941E896
:109CE00000237B617B69002BE6D121E07B681B6848
:109CF000DB6903F08003002B13D07B681B6D1A789F
:109D00007B681B689A627B681B6D5A1C7B681A65AE
:109D10007B68B3F856309BB2013B9AB27B68A3F8DC
:109D20005620FB8F013BFB87FB8F002BA4D1FFE765
:109D300000BF4437BD4680BC704780B491B000AFCF
:109D400078607B68D3F88830212B65D17B68B3F8C5
:109D50006A30FB875CE07B68B3F856309BB2002B1F
:109D600033D17B681B6808333B623B6A53E8003F92
:109D7000FB61FB6923F400037B637B681B6808338A
:109D80007A6BFA62BB62B96AFA6A41E800237B62C5
:109D90007B6A002BE5D17B681B68FB60FB6853E89E
:109DA000003FBB60BB6843F040033B637B681B68BC
:109DB0001A463B6BBB617A617969BA6941E8002355
:109DC0003B613B69002BE6D126E07B681B68DB69C1
:109DD00003F08003002B18D07B681B6DBB63BB6B4B
:109DE0001B881A467B681B68C2F308029A627B686C
:109DF0001B6D9A1C7B681A657B68B3F856309BB262
:109E0000013B9AB27B68A3F85620FB8F013BFB878E
:109E1000FB8F002B9FD1FFE700BF4437BD4680BCBE
:109E2000704780B588B000AF78607B681B68FB60C6
:109E3000FB6853E8003FBB60BB6823F04003FB6155
:109E40007B681B681A46FB69BB617A617969BA69EC
:109E500041E800233B613B69002BE6D17B6820226F
:109E6000C3F888207B6800229A677B68D3F8983013
:109E70007868984700BF2037BD4680BD80B59CB04C
:109E800000AF78607B68B3F86030A7F86E307B680D
:109E9000D3F88C30222B40F0C2807B681B685B6A51
:109EA000A7F86C30B7F86C30D9B2B7F86E30DAB2C8
:109EB0007B689B6D0A40D2B21A707B689B6D5A1CFE
:109EC0007B689A657B68B3F85E309BB2013B9AB2BF
:109ED0007B68A3F85E207B68B3F85E309BB2002BF2
:109EE00040F0A5807B681B68FB64FB6C53E8003F77
:109EF000BB64BB6C23F49073BB667B681B681A461B
:109F0000BB6EBB657A65796DBA6D41E800233B6530
:109F10003B6D002BE6D17B681B680833BB63BB6BD2
:109F200053E8003F7B637B6B23F001037B667B6818
:109F30001B6808337A6E7A643B64396C7A6C41E84A
:109F40000023FB63FB6B002BE5D17B682022C3F869
:109F50008C207B6800225A677B6800221A677B6826
:109F60001B68354A93421FD07B681B685B6803F40B
:109F70000003002B18D07B681B687B627B6A53E868
:109F8000003F3B623B6A23F080633B667B681B6853
:109F90001A463B6E3B63FA62F96A3A6B41E800236A
:109FA000BB62BB6A002BE6D17B68DB6E012B30D134
:109FB0007B680022DA667B681B683B613B6953E87B
:109FC000003FFB60FB6823F01003FB657B681B68A8
:109FD0001A46FB6DFB61BA61B969FA6941E8002371
:109FE0007B617B69002BE6D17B681B68DB6903F032
:109FF0001003102B03D17B681B6810221A627B6848
:10A00000D3F8C0307A68B2F85C2011467868984777
:10A010000DE07B68D3F8A0307868984707E07B684C
:10A020001B689A697B681B6842F008029A6100BF4E
:10A030007037BD4680BD00BF0080004080B59CB039
:10A0400000AF78607B68B3F86030A7F86E307B684B
:10A05000D3F88C30222B40F0C2807B681B685B6A8F
:10A06000A7F86C307B689B6DBB66B7F86C20B7F8BF
:10A070006E3013409AB2BB6E1A807B689B6D9A1C3F
:10A080007B689A657B68B3F85E309BB2013B9AB2FD
:10A090007B68A3F85E207B68B3F85E309BB2002B30
:10A0A00040F0A5807B681B68BB64BB6C53E8003F35
:10A0B0007B647B6C23F490737B667B681B681A4619
:10A0C0007B6E7B653A65396D7A6D41E80023FB64F0
:10A0D000FB6C002BE6D17B681B6808337B637B6BD2
:10A0E00053E8003F3B633B6B23F001033B667B6817
:10A0F0001B6808333A6E3A64FB63F96B3A6C41E8CB
:10A100000023BB63BB6B002BE5D17B682022C3F827
:10A110008C207B6800225A677B6800221A677B6864
:10A120001B68354A93421FD07B681B685B6803F449
:10A130000003002B18D07B681B683B623B6A53E826
:10A14000003FFB61FB6923F08063FB657B681B6854
:10A150001A46FB6DFB62BA62B96AFA6A41E80023EB
:10A160007B627B6A002BE6D17B68DB6E012B30D1F2
:10A170007B680022DA667B681B68FB60FB6853E83B
:10A18000003FBB60BB6823F01003BB657B681B68A6
:10A190001A46BB6DBB617A617969BA6941E80023EF
:10A1A0003B613B69002BE6D17B681B68DB6903F0F0
:10A1B0001003102B03D17B681B6810221A627B6886
:10A1C000D3F8C0307A68B2F85C20114678689847B6
:10A1D0000DE07B68D3F8A0307868984707E07B688B
:10A1E0001B689A697B681B6842F008029A6100BF8D
:10A1F0007037BD4680BD00BF0080004080B5ACB068
:10A2000000AF78607B68B3F86030A7F8AA307B684D
:10A210001B68DB69C7F8AC307B681B681B68C7F834
:10A22000A4307B681B689B68C7F8A0307B68D3F8B4
:10A230008C30222B40F088817B68B3F86830A7F817
:10A240009E302BE17B681B685B6AA7F89C30B7F8EF
:10A250009C30D9B2B7F8AA30DAB27B689B6D0A405D
:10A26000D2B21A707B689B6D5A1C7B689A657B68BA
:10A27000B3F85E309BB2013B9AB27B68A3F85E20D4
:10A280007B681B68DB69C7F8AC30D7F8AC3003F0EB
:10A290000703002B55D0D7F8AC3003F00103002B97
:10A2A00011D0D7F8A43003F48073002B0BD07B6857
:10A2B0001B6801221A627B68D3F8903043F00102D8
:10A2C0007B68C3F89020D7F8AC3003F00203002B72
:10A2D00011D0D7F8A03003F00103002B0BD07B681E
:10A2E0001B6802221A627B68D3F8903043F00402A4
:10A2F0007B68C3F89020D7F8AC3003F00403002B40
:10A3000011D0D7F8A03003F00103002B0BD07B68ED
:10A310001B6804221A627B68D3F8903043F0020273
:10A320007B68C3F890207B68D3F89030002B08D06E
:10A330007B68D3F8A430786898477B680022C3F81C
:10A3400090207B68B3F85E309BB2002B40F0A68073
:10A350007B681B683B673B6F53E8003FFB66FB6E07
:10A3600023F48073C7F898307B681B681A46D7F8C7
:10A370009830FB67BA67B96FFA6F41E800237B67D3
:10A380007B6F002BE4D17B681B680833FB65FB6D9A
:10A3900053E8003FBB65BB6D23F0805323F00103FE
:10A3A000C7F894307B681B680833D7F89420BA66E6
:10A3B0007B66796EBA6E41E800233B663B6E002BEC
:10A3C000E1D17B682022C3F88C207B6800225A6789
:10A3D0007B6800221A677B681B68614A934221D020
:10A3E0007B681B685B6803F40003002B1AD07B6852
:10A3F0001B68BB64BB6C53E8003F7B647B6C23F041
:10A400008063C7F890307B681B681A46D7F8903095
:10A410007B653A65396D7A6D41E80023FB64FB6C1E
:10A42000002BE4D17B68DB6E012B32D17B680022EC
:10A43000DA667B681B687B637B6B53E8003F3B639A
:10A440003B6B23F01003C7F88C307B681B681A46FF
:10A45000D7F88C303B64FA63F96B3A6C41E800231F
:10A46000BB63BB6B002BE4D17B681B68DB6903F02B
:10A470001003102B03D17B681B6810221A627B68C3
:10A48000D3F8C0307A68B2F85C20114678689847F3
:10A4900004E07B68D3F8A03078689847B7F89E301E
:10A4A000002B06D0D7F8AC3003F02003002B7FF44C
:10A4B000C9AE7B68B3F85E30A7F88A30B7F88A3047
:10A4C000002B49D07B68B3F86830B7F88A209A42ED
:10A4D00042D27B681B6808333B623B6A53E8003F0B
:10A4E000FB61FB6923F08053C7F884307B681B68ED
:10A4F0000833D7F88420FA62BB62B96AFA6A41E885
:10A5000000237B627B6A002BE3D17B68154A5A6784
:10A510007B681B68FB60FB6853E8003FBB60BB685F
:10A5200043F02003C7F880307B681B681A46D7F8D1
:10A530008030BB617A617969BA6941E800233B6187
:10A540003B69002BE4D107E07B681B689A697B6854
:10A550001B6842F008029A6100BFB037BD4680BD5B
:10A56000008000407D9E000880B5AEB000AF7860EE
:10A570007B68B3F86030A7F8B2307B681B68DB6992
:10A58000C7F8B4307B681B681B68C7F8AC307B68C1
:10A590001B689B68C7F8A8307B68D3F88C30222BE7
:10A5A00040F08C817B68B3F86830A7F8A6302FE1C3
:10A5B0007B681B685B6AA7F8A4307B689B6DC7F853
:10A5C000A030B7F8A420B7F8B23013409AB2D7F849
:10A5D000A0301A807B689B6D9A1C7B689A657B68AB
:10A5E000B3F85E309BB2013B9AB27B68A3F85E2061
:10A5F0007B681B68DB69C7F8B430D7F8B43003F068
:10A600000703002B55D0D7F8B43003F00103002B1B
:10A6100011D0D7F8AC3003F48073002B0BD07B68DB
:10A620001B6801221A627B68D3F8903043F0010264
:10A630007B68C3F89020D7F8B43003F00203002BF6
:10A6400011D0D7F8A83003F00103002B0BD07B68A2
:10A650001B6802221A627B68D3F8903043F0040230
:10A660007B68C3F89020D7F8B43003F00403002BC4
:10A6700011D0D7F8A83003F00103002B0BD07B6872
:10A680001B6804221A627B68D3F8903043F0020200
:10A690007B68C3F890207B68D3F89030002B08D0FB
:10A6A0007B68D3F8A430786898477B680022C3F8A9
:10A6B00090207B68B3F85E309BB2002B40F0A880FE
:10A6C0007B681B687B677B6F53E8003F3B673B6F92
:10A6D00023F48073C7F89C307B681B681A46D7F850
:10A6E0009C30C7F88030FA67F96FD7F8802041E8CE
:10A6F0000023BB67BB6F002BE2D17B681B6808336C
:10A700003B663B6E53E8003FFB65FB6D23F08053D7
:10A7100023F00103C7F898307B681B680833D7F82B
:10A720009820FA66BB66B96EFA6E41E800237B6634
:10A730007B6E002BE1D17B682022C3F88C207B68E4
:10A7400000225A677B6800221A677B681B68614A8F
:10A75000934221D07B681B685B6803F40003002BE5
:10A760001AD07B681B68FB64FB6C53E8003FBB643A
:10A77000BB6C23F08063C7F894307B681B681A4673
:10A78000D7F89430BB657A65796DBA6D41E80023DE
:10A790003B653B6D002BE4D17B68DB6E012B32D136
:10A7A0007B680022DA667B681B68BB63BB6B53E87F
:10A7B000003F7B637B6B23F01003C7F890307B680E
:10A7C0001B681A46D7F890307B643A64396C7A6C0F
:10A7D00041E80023FB63FB6B002BE4D17B681B6823
:10A7E000DB6903F01003102B03D17B681B68102278
:10A7F0001A627B68D3F8C0307A68B2F85C201146E0
:10A800007868984704E07B68D3F8A0307868984768
:10A81000B7F8A630002B06D0D7F8B43003F02003E9
:10A82000002B7FF4C5AE7B68B3F85E30A7F88E309E
:10A83000B7F88E30002B49D07B68B3F86830B7F892
:10A840008E209A4242D27B681B6808337B627B6A07
:10A8500053E8003F3B623B6A23F08053C7F88830DF
:10A860007B681B680833D7F888203A63FB62F96A73
:10A870003A6B41E80023BB62BB6A002BE3D17B68E3
:10A88000154A5A677B681B683B613B6953E8003F88
:10A89000FB60FB6843F02003C7F884307B681B68CB
:10A8A0001A46D7F88430FB61BA61B969FA6941E8A0
:10A8B00000237B617B69002BE4D107E07B681B6888
:10A8C0009A697B681B6842F008029A6100BFB8373A
:10A8D000BD4680BD008000403DA0000880B483B02C
:10A8E00000AF786000BF0C37BD4680BC704780B4B5
:10A8F00083B000AF786000BF0C37BD4680BC7047A6
:10A9000080B483B000AF786000BF0C37BD4680BC18
:10A91000704780B588B002AFF8603B1D83E8060041
:10A920000023FB75FB6893F88430012B01D10223CF
:10A9300046E0FB68012283F88420FB682422C3F8E8
:10A940008820FB681B681A68FB681B6822F00102FC
:10A950001A60FB681B689B6823F440117A68FB68E7
:10A960001B680A439A607B68002B05D13B1D93E866
:10A970000600F86800F09DF9FB681B681A68FB6820
:10A980001B6842F001021A60F6F720F938616FF097
:10A990007E4300933B6900224FF48001F868FEF784
:10A9A000F8FB0346002B02D00323FB7503E0FB6892
:10A9B0002022C3F88820FB68002283F88420FB7DD6
:10A9C00018461837BD4680BD80B489B000AF7860A6
:10A9D0007B6893F88430012B01D1022321E07B684E
:10A9E000012283F884207B681B68FB60FB6853E8C6
:10A9F000003FBB60BB6843F00203FB617B681B68E0
:10AA00001A46FB69BB617A617969BA6941E800233A
:10AA10003B613B69002BE6D17B68002283F88420F0
:10AA2000002318462437BD4680BC704780B584B0EB
:10AA300000AF78607B6893F88430012B01D102234A
:10AA40002BE07B68012283F884207B682422C3F8F2
:10AA500088207B681B681B68FB607B681B681A6822
:10AA60007B681B6822F001021A60FB6843F0005308
:10AA7000FB607B684FF000525A667B681B68FA687F
:10AA80001A60786800F038F97B682022C3F88820C3
:10AA90007B68002283F88420002318461037BD46C7
:10AAA00080BD80B485B000AF78607B6893F8843057
:10AAB000012B01D1022327E07B68012283F8842047
:10AAC0007B682422C3F888207B681B681B68FB60B6
:10AAD0007B681B681A687B681B6822F001021A6099
:10AAE000FB6823F00053FB607B6800225A667B689A
:10AAF0001B68FA681A607B682022C3F888207B688C
:10AB0000002283F88420002318461437BD4680BCF9
:10AB1000704780B584B000AF786039607B6893F887
:10AB20008430012B01D102232DE07B68012283F8C0
:10AB300084207B682422C3F888207B681B681B68FC
:10AB4000FB607B681B681A687B681B6822F0010247
:10AB50001A607B681B689B6823F060417B681B68F8
:10AB60003A680A439A60786800F0C6F87B681B6808
:10AB7000FA681A607B682022C3F888207B6800226C
:10AB800083F88420002318461037BD4680BD80B569
:10AB900084B000AF786039607B6893F88430012B13
:10ABA00001D102232DE07B68012283F884207B6899
:10ABB0002422C3F888207B681B681B68FB607B68C5
:10ABC0001B681A687B681B6822F001021A607B68A8
:10ABD0001B689B6823F060617B681B683A680A43C6
:10ABE0009A60786800F088F87B681B68FA681A60D9
:10ABF0007B682022C3F888207B68002283F88420A9
:10AC0000002318461037BD4680BD80B58CB000AF1C
:10AC1000F860B9601346FB80FB68D3F88C30202BBA
:10AC200042D1BB68002B02D0FB88002B01D101234D
:10AC30003BE0FB680122DA66FB6800221A67FB88AA
:10AC40001A46B968F868FEF78DFC034687F82F307E
:10AC500097F82F30002B24D1FB68DB6E012B1DD120
:10AC6000FB681B6810221A62FB681B68BB61BB692A
:10AC700053E8003F7B617B6943F01003BB62FB68D4
:10AC80001B681A46BB6A7B623A62396A7A6A41E893
:10AC90000023FB61FB69002BE6D102E0012387F86A
:10ACA0002F3097F82F3000E0022318463037BD468A
:10ACB00080BD80B485B000AFF8603B1D83E806001E
:10ACC000FB681B685B6823F010023B891946FB6830
:10ACD0001B680A435A60FB681B685B6823F07F416E
:10ACE000BB7A1A06FB681B680A435A6000BF143718
:10ACF000BD4680BC7047000080B485B000AF78606E
:10AD00007B685B6E002B08D17B680122A3F86A2068
:10AD10007B680122A3F8682031E00823FB73082335
:10AD2000BB737B681B689B685B0EDBB203F0070399
:10AD30007B737B681B689B685B0FDBB203F00703C8
:10AD40003B73BB7B3A7B10498A5C02FB03F33A7B83
:10AD50000E498A5C93FBF2F39AB27B68A3F86A20EF
:10AD6000FB7B7A7B08498A5C02FB03F37A7B074909
:10AD70008A5C93FBF2F39AB27B68A3F8682000BF69
:10AD80001437BD4680BC7047BC4A0108C44A01085C
:10AD900080B485B000AF78604FF0B043DA6C4FF00C
:10ADA000B0417B681343CB644FF0B043DA6C7B68EF
:10ADB0001340FB60FB6800BF1437BD4680BC704782
:10ADC00080B586B000AF3B1D00221A605A609A60C1
:10ADD000DA601A610220FFF7DBFF40237B6001236A
:10ADE000BB600023FB6003233B613B1D19461348F6
:10ADF000FAF732FA80237B603B1D19460F48FAF7B9
:10AE00002BFA4FF480737B603B1D19460B48FAF711
:10AE100023FA002280210948FAF74CFC0022402145
:10AE20000648FAF747FC00224FF480710348FAF70E
:10AE300041FC002318461837BD4680BD0004004879
:10AE400080B582B000AF0346FB71FB79032B4FD86E
:10AE500001A252F823F000BF69AE00088BAE0008D3
:10AE6000ADAE0008CFAE000800224FF48071234839
:10AE7000FAF720FC002240212048FAF71BFC0022B0
:10AE800080211E48FAF716FC33E0002240211B48BF
:10AE9000FAF710FC012280211848FAF70BFC002277
:10AEA0004FF480711548FAF705FC22E00122402199
:10AEB0001248FAF7FFFB012280211048FAF7FAFB4B
:10AEC00000224FF480710D48FAF7F4FB11E00122E3
:10AED00040210A48FAF7EEFB012280210748FAF7E1
:10AEE000E9FB00224FF480710448FAF7E3FB00E02D
:10AEF00000BF002318460837BD4680BD0004004847
:10AF000080B400AF01231846BD4680BC704780B4B2
:10AF100000AF00231846BD4680BC704780B400AF28
:10AF200001231846BD4680BC704780B485B000AF91
:10AF30000346FB71FB79002B02D10F23FB6001E07C
:10AF40001623FB60FB6818461437BD4680BC70476B
:10AF500080B400AF00BFBD4680BC704780B485B0F0
:10AF600000AFEFF30583BB60BB68002B0FD1EFF39D
:10AF700010837B607B68002B05D1EFF311833B606E
:10AF80003B68002B07D00D4B1B68022B03D16FF0E1
:10AF90000503FB600CE0094B1B68002B05D1074B38
:10AFA00001221A600023FB6002E04FF0FF33FB60D8
:10AFB000FB6818461437BD4680BC7047482A0020FD
:10AFC00080B584B000AFEFF30583BB60BB68002B96
:10AFD0000FD1EFF310837B607B68002B05D1EFF37B
:10AFE00011833B603B68002B07D00F4B1B68022B83
:10AFF00003D16FF00503FB6010E00B4B1B68012BC6
:10B0000009D1FFF7A5FF084B02221A6001F042FFA9
:10B010000023FB6002E04FF0FF33FB60FB68184643
:10B020001037BD4680BD00BF482A002080B590B0D3
:10B0300004AFF860B9607A6000233B61EFF30583E9
:10B04000FB61FB69002B40F08F80EFF31083BB6145
:10B05000BB69002B05D1EFF311837B617B69002B6A
:10B0600003D0444B1B68022B7ED0FB68002B7BD0A7
:10B070008023BB6218237B620023FB624FF0FF3307
:10B080003B627B68002B45D07B681B68002B02D09D
:10B090007B681B68FB627B689B69002B02D07B6826
:10B0A0009B697B627B6A002B08D07B6A382B05D8B2
:10B0B0007B685B6803F00103002B01D0002354E0A0
:10B0C0007B685B69002B03D07B685B699B08BB6274
:10B0D0007B689B68002B0ED07B68DB68A72B0AD9A6
:10B0E0007B681B69002B06D07B685B69002B02D054
:10B0F00001233B6210E07B689B68002B0CD17B68CE
:10B10000DB68002B08D17B681B69002B04D100236E
:10B110003B6201E000233B623B6A012B10D17B685C
:10B120001B697A689268029201937B6A0093BB68FC
:10B13000BA6AF96AF86801F045FC03463B6113E01E
:10B140003B6A002B10D1BB6A9AB207F1100301933E
:10B150007B6A0093BB68F96AF86801F093FC0346C8
:10B16000012B01D000233B613B6918463037BD46B7
:10B1700080BD00BF482A002080B485B000AFF860D1
:10B18000B9607A60FB68064A1A60BB68054A1A60B3
:10B190007B6880221A6000BF1437BD4680BC7047B0
:10B1A0004C2A0020F42A002080B485B000AFF8605B
:10B1B000B9607A60FB68074A1A60BB68064A1A6081
:10B1C0007B684FF480721A6000BF1437BD4680BCA4
:10B1D000704700BFF42C00209C2D002080B582B069
:10B1E00000AF202000F0EEF978607B68002B0AD0D9
:10B1F0007B6800221A607B680433184600F0C0FBAD
:10B200007B6800221A777B6818460837BD4680BDE8
:10B2100080B590B000AFF860B9607A603B60FB68C1
:10B220007B630023BB6300233B63FB68002B0BD1D4
:10B230004FF0500383F31188BFF36F8FBFF34F8F2D
:10B240003B6200BF00BFFDE7BB68B3F1807F0BD35B
:10B250004FF0500383F31188BFF36F8FBFF34F8F0D
:10B26000FB6100BF00BFFDE7BB68002B0BD14FF0B7
:10B27000500383F31188BFF36F8FBFF34F8FBB6110
:10B2800000BF00BFFDE702F007FB0346002B02D121
:10B29000BB6C002B01D1012300E00023002B0BD15C
:10B2A0004FF0500383F31188BFF36F8FBFF34F8FBD
:10B2B0007B6100BF00BFFDE701F05CFE7B6B1B689C
:10B2C000FB623A68B968F86A00F046F9B862BB6A8E
:10B2D000002B0ED0FB6AFB630023BB647B68002B52
:10B2E00028D07B6B1A68BB68DB431A407B6B1A6003
:10B2F00020E0BB6C002B04D1FB6AFB6301233B63A2
:10B3000018E07B68002B03D0BB6B43F08073BB63FA
:10B310003B68002B03D0BB6B43F08063BB637B6B4C
:10B32000181DBA68BB6B1343BA6C194602F020F8BB
:10B330000023FB6301F02CFE7862BB6C002B31D044
:10B340007B6A002B07D11A4B4FF080521A60BFF373
:10B350004F8FBFF36F8F02F02DFBF863FB6B03F091
:10B360000073002B1AD100F0A9FC7B6B1B68FB63F8
:10B370003A68B968F86B00F0EFF80346002B09D083
:10B380007B68002B06D07B6B1A68BB68DB431A40D6
:10B390007B6B1A6001233B6300F0C0FCFB6B23F066
:10B3A0007F43FB63FB6B18464037BD4680BD00BF43
:10B3B00004ED00E080B586B000AF786039607B684E
:10B3C0007B617B68002B0BD14FF0500383F3118816
:10B3D000BFF36F8FBFF34F8FFB6000BF00BFFDE770
:10B3E0003B68B3F1807F0BD34FF0500383F3118898
:10B3F000BFF36F8FBFF34F8FBB6000BF00BFFDE790
:10B4000000F05CFC7B691B683B617B691A683B68E8
:10B41000DB431A407B691A6000F080FC3B691846E8
:10B420001837BD4680BD80B58EB000AF78603960FA
:10B4300000233B637B68BB620023FB627B68002BBD
:10B440000BD14FF0500383F31188BFF36F8FBFF31D
:10B450004F8F3B6100BF00BFFDE73B68B3F1807FCA
:10B460000BD34FF0500383F31188BFF36F8FBFF3FB
:10B470004F8FFB6000BF00BFFDE7BB6A04337B62F8
:10B480007B6A08333B6201F075FD7B6ADB687B6396
:10B49000BB6A1A683B681A43BB6A1A603CE07B6B64
:10B4A0005B68FB617B6B1B68BB610023FB62BB6954
:10B4B00003F07F437B61BB6923F07F43BB617B6902
:10B4C00003F08063002B08D1BB6A1A68BB69134084
:10B4D000002B0BD00123FB6208E0BB6A1A68BB6932
:10B4E0001340BA699A4201D10123FB62FB6A002B27
:10B4F00010D07B6903F08073002B03D03A6BBB69DB
:10B5000013433B63BB6A1B6843F000731946786BB7
:10B5100001F0FCFFFB697B637A6B3B6A9A42BED108
:10B52000BB6A1A683B6BDB431A40BB6A1A6001F0C6
:10B530002FFDBB6A1B6818463837BD4680BD80B5F5
:10B5400082B000AF7860396039687868FFF76BFFC8
:10B5500000BF0837BD4680BD80B487B000AFF8603B
:10B56000B9607A6000237B617B68002B07D1FA68A1
:10B57000BB681340002B0AD001237B6107E0FA6807
:10B58000BB681340BA689A4201D101237B617B6991
:10B5900018461C37BD4680BC7047000080B586B099
:10B5A00000AFF860B9607A607B68BA68F9680448EF
:10B5B00002F04CFE78617B6918461837BD4680BDA5
:10B5C0003FB5000880B58AB000AF78600023FB610A
:10B5D00001F0D0FC5A4B1B68002B01D100F016F98A
:10B5E000584B1A687B681340002B40F090807B68B2
:10B5F000002B1ED008227B6813447B607B6803F01D
:10B600000703002B15D07B6823F0070308337B600A
:10B610007B6803F00703002B0BD04FF0500383F33C
:10B620001188BFF36F8FBFF34F8F7B6100BF00BFE7
:10B63000FDE77B68002B6AD0434B1B687A689A420F
:10B6400065D8424B3B62414B1B687B6204E07B6ADE
:10B650003B627B6A1B687B627B6A5B687A689A42A2
:10B6600003D97B6A1B68002BF1D1354B1B687A6AC2
:10B670009A424CD03B6A1B6808221344FB617B6AE8
:10B680001A683B6A1A607B6A5A687B68D21A082378
:10B690005B009A4220D97A6A7B681344BB61BB691C
:10B6A00003F00703002B0BD04FF0500383F31188F6
:10B6B000BFF36F8FBFF34F8F3B6100BF00BFFDE74C
:10B6C0007B6A5A687B68D21ABB695A607B6A7A685F
:10B6D0005A60B86900F0FCF81B4B1A687B6A5B681B
:10B6E000D31A194A1360184B1A68194B1B689A42EF
:10B6F00003D2154B1B68164A13607B6A5A68114BBC
:10B700001B681A437B6A5A607B6A00221A6001F048
:10B710003FFCFB6903F00703002B0BD04FF05003F5
:10B7200083F31188BFF36F8FBFF34F8FFB6000BFB0
:10B7300000BFFDE7FB6918462837BD4680BD00BF46
:10B74000A4D10020B0D10020A8D100209CD100209D
:10B75000ACD1002080B586B000AF78607B687B619B
:10B760007B68002B4AD008235B427A6913447B61D3
:10B770007B693B613B695A68224B1B681340002B75
:10B780000BD14FF0500383F31188BFF36F8FBFF3DA
:10B790004F8FFB6000BF00BFFDE73B691B68002BBC
:10B7A0000BD04FF0500383F31188BFF36F8FBFF3BB
:10B7B0004F8FBB6000BF00BFFDE73B695A68114B6C
:10B7C0001B681340002B19D03B691B68002B15D157
:10B7D0003B695A680B4B1B68DB431A403B695A6054
:10B7E00001F0C8FB3B695A68074B1B681344064AC3
:10B7F0001360386900F06CF801F0CAFB00BF18371D
:10B80000BD4680BDB0D10020A8D1002080B485B055
:10B8100000AF4FF42043BB60274BFB60FB6803F095
:10B820000703002B0CD0FB680733FB60FB6823F099
:10B830000703FB60BA68FB68D31A1F4A1344BB6056
:10B84000FB687B601D4A7B6813601C4B00225A60BA
:10B850007B68BA681344FB600822FB689B1AFB6094
:10B86000FB6823F00703FB60FB68154A1360144B69
:10B870001B6800225A60124B1B6800221A607B680A
:10B880003B603B68FA68D21A3B685A600C4B1A68F6
:10B890003B681A603B685B680A4A13603B685B68F8
:10B8A000094A1360094B4FF000421A6000BF143779
:10B8B000BD4680BC704700BF9C3100209CD1002059
:10B8C000A4D10020ACD10020A8D10020B0D100200C
:10B8D00080B485B000AF7860274BFB6002E0FB6866
:10B8E0001B68FB60FB681B687A689A42F7D8FB68A4
:10B8F000BB60FB685B68BA6813447A689A4208D1F7
:10B90000FB685A687B685B681A44FB685A60FB688E
:10B910007B607B68BB607B685B68BA681A44FB68C5
:10B920001B689A4218D1FB681A68144B1B689A422C
:10B930000DD07B685A68FB681B685B681A447B689B
:10B940005A60FB681B681A687B681A6008E00B4B3A
:10B950001A687B681A6003E0FB681A687B681A60E3
:10B96000FA687B689A4202D0FB687A681A6000BF66
:10B970001437BD4680BC70479CD10020A4D1002064
:10B9800080B483B000AF78607B6803F108027B6805
:10B990005A607B684FF0FF329A607B6803F10802BF
:10B9A0007B68DA607B6803F108027B681A617B6858
:10B9B00000221A6000BF0C37BD4680BC704780B4BF
:10B9C00083B000AF78607B6800221A6100BF0C373B
:10B9D000BD4680BC704780B485B000AF78603960E8
:10B9E0007B685B68FB603B68FA685A60FB689A6832
:10B9F0003B689A60FB689B683A685A60FB683A68E3
:10BA00009A603B687A681A617B681B685A1C7B687D
:10BA10001A6000BF1437BD4680BC704780B485B043
:10BA200000AF786039603B681B68BB60BB68B3F1EE
:10BA3000FF3F03D17B681B69FB600CE07B68083328
:10BA4000FB6002E0FB685B68FB60FB685B681B688F
:10BA5000BA689A42F6D2FB685A683B685A603B68FB
:10BA60005B683A689A603B68FA689A60FB683A6873
:10BA70005A603B687A681A617B681B685A1C7B684D
:10BA80001A6000BF1437BD4680BC704780B485B0D3
:10BA900000AF78607B681B69FB607B685B687A68D5
:10BAA00092689A607B689B687A6852685A60FB6803
:10BAB0005B687A689A4203D17B689A68FB685A602F
:10BAC0007B6800221A61FB681B685A1EFB681A60BB
:10BAD000FB681B6818461437BD4680BC70470000E1
:10BAE00080B485B000AFF860B9607A60FB68043B51
:10BAF000FB60FB684FF080721A60FB68043BFB60E0
:10BB0000BB6823F00102FB681A60FB68043BFB6022
:10BB1000084AFB681A60FB68143BFB607A68FB68A4
:10BB20001A60FB68203BFB60FB6818461437BD4673
:10BB300080BC704739BB000880B485B000AF0023DB
:10BB40007B60124B1B68B3F1FF3F0BD04FF05003EB
:10BB500083F31188BFF36F8FBFF34F8FFB6000BF7C
:10BB600000BFFDE74FF0500383F31188BFF36F8FE1
:10BB7000BFF34F8FBB6000BF00BF7B68002BFCD0C2
:10BB800000BF00BF1437BD4680BC7047BC0000201A
:10BB9000074B19680868B0E8F00F80F30988BFF315
:10BBA0006F8F4FF0000080F311884EF00D0E70473C
:10BBB000FCD1002000BF00BF06480068006880F389
:10BBC000088862B661B6BFF34F8FBFF36F8F00DF97
:10BBD00000BF00BF08ED00E080B584B000AF324B7D
:10BBE000FB60FB681B78DBB27B60FB68FF221A708E
:10BBF000FB681B78DBB2FB70FB78DBB203F0500311
:10BC0000DAB22A4B1A702A4B07221A6009E0284B35
:10BC10001B68013B264A1360FB78DBB25B00DBB29A
:10BC2000FB70FB78DBB203F08003802BEFD0204B5E
:10BC30001B68C3F10703042B0BD04FF0500383F3B1
:10BC40001188BFF36F8FBFF34F8FBB6000BF00BF82
:10BC5000FDE7174B1B681B02154A1360144B1B684A
:10BC600003F4E063124A13607B68DAB2FB681A706F
:10BC7000104B1B680F4A43F4700313600D4B1B6895
:10BC80000C4A43F07043136000F0B8F80A4B0022EE
:10BC90001A60FFF791FF01F0E1FAFFF74DFF002373
:10BCA00018461037BD4680BD00E400E0B4D1002046
:10BCB000B8D1002020ED00E0BC00002080B483B0AB
:10BCC00000AF4FF0500383F31188BFF36F8FBFF3C2
:10BCD0004F8F7B6000BF0F4B1B6801330D4A136011
:10BCE0000C4B1B68012B10D10B4B1B68DBB2002BDC
:10BCF0000BD04FF0500383F31188BFF36F8FBFF366
:10BD00004F8F3B6000BF00BFFDE700BF0C37BD4653
:10BD100080BC7047BC00002004ED00E080B483B01C
:10BD200000AF124B1B68002B0BD14FF0500383F375
:10BD30001188BFF36F8FBFF34F8F7B6000BF00BFD1
:10BD4000FDE70A4B1B68013B084A1360074B1B6861
:10BD5000002B05D100233B603B6883F3118800BFB3
:10BD600000BF0C37BD4680BC704700BFBC00002040
:10BD7000EFF30980BFF36F8F0D4B1A6820E9F00FC6
:10BD8000106008B54FF0500080F3118801F066FA9A
:10BD90004FF0000080F31188BDE80840196808687A
:10BDA000B0E8F00F80F30988BFF36F8F704700BFD2
:10BDB000FCD1002000BF00BF80B582B000AF4FF0C3
:10BDC000500383F31188BFF36F8FBFF34F8F7B60F6
:10BDD00000BF01F089F90346002B03D0064B4FF05A
:10BDE00080521A6000233B603B6883F3118800BFD8
:10BDF00000BF0837BD4680BD04ED00E080B400AF51
:10BE00000A4B00221A600A4B00221A60094B1B6879
:10BE1000094AA2FB03235B09084A013B1360034B59
:10BE200007221A6000BFBD4680BC704710E000E0EA
:10BE300018E000E0B40000201F85EB5114E000E0A2
:10BE400080B485B000AFEFF30583FB60FB680F2B78
:10BE500015D9174AFB6813441B78FB72154B1B78E6
:10BE6000FA7A9A420BD24FF0500383F31188BFF352
:10BE70006F8FBFF34F8F7B6000BF00BFFDE70E4B9E
:10BE80001B6803F4E0620D4B1B689A420BD94FF01C
:10BE9000500383F31188BFF36F8FBFF34F8F3B6065
:10BEA00000BF00BFFDE700BF1437BD4680BC704730
:10BEB000F0E300E0B4D100200CED00E0B8D10020A8
:10BEC00080B584B000AF786039607B68FB60FB6848
:10BED000002B0BD14FF0500383F31188BFF36F8F0A
:10BEE000BFF34F8FBB6000BF00BFFDE7FFF7E6FE6B
:10BEF000FB681A68FB68DB6BF968096C01FB03F3EC
:10BF00001A44FB689A60FB6800229A63FB681A680F
:10BF1000FB685A60FB681A68FB68DB6B013BF968D9
:10BF2000096C01FB03F31A44FB68DA60FB68FF222B
:10BF300083F84420FB68FF2283F845203B68002BF0
:10BF400014D1FB681B69002B1AD0FB68103318460C
:10BF500001F078FA0346002B12D00D4B4FF08052BF
:10BF60001A60BFF34F8FBFF36F8F09E0FB68103388
:10BF70001846FFF705FDFB6824331846FFF700FD60
:10BF8000FFF7CCFE012318461037BD4680BD00BF29
:10BF900004ED00E080B58EB002AFF860B9607A6061
:10BFA0003B60FB68002B0BD14FF0500383F31188EB
:10BFB000BFF36F8FBFF34F8FBB6200BF00BFFDE7C2
:10BFC0003B68002B0BD14FF0500383F31188BFF374
:10BFD0006F8FBFF34F8F7B6200BF00BFFDE77B68B1
:10BFE000002B02D0BB68002B01D0012300E000230E
:10BFF000002B0BD14FF0500383F31188BFF36F8FE9
:10C00000BFF34F8F3B6200BF00BFFDE77B68002B93
:10C0100002D1BB68002B01D1012300E00023002BDB
:10C020000BD14FF0500383F31188BFF36F8FBFF331
:10C030004F8FFB6100BF00BFFDE750237B617B6931
:10C04000502B0BD04FF0500383F31188BFF36F8F49
:10C05000BFF34F8FBB6100BF00BFFDE77B693B684B
:10C06000FB62FB6A002B0DD0FB6A012283F846209D
:10C0700097F83820FB6A009313467A68B968F86825
:10C0800000F046F8FB6A18463037BD4680BD80B5E3
:10C090008AB002AFF860B9601346FB71FB68002BF1
:10C0A0000BD14FF0500383F31188BFF36F8FBFF3B1
:10C0B0004F8F3B6100BF00BFFDE7BB68002B02D183
:10C0C0000023FB6104E0FB68BA6802FB03F3FB6139
:10C0D000FB6950331846FFF775FAB861BB69002B4E
:10C0E00011D0BB697B617B6950337B61BB690022E6
:10C0F00083F84620FA79BB69009313467A69B968D8
:10C10000F86800F005F8BB6918462037BD4680BDC9
:10C1100080B584B000AFF860B9607A60FB70BB682E
:10C12000002B03D1BB69BA691A6002E0BB697A6867
:10C130001A60BB69FA68DA63BB69BA681A640121DC
:10C14000B869FFF7BDFEBB69FA7883F84C2000BFE1
:10C150001037BD4680BD000080B58EB000AFF860DE
:10C16000B9607A603B6000237B63FB683B633B6B99
:10C17000002B0BD14FF0500383F31188BFF36F8F67
:10C18000BFF34F8FBB6200BF00BFFDE7BB68002B52
:10C1900003D13B6B1B6C002B01D1012300E000237A
:10C1A000002B0BD14FF0500383F31188BFF36F8F37
:10C1B000BFF34F8F7B6200BF00BFFDE73B68022BE0
:10C1C00003D13B6BDB6B012B01D1012300E000238A
:10C1D000002B0BD14FF0500383F31188BFF36F8F07
:10C1E000BFF34F8F3B6200BF00BFFDE701F054FB80
:10C1F0000346002B02D17B68002B01D1012300E014
:10C200000023002B0BD14FF0500383F31188BFF3B1
:10C210006F8FBFF34F8FFB6100BF00BFFDE7FFF7DC
:10C220004DFD3B6B9A6B3B6BDB6B9A4202D33B68D9
:10C23000022B29D13A68B968386B00F031FAF862FC
:10C240003B6B5B6A002B10D03B6B2433184601F02C
:10C25000F9F80346002B13D03F4B4FF080521A6081
:10C26000BFF34F8FBFF36F8F0AE0FB6A002B07D03D
:10C27000394B4FF080521A60BFF34F8FBFF36F8F6F
:10C28000FFF74CFD012363E07B68002B03D1FFF730
:10C2900045FD00235CE07B6B002B06D107F1140306
:10C2A000184601F097F901237B63FFF737FD00F093
:10C2B00061FEFFF703FD3B6B93F844305BB2B3F1D3
:10C2C000FF3F03D13B6B002283F844203B6B93F884
:10C2D00045305BB2B3F1FF3F03D13B6B002283F8E3
:10C2E0004520FFF71BFD3A1D07F1140311461846C0
:10C2F00001F086F90346002B24D1386B00F0C8FA10
:10C300000346002B18D03B6B10337A681146184651
:10C3100001F008F8386B00F053FA00F039FE0346DC
:10C32000002B7FF47CAF0C4B4FF080521A60BFF3B0
:10C330004F8FBFF36F8F72E7386B00F041FA00F058
:10C3400027FE6CE7386B00F03BFA00F021FE00237B
:10C3500018463837BD4680BD04ED00E080B58EB08C
:10C3600000AFF860B9607A603B60FB683B633B6B91
:10C37000002B0BD14FF0500383F31188BFF36F8F65
:10C38000BFF34F8F7B6200BF00BFFDE7BB68002B90
:10C3900003D13B6B1B6C002B01D1012300E0002378
:10C3A000002B0BD14FF0500383F31188BFF36F8F35
:10C3B000BFF34F8F3B6200BF00BFFDE73B68022B1E
:10C3C00003D13B6BDB6B012B01D1012300E0002388
:10C3D000002B0BD14FF0500383F31188BFF36F8F05
:10C3E000BFF34F8FFB6100BF00BFFDE7FFF728FDE4
:10C3F000EFF311824FF0500383F31188BFF36F8F77
:10C40000BFF34F8FBA617B61BB69FB623B6B9A6B79
:10C410003B6BDB6B9A4202D33B68022B2CD13B6B0C
:10C4200093F8453087F82B303A68B968386B00F0DC
:10C4300037F997F92B30B3F1FF3F12D13B6B5B6AB1
:10C44000002B16D03B6B2433184600F0FBFF03464D
:10C45000002B0ED07B68002B0BD07B6801221A606A
:10C4600007E097F82B300133DBB25AB23B6B83F80D
:10C47000452001237B6301E000237B63FB6A3B6172
:10C480003B6983F3118800BF7B6B18463837BD4684
:10C4900080BD000080B58CB000AFF860B9607A60F4
:10C4A0000023FB62FB68BB62BB6A002B0BD14FF021
:10C4B000500383F31188BFF36F8FBFF34F8F3B623D
:10C4C00000BF00BFFDE7BB68002B03D1BB6A1B6C3C
:10C4D000002B01D1012300E00023002B0BD14FF0F2
:10C4E000500383F31188BFF36F8FBFF34F8FFB614E
:10C4F00000BF00BFFDE701F0CFF90346002B02D1DA
:10C500007B68002B01D1012300E00023002B0BD11D
:10C510004FF0500383F31188BFF36F8FBFF34F8F3A
:10C52000BB6100BF00BFFDE7FFF7C8FBBB6A9B6BA9
:10C530007B627B6A002B1FD0B968B86A00F01AF9D9
:10C540007B6A5A1EBB6A9A63BB6A1B69002B0FD0B9
:10C55000BB6A1033184600F075FF0346002B07D066
:10C560003C4B4FF080521A60BFF34F8FBFF36F8F79
:10C57000FFF7D4FB012369E07B68002B03D1FFF7B1
:10C58000CDFB002362E0FB6A002B06D107F110030C
:10C59000184601F01FF80123FB62FFF7BFFB00F014
:10C5A000E9FCFFF78BFBBB6A93F844305BB2B3F155
:10C5B000FF3F03D1BB6A002283F84420BB6A93F893
:10C5C00045305BB2B3F1FF3F03D1BB6A002283F871
:10C5D0004520FFF7A3FB3A1D07F11003114618464B
:10C5E00001F00EF80346002B23D1B86A00F03AF9A7
:10C5F0000346002B17D0BB6A24337A6811461846CD
:10C6000000F090FEB86A00F0DBF800F0C1FC0346D1
:10C61000002B89D10F4B4FF080521A60BFF34F8F20
:10C62000BFF36F8F80E7B86A00F0CAF800F0B0FC83
:10C630007AE7B86A00F0C4F800F0AAFCB86A00F023
:10C6400011F90346002B3FF46FAF00231846303733
:10C65000BD4680BD04ED00E080B586B000AF7860D7
:10C660007B687B617B69002B0BD14FF0500383F318
:10C670001188BFF36F8FBFF34F8FFB6000BF00BF08
:10C68000FDE7FFF71BFB7B69DA6B7B699B6BD31ABA
:10C690003B61FFF743FB3B6918461837BD4680BD39
:10C6A00080B586B000AFF860B9607A6000237B6126
:10C6B000FB689B6B3B61FB681B6C002B0DD1FB681F
:10C6C0001B68002B4DD1FB689B68184601F002F9EE
:10C6D0007861FB6800229A6043E07B68002B19D1E7
:10C6E000FB685868FB681B6C1A46B96806F059FA73
:10C6F000FB685A68FB681B6C1A44FB685A60FB684D
:10C700005A68FB689B689A422BD3FB681A68FB68DF
:10C710005A6026E0FB68D868FB681B6C1A46B9684B
:10C7200006F03FFAFB68DA68FB681B6C5B421A4450
:10C73000FB68DA60FB68DA68FB681B689A4207D21C
:10C74000FB689A68FB681B6C5B421A44FB68DA6002
:10C750007B68022B05D13B69002B02D03B69013B72
:10C760003B613B695A1CFB689A637B691846183722
:10C77000BD4680BD80B582B000AF786039607B680F
:10C780001B6C002B18D07B68DA687B681B6C1A4422
:10C790007B68DA607B68DA687B689B689A4203D3BF
:10C7A0007B681A687B68DA607B68D9687B681B6C79
:10C7B0001A46386806F0F5F900BF0837BD4680BD57
:10C7C00080B584B000AF7860FFF778FA7B6893F8A3
:10C7D0004530FB7311E07B685B6A002B12D07B68ED
:10C7E0002433184600F02EFE0346002B01D000F043
:10C7F0006BFFFB7B013BDBB2FB7397F90F30002B28
:10C80000E9DC00E000BF7B68FF2283F84520FFF7EA
:10C8100085FAFFF753FA7B6893F84430BB7311E055
:10C820007B681B69002B12D07B681033184600F020
:10C8300009FE0346002B01D000F046FFBB7B013B05
:10C84000DBB2BB7397F90E30002BE9DC00E000BFD0
:10C850007B68FF2283F84420FFF760FA00BF10379F
:10C86000BD4680BD80B584B000AF7860FFF726FA82
:10C870007B689B6B002B02D10123FB6001E000234E
:10C88000FB60FFF74BFAFB6818461037BD4680BDCA
:10C8900080B584B000AF7860FFF710FA7B689A6BC0
:10C8A0007B68DB6B9A4202D10123FB6001E000232D
:10C8B000FB60FFF733FAFB6818461037BD4680BDB2
:10C8C00080B487B000AF78607B683B613B69002B28
:10C8D0000BD14FF0500383F31188BFF36F8FBFF379
:10C8E0004F8FFB6000BF00BFFDE73B699A6B3B6960
:10C8F000DB6B9A4202D101237B6101E000237B6163
:10C900007B6918461C37BD4680BC704780B485B033
:10C9100000AF786039600023FB6014E00E4AFB68CA
:10C9200052F83330002B0BD10B49FB683A6841F8C1
:10C930003320094AFB68DB0013447A685A6006E03A
:10C94000FB680133FB60FB68072BE7D900BF00BF22
:10C950001437BD4680BC7047BCD1002080B586B07E
:10C9600000AFF860B9607A60FB687B61FFF7A6F9F9
:10C970007B6993F844305BB2B3F1FF3F03D17B692D
:10C98000002283F844207B6993F845305BB2B3F111
:10C99000FF3F03D17B69002283F84520FFF7BEF9F2
:10C9A0007B699B6B002B06D17B6924337A68B9685D
:10C9B000184600F01BFD7869FFF702FF00BF18372B
:10C9C000BD4680BD80B58EB004AFF860B9607A60B6
:10C9D0003B607B6B002B0BD14FF0500383F311882E
:10C9E000BFF36F8FBFF34F8F3B6200BF00BFFDE708
:10C9F000BB6B002B0BD14FF0500383F31188BFF3B7
:10CA00006F8FBFF34F8FFB6100BF00BFFDE7A8230F
:10CA10003B613B69A82B0BD04FF0500383F3118887
:10CA2000BFF36F8FBFF34F8FBB6100BF00BFFDE748
:10CA30003B69BB6B002B1ED07B6B002B1BD0BB6BF1
:10CA40007B627B6A7A6B1A637B6A022283F8A52079
:10CA5000002303937B6A029307F1140301933B6B5A
:10CA600000933B687A68B968F86800F051F8786A12
:10CA700000F0F6F801E000237B617B691846283757
:10CA8000BD4680BD80B58CB004AFF860B9603B6036
:10CA90001346FB80FB889B001846FEF793FD7861E8
:10CAA0007B69002B0ED0A820FEF78CFDF861FB6996
:10CAB000002B03D0FB697A691A6305E07869FEF7F9
:10CAC00049FE01E00023FB61FB69002B17D0FB69E5
:10CAD000002283F8A520FA8800230393FB690293C0
:10CAE000FB6A0193BB6A00933B68B968F86800F081
:10CAF0000FF8F86900F0B4F80123BB6102E04FF0D1
:10CB0000FF33BB61BB6918462037BD4680BD0000BE
:10CB100080B588B000AFF860B9607A603B603B6B6D
:10CB2000186B7B689B001A46A52105F00DFF3B6B37
:10CB30001A6B7B6803F18043013B9B001344BB618C
:10CB4000BB6923F00703BB61BB6903F00703002B3C
:10CB50000BD04FF0500383F31188BFF36F8FBFF3F7
:10CB60004F8F7B6100BF00BFFDE7BB68002B1FD06C
:10CB70000023FB6112E0BA68FB69134419783A6B31
:10CB8000FB69134434330A461A70BA68FB691344CC
:10CB90001B78002B06D0FB690133FB61FB690F2B6F
:10CBA000E9D900E000BF3B6B002283F8432003E09B
:10CBB0003B6B002283F83420BB6A372B01D9372323
:10CBC000BB623B6BBA6ADA623B6BBA6ADA643B6B94
:10CBD00000221A653B6B04331846FEF7F0FE3B6BF0
:10CBE00018331846FEF7EBFE3B6B3A6B1A61BB6AD3
:10CBF000C3F138023B6B9A613B6B3A6B5A623B6BF9
:10CC00000022C3F8A0203B6B002283F8A4203B6BDA
:10CC100054334C220021184605F096FE3B6B0D4A1A
:10CC20009A653B6B0C4ADA653B6B0C4A1A663A68AC
:10CC3000F968B869FEF754FF02463B6B1A60FB6A5D
:10CC4000002B02D0FB6A3A6B1A6000BF2037BD464A
:10CC500080BD00BFF4DB00205CDC0020C4DC0020D1
:10CC600080B582B000AF7860FFF728F82D4B1B68C5
:10CC700001332C4A13602C4B1B68002B09D12A4A24
:10CC80007B681360274B1B68012B10D100F040FD1F
:10CC90000DE0264B1B68002B09D1234B1B68DA6A79
:10CCA0007B68DB6A9A4202D81F4A7B681360204B7C
:10CCB0001B6801331E4A13601D4B1A687B685A6457
:10CCC0007B68DA6A1B4B1B689A4203D97B68DB6A74
:10CCD000184A13607B68DA6A13469B0013449B0072
:10CCE000154A1A447B68043319461046FEF773FE52
:10CCF000FFF714F80D4B1B68002B0ED00A4B1B6876
:10CD0000DA6A7B68DB6A9A4207D20C4B4FF080529A
:10CD10001A60BFF34F8FBFF36F8F00BF0837BD4658
:10CD200080BD00BFD0D60020FCD10020DCD6002082
:10CD3000ECD60020D8D6002000D2002004ED00E080
:10CD400080B584B000AF7860FEF7B8FF7B68002B39
:10CD500002D12D4B1B6800E07B68FB60FB6804334D
:10CD60001846FEF793FEFB689B6A002B04D0FB6815
:10CD700018331846FEF78AFE244B1B680133234AFA
:10CD80001360214B1B68FA689A420BD1FB6804338D
:10CD900019461F48FEF71FFE1E4B1B6801331D4A34
:10CDA000136009E01C4B1B68013B1B4A1360F868C9
:10CDB00000F01CFD00F050FDFEF7B0FF174B1B68A4
:10CDC000002B1CD0104B1B68FA689A4217D1144BE9
:10CDD0001B68002B0BD04FF0500383F31188BFF377
:10CDE0006F8FBFF34F8FBB6000BF00BFFDE70D4BE0
:10CDF0004FF080521A60BFF34F8FBFF36F8F00BFA9
:10CE00001037BD4680BD00BFFCD10020ECD600200D
:10CE1000A4D60020B8D60020D0D60020DCD6002032
:10CE2000F8D6002004ED00E080B584B000AF786053
:10CE30000023FB607B68002B18D0144B1B68002B71
:10CE40000BD04FF0500383F31188BFF36F8FBFF304
:10CE50004F8FBB6000BF00BFFDE700F08BF80021E3
:10CE6000786800F0BFFD00F093F8F860FB68002BD5
:10CE700007D1074B4FF080521A60BFF34F8FBFF3BB
:10CE80006F8F00BF1037BD4680BD00BFF8D60020B1
:10CE900004ED00E080B58AB004AF0023BB6000233E
:10CEA0007B603A46391D07F108031846FEF764F91E
:10CEB00039687B68BA6802920193002300930023CB
:10CEC0000A4624492448FFF77DFD0346234A1360A0
:10CED000224B1B68002B02D001237B6101E0002361
:10CEE0007B617B69012B02D100F0D0FD78617B6909
:10CEF000012B1BD14FF0500383F31188BFF36F8FC9
:10CF0000BFF34F8F3B6100BF154B1B685433154A6D
:10CF10001360154B4FF0FF321A60144B01221A6058
:10CF2000134B00221A60FEF757FE0FE07B69B3F146
:10CF3000FF3F0BD14FF0500383F31188BFF36F8F86
:10CF4000BFF34F8FFB6000BF00BFFDE700BF183786
:10CF5000BD4680BDEC440108E1D60008F4D60020AF
:10CF6000FCD10020D8000020F0D60020DCD6002024
:10CF7000D4D6002080B400AF044B1B680133034AB1
:10CF8000136000BFBD4680BC704700BFF8D60020CC
:10CF900080B584B000AF0023FB600023BB60424B30
:10CFA0001B68002B0BD14FF0500383F31188BFF3A4
:10CFB0006F8FBFF34F8F3B6000BF00BFFDE7FEF7F1
:10CFC0007DFE394B1B68013B374A1360364B1B68AB
:10CFD000002B62D1354B1B68002B5ED02FE0344B09
:10CFE000DB68DB68FB60FB6818331846FEF74EFD14
:10CFF000FB6804331846FEF749FDFB68DA6A2D4BDF
:10D000001B689A4203D9FB68DB6A2A4A1360FB68F3
:10D01000DA6A13469B0013449B00274A1A44FB68B4
:10D02000043319461046FEF7D6FCFB68DA6A234B38
:10D030001B68DB6A9A4202D3214B01221A601C4B07
:10D040001B68002BCBD1FB68002B01D000F004FC47
:10D050001C4B1B687B607B68002B10D000F044F8F1
:10D060000346002B02D0164B01221A607B68013B5D
:10D070007B607B68002BF1D1124B00221A60104BB1
:10D080001B68002B09D00123BB600F4B4FF080526F
:10D090001A60BFF34F8FBFF36F8FFEF73FFEBB6881
:10D0A00018461037BD4680BDF8D60020D0D60020E7
:10D0B00090D60020D8D6002000D20020FCD100203D
:10D0C000E4D60020E0D6002004ED00E080B483B078
:10D0D00000AF044B1B687B607B6818460C37BD466D
:10D0E00080BC7047D4D6002080B586B000AF002346
:10D0F0007B614F4B1B68002B40F08A804D4B1B68B7
:10D1000001333B614B4A3B6913603B69002B21D1E2
:10D11000494B1B681B68002B0BD04FF0500383F367
:10D120001188BFF36F8FBFF34F8F3B6000BF00BF0D
:10D13000FDE7414B1B68FB60404B1B683E4A136098
:10D140003E4AFB6813603E4B1B6801333C4A136048
:10D1500000F082FB3B4B1B683A699A4249D3364B3D
:10D160001B681B68002B04D1364B4FF0FF321A604E
:10D170003FE0314B1B68DB68DB68BB60BB685B680A
:10D180007B603A697B689A4203D22E4A7B681360BF
:10D190002FE0BB6804331846FEF778FCBB689B6A37
:10D1A000002B04D0BB6818331846FEF76FFCBB6831
:10D1B000DA6A254B1B689A4203D9BB68DB6A224AAC
:10D1C0001360BB68DA6A13469B0013449B001F4A36
:10D1D0001A44BB68043319461046FEF7FCFBBB68D3
:10D1E000DA6A1B4B1B68DB6A9A42B8D301237B6166
:10D1F000B5E7174B1B68DA6A144913469B001344C2
:10D200009B000B441B68012B07D901237B6104E0C1
:10D21000104B1B6801330F4A13600F4B1B68002B28
:10D2200001D001237B617B6918461837BD4680BD5C
:10D23000F8D60020D4D6002088D600208CD6002036
:10D24000E8D60020F0D60020D8D6002000D200205A
:10D25000FCD10020E0D60020E4D6002080B485B0C8
:10D2600000AF2A4B1B68002B03D0294B01221A6008
:10D2700047E0274B00221A60264B1B68FB6011E039
:10D28000FB68002B0BD14FF0500383F31188BFF3E1
:10D290006F8FBFF34F8F7B6000BF00BFFDE7FB6860
:10D2A000013BFB601C49FA6813469B0013449B003A
:10D2B0000B441B68002BE3D0FA6813469B00134411
:10D2C0009B00154A1344BB60BB685B685A68BB6827
:10D2D0005A60BB685A68BB6808339A4204D1BB687D
:10D2E0005B685A68BB685A60BB685B68DB680B4A5E
:10D2F0001360084AFB681360084B1B685433084AE4
:10D30000136000BF1437BD4680BC7047F8D60020BC
:10D31000E4D60020D8D6002000D20020FCD1002086
:10D32000D800002080B584B000AF786039607B6899
:10D33000002B0BD14FF0500383F31188BFF36F8F95
:10D34000BFF34F8FFB6000BF00BFFDE7074B1B68BB
:10D35000183319467868FEF761FB0121386800F040
:10D3600041FB00BF1037BD4680BD00BFFCD100208F
:10D3700080B586B000AFF860B9607A60FB68002BBA
:10D380000BD14FF0500383F31188BFF36F8FBFF3BE
:10D390004F8F7B6100BF00BFFDE7124B1B68002B66
:10D3A0000BD14FF0500383F31188BFF36F8FBFF39E
:10D3B0004F8F3B6100BF00BFFDE70B4B1B68BA6896
:10D3C00042F000429A61084B1B6818331946F8680E
:10D3D000FEF701FB0121786800F004FB00BF18375D
:10D3E000BD4680BDF8D60020FCD1002080B586B0B7
:10D3F00000AFF860B9607A60FB68002B0BD14FF08A
:10D40000500383F31188BFF36F8FBFF34F8F7B619E
:10D4100000BF00BFFDE70A4B1B6818331946F868C8
:10D42000FEF7D9FA7B68002B02D04FF0FF33BB60C8
:10D430007968B86800F0D6FA00BF1837BD4680BDDD
:10D44000FCD1002080B586B000AF78607B68DB68D7
:10D45000DB683B613B69002B0BD14FF0500383F33A
:10D460001188BFF36F8FBFF34F8FFB6000BF00BF0A
:10D47000FDE73B6918331846FEF708FB1D4B1B6898
:10D48000002B1DD13B6904331846FEF7FFFA3B69B8
:10D49000DA6A194B1B689A4203D93B69DB6A164A60
:10D4A00013603B69DA6A13469B0013449B00134ADE
:10D4B0001A443B69043319461046FEF78CFA05E01E
:10D4C0003B69183319460E48FEF785FA3B69DA6A5C
:10D4D0000C4B1B68DB6A9A4205D901237B610A4B1E
:10D4E00001221A6001E000237B617B69184618372E
:10D4F000BD4680BDF8D60020D8D6002000D200203E
:10D5000090D60020FCD10020E4D6002080B586B063
:10D5100000AF786039602A4B1B68002B0BD14FF0AD
:10D52000500383F31188BFF36F8FBFF34F8F3B61BD
:10D5300000BF00BFFDE73B6843F000427B681A6014
:10D540007B68DB687B617B69002B0BD14FF050035C
:10D5500083F31188BFF36F8FBFF34F8FFB6000BF62
:10D5600000BFFDE77868FEF791FA7B69043318463F
:10D57000FEF78CFA7B69DA6A124B1B689A4203D970
:10D580007B69DB6A0F4A13607B69DA6A13469B008A
:10D5900013449B000C4A1A447B6904331946104615
:10D5A000FEF719FA7B69DA6A084B1B68DB6A9A4254
:10D5B00002D9074B01221A6000BF1837BD4680BD53
:10D5C000F8D60020D8D6002000D20020FCD10020C0
:10D5D000E4D6002080B483B000AF7860064B1A68B0
:10D5E0007B681A60054B1A687B685A6000BF0C376D
:10D5F000BD4680BC704700BFE8D60020D4D60020CE
:10D6000080B588B000AF786039607B68002B0BD1A3
:10D610004FF0500383F31188BFF36F8FBFF34F8F29
:10D620003B6100BF00BFFDE73B68002B0BD14FF013
:10D63000500383F31188BFF36F8FBFF34F8FFB60ED
:10D6400000BF00BFFDE7FEF739FB1D4B1B68BB6148
:10D650007B685B68BA69D31A7B613B681B68B3F16E
:10D66000FF3F02D10023FB6123E07B681A68154B62
:10D670001B689A4207D07B685B68BA699A4202D3FA
:10D680000123FB6115E03B681B687A699A420BD263
:10D690003B681A687B69D21A3B681A607868FFF7A2
:10D6A00099FF0023FB6104E03B6800221A6001231C
:10D6B000FB61FEF733FBFB6918462037BD4680BD92
:10D6C000D4D60020E8D6002080B400AF034B01225E
:10D6D0001A6000BFBD4680BC704700BFE4D6002082
:10D6E00080B582B000AF786000F052F8064B1B683E
:10D6F000012BF9D9054B4FF080521A60BFF34F8FC1
:10D70000BFF36F8FF0E700BF00D2002004ED00E010
:10D7100080B582B000AF00237B600CE07A681346CE
:10D720009B0013449B00124A13441846FEF728F945
:10D730007B6801337B607B68372BEFD90D48FEF7A0
:10D740001FF90D48FEF71CF90C48FEF719F90C48B3
:10D75000FEF716F90B48FEF713F90B4B054A1A6052
:10D760000A4B054A1A6000BF0837BD4680BD00BF9E
:10D7700000D2002060D6002074D6002090D6002071
:10D78000A4D60020BCD6002088D600208CD600204D
:10D7900080B582B000AF19E0FEF790FA104BDB685D
:10D7A000DB687B607B6804331846FEF76FF90D4B2E
:10D7B0001B68013B0B4A13600B4B1B68013B0A4A79
:10D7C0001360FEF7ABFA786800F010F8064B1B68A0
:10D7D000002BE1D100BF00BF0837BD4680BD00BFB0
:10D7E000A4D60020D0D60020B8D6002080B584B0C2
:10D7F00000AF78607B685433184605F001F97B6808
:10D8000093F8A530002B08D17B681B6B1846FDF7F9
:10D81000A1FF7868FDF79EFF19E07B6893F8A530BB
:10D82000012B03D17868FDF795FF10E07B6893F832
:10D83000A530022B0BD04FF0500383F31188BFF3B8
:10D840006F8FBFF34F8FFB6000BF00BFFDE700BFCE
:10D850001037BD4680BD000080B483B000AF0C4BD4
:10D860001B681B68002B04D10A4B4FF0FF321A6073
:10D8700008E0074B1B68DB68DB687B607B685B68E4
:10D88000044A136000BF0C37BD4680BC704700BF20
:10D8900088D60020F0D6002080B483B000AF0B4BB8
:10D8A0001B68002B02D101237B6008E0084B1B683A
:10D8B000002B02D102237B6001E000237B607B68A8
:10D8C00018460C37BD4680BC704700BFDCD6002030
:10D8D000F8D6002080B586B000AF78607B683B61E9
:10D8E00000237B617B68002B58D02F4B1B683A6963
:10D8F0009A420BD04FF0500383F31188BFF36F8F20
:10D90000BFF34F8FFB6000BF00BFFDE73B691B6D9E
:10D91000002B0BD14FF0500383F31188BFF36F8FAF
:10D92000BFF34F8FBB6000BF00BFFDE73B691B6DBE
:10D930005A1E3B691A653B69DA6A3B69DB6C9A429D
:10D940002CD03B691B6D002B28D13B690433184652
:10D95000FEF79CF83B69DA6C3B69DA623B69DB6A8B
:10D96000C3F138023B699A613B69DA6A0F4B1B6865
:10D970009A4203D93B69DB6A0C4A13603B69DA6A55
:10D9800013469B0013449B00094A1A443B69043325
:10D9900019461046FEF71FF801237B617B69184684
:10D9A0001837BD4680BD00BFFCD10020D8D600206E
:10D9B00000D2002080B483B000AF094B1B689B6984
:10D9C0007B60074B1B68DA6A054B1B68C2F13802A3
:10D9D0009A617B6818460C37BD4680BC704700BF13
:10D9E000FCD1002080B584B000AF78603960214B55
:10D9F0001B68FB60204B1B6804331846FEF746F893
:10DA00007B68B3F1FF3F0AD13B68002B07D01A4B6C
:10DA10001B68043319461948FDF7DDFF26E0FA6854
:10DA20007B681344BB60144B1B68BA685A60BA68C1
:10DA3000FB689A4209D2124B1A680F4B1B680433D9
:10DA400019461046FDF7EAFF10E00E4B1A680A4B24
:10DA50001B68043319461046FDF7E0FF0A4B1B68AC
:10DA6000BA689A4202D2084ABB68136000BF1037F6
:10DA7000BD4680BDD4D60020FCD10020BCD60020FD
:10DA80008CD6002088D60020F0D6002080B58AB041
:10DA900004AF00237B6100F06FFB1D4B1B68002B64
:10DAA00021D00023FB600023BB603A1D07F1080171
:10DAB00007F10C031846FDF777FB7968BB68FA6835
:10DAC000029201930223009300230A46114912484F
:10DAD000FEF778FF0346114A1360104B1B68002BBA
:10DAE00001D001237B617B69002B0BD14FF05003E8
:10DAF00083F31188BFF36F8FBFF34F8F3B6100BF7C
:10DB000000BFFDE77B6918461837BD4680BD00BFE2
:10DB10002CD70020F444010815DD000830D7002080
:10DB200080B588B002AFF860B9607A603B602C20A5
:10DB3000FDF748FD78617B69002B0DD07B690022E1
:10DB400083F828207B6901933B6A00933B687A68DD
:10DB5000B968F86800F005F87B6918461837BD46C3
:10DB600080BD80B586B000AFF860B9607A603B6078
:10DB7000BB68002B0BD14FF0500383F31188BFF328
:10DB80006F8FBFF34F8F7B6100BF00BFFDE77B6AE4
:10DB9000002B1ED000F0F0FA7B6AFA681A607B6AEC
:10DBA000BA689A617B6A3A68DA617B6A3A6A1A6291
:10DBB0007B6A04331846FDF702FF7B68002B08D010
:10DBC0007B6A93F8283043F00403DAB27B6A83F867
:10DBD000282000BF1837BD4680BD000080B58AB040
:10DBE00000AFF860B9607A603B6000237B62FB683D
:10DBF000002B0BD14FF0500383F31188BFF36F8FCD
:10DC0000BFF34F8F3B6200BF00BFFDE7194B1B689E
:10DC1000002B2AD0BB683B617B687B61FB68BB61E2
:10DC2000BB68052B18DCFFF737FE0346022B09D132
:10DC3000104B186807F1100100233A6BFEF78CFABD
:10DC4000786212E00B4B186807F1100100230022E4
:10DC5000FEF782FA786208E0064B186807F11001B7
:10DC600000233A68FEF77AFB78627B6A1846283709
:10DC7000BD4680BD2CD7002080B588B002AF78604B
:10DC80003960234B1B68DB68DB687B617B6904338D
:10DC90001846FDF7FBFE7B6993F8283003F0040378
:10DCA000002B23D07B699A697B68D1187B683A681E
:10DCB000786900F0D3F80346002B20D000230093AE
:10DCC00000237A6800217869FFF788FF38613B6993
:10DCD000002B14D14FF0500383F31188BFF36F8FE3
:10DCE000BFF34F8FFB6000BF00BFFDE77B6993F878
:10DCF000283023F00103DAB27B6983F828207B699E
:10DD00001B6A7869984700BF1837BD4680BD00BFC1
:10DD100024D7002080B584B000AF786007F10803F5
:10DD2000184600F059F8F860BB681946F86800F02A
:10DD300005F800F0D5F800BFF0E7000080B584B02A
:10DD400000AF78603960FFF715F907F1080318464E
:10DD500000F064F8F860BB68002B30D13B68002B02
:10DD60000AD17A68FB689A4206D8FFF711F9F96878
:10DD70007868FFF781FF24E03B68002B08D0134B45
:10DD80001B681B68002B01D1012300E000233B60CE
:10DD90000F4B18687A68FB68D31A3A681946FEF781
:10DDA000DDFDFFF7F5F80346002B0AD1094B4FF0D4
:10DDB00080521A60BFF34F8FBFF36F8F01E0FFF700
:10DDC000E7F800BF1037BD4680BD00BF28D7002050
:10DDD0002CD7002004ED00E080B485B000AF78605F
:10DDE0000D4B1B681B68002B01D1012200E00022B3
:10DDF0007B681A607B681B68002B05D1064B1B688B
:10DE0000DB681B68FB6001E00023FB60FB681846D1
:10DE10001437BD4680BC704724D7002080B584B03D
:10DE200000AF7860FFF752F9F8600B4B1B68FA6897
:10DE30009A4205D200F03AF97B6801221A6002E0AA
:10DE40007B6800221A60044AFB681360FB6818466E
:10DE50001037BD4680BD00BF34D7002080B586B0E6
:10DE600000AFF860B9607A603B6000237B61FB68BB
:10DE7000BA685A60FB68FA681A61BA687B689A42A5
:10DE800012D87A683B68D21AFB689B699A4202D31F
:10DE900001237B611BE0104B1A68FB6804331946B1
:10DEA0001046FDF7BBFD12E07A683B689A4206D245
:10DEB000BA683B689A4202D301237B6107E0074BB3
:10DEC0001A68FB68043319461046FDF7A7FD7B6905
:10DED00018461837BD4680BD28D7002024D700201B
:10DEE00080B58EB002AFCEE07B68002B19DA3B1D07
:10DEF0000433FB62FB6A002B0BD14FF0500383F31A
:10DF00001188BFF36F8FBFF34F8FFB6100BF00BF5E
:10DF1000FDE7FB6A1B68FA6A5068FA6A9268114664
:10DF200098477B68002BC0F2AE80FB68BB62BB6A7F
:10DF30005B69002B04D0BB6A04331846FDF7A6FDCD
:10DF40003B461846FFF76AFF78627B68092B00F2B0
:10DF5000978001A252F823F081DF000881DF0008DA
:10DF600081DF0008F7DF00080BE0000857E0000839
:10DF700081DF000881DF0008F7DF00080BE0000800
:10DF8000BB6A93F8283043F00103DAB2BB6A83F826
:10DF90002820BA68BB6A9B69D118BB687A6AB86ADC
:10DFA000FFF75CFF0346002B6CD0BB6A1B6AB86AA4
:10DFB0009847BB6A93F8283003F00403002B61D024
:10DFC000BA68BB6A9B691A440023009300230021AE
:10DFD000B86AFFF703FE38623B6A002B52D14FF05C
:10DFE000500383F31188BFF36F8FBFF34F8FBB6173
:10DFF00000BF00BFFDE7BB6A93F8283023F00103A0
:10E00000DAB2BB6A83F828203DE0BB6A93F8283077
:10E0100043F00103DAB2BB6A83F82820BA68BB6A0E
:10E020009A61BB6A9B69002B0BD14FF0500383F3BD
:10E030001188BFF36F8FBFF34F8F7B6100BF00BFAD
:10E04000FDE7BB6A9A697B6AD1187B6A7A6AB86A0B
:10E05000FFF704FF17E0BB6A93F8283003F00203D0
:10E06000002B03D1B86AFDF775FB0CE0BB6A93F88F
:10E07000283023F00103DAB2BB6A83F8282002E0DB
:10E0800000BF00E000BF084B1B68391D0022184686
:10E09000FEF700FA0346002B7FF426AF00BF00BF57
:10E0A0003037BD4680BD00BF2CD7002080B588B07A
:10E0B00002AF49E02E4B1B68DB681B683B612C4BB1
:10E0C0001B68DB68DB68FB60FB6804331846FDF700
:10E0D000DDFCFB681B6AF8689847FB6893F82830FA
:10E0E00003F00403002B2FD0FB689B693A691344AB
:10E0F000BB60BA683B699A420ED9FB68BA685A603D
:10E10000FB68FA681A611A4B1A68FB6804331946EF
:10E110001046FDF783FC17E00023009300233A69C3
:10E120000021F868FFF75AFD78607B68002B0BD15F
:10E130004FF0500383F31188BFF36F8FBFF34F8FFE
:10E140003B6000BF00BFFDE7094B1B681B68002B4D
:10E15000B0D1074B1B687B61064B1B68044A1360F8
:10E16000044A7B69136000BF1837BD4680BD00BFFD
:10E1700024D7002028D7002080B582B002AFFDF759
:10E180009DFD154B1B68002B20D11448FDF7F8FBB3
:10E190001348FDF7F5FB134B104A1A60124B104A57
:10E1A0001A6000230093114B114A10210A20FDF739
:10E1B000F1FE0346084A1360074B1B68002B05D08D
:10E1C000054B1B680B491846FEF7A0FBFDF7A6FDA3
:10E1D00000BFBD4680BD00BF2CD70020FCD600206C
:10E1E00010D7002024D7002028D70020D8D700201F
:10E1F00038D70020FC44010880B586B000AF7860B5
:10E200007B683B617B68002B0BD14FF0500383F39D
:10E210001188BFF36F8FBFF34F8FFB6000BF00BF4C
:10E22000FDE7FDF74BFD3B6993F8283003F0010350
:10E23000002B02D100237B6101E001237B61FDF70C
:10E240006DFD7B6918461837BD4680BD80B58AB024
:10E2500000AFF860B9607A603B606FF001037B61EA
:10E26000FB68BB61BB68FB617B683B62064B18685F
:10E2700007F1140100233A68FEF770F878627B6AB0
:10E2800018462837BD4680BD2CD7002080B584B005
:10E2900002AF7860244A7B681360244B00225A70D6
:10E2A000224B00225A60214B00229A601F4B002211
:10E2B0009A651F4801F08CFF1C4B00225A731B4BC0
:10E2C00000221A7302F022FA0021002002F0EEFD73
:10E2D00004220021012002F0B1FB002300224FF6AE
:10E2E000FF714FF6FF7002F0E1FA00F091FE00239B
:10E2F0000093104B00224FF0FF310F4803F0C4FB96
:10E30000002300930D4B00224FF0FF310C4803F027
:10E31000BBFB094803F05CFC094803F059FC00BF53
:10E320000837BD4680BD00BF28D900202CD9002069
:10E3300005F400088DF3000888D90020A1F3000837
:10E34000A0D9002080B500AF01F08AFF0346072B5B
:10E350000AD0072B0ADC042B02D0052B02D005E0E3
:10E36000022304E0012302E0032300E00023184617
:10E3700080BD000080B582B000AF0346FB712A4A21
:10E38000FB791370FB79184603F063F9FB79052BD1
:10E390000ED801A252F823F0BFE30008CDE3000835
:10E3A000B1E30008F3E3000801E400080FE400080B
:10E3B000032002F01DFB1C4B00225A732FE00020AB
:10E3C00002F016FB184B00225A7328E0012002F0DD
:10E3D0000FFB154B5A7B144B1B7B9A421ED0124BE2
:10E3E0001A7B114B5A73104B5B7B184600F098FF59
:10E3F00014E0022002F0FCFA0B4B00225A730EE0EC
:10E40000022002F0F5FA084B00225A7307E00020C0
:10E4100002F0EEFA044B00225A7300E000BF00BF86
:10E420000837BD4680BD00BF2CD9002080B582B022
:10E4300000AF7860786802F095FA00BF0837BD46F3
:10E4400080BD80B590B00AAFF860B9603B601346FC
:10E45000FB800123FB750023BB8200233B6100F09E
:10E46000EAFD0020FFF786FFF868FFF7DFFF0123D2
:10E4700009930023089300230793002306930023A6
:10E4800005930023049300230393002302930323A3
:10E490000193BB68009300234FF41672B968002003
:10E4A00000F03CF8002000F0CDFD00F067FF0346CF
:10E4B0001846F2F79FFB03F0A5FC38610DE0002041
:10E4C00000F0AEFE0346BB82B7F91420B7F9063060
:10E4D0009A4202DD0023FB7506E0386903F0A4FCD4
:10E4E00002463B689342EAD800F0A5FDFB7D184642
:10E4F0001837BD4680BD80B582B000AF00237B6079
:10E50000002300220021002002F0D0F901F079FF61
:10E5100078607B6818460837BD4680BD80B58AB0F4
:10E5200000AFB9607A601A460346FB731346BB73AB
:10E53000B94A97F85430537003F049F897F85430BB
:10E54000002B01D000233B8797F83C30002B04D0F0
:10E55000B24A97F84030137002E0B04BFF221A70B5
:10E56000FB7B052B09D0052B00F3D781002B00F096
:10E57000BF80012B00F02481CFE1012002F088F858
:10E58000A54B002283F83820A34A7B68D363A24BB3
:10E59000092283F84420A04B4FF448721A64B868EB
:10E5A00002F048FF03461A469B4B83F845209A4BDE
:10E5B00000229A73BB8EDB009AB2974B1A82964B5D
:10E5C00000229A74944B1022DA74934B00221A752D
:10E5D000914B00225A75914B1A788F4B9A758E4B3E
:10E5E0000122DA758C4B00221A760520FFF7C2FE55
:10E5F0008B4802F0F1FA8B4802F0BCFB8A4A07F123
:10E600001C0392E8030083E8030007F11C0318468B
:10E6100001F075FE40F2FF1001F0C0FE40F6B800B8
:10E6200000F01CFE034687F8273097F8273023F0C8
:10E63000100387F8273097F82730194640F6B800BE
:10E6400000F0FAFD042140F6B90000F0F5FD40F6B7
:10E650009B0000F003FE034687F8273097F8273029
:10E6600023F01C0387F8273097F8273043F008037E
:10E67000DBB2194640F69B0000F0DEFD40F2D160AF
:10E6800000F0ECFD034687F8273097F8273023F099
:10E69000180387F8273097F8273043F01803DBB2C8
:10E6A000194640F2D16000F0C7FD40F2AC6000F0C6
:10E6B000D5FD034687F8273097F8273023F07003FD
:10E6C00087F8273097F8273043F05003DBB219461C
:10E6D00040F2AC6000F0B0FD3B8F4FF4FA5202FB09
:10E6E00003F31A467B68B2FBF3F34B4A936015E1E0
:10E6F000002001F0CDFF484B002283F83820464A25
:10E700007B68D363444B0B2283F84420B86802F043
:10E7100091FE03461A46404B83F845203E4B0022AB
:10E720009A73BB8EDB009AB23B4B1A823A4B04229F
:10E730009A74394B1822DA74374B00221A7597F8FD
:10E740003C3083F00103DBB21A46334B5A75334B2E
:10E750001A78314B9A7597F84430002B03D02E4B22
:10E76000F222DA7502E02C4B0122DA752A4B0122E3
:10E770001A7600F060FC0020FFF7FCFD284802F04C
:10E780002BFA284802F0F6FA284A07F1140392E817
:10E79000030083E8030007F11403184601F0AFFDFE
:10E7A00040F2FF1001F0FAFD3B8F4FF4FA5202FBEA
:10E7B00003F31A467B68B2FBF3F3174A9360ADE0AC
:10E7C000002001F065FF144B012283F838207B689C
:10E7D000DAB2114B83F85020154ABB6813441A78FB
:10E7E0000D4B83F851200C4ABB7B82F85230BB683A
:10E7F000002B05D17B680B2B08D07B680C2B05D038
:10E80000BB68012B16D17B680C2B13D1024B012264
:10E8100083F8532012E000BF2CD90020C000002054
:10E8200064D900203AD90020044501080C450108AC
:10E83000584B01083B4B002283F85320394B0122EF
:10E840009A73384B93F85030052B04D0354B93F81E
:10E850005030062B0AD1BB8E0B2B03D8314B0C2228
:10E860009A8306E02F4ABB8E938302E02D4ABB8E2B
:10E87000938397F83C202B4B9A772B4B1A78294B94
:10E88000DA7797F84420274B83F8202097F8502018
:10E89000244B83F8212000F0CEFB0120FFF76AFD16
:10E8A000224802F099F9224802F064FA3B8FDBB269
:10E8B000184601F0FCFE40F6A30002F0B5FB03464B
:10E8C00003F00103DBB2194640F6A30002F098FB07
:10E8D000144B93F82130012B0DD140F2367002F029
:10E8E000A3FB034623F00403DBB2194640F2367063
:10E8F00002F086FB0CE040F2367002F095FB034616
:10E9000043F00403DBB2194640F2367002F078FBA4
:10E91000044B4FF6FF729A6000E000BF00BF28373B
:10E92000BD4680BD2CD90020C000002064D9002045
:10E930003AD9002080B586B000AFBA607B6003464C
:10E94000FB730B46BB7302F042FEFB7B042B00F013
:10E95000C780042B00F3D680002B02D0012B59D0A6
:10E96000D0E0774B002283F83820754A3B6AD363A6
:10E97000734B0B2283F84420786802F05BFD03465A
:10E980001A466F4B83F845206D4ABB6813646C4B85
:10E9900000229A733B8DDB009AB2694B1A82684B56
:10E9A00004229A74664B1822DA74654B00221A7599
:10E9B00097F82C3083F00103DBB21A46604B5A758E
:10E9C00097F83030002B03D05D4BF222DA7502E06D
:10E9D0005B4B0122DA755A4B01221A7600F02BFBB1
:10E9E0000020FFF7C7FC574802F0F6F8564802F03F
:10E9F000C1F9564A07F1100392E8030083E80300C7
:10EA000007F11003184601F07AFC40F2FF1001F004
:10EA1000C5FC78E04A4B012283F838203B6ADAB221
:10EA2000474B83F850204A4A7B6813441A78444B7A
:10EA300083F85120424A97F8243082F852307B689C
:10EA4000002B05D13B6A0B2B08D03B6A0C2B05D061
:10EA50007B68012B07D13B6A0C2B04D1384B012278
:10EA600083F8532003E0364B002283F85320344BC5
:10EA700001229A73324B93F85030052B04D0304B5F
:10EA800093F85030062B0AD13B8D0B2B03D82C4B1F
:10EA90000C229A8306E02A4A3B8D938302E0284A9F
:10EAA0003B8D938397F82C20254B9A77294B1A7826
:10EAB000234BDA7797F83020214B83F8202097F802
:10EAC0003C201F4B83F8212000F0B5FA0120FFF70E
:10EAD00051FC1C4802F080F81B4802F04BF912E090
:10EAE0000420FFF747FC164B022283F83820144A13
:10EAF0003B6A9364124B162283F84C20114802F0B3
:10EB00006BF800E000BF97F90E30184602F094FB56
:10EB100003461A460A4B83F856200E2140F61F1072
:10EB200002F06EFA064B93F85630184602F063FD79
:10EB3000034A3B6C536000BF1837BD4680BD00BF21
:10EB40002CD9002064D900203AD900200C450108B6
:10EB5000584B0108C000002080B483B000AF78603B
:10EB6000012318460C37BD4680BC704780B485B081
:10EB700000AF0346FB710023FB60FB790A2B3ED8F4
:10EB800001A252F823F000BFB5EB0008C5EB000866
:10EB9000D5EB0008E5EB0008EDEB0008F3EB00080F
:10EBA000F9EB0008FFEB0008BDEB0008CDEB000817
:10EBB000DDEB000841F68463FB6020E042F6B10320
:10EBC000FB601CE043F60953FB6018E045F261135B
:10EBD000FB6014E047F61223FB6010E04AF2C32307
:10EBE000FB600CE04FF22443FB6008E0074BFB6046
:10EBF00005E0074BFB6002E0064BFB6000BFFB68D3
:10EC000018461437BD4680BC704700BF48E8010075
:10EC100090D0030020A1070080B483B000AF7860DB
:10EC2000084611461A460346FB700B463B801346C6
:10EC3000BB703B88DB00BA7882F00102D2B2002AB6
:10EC400001D0082200E00022134403F118023B7CAB
:10EC5000397D002901D0022100E000210B44DB00B6
:10EC6000134418460C37BD4680BC704780B48BB047
:10EC700000AFF860B96011461A460B46FB711346A7
:10EC8000BB80FB7904337B61002387F82730BB68A6
:10EC9000052B02D0BB68062B04D1BB880B2B01D8F7
:10ECA0000C23BB80FB68002B05D1BB680B2B08D065
:10ECB000BB680C2B05D0FB68012B05D1BB680C2B66
:10ECC00002D1012387F8273097F83430DB0097F81A
:10ECD0003820002A01D0102200E0002213441A46F6
:10ECE000BB689B00D31A97F83020002A01D000227D
:10ECF00000E014221344FB61BB68062B03D8BB68F9
:10ED00009B003B620EE0FB690833FB6197F82730FC
:10ED1000002B04D0BB68023B9B003B6202E0BB6857
:10ED20009B003B62FB69002B01DA0023FB61FA695F
:10ED30003B6A13445A1E3B6A92FBF3F37A6903FB66
:10ED400002F2BB8813440C33BB61BB68062B02D8AC
:10ED5000BB690233BB61BB699B005A1CBB68023BA9
:10ED600002FA03F318462C37BD4680BC70470000FA
:10ED700080B58AB004AFB9607A601A460346FB7367
:10ED80001346BB7300237B6101233B61FB7B002B9C
:10ED900002D0012B17D035E097F824003A8CB97BCC
:10EDA00097F82C30019397F8283000930346786841
:10EDB000FFF732FF03464FF47A7202FB03F37B61E5
:10EDC0007B683B611EE0398CBA7B97F82C3002934C
:10EDD00097F82830019397F8243000930B46796810
:10EDE000B868FFF743FF03464FF47A7202FB03F360
:10EDF0007B610A4ABB6813441B781846FFF7B6FECE
:10EE0000386100BF7A693B6913445A1E3B69B2FB03
:10EE1000F3F318461837BD4680BD00BF584B0108B4
:10EE200080B584B000AF78600B46FB7000230022F1
:10EE300040F2012140F2012001F038FD704B93F8BF
:10EE400056300121184602F0CFF96D4B1B78012B8B
:10EE500012D16B4B93F85130062B0DD140F689003F
:10EE600002F0E2F8034623F00403DBB2194640F651
:10EE7000890002F0C5F80CE040F6890002F0D4F8F1
:10EE8000034643F00403DBB2194640F6890002F062
:10EE9000B7F85B4B1B78042B00F2A28001A252F85A
:10EEA00023F000BFD3EE0008B9EE0008D3EE00084F
:10EEB00029EF000849EF0008514AFB78D377514801
:10EEC00001F058FFFB7800221946786801F004FA37
:10EED00087E002F082FB0346012B18D107F10D02F7
:10EEE000FB781946786802F090FB0346002B0CD1A2
:10EEF0007A7B434B9A75434801F03CFF7B7B0022B1
:10EF00001946786801F0E8F96BE0032373E03C4AA6
:10EF1000FB7893753B4801F02DFFFB7800221946E2
:10EF2000786801F0D9F95CE0354B02229A73344AD3
:10EF3000FB789376334801F01DFFFB7800221946D9
:10EF4000786801F0C9F94CE0FB781A4679682E48D8
:10EF500000F096FC2A4B02229A73FB780133DAB256
:10EF6000274B9A76274801F005FF0021F12000F099
:10EF700063F90021F02000F05FF9214B9B6C642BBA
:10EF800008D17021F32000F057F91D21F22000F084
:10EF900053F907E0E121F32000F04EF90421F220BB
:10EFA00000F04AF9FB789BB2DB009BB20233FB8195
:10EFB000FB891B0A9BB2DBB21946F42000F03CF936
:10EFC000FB89DBB21946F52000F036F9FB780133F6
:10EFD000DBB26FF07F4219460B4801F07DF900E08B
:10EFE00000BF074B5B681946084802F061FE0748FE
:10EFF00002F080FD002318461037BD4680BD00BFDB
:10F000002CD900203AD9002028D8002088D9002007
:10F0100080B582B000AF00233B713B7943F004031D
:10F020003B71387901F034FA0220F1F7E3FD00BFBB
:10F030000837BD4680BD80B500AF002001F05CFA06
:10F0400000BF80BD80B582B000AF786002F0C5FA25
:10F050000346012B02D102F0E8FA07E00023002268
:10F0600040F2622140F2622001F020FC7B68002B1C
:10F0700006D07968114802F01BFE104802F03AFDF4
:10F080000F4B00229A650E4B93F85630002118461C
:10F0900002F0AAF80A4B5B78002B04D06FF07F4097
:10F0A00001F066FA05E0064B9B689B01184601F0EB
:10F0B0005FFA00BF0837BD4680BD00BFA0D9002061
:10F0C0002CD9002080B582B000AF786002F085FABC
:10F0D0000346012B02D102F0A8FA07E00023002228
:10F0E00040F2622140F2622001F0E0FB7B68002BDD
:10F0F00006D07968114802F0DBFD104802F0FAFCF6
:10F100000F4B00229A650E4B93F85630002118469B
:10F1100002F06AF80A4B5B78002B04D06FF07F4056
:10F1200001F046FA05E0064B9B689B01184601F08A
:10F130003FFA00BF0837BD4680BD00BFA0D9002000
:10F140002CD9002080B582B000AF786039607B6830
:10F150005A003B6813440C4A9365002300224FF683
:10F16000FF714FF6FF7001F0A1FB074B93F856308B
:10F170000021184602F038F83968786801F03CFA46
:10F1800000BF0837BD4680BD2CD9002080B500AF38
:10F19000094B93F856300021184602F025F8002359
:10F1A00000224FF4C0714FF4C07001F07FFB01F0FA
:10F1B0004FFA00BF80BD00BF2CD9002080B584B0BD
:10F1C00000AF78600B46FB7013463B803B884FF4E2
:10F1D0007A7202FB03F3FB60786801F0C3FB97F9D6
:10F1E0000330184602F028F80346FB720E2140F661
:10F1F0001F1001F005FFFB7A0121184601F0F4FF12
:10F2000001F034FAF968054802F052FD034802F0B3
:10F2100071FC00BF1037BD4680BD00BF88D90020FB
:10F2200080B582B000AF0346FB7101F056FE034685
:10F2300018460837BD4680BD80B582B000AF034692
:10F240000A46FB8013467B717A79FB881146184683
:10F2500001F0D6FE00BF0837BD4680BD80B582B044
:10F2600000AF0346FB80FB88184601F0DDFE034635
:10F2700018460837BD4680BD80B582B000AF034652
:10F280003960FB8013467B717B799AB2FB883968C1
:10F29000184601F0DDFE00BF0837BD4680BD80B5D1
:10F2A00082B000AF03463960FB8013467B717B79E7
:10F2B0009AB2FB883968184601F0ECFE00BF0837A7
:10F2C000BD4680BD80B582B000AF03460A46FB71E3
:10F2D0001346BB71FB79012B0AD10E4ABB7913701F
:10F2E0000C4B1A780C4BDA770C4801F043FD0DE01B
:10F2F000094B5B7D012B09D1064ABB791370054B85
:10F300001A78054B9A75054801F034FD00BF08379F
:10F31000BD4680BDC00000202CD900203AD9002075
:10F3200080B582B000AF0346FB71134AFB791373BB
:10F33000114B1A7B104B5A730120FFF71BF8FB7916
:10F34000002B0AD034214FF4E86001F059FE44212B
:10F3500040F2417001F054FE09E014214FF4E860DE
:10F3600001F04EFE242140F2417001F049FE00BF41
:10F370000837BD4680BD00BF2CD9002080B500AF46
:10F3800001F08EFF03460333184680BD80B582B07E
:10F3900000AF786000F00EF800BF0837BD4680BDB2
:10F3A00080B582B000AF786000F018F800BF083771
:10F3B000BD4680BD80B500AF074B1B68002B08D051
:10F3C000054B1B685B68002B03D0034B1B685B6815
:10F3D000984700BF80BD00BF28D9002080B500AF8E
:10F3E000074B1B68002B08D0054B1B68DB68002B04
:10F3F00003D0034B1B68DB68984700BF80BD00BF8C
:10F4000028D9002080B582B000AF0346FB80054AB2
:10F41000FB88A2F8543000F007F800BF0837BD465B
:10F4200080BD00BF2CD90020B0B582B000AF002352
:10F43000FB7100233B60A54BB3F85430B3F5007F5C
:10F4400000F00D81B3F5007F00F3C081B3F5807F3C
:10F4500000F0F180B3F5807F00F3B881802B00F0DD
:10F46000D680802B00F3B281202B49DC002B40F3A7
:10F47000AD81013B1F2B00F2A98101A252F823F0BC
:10F4800009F5000843F50008CDF70008E9F6000883
:10F49000CDF70008CDF70008CDF7000857F70008B2
:10F4A000CDF70008CDF70008CDF70008CDF700082C
:10F4B000CDF70008CDF70008CDF70008CDF700081C
:10F4C000CDF70008CDF70008CDF70008CDF700080C
:10F4D000CDF70008CDF70008CDF70008CDF70008FC
:10F4E000CDF70008CDF70008CDF70008CDF70008EC
:10F4F000CDF70008CDF70008CDF7000867F7000842
:10F50000402B00F04B8161E1714802F061FB00206B
:10F5100000F0F2FF02F068F80346012B01D102F07F
:10F520008CF86C4B1B68002B00F05281694B1B68F8
:10F530001B68002B00F04C81664B1B681B689847CA
:10F5400046E1654802F044FB604B5B7883F00103C1
:10F55000DBB2002B14D0002000F0CEFF002140F6DB
:10F56000021001F04DFD40F6441001F05DFD034630
:10F5700043F00203DBB2194640F6441001F040FDAF
:10F58000FB1DFF221946554800F084FE544801F047
:10F59000E5FC504B1B68002B00F01C814D4B1B6899
:10F5A0009B68002B00F01681484B93F82430012B08
:10F5B0000ED1484B1B689C68FB791946434B93F965
:10F5C00030301A46414B93F931304448A0471DE092
:10F5D0003E4BDB6B3A461146184601F053FF3D4B5C
:10F5E0001B689C68FB791946384B93F929301846FB
:10F5F0003B6803F5FA733B4A82FB03529211DB1717
:10F60000D31A5BB202463548A04700BFE2E00020B3
:10F6100000F072FF2F4B1B68002B00F0DD802D4B9C
:10F620001B689B69002B00F0D7802A4B1B689B69E5
:10F6300000209847D0E0002000F05EFF254B1B68BB
:10F64000002B00F0CB80234B1B689B69002B00F044
:10F65000C580204B1B689B6901209847BEE000F0E5
:10F66000FFFD0346042B15D1194802F0B1FA002022
:10F6700000F042FF174B1B68002B00F0B180154BC8
:10F680001B685B68002B00F0AB80124B1B685B684B
:10F690009847A5E000F0E4FD0346052B40F0A0806C
:10F6A0000D4802F095FA002000F026FF094B1B6878
:10F6B000002B00F09580074B1B68DB68002B00F0E7
:10F6C0008F80044B1B68DB68984789E02CD90020A9
:10F6D00088D9002028D90020A0D9002028D80020CF
:10F6E00050D90020D34D6210444B9B6D002B79D034
:10F6F000434A424B9B6D1B0CDBB2194640F603108C
:10F7000090473F4A3D4B9B6D1B0ADBB2194640F6C2
:10F71000041090473A4A394B9B6DDBB2194640F6CC
:10F7200005109047364C374B40F602109847034679
:10F7300043F00103DBB2194640F60210A0472F4BFD
:10F7400000229A650023002240F2622140F26220EA
:10F7500001F0ACF846E001F040FF0346012B43D135
:10F7600001F071FF40E0284802F032FA234B5B7849
:10F7700083F00103DBB2002B02D0002000F0BCFEBE
:10F78000224B1B68002B31D0204B1B68DB68002B01
:10F790002CD01E4B1B68DB68984727E0174B5B7823
:10F7A00083F00103DBB2002B02D0002000F0A4FEA6
:10F7B000164B1B68002B1BD0144B1B681B69002BBE
:10F7C00016D0124B1B681B69984711E000BF10E070
:10F7D00000BF0EE000BF0CE000BF0AE000BF08E081
:10F7E00000BF06E000BF04E000BF02E000BF00E091
:10F7F00000BF00BF0837BD46B0BD00BF2CD90020F8
:10F8000039F200085DF20008A0D9002028D90020B4
:10F8100080B500AF094B93F856300121184601F02E
:10F82000E3FC074B2D214FF4D760984700F027FFEA
:10F83000044800F07DFE00BF80BD00BF2CD9002031
:10F8400039F20008FFFF0F0080B584B000AF034617
:10F85000FB7197F90730184601F0EEFC0346FB7385
:10F860000E2140F61F1001F0CBFBFB7B0121184657
:10F8700001F0BAFC00F0FAFE00BF1037BD4680BDB3
:10F8800080B489B000AFF860B9601346FB71002303
:10F89000FB770023BB610023BB6111E0BB69BA6841
:10F8A00013441A78BB69B9680B44D243D2B21A70B8
:10F8B000BB69FA68134400221A70BB690133BB614B
:10F8C000FB79BA699A42E9DB0023BB6149E0BB6975
:10F8D0005A4203F0070302F0070258BF5342DBB25B
:10F8E000C3F10703FB75BB69002B00DA0733DB109C
:10F8F000BB75BB6901335A4203F0070302F00702EC
:10F9000058BF5342DBB2C3F107037B75BB690133B8
:10F91000002B00DA0733DB103B75BB7DBA6813445C
:10F920001B781A46FB7D42FA03F3DBB203F00103B6
:10F93000FB74FA7FFB7C5340FB773B7DFA681344F2
:10F940001B785AB2F97F7B7D01FA03F35BB2134354
:10F9500059B23B7DFA681344CAB21A70BB690133CD
:10F96000BB61FB79DB00BA699A42B0DB97F91F30C3
:10F97000DB015AB297F91F309B015BB213435BB2B4
:10F98000FA7F002A01D1202200E00022134359B25D
:10F99000FB79FA681344CAB21A7000BF2437BD4617
:10F9A00080BC704780B58CB000AFB9607A603B60B6
:10F9B0000346FB730023BB6207F1200300221A6099
:10F9C0005A6001F004FE7B68002B01D000233B60ED
:10F9D0007B68002B14BF01230023DAB2A34B5A70BB
:10F9E000FB7B002B03D0012B00F0DC8095E1BB6892
:10F9F0009B68002B03D0BB68DB68002B02D14FF063
:10FA0000FF338BE1BB689B7F082B02D94FF0FF339C
:10FA100084E1BB681969BB689B7F1A4607F1200324
:10FA2000184601F075FFBB681B68002B14BF01234B
:10FA30000023DBB2184600F02BFE8C4B002283F82B
:10FA40003820BB689B68894AD363BB6893F8202041
:10FA5000864B83F84420BB685B68184601F0EAFCDB
:10FA600003461A46814B83F84520804B00229A7347
:10FA7000BB68DB689BB2DB009AB27C4B1A82BB6826
:10FA8000DA7F7A4B9A74BB689B7FDB00DAB2774BE4
:10FA9000DA74BB6893F82120744B1A75BB6893F82D
:10FAA0002230002B05D1BB685B69DAB26F4B9A75C7
:10FAB0000BE0BB6893F82230022B03D16B4BFF2283
:10FAC0009A7502E0694BFF229A75BB6893F824305F
:10FAD000022B04D0BB6893F82230022B2DD1BB68D7
:10FAE00093F82330F12B0CD0BB6893F82330F22B22
:10FAF00007D0BB6893F82330012B02D04FF0FF33BF
:10FB00000CE100233B77BB68BB61594B196807F1D7
:10FB10001403584A184601F04DFD0346002B02D04D
:10FB20004FF0FF33FAE0514B00221A764F4B01227F
:10FB3000DA754E4B00225A750EE0BB6893F823200D
:10FB40004A4BDA75BB6893F82420484B1A76BB6899
:10FB500093F82220454B5A75FFF76DFA0020FEF707
:10FB600009FC454801F038F8444801F003F907F171
:10FB70002003184600F0C3FBBB689B8B184600F0BF
:10FB80000DFCBB681B8B184600F0E8FB3B684FF48C
:10FB9000FA5203FB02F2BB689B68B2FBF3F3334AF1
:10FBA0009360BAE0BB681B8E002B02D14FF0FF338D
:10FBB000B4E0BB6893F83230012B04D1BB685B69B9
:10FBC00087F82F3002E0FF2387F82F30BB689B6A4D
:10FBD000002B14BF01230023DBB2184600F058FDB0
:10FBE0003B68DBB2184600F062FD204B012283F82F
:10FBF0003820BB6893F82C201C4B83F85020BB683E
:10FC000093F82D20194B83F85120BB6893F82E20D0
:10FC1000164B83F85220BB6893F82F30022B10D07C
:10FC2000022B2DDC002B02D0012B05D028E00F4B3E
:10FC3000002283F8532024E00C4B012283F8532048
:10FC40001FE0BB6893F82C300B2B04D0BB6893F8F3
:10FC50002C300C2B04D1054B012283F8532010E0EB
:10FC6000024B002283F853200BE000BF2CD9002068
:10FC700028D90020A0D9002064D900203AD900203A
:10FC800000BF284B01229A73BB681A8E254B9A83BA
:10FC9000BB6893F83220234B9A77224A97F82F308B
:10FCA000D377BB6893F834201E4B83F82020BB68C1
:10FCB00093F835201B4B83F82120FFF7BCF9012076
:10FCC000FEF758FB184800F087FF184801F052F87B
:10FCD000144B93F82130012B0DD140F2367001F016
:10FCE000A3F9034623F00403DBB2194640F2367051
:10FCF00001F086F90CE040F2367001F095F9034608
:10FD000043F00403DBB2194640F2367001F078F993
:10FD1000044B4FF6FF729A6000BFBB6A184630373B
:10FD2000BD4680BD2CD9002064D900203AD90020DE
:10FD300080B58EB000AFB9607B600346FB7313469D
:10FD4000BB7307F12C0300221A605A6001F03FFCDC
:10FD5000FB7B032B00F2058201A252F823F000BFC7
:10FD6000E5FE00082D0001082501010871FD0008CD
:10FD7000BB689B7C082B02D94FF0FF3306E2BB68BF
:10FD80009968BB689B7C1A4607F12C03184601F062
:10FD9000BFFDBB681B68002B02D14FF0FF33F5E1BC
:10FDA000BB681B6842F21072934213D8022387F893
:10FDB0003730994B03229A73974B032283F83820EC
:10FDC000BB681B68944AD363BB68DA7C924B83F8A8
:10FDD000442017E0002387F837308F4B00229A73B6
:10FDE0008D4B002283F83820BB681B688A4AD36396
:10FDF000BB68DA7C884B83F84420BB681B689B088F
:10FE0000854A1364BB685B689BB2DB009AB2824B85
:10FE10001A82814B04229A74BB689B7CDB00DAB2A5
:10FE20007D4BDA747C4B00221A75BB689B7D022BDC
:10FE300003D0BB681B7D022B2BD1BB685B7DF12BF4
:10FE40000AD0BB685B7DF22B06D0BB685B7D012BC3
:10FE500002D04FF0FF3399E1BB683B62012387F882
:10FE600028306E4B196807F120036D4A184601F0DF
:10FE7000A1FB0346002B02D04FF0FF3386E1664B17
:10FE800000221A76644B0122DA75634B00225A7500
:10FE90000BE0BB685A7D604BDA75BB689A7D5E4BA0
:10FEA0001A76BB681A7D5C4B5A75FFF7C4F897F851
:10FEB00037301846FEF75EFA5A4800F08DFE5A4871
:10FEC00000F058FF07F12C03184600F018FABB6841
:10FED0001B8A184600F062FABB689B89184600F03E
:10FEE0003DFA3FE1BB681B68002B02D14FF0FF33A6
:10FEF0004CE1BB689B7C082B02D94FF0FF3345E1F6
:10FF0000BB689968BB689B7C1A4607F12C031846AE
:10FF100001F0FEFC404B002283F83820BB681B68D0
:10FF20003D4AD363BB68DA7C3B4B83F84420BB6813
:10FF30009B69394A1364384B00229A73BB685B682B
:10FF40009BB2DB009AB2344B1A82334B04229A7470
:10FF5000BB689B7CDB00DAB22F4BDA742E4B00229D
:10FF60001A75BB689B7D022B03D0BB681B7D022BDF
:10FF70002AD1BB685B7DF12B0AD0BB685B7DF22B7D
:10FF800006D0BB685B7D012B02D04FF0FF33FDE054
:10FF900001233B77BB687B61204B196807F1140391
:10FFA0001F4A184601F006FB0346002B02D04FF013
:10FFB000FF33EBE0184B00221A76174B0122DA755B
:10FFC000154B00225A750BE0BB685A7D124BDA754F
:10FFD000BB689A7D104B1A76BB681A7D0E4B5A751A
:10FFE000FFF729F80020FEF7C5F90E4800F0F4FDF0
:10FFF0000D4800F0BFFE07F12C03184600F07FF912
:020000040801F1
:10000000BB681B8A184600F0C9F9BB689B89184673
:1000100000F0A4F9A6E000BF2CD9002028D90020C8
:1000200088D9002064D900203AD90020594B0122F8
:1000300083F83820BB681A78564B83F85020BB6889
:100040005A78544B83F85120BB689A78514B83F807
:100050005220BB68DB78022B10D0022B20DC002B57
:1000600002D0012B05D01BE04A4B002283F853201D
:1000700017E0484B012283F8532012E0BB681B783D
:100080000B2B03D0BB681B780C2B04D1414B0122F6
:1000900083F8532005E03F4B002283F8532000E013
:1000A00000BF3C4B01229A73BB689A88394B9A83F4
:1000B000BB689A79374B9A77BB68DA79354B83F806
:1000C0002020BB681A7A334B83F82120FEF7B3FF58
:1000D0000120FEF74FF9304800F07EFD2F4800F078
:1000E00049FE2C4B93F85130062B0DD140F6890078
:1000F00000F09AFF034623F00403DBB2194640F6F2
:10010000890000F07DFF2DE040F6890000F08CFFB3
:10011000034643F00403DBB2194640F6890000F0C1
:100120006FFF1FE0BB681B68002B04D0BB681B6817
:10013000B3F57A7F02D94FF0FF3327E00320FEF7B3
:1001400019F9144B022283F83820BB681B68114A46
:100150009364104B162283F84C200F4800F03CFDAE
:1001600000E000BF97F90E30184601F065F803462D
:100170001A46084B83F85620064B93F8563018461B
:1001800001F039FA034A7B68536000231846383778
:10019000BD4680BD2CD9002064D900203AD900206A
:1001A00080B485B000AF78600123FB73FB7B1846F9
:1001B0001437BD4680BC704780B483B000AF786010
:1001C0003960012318460C37BD4680BC70470000DB
:1001D00080B584B000AF78607B68002B02D01D4AE8
:1001E0007B681360F0F752FC022001F001F91A4B12
:1001F00000221A70002000F07FF9F4F74DF9034651
:10020000012B0ED14021012000F08AFB002140F695
:10021000111000F0F5FE7F233B73387B00F08DFA60
:1002200009E00B2140F6111000F0EAFE0B2140F628
:10023000121000F0E5FE0E2140F61F1000F0E0FE67
:10024000F4F70EF9054B01221A7000BF1037BD46B6
:1002500080BD00BFC4D90020C0D90020B8D900207B
:1002600080B400AF024B1B781846BD4680BC704777
:10027000B8D9002080B582B000AF78600B46FB7023
:10028000FB781A467968002000F026FF00BF083787
:10029000BD4680BD80B586B000AFF860B96013463A
:1002A000FB710023FB7507F117031946B86800F0CE
:1002B00029FEBB681B78FA799A4201D2012307E034
:1002C000F87DBB681B781A46F96800F027FF002309
:1002D00018461837BD4680BD80B584B000AFF860C1
:1002E0000B467A60FB72FB7A1946F868FFF7C2FF8B
:1002F000786800F01DF900BF1037BD4680BD80B59D
:1003000082B000AF7860082279684FF4D86000F0BE
:100310009FFE002318460837BD4680BD80B584B0D7
:1003200000AF0346FB80FB881B0A9BB2DBB23B732A
:10033000FB88DBB27B7300F077FB0346002B08D110
:1003400007F10C030222194640F2BC6000F080FE67
:1003500000E000BF00BF1037BD4680BD80B584B04F
:1003600000AF0346FB80FB881B0A9BB2DBB23B73EA
:10037000FB88DBB27B7300F057FB0346002B08D1F0
:1003800007F10C030222194640F2BE6000F060FE45
:1003900000E000BF00BF1037BD4680BD80B584B00F
:1003A00000AF0346FB800023FB7300F03DFB0346D8
:1003B000002B21D14FF4D76000F036FE034623F026
:1003C0000103FB73FB881B0A9BB25BB203F00103C2
:1003D0005AB297F90F3013435BB2FB73FB7B19469C
:1003E0004FF4D76000F00CFEFB88DBB2194640F2F8
:1003F000B96000F005FE00E000BF00BF1037BD4649
:1004000080BD80B582B000AF00233B600023FB714C
:100410000023BB7140F6E20000F006FE0346FB71CC
:10042000FB7923F00103DBB2194640F6E20000F04D
:10043000E7FD40F6E50000F0F7FD0346BB71BB7930
:1004400003F07F03DBB2194640F6E50000F0D8FD6B
:100450006FF07F4000F08CF83B460422194640F6CE
:10046000190000F017FE002000F046F8FB7919464D
:1004700040F6E20000F0C4FDBB79194640F6E50005
:1004800000F0BEFD3B6818460837BD4680BD000041
:1004900080B584B000AF38710020F3F7E8FF022088
:1004A00000F0A6FF3B79C3F38003DBB25BB29B0095
:1004B0005AB23B79C3F34003DBB25BB25B005BB281
:1004C00013435AB23B79C3F30003DBB25BB213436D
:1004D0005BB2DBB2FB7307F10F03012219468420E4
:1004E00000F03EFE034B00221A7000BF1037BD46DD
:1004F00080BD00BFB8D9002080B582B000AF0346F0
:10050000FB71FB1D01221946802000F029FEFB79BA
:10051000002B03D1054B01221A7002E0034B02228B
:100520001A7000BF0837BD4680BD00BFB8D9002093
:1005300080B584B000AF78600C4B04221A707B68E1
:100540001B0CDBB23B737B681B0ADBB27B737B68E3
:10055000DBB2BB7307F10C0303221946832000F0C2
:10056000FFFD00BF1037BD4680BD00BFB8D90020D9
:1005700080B584B000AF78600C4B05221A707B68A0
:100580001B0CDBB23B737B681B0ADBB27B737B68A3
:10059000DBB2BB7307F10C0303221946822000F083
:1005A000DFFD00BF1037BD4680BD00BFB8D90020B9
:1005B00080B584B000AF78600E4B05221A70972189
:1005C00040F6AC0000F01CFD7B681B0CDBB23B73FB
:1005D0007B681B0ADBB27B737B68DBB2BB7307F102
:1005E0000C0303221946822000F0BAFD00BF103729
:1005F000BD4680BDB8D9002080B584B000AF78601A
:1006000039607B681B0CDBB23B727B681B0ADBB278
:100610007B727B68DBB2BB723B681B0CDBB2FB728C
:100620003B681B0ADBB23B733B68DBB27B7307F1B1
:10063000080306221946942000F092FD034B06227F
:100640001A7000BF1037BD4680BD00BFB8D900206A
:1006500080B500AF00220021C52000F081FD024BD3
:1006600007221A7000BF80BDB8D9002080B500AF46
:1006700000220021D12000F073FD00BF80BD80B5B5
:1006800000AF00220021D22000F06AFD00BF80BD33
:1006900080B582B000AF0346FB71FB1D01221946F5
:1006A0009F2000F05DFD00BF0837BD4680BD80B5CE
:1006B00084B000AF0346FB71FB1D01221946A02048
:1006C00000F04EFDFB793F2B1CD9FB795B08FB73D7
:1006D0000023BB7300237B7305E0FB7B9B08FB734C
:1006E000BB7B0133BB73FB7B1F2BF6D8FB7BDB0093
:1006F000DAB2BB7B13447B737B7B194640F20670F6
:1007000000F07EFC00BF1037BD4680BD80B582B0D2
:1007100000AFF3F7C8FE0346012B02D10123FB71A2
:1007200001E00023FB71FB1D01221946962000F019
:1007300017FD00BF0837BD4680BD80B584B000AF4F
:1007400038713B79C3F38013DBB25BB29B015AB2C1
:100750003B79C3F34013DBB25BB25B015BB2134383
:100760005AB23B79C3F30013DBB25BB21B015BB23D
:1007700013435AB23B79C3F3C003DBB25BB2DB0075
:100780005BB213435AB23B79C3F38003DBB25BB273
:100790009B005BB213435AB23B79C3F34003DBB215
:1007A0005BB25B005BB213435AB23B79C3F3000305
:1007B000DBB25BB213435BB2DBB2FB7307F10F0337
:1007C00001221946892000F0CBFC00BF1037BD463E
:1007D00080BD000080B584B000AF78607B681D4AA2
:1007E000934204D9E1233B73E9237B7327E07B68C1
:1007F000194A934204D9D7233B73DB237B731EE052
:100800007B68164A934204D9C1233B73C5237B738B
:1008100015E07B68124A934204D975233B73812308
:100820007B730CE07B680F4A934204D96B233B73C4
:100830006F237B7303E029233B732B237B7307F127
:100840000C0302221946982000F08AFC00BF1037E2
:10085000BD4680BD00E9A43580F8A9328044E52D6D
:10086000000B6B1B40FC541990B585B000AF0446DB
:10087000084611461A462346FB710346BB710B46D8
:100880007B7113463B71FB793B73BB797B737B793F
:10089000BB733B79FB7307F10C03042219469520C7
:1008A00000F05EFC00BF1437BD4690BD90B585B02A
:1008B00000AF0446084611461A462346FB8003460D
:1008C000BB800B467B8013463B80FB881B0A9BB298
:1008D000DBB23B72FB88DBB27B72BB881B0A9BB22C
:1008E000DBB2BB72BB88DBB2FB727B881B0A9BB29C
:1008F000DBB23B737B88DBB27B733B881B0A9BB20A
:10090000DBB2BB733B88DBB2FB7307F10803082241
:100910001946082000F024FC00BF1437BD4690BDE6
:1009200080B584B000AF03463960FB71FB7903F0FA
:100930000703DBB23B733B681B0CDBB27B733B688A
:100940001B0ADBB2BB733B68DBB2FB7307F10C0322
:1009500004221946972000F003FC00BF1037BD4663
:1009600080BD00002DE9B04384B000AF7860002363
:10097000FB601D4B1B7883F00103DBB2002B05D01D
:100980007868FFF727FF184B01221A707B68002256
:100990001C4615464FEAD4194FEA4468134A4FF0F3
:1009A000000340464946EFF743FC02460B46134618
:1009B000FB60FB681B0EDBB23B72FB681B0CDBB2FF
:1009C0007B72FB681B0ADBB2BB72FB68DBB2FB729B
:1009D00007F1080304221946862000F0C1FB00BF7E
:1009E0001037BD46BDE8B083C0D900200048E801FB
:1009F00080B582B000AF0346FB71FA79094B1A70DB
:100A0000FB79002B04D1002140F2AC6000F0F8FA31
:100A1000FB1D012219468A2000F0A2FB00BF083707
:100A2000BD4680BDB9D9002080B400AF024B1B7811
:100A30001846BD4680BC7047B9D9002080B584B047
:100A400000AF0346FB710B46BB7113467B71FB790C
:100A5000012B49D10020F3F72DFDF86097F90630FE
:100A6000FA689A4201DAFB68BB71FB680E2B0ED163
:100A70000123012200210420FFF7F6FEBA79FB686A
:100A8000DBB2D31ADBB20E33DBB2BB711FE0FB6803
:100A90000A2B0ED10123012200210120FFF7E4FEE1
:100AA000BA79FB68DBB2D31ADBB20D33DBB2BB71B0
:100AB0000DE00123012200210720FFF7D5FEBA79BE
:100AC000FB68DBB2D31ADBB20E33DBB2BB7197F932
:100AD000063013F1110F01DAEF23BB71182140F634
:100AE000E70000F08DFA67E040F6D80000F09CFACD
:100AF000034643F01E03DBB2194640F6D80000F06F
:100B00007FFA0120F3F7D6FCF86097F90630FA680F
:100B10009A4201DAFB68BB71FB68142B0ED10123EA
:100B2000002205210320FFF79FFEBA79FB68DBB2A4
:100B3000D31ADBB21633DBB2BB7131E0FB68112B89
:100B40000ED10123002203210220FFF78DFEBA7986
:100B5000FB68DBB2D31ADBB21633DBB2BB711FE02A
:100B6000FB680E2B0ED10123002202210220FFF789
:100B70007BFEBA79FB68DBB2D31ADBB20E33DBB291
:100B8000BB710DE00123002207210420FFF76CFE5A
:100B9000BA79FB68DBB2D31ADBB21633DBB2BB71B6
:100BA00097F9063013F1090F01DAF723BB713821E9
:100BB00040F6E70000F024FABB793B727B797B7248
:100BC00007F10803022219468E2000F0C9FA00BF7F
:100BD0001037BD4680BD00002DE9B04386B000AFA0
:100BE000786000237B6107F1080300221A605A60D5
:100BF0007B681A785C4B1B789A4204D07B681B7820
:100C00001846FFF7F5FE7B681B78032B00F2A580E2
:100C100001A252F823F000BF290C0108E90C0108D9
:100C2000AB0C0108170D01080823FB747B685B6897
:100C30004E4AB2FBF3F37B617B691B0CDBB23B7268
:100C40007B691B0ADBB27B727B69DBB2BB727B68A0
:100C50001B7BFB727B685B7B3B737B689B68002222
:100C60001C4615464FEAD4194FEA4468404A4FF0F3
:100C7000000340464946EFF7DBFA02460B461346AF
:100C80007B617B691B0CDBB27B737B691B0ADBB26C
:100C9000BB737B69DBB2FB73FB7C9AB207F1080381
:100CA00019468B2000F05CFA58E00423FB747B6843
:100CB0001B692E4AB2FBF3F37B617B691B0CDBB231
:100CC0003B727B691B0ADBB27B727B69DBB2BB7256
:100CD0007B681B7DFB72FB7C9AB207F10803194607
:100CE0008B2000F03DFA39E00423FB747B681B7E07
:100CF0003B727B685B7E7B727B689B7EBB727B6892
:100D0000DB7EFB72FB7C9AB207F1080319468B204D
:100D100000F026FA22E00523FB747B685B68134A27
:100D2000B2FBF3F37B617B691B0CDBB23B727B692B
:100D30001B0ADBB27B727B69DBB2BB727B681B7BFD
:100D4000FB727B685B7B3B73FB7C9AB207F1080309
:100D500019468B2000F004FA00E000BF00BF1837EE
:100D6000BD46BDE8B08300BFB9D900200000093DF1
:100D70000048E80180B586B000AF78600023BB75FD
:100D800007F10C0300221A605A601A727B681A7805
:100D9000444B1B789A4204D07B681B781846FFF7B7
:100DA00027FE7B681B78032B78D801A252F823F02A
:100DB000C10D0108510E0108450E0108C10D0108C1
:100DC0007B685B7AF12B0AD14FF6FF70FFF7A6FA2A
:100DD00048F20500FFF7C2FA0223BB7511E07B68F9
:100DE0005B7AF22B0AD141F60F50FFF797FA41F2E6
:100DF0002100FFF7B3FA0623BB7502E07B685B7A3C
:100E0000BB750923FB757B685B881B0A9BB2DBB251
:100E10003B737B685B88DBB27B737B681B79BB733E
:100E20007B685B79FB737B689B793B747B68DB79C0
:100E30007B747B681B7ABB74BB7DFB747B689B7A7D
:100E40003B7522E00123FB757B681B7B3B731CE039
:100E50000623FB757B68DB891B0A9BB2DBB23B7305
:100E60007B68DB89DBB27B737B681A7C0E4B114697
:100E700019701346BB737B685B7CFB737B689B7C40
:100E80003B747B68DB7C7B7400BFFB7D9AB207F10F
:100E90000C0319468C2000F063F900E000BF1837FE
:100EA000BD4680BDB9D90020BAD9002080B584B034
:100EB00000AF03460A46FB711346BB71FB793B73D7
:100EC000BB797B7307F10C03022219468F2000F0D7
:100ED00047F900BF1037BD4680BD80B582B000AF76
:100EE0000023FB713B1D01221946152000F05AF921
:100EF0003B795B425B10FB7197F907301846083766
:100F0000BD4680BD80B584B000AF7860396007F120
:100F10000C0302221946132000F044F9FFF784FD68
:100F20000346012B0DD10C4B1B78DBB2012B08D1F2
:100F300040F2027000F078F803461A467B681A7097
:100F400002E03A7B7B681A707A7B3B681A7000BFBC
:100F50001037BD4680BD00BFBAD9002080B584B02F
:100F600000AF786007F10C0303221946142000F04B
:100F700019F9FFF759FD03461A467B681A707B681A
:100F80001B78002B02D0012B13D02AE03A7B7B6820
:100F90001A717B7B5B425B105AB27B689A71BB7B98
:100FA0005B425B105AB27B685A717B6800229A6080
:100FB00020E03B7B5B425B105AB27B681A737B7B01
:100FC0005BB202339B105AB27B685A73BB7B5B42A5
:100FD0005B105AB27B689A73084B1A687B681A6177
:100FE00008E014220021786800F0B1FC7B680F2231
:100FF0001A7000BF00BF1037BD4680BDBCD90020AD
:1010000080B582B000AF03460A46FB8013467B7171
:101010007A1DF98801230348F6F7D6FA00BF08378E
:10102000BD4680BD8005002080B584B000AF03467A
:10103000FB8007F10F02F98801230448F6F723FB30
:10104000FB7B18461037BD4680BD00BF80050020E1
:1010500080B586B000AF03463960FB801346BB8085
:10106000EFF31083FB60FB687B6172B600BFBB8847
:10107000F9883A680648F6F7A7FA7B693B613B694D
:1010800083F3108800BF00BF1837BD4680BD00BF86
:101090008005002080B586B000AF03463960FB8034
:1010A0001346BB80EFF31083FB60FB687B6172B675
:1010B00000BFBB88F9883A680648F6F7E4FA7B690E
:1010C0003B613B6983F3108800BF00BF1837BD4602
:1010D00080BD00BF8005002080B586B000AF03460C
:1010E0003960FB711346BB71EFF31083FB60FB6843
:1010F0007B6172B600BFBB799BB2F9793A6806484A
:10110000F6F7D5FB7B693B613B6983F3108800BF31
:1011100000BF1837BD4680BD8005002080B586B071
:1011200000AF03463960FB711346BB71EFF31083C8
:10113000FB60FB687B6172B600BFBB799BB2F9793B
:101140003A680648F6F706FC7B693B613B6983F326
:10115000108800BF00BF1837BD4680BD8005002045
:1011600080B586B000AF03463960FB711346BB8083
:10117000EFF31083FB60FB687B6172B600BFBB8836
:10118000F9793A680648F6F7DFFA7B693B613B6913
:1011900083F3108800BF00BF1837BD4680BD00BF75
:1011A0008005002080B586B000AF03463960FB7132
:1011B0001346BB80EFF31083FB60FB687B6172B664
:1011C00000BFBB88F9793A680648F6F71CFB7B69D3
:1011D0003B613B6983F3108800BF00BF1837BD46F1
:1011E00080BD00BF8005002080B584B000AF0346FD
:1011F0000A46FB711346BB710123FB73BB79012BBC
:101200000DD1FB79012B04D10223FB73042000F0E4
:10121000EFF8FB79022B07D10323FB7304E0BB79C2
:10122000002B01D10123FB73FB7B1846F3F71FF959
:1012300000BF1037BD4680BD80B584B000AF034607
:10124000FB710123FB73F3F720F9B860BB68022B35
:1012500016D0BB68022B16DCBB68002B03D0BB6822
:10126000012B0AD00FE097F907300F2B02DD022384
:10127000FB7309E00123FB7306E00123FB7303E02A
:101280000223FB7300E000BF97F90710FB7B0222EB
:101290001846FFF7D3FBFB7B18461037BD4680BDD1
:1012A00080B400AF01231846BD4680BC70470000E3
:1012B00080B582B000AF7860034B1B68012098476F
:1012C00000BF0837BD4680BDC4D9002080B582B0BC
:1012D00000AF7860034B1B680220984700BF0837B7
:1012E000BD4680BDC4D9002080B582B000AF786013
:1012F000034B1B684020984700BF0837BD4680BDA0
:10130000C4D9002080B582B000AF78600B46FB7076
:10131000FB78002B02D0012B05D00AE0074B1B689D
:101320008020984705E0054B1B684FF48070984774
:1013300000BF00BF0837BD4680BD00BFC4D9002034
:1013400080B582B000AF7860044B1B684FF400702A
:10135000984700BF0837BD4680BD00BFC4D90020F4
:1013600080B582B000AF7860034B1B68202098479F
:1013700000BF0837BD4680BDC4D9002080B582B00B
:1013800000AF7860034B1B680420984700BF083704
:10139000BD4680BDC4D9002080B582B000AF786062
:1013A000034B1B680820984700BF0837BD4680BD27
:1013B000C4D9002080B582B000AF7860034B1B68B1
:1013C0001020984700BF0837BD4680BDC4D9002013
:1013D00080B582B000AF7860044B1B684FF480404A
:1013E000984700BF0837BD4680BD00BFC4D9002064
:1013F00080B584B000AF0346FB71F3F754F80346A1
:10140000012B12D140F62310FFF70EFE0346FB73AB
:10141000FB7B23F00603FB73FA7BFB791343DBB200
:10142000194640F62310FFF7EBFD00BF1037BD460D
:1014300080BD000080B485B000AF78607B68002B71
:1014400001D11F2317E00023FB730FE0FB7B0C4A45
:1014500052F833307A689A4205D2FB7B084ADB00A7
:1014600013441B7907E0FB7B0133FB73FB7B152BDC
:10147000ECD900BFFDE718461437BD4680BC704765
:101480005C4B010880B58AB000AF78603960354B9D
:10149000FB6040F60700FFF7C7FD0346FB77FB7FC5
:1014A000DB08DBB203F0030328333B4413F81C3C96
:1014B000BB77FB7F03F007037B77BA7F7B7F01332A
:1014C00002FA03F31A46284BB3FBF2F3BB61BA6985
:1014D0007B68B2FBF3F37B61012387F8273097F831
:1014E00027307A6902FB03F3072B02D8022387F81F
:1014F000273097F827307A6902FB03F3032B02D8D1
:10150000042387F8273097F82720BB6902FB03F3F1
:101510003B614FF4D660FFF787FD03461B0203F4DF
:1015200070633B6240F2B160FFF77EFD03461A46EE
:101530003B6A13433B623B6A03F40063002B05D014
:101540003B6A6FEA03536FEA13533B623B695B09E3
:101550003A6A02FB03F3DA113B681A6000BF2837CE
:10156000BD4680BD04080A0C0048E80180B487B07D
:1015700000AF0346B9607A60FB8100237B614FF0C6
:10158000FF337B617B6918461C37BD4680BC7047C2
:1015900080B487B000AF0346B9607A60FB73002364
:1015A0007B614FF0FF337B617B6918461C37BD467A
:1015B00080BC704780B485B000AFF860B9607A60D5
:1015C0004FF0FF3318461437BD4680BC704780B4D7
:1015D00000AF00BFBD4680BC704780B400AF0023A1
:1015E0001846BD4680BC704780B400AF0023184643
:1015F000BD4680BC704780B483B000AF0346FB712A
:1016000000BF0C37BD4680BC704780B487B000AFC8
:10161000F8600B467A60FB724FF0FF337B617B69A9
:1016200018461C37BD4680BC704780B400AF4FF0F1
:10163000FF331846BD4680BC704780B400AF00BF82
:10164000BD4680BC704780B400AF00BFBD4680BCC3
:10165000704780B483B000AF0346FB7100BF0C3706
:10166000BD4680BC7047000080B500AF1822002145
:10167000074800F06CF94FF400720021054800F0B3
:1016800066F9054B1B68054898470346184680BD18
:10169000C8D90020E0D90020DC450108DD1601088A
:1016A00080B483B000AF7860034A7B68536000BFAA
:1016B0000C37BD4680BC7047C8D9002080B483B0C9
:1016C00000AF0346FB71044AFB79137200BF0C376D
:1016D000BD4680BC704700BFC8D9002080B588B027
:1016E00000AF78600023FB61EFF310837B617B69BF
:1016F000BB6172B600BF3C4B9B78022B06D13A4BC4
:1017000000229A70384B00221A820AE0364B1A8A5D
:10171000354B9B8A13449BB2C3F308039AB2324BF6
:101720001A82314B1A8A304B5B8A9A424DD02E4B2B
:10173000DB8A012B49D12C4B9B78012B17D12A4BEB
:101740001A88294B1B8AD31A9AB2274B9A82264BA6
:1017500002229A70244B00221A80234B9B8A002B72
:1017600005D1214B00229A701F4B00221A821E4B7A
:101770009B78002B15D11C4B5A8A1B4B1B8A9A4213
:1017800008D9194B5A8A184B1B8AD31A9AB2164B8E
:101790009A8206E0144B1B8AC3F500739AB2124B6F
:1017A0009A82114B1B8A1A46104B1344FB61BB698A
:1017B0003B613B6983F3108800BF0D4BDB680A4A2D
:1017C000928A1146F86998470AE0BB69FB60FB689A
:1017D00083F3108800BFEFF7D1F900F00BF800BFDA
:1017E00000BF2037BD4680BDC8D90020E0D9002009
:1017F000DC45010880B485B000AFEFF310837B6057
:101800007B68FB6072B600BF084BDB8A013B9AB273
:10181000064BDA82FB68BB60BB6883F3108800BFAD
:1018200000BF1437BD4680BC704700BFC8D9002038
:1018300080B400AF044B00221A60044B00221A60EF
:1018400000BFBD4680BC7047E0DB0020E4DB002029
:1018500080B487B000AF78600B46FB70EFF3108365
:101860003B613B697B6172B600BFFB78002B08D0FF
:10187000012B0ED10D4B1A687B6813430B4A136082
:1018800008E07B68DA43094B1B681340074A136082
:1018900000E000BF7B69FB60FB6883F3108800BF3A
:1018A00000BF1C37BD4680BC704700BFE0DB002096
:1018B00080B487B000AF78600B46FB70EFF3108305
:1018C0003B613B697B6172B600BFFB78002B08D09F
:1018D000012B0ED10D4B1A687B6813430B4A136022
:1018E00008E07B68DA43094B1B681340074A136022
:1018F00000E000BF7B69FB60FB6883F3108800BFDA
:1019000000BF1C37BD4680BC704700BFE4DB002031
:1019100080B487B000AFF860B9601346FB80FB6805
:101920007B61BB683B6107E03A69531C3B617B69A3
:10193000591C796112781A70FB885A1EFA80002BA4
:10194000F2D100BF00BF1C37BD4680BC704780B4D9
:1019500085B000AF78600B46FB7013463B807B6818
:10196000FB6004E0FB685A1CFA60FA781A703B8846
:101970005A1E3A80002BF5D100BF00BF1437BD4678
:1019800080BC704782B080B487B000AFF860381D6B
:1019900080E806007B6200233B610023BB827A68FB
:1019A0007B6A13443B61B7F908309AB2B7F9283023
:1019B0009BB213449BB21BB2BB82B7F91430B3F590
:1019C0007A7F0ADB3B6901333B61B7F914309BB284
:1019D000A3F57A739BB21BB2BB82FB681A4607F170
:1019E000100393E8030082E80300F8681C37BD4643
:1019F00080BC02B07047000080B58AB002AF78604A
:101A00000023BB610023BB8300233B610023BB8217
:101A1000144B1B6907F1180204321046984703461D
:101A2000BB61104BDB68984703461BB2BB810D4B73
:101A30005B6898470346BB6007F11000FB690093A1
:101A4000BB6907F1080206CAFFF79CFF7B681A46CC
:101A500007F1100393E8030082E803007868203759
:101A6000BD4680BDC845010880B500AF044B0022CB
:101A70001A60044B1B6898470346184680BD00BF98
:101A8000E8DB00209C45010880B584B000AFF86019
:101A9000B9603B601346FB71FB68002B23D03B68A9
:101AA000002B20D0FB6800221A60114B5B6AB868DB
:101AB00098470246FB685A60FB6800221A72FB686E
:101AC00000225A72FB6800229A72FB683A68DA6058
:101AD000FB68BA691A61FB68FA79DA72FB6800225E
:101AE0005A61002300E0012318461037BD4680BD2F
:101AF0009C45010880B58AB000AF7860002387F864
:101B000027307B68002B56D0786800F0A9F903468F
:101B100083F00103DBB2002B4DD07B685B7A002B96
:101B200049D1EFF310833B613B69FB6172B600BFA3
:101B30007B685B683B62244B1B6A9847B8613A6AD2
:101B4000BB699A4201D2BB693B627B683A6A1A6000
:101B50007B6800221A727B6801225A727B6800221D
:101B60009A721A4B1B68002B06D1174B1B699847BA
:101B7000786800F0EBF917E0134B9B6998477861A0
:101B80007B681A687B691A447B681A607B681A68EC
:101B90000E4B1B681B689A4203D2786800F0D6F996
:101BA00002E0786800F0A2F9FB69FB60FB6883F350
:101BB000108800BF02E0012387F8273097F827300C
:101BC00018462837BD4680BD9C450108E8DB00204B
:101BD00080B588B000AF78600023FB777B68002B6E
:101BE0005BD0EFF31083FB60FB683B6172B600BF14
:101BF0002D4B1B68BB612C4B1B687B617B680122F2
:101C00009A72294B1B68002B41D07B6800225A72C4
:101C1000254B1B687A689A4234D1234B1B680022FB
:101C20001A72214B1B685B69002B0AD01E4B1B6884
:101C30005B691D4A13601C4B1B68184600F02CF9A9
:101C400023E01A4BDB689847174B00221A601CE010
:101C50007A697B689A4210D17B695B69002B06D058
:101C60007B695B697B61BB697A695A610DE000231E
:101C70007B61BB697A695A6107E07B69BB617B69FB
:101C80005B697B617B69002BE2D10023FB773B69B9
:101C9000BB60BB6883F3108801E00123FB77FB7F07
:101CA00018462037BD4680BDE8DB00209C45010872
:101CB00080B584B000AF786039600023FB737B6827
:101CC000002B02D10123FB7314E00D4B5B6A3868D3
:101CD000984702467B685A60786800F0C1F803466E
:101CE000002B07D07868FFF773FF7868FFF702FFD3
:101CF0000346FB73FB7B18461037BD4680BD00BF13
:101D00009C45010890B589B000AFEFF31083BB602C
:101D1000BB68BB6172B600BF384B5B69984778619E
:101D2000364B1B69984738613A697B69D31AFB6067
:101D3000334B1B68002B37D0314B1B68FB61FB69B1
:101D40001B68FA689A4206D2FB691A68FB68D21AC5
:101D5000FB691A6002E0FB6900221A60FB695B699B
:101D6000FB61FB69002BEAD11EE0254B1B68FB6180
:101D7000234B1B685B69224A1360FB6900221A72BD
:101D8000FB6900225A72FB69DB68FA691269104626
:101D90009847FB69DB7A012B06D1FB699B7A002B04
:101DA00002D1F869FFF7A6FE154B1B68002B0DD07A
:101DB000134B1B681B68002BD7D0114B1B681C688A
:101DC0000E4B9B69984703469C42CED30C4B1B6835
:101DD000002B09D00A4B1B681B7A002B04D1084B3F
:101DE0001B68184600F058F8BB697B607B6883F37A
:101DF000108800BF00BF2437BD4690BD9C45010838
:101E0000E8DB002080B582B000AF064BDB69984765
:101E10007860044B9B6A78689847034618460837F1
:101E2000BD4680BD9C45010880B584B000AF786098
:101E30000A4BDB699847F860084B5B6A78689847FB
:101E4000B860064B9B6AF968BA688A1A10469847C8
:101E5000034618461037BD4680BD00BF9C450108AB
:101E600080B485B000AF78600A4B1B68FB6008E067
:101E7000FA687B689A4201D1012306E0FB685B693E
:101E8000FB60FB68002BF3D1002318461437BD46D6
:101E900080BC7047E8DB002090B585B000AF78606B
:101EA000114B1B6A9847F8607B6801221A727B68A5
:101EB0001C680D4B9B6998470246FB6813449C4283
:101EC00007D2094B9B6998470246FB681A447B6816
:101ED0001A60054B9B687A6812681046984700BFE5
:101EE0001437BD4690BD00BF9C45010880B485B045
:101EF00000AF7860144B1B68FB60134B1B685B6979
:101F0000BB6012E07B681A68BB681B689A4205D9FF
:101F1000BB68FB60BB685B69BB6006E0FB687A6816
:101F20005A617B68BA685A6109E0FB685B69002BFB
:101F3000E8D1FB687A685A617B6800225A611437DD
:101F4000BD4680BC704700BFE8DB002080B584B090
:101F500000AF78600B4B1B68FB60FB68002B02D066
:101F6000FB6800221A727B68FA685A61054A7B682E
:101F70001360044B1B681846FFF78EFF00BF103735
:101F8000BD4680BDE8DB002080B485B000AF78603E
:101F90000023FB600EE0FA6813469B0013445B00CD
:101FA00018467B681B68591C7A6811601B780344CB
:101FB000303BFB607B681B681B782F2B04D97B6848
:101FC0001B681B78392BE6D9FB6818461437BD46C9
:101FD00080BC704780B499B000AFF860B9607A6097
:101FE0003B60714B1B68BB653B6F03F04003002BEC
:101FF00002D06E4B1B68BB653B68012B02DD3B6862
:10200000242B01DD0023CAE03B6F03F00103002B0A
:1020100001D0302300E0202387F85330002387F8D5
:102020005F303B6F03F00203002B0BD07B68002B6B
:1020300008DA2D2387F85F307B685B427B60BB6EDC
:10204000013BBB6600237B657B68002B1ED17B6D4B
:102050005A1C7A6560333B44302203F8502C18E058
:102060007B683A68B3FBF2F101FB02F29B1ABA6D8E
:102070001A447B6D591C7965127860333B4403F830
:10208000502C7A683B68B2FBF3F37B607B68002BD3
:10209000E6D17A6DFB6E9A4201DD7B6DFB66BA6E0E
:1020A000FB6ED31ABB663B6F03F00103002B12D10A
:1020B0000CE0FB685A1CFA6020221A70BB68013BD6
:1020C000BB60BB68002B01D1FB6868E0BB6E5A1E89
:1020D000BA66002BEDDC97F85F30002B1BD0FB6855
:1020E0005A1CFA6097F85F201A70BB68013BBB600E
:1020F000BB68002B0FD1FB6851E0FB685A1CFA60EB
:1021000097F853201A70BB68013BBB60BB68002B7B
:1021100001D1FB6843E0BB6E5A1EBA66002BECDCB3
:102120000CE0FB685A1CFA6030221A70BB68013B55
:10213000BB60BB68002B01D1FB6830E0FB6E5A1E10
:10214000FA667A6D9A42ECDB10E0FB685A1CFA6082
:1021500007F110017A6D0A4412781A70BB68013BCE
:10216000BB60BB68002B01D1FB6818E07B6D5A1E79
:102170007A65002BE9DC0CE0FB685A1CFA6020222F
:102180001A70BB68013BBB60BB68002B01D1FB68C8
:1021900005E0BB6E5A1EBA66002BEDDCFB681846E4
:1021A0006437BD4680BC7047C4000020C8000020D2
:1021B00080B592B004AFF860B9607A603B60BB68EC
:1021C000002B01DC00233EE1FB68FB6228E1FA6A98
:1021D000FB68D21ABB68013B9A4280F22E817B6871
:1021E0001B78252B06D07A68FB6A591CF962127895
:1021F0001A7012E100233B627B6801337B607B68CD
:102200001B78302B03D13B6A43F001033B624FF054
:10221000FF33FB617B681B782F2B08D97B681B7809
:10222000392B04D83B1D1846FFF7AEFEF8614FF07E
:10223000FF33BB614FF0FF337B610A233B637B6855
:102240001B78583B202B00F2948001A252F823F017
:102250005B2301087323010873230108732301081A
:1022600073230108732301087323010873230108F2
:10227000732301087323010873230108DF22010877
:1022800069230108732301087323010873230108DC
:1022900073230108692301087323010873230108CC
:1022A00073230108732301087323010873230108B2
:1022B000732301087323010873230108FF22010817
:1022C00073230108BF230108732301087323010846
:1022D00063230108FB6A5A1CFA6220221A70FB6908
:1022E000013BFB61FB69002BF4DC3B681A1D3A6083
:1022F0001968FB6A5A1CFA62CAB21A708DE03B6810
:102300001A1D3A601B687B627B6A002B01D1504B1F
:102310007B62786AEDF734FF03463B6104E0FB6AB9
:102320005A1CFA6220221A70FB695A1EFA613A6935
:102330009A42F4DB0023BB620AE07A6A531C7B6298
:10234000FB6A591CF96212781A70BB6A0133BB62CE
:10235000BA6A3B699A42F0DB5FE03B6A43F04003B4
:102360003B6210233B632BE03B6A43F002033B627A
:1023700025E07B681B78252B04D0FB6A5A1CFA6287
:1023800025221A70FA6AFB68D21ABB68013B9A428E
:1023900016DA7B681B78002B06D07A68FB6A591C1A
:1023A000F96212781A7002E07B68013B7B60FA6A7E
:1023B000FB68D21ABB68013B9A422DDB00E000BFEC
:1023C0007B696C2B05D13B681A1D3A601B687B63E7
:1023D0000FE03B6A03F00203002B05D03B681A1D97
:1023E0003A601B687B6304E03B681A1D3A601B6817
:1023F0007B63BB685A1EF96AFB68CB1AD11A7A6BE9
:102400003B6A0293BB690193FB6900933B6BF86ADB
:10241000FFF7E0FDF86200E000BF7B6801337B60FE
:102420007B681B78002B7FF4D2AEFA6AFB68D21A65
:10243000BB68013B9A42BFF6CAAEFB6A00221A7023
:10244000FA6AFB68D31A18463837BD4680BD00BF0C
:1024500064450108024B0146186800F025B800BF2A
:10246000D800002070B50F4E0C463168054611B9F2
:1024700000F048FB30602146284600F043FB431C37
:1024800003D14FF0FF34204670BDC41C24F0030478
:10249000A042F8D0211A284600F034FB0130F2D1D6
:1024A000EFE700BFECDB00202DE9F843CD1C25F061
:1024B000030508350C2D38BF0C25002D064601DB21
:1024C000A94204D90C2333600020BDE8F883DFF86B
:1024D000D48000F069F8D8F800301C4644BB294687
:1024E0003046FFF7BFFF431C044658D1D8F80040E0
:1024F0002746002F43D1002C4BD023683946304665
:1025000004EB030900F0FEFA814542D121686D1AFF
:1025100029463046FFF7A6FF01303AD023682B4406
:102520002360D8F800305A6862BBC8F800700FE02A
:102530002268521B20D40B2A17D96119A3422560A7
:1025400018BF5960636808BFC8F8001062514B603B
:10255000304600F02FF804F10B00231D20F0070097
:10256000C21A1CBF1B1AA350AFE76268A3420CBF7C
:10257000C8F800205A60EBE723466468AEE73C46A3
:102580007F68B6E71A465B68A342FBD1002353601D
:10259000DEE70C233360304600F00CF894E705606A
:1025A000D6E700BFF0DB0020014800F0F8BA00BF1A
:1025B00034DD0020014800F0F3BA00BF34DD002014
:1025C00038B5104B1D682A6B0446B2B91820FFF7C6
:1025D00041FF0246286320B90B4B0C48462100F00E
:1025E000EFFA0B490B4BC0E900130B4B83600B2335
:1025F000838100210120C2E9040100231461536199
:1026000038BD00BFD80000200C4C0108234C010845
:102610000E33CDAB34126DE6ECDE0500164B10B573
:102620001C68226BB2B91820FFF714FF0246206322
:1026300020B9124B1248522100F0C2FA1149124B34
:10264000C0E90013114B83600B238381002101201B
:10265000C2E9040113690E4854690E49584301FB4D
:102660000400A3FB0131013340EB0100C2E9043057
:1026700020F0004010BD00BFD80000200C4C010825
:10268000234C01080E33CDAB34126DE6ECDE0500B1
:102690002DF451582D7F954C002310B50446C0E908
:1026A0000033C0E90433836081814366C281836162
:1026B000194608225C3000F047F90D4B63620D4B60
:1026C000A3620D4BE3620D4B23630D4B24629C42CE
:1026D00006D003F16802944202D0D0339C4205D167
:1026E00004F15800BDE8104000F058BA10BD00BF1A
:1026F000BD280108E32801081B2901084129010818
:10270000F4DB0020024A0349034800F06BB800BF25
:10271000CC000020AD390108DC00002041680C4BE2
:10272000994210B5044601D001F040F9A168094B67
:10273000994202D0204601F039F9E168064B9942EE
:1027400004D02046BDE8104001F030B910BD00BFF4
:10275000F4DB00205CDC0020C4DC00200C4B0D4AC4
:102760000D4810B504211A600022FFF795FF0A4BAF
:1027700001221C46092103F16800FFF78DFF04F1D7
:10278000D0000222BDE810401221FFF785BF00BF34
:102790002CDD002005270108F4DB0020014800F0B3
:1027A000FEB900BF35DD0020014800F0F9B900BFD7
:1027B00035DD002010B50446FFF7F0FF236A1BB19A
:1027C000BDE81040FFF7F0BF044B2362044B1B68C9
:1027D000002BF5D1FFF7C2FFF2E700BF1D2701086C
:1027E0002CDD00202DE9F8430746884614460026D4
:1027F000D4E90195B9F1010905D52468002CF7D178
:102800003046BDE8F883AB89012B07D9B5F90E3006
:10281000013303D029463846C04706436835E9E707
:102820000EB410B59DB01FAB029006906FF0004142
:102830000A48079104910A4953F8042B0591002492
:1028400002A9006801931B9400F082FA029B1C709D
:102850001DB0BDE8104003B0704700BFD800002095
:102860000802FFFF0EB470B59DB021AC00254FF4F7
:10287000017254F8046BADF814201B950290069079
:10288000EDF77EFC0B4B039007900B480B934FF634
:10289000FF73ADF816303246234602A900680F9543
:1028A0001495019400F0A6FB1DB0BDE8704003B084
:1028B000704700BFDF280108D800002010B50C4683
:1028C000B1F90E1000F00CF90028ABBF636DA389BD
:1028D0001B1823F48053ACBF6365A38110BD002097
:1028E00070472DE9F0411F468B89DB0505460C46F4
:1028F000164605D5B1F90E100223002200F0DEF8CD
:10290000A389B4F90E1023F48053A38132463B46C9
:102910002846BDE8F04100F005B910B50C46B1F904
:102920000E1000F0CBF8B4F90C30421C0BBF23F4AE
:10293000805343F48053A381A38118BF606510BD09
:10294000B1F90E1000F04CB802440346934200D196
:10295000704703F8011BF9E7C9B20346184613F89C
:10296000012B12B18A42F9D17047002918BF00200B
:102970007047000070B50E4E05460A44914201D1E1
:10298000002013E015F8013B11F8014BF05C00F05A
:1029900003000128305D00F0030008BF2033012848
:1029A00008BF2034181B01D1002CE7D170BD00BF37
:1029B000064D01080A7870B56AB970BD9A4209D10E
:1029C0000C46054614F8013F002BF6D015F8016FB0
:1029D0009E42F7D001300378002BEFD11846ECE788
:1029E00038B5064D0023044608462B60EEF78BF9F8
:1029F000431C02D12B6803B1236038BD30DD0020B9
:102A00002D4B1B68834270B5044653D0C3691BB37A
:102A1000DB6863B10025E369DB685959B1B9043556
:102A2000802DF8D1E3692046D96800F0E7F8E36922
:102A3000196811B1204600F0E1F8E3699D685DB1C5
:102A4000294620462D6800F0D9F8F8E70E682046A0
:102A500000F0D4F83146E1E7616911B1204600F099
:102A6000CDF8E16911B1204600F0C8F8216B11B131
:102A7000204600F0C3F8616B11B1204600F0BEF8AB
:102A8000A16B11B1204600F0B9F8A16C11B120463C
:102A900000F0B4F8616C11B1204600F0AFF8E16AC3
:102AA00011B1204600F0AAF8236A1BB12046BDE808
:102AB0007040184770BD00BFD800002038B5074DE2
:102AC00004460846114600222A601A46EEF73FF9EE
:102AD000431C02D12B6803B1236038BD30DD0020D8
:102AE00038B5074D04460846114600222A601A46AA
:102AF000EEF7D0F8431C02D12B6803B1236038BD38
:102B000030DD002038B5064D0023044608462B6012
:102B1000EEF72AF9431C02D12B6803B1236038BDBC
:102B200030DD002038B5074D044608461146002226
:102B30002A601A46EEF7CBF8431C02D12B6803B18A
:102B4000236038BD30DD0020014B1868704700BF9E
:102B5000D800002070B50D4B0D4D5B1B9C1000265E
:102B6000A64209D101F0A4FB0A4D0B4B5B1B9C1044
:102B70000026A64205D170BD55F8043B98470136A2
:102B8000EEE755F8043B98470136F2E7104E01088E
:102B9000104E0108104E0108144E0108704770478E
:102BA00070470A44914200F1FF3300D1704710B5DD
:102BB00011F8014B03F8014F9142F9D110BD00000B
:102BC0001FB514461A46094B1B680546D8684CB118
:102BD000074B0091CDE9013406492B4600F00EFF6A
:102BE00000F0AAFF044B1C46F3E700BFD80000200A
:102BF0007B4C0108884C0108B64C010838B50546E5
:102C0000002941D051F8043C0C1F002BB8BFE41838
:102C1000FFF7CAFC1D4A136833B963601460284685
:102C2000BDE83840FFF7C6BCA34208D92068211888
:102C30008B4201BF19685B6809182160EDE71A46ED
:102C40005B680BB1A342FAD911685018A0420BD1AE
:102C500020680144501883421160E0D118685B6815
:102C6000536008441060DAE702D90C232B60D6E7E2
:102C7000206821188B4204BF19685B68636004BF39
:102C8000091821605460CAE738BD00BFF0DB00209E
:102C90002DE9F0478E681F46BE4282460C4690469C
:102CA000334653D8B1F90C0010F4906F2BD06569FE
:102CB0002368096905EB4505A3EB010905EBD5750B
:102CC0007B1C6D104B44AB422A4684BF1D462A46EE
:102CD000430527D511465046FFF7E6FB064658B395
:102CE00021694A46FFF75DFFA38923F4906343F00F
:102CF0008003A381266165614E44A5EB090526602A
:102D0000A5603E463B461F4620683A46414600F0D5
:102D1000FAFEA3689B1BA36023683B44236000204A
:102D2000BDE8F087504600F00EFF06460028E1D1CE
:102D300021695046FFF762FF0C23CAF80030A389CF
:102D400043F04003A3814FF0FF30E9E73E46DBE765
:102D50002DE9F0471F468B891B069CB006460D46A1
:102D6000144610D50B6973B94021FFF79DFB28600D
:102D7000286130B90C2333604FF0FF301CB0BDE840
:102D8000F08740236B610023099320238DF82930BD
:102D900003973023654F8DF82A304FF00108234602
:102DA000994613F8012B0AB1252AF9D1B9EB040A87
:102DB0000BD05346224629463046FFF769FF0130C3
:102DC00000F0A480099A5244099299F80030002B2F
:102DD00000F09C8000234FF0FF32CDE9052309F17C
:102DE0000109049307938DF853301A934C464F48CA
:102DF00014F8011B0522EDF7CBF9049BD0B9D806D6
:102E000044BF20228DF85320190744BF2B228DF890
:102E1000532099F800202A2A13D0079A4C46002004
:102E20004FF00A0C214611F8013B303B092B49D9E0
:102E300068B913E0C01B08FA00F018430490A146DB
:102E4000D4E7039A111D12680391002A01DB07924F
:102E500004E0524243F002030792049323782E2B9E
:102E60000AD163782A2B32D1039B1A1D1B68039267
:102E700043EAE37302340593DFF8B4902178032228
:102E80004846EDF785F938B1049BA0EB09004022D4
:102E9000824013430134049314F8011B25488DF834
:102EA00028100622EDF774F9002835D0224818BB07
:102EB000039B073323F0070308330393099B034461
:102EC00009936CE70CFB02320C460120AAE70023B1
:102ED0000134059319464FF00A0C204610F8012BD7
:102EE000303A092A03D9002BC6D00591C4E70CFB60
:102EF000012104460123F0E703AB00932A460F4B60
:102F000004A93046AFF30080421CD7D1AB895B06E1
:102F10003FF532AF099831E703AB00932A46074BE0
:102F200004A9304600F052FAEEE700BFB74C0108A2
:102F3000BD4C0108C14C010800000000912C0108A3
:102F400038B54B1C144603D14FF0FF35284638BD29
:102F5000938923F020039381636B5268CDB28BB1C8
:102F6000A36B934208DD23685A1E226003F8015CBC
:102F7000636801336360E9E7214600F08AFD0028B9
:102F8000F1D0E1E72169236851B1994208D213F8E1
:102F9000011CA94204D1013B013223606260D5E7E4
:102FA000C4E90F3204F1440363630323A36323469C
:102FB00003F8465F23600123DCE710B50C46496B3C
:102FC00069B104F14403994201D0FFF717FE236C65
:102FD00063600020606313B1E36B236010BD23695D
:102FE000236000236360A38943F02003A3814FF093
:102FF000FF30F3E72DE9F04FADF5237D41AC0D46F1
:103000000021C4E9031101A96161AF49C4F87C1131
:10301000DFF8B8B2AE49C4F880110746E84600931D
:1030200092F80090B9F1000F00F060811BF80930B0
:1030300013F0080302F101061BD06B68002B10DDB2
:103040002B681A781BF80220120701D43246E7E7F2
:103050002269013222616A680133013A6A602B6099
:10306000EBE7D4F880312946384698470028E7D066
:10307000ECE7B9F1250F40F084802360A36053781A
:103080002A2B02BF1023961C23600A22B2461AF88C
:10309000011BA1F13003092B1DD98E4B03221846C9
:1030A000EDF776F838B18B4B2268C01A01238340C4
:1030B00013432360564616F8013B782B06D8572B4E
:1030C00010D8252B5DD057D8002B76D00323A361D1
:1030D0000A23636089E0A36802FB03113039A16011
:1030E0005646D3E7A3F15802202AEFD801A151F8A0
:1030F00022F000BFC9310108CD300108CD300108F0
:1031000025320108CD300108CD300108CD3001084D
:10311000CD300108CD300108CD300108CD30010897
:103120003B320108213201087F3101087F3101085B
:103130007F310108CD300108DB310108CD300108B5
:10314000CD300108CD300108CD3001084B320108E7
:10315000E3310108C1310108CD300108CD3001084B
:1031600047320108CD30010821320108CD30010875
:10317000CD300108C9310108453B022BA6D80523F3
:1031800032E06B68002B0DDD2B681A784A4540F061
:10319000AD8001336A682B602369013A01336A60AC
:1031A000236153E7D4F880312946384698470028F0
:1031B000EAD0E068002840F091804FF0FF3091E0C5
:1031C000226842F020022260226842F400722260EB
:1031D00010226E2B626006D801E000236360032397
:1031E00002E0082363600423A3616B68002B3CDDCD
:1031F0002368590605D42B681A781BF80220120799
:103200003BD4A369022B4BDC43462A462146384671
:1032100000F002FA012869D002287FF417AFC8E74E
:103220000A22D6E7314601A800F0FAFB236843F0F2
:103230004003236006460123D6E7236843F040039A
:1032400023600023D0E70223CEE72068C3063FF5C2
:10325000FDAED8F800302269191DC8F800101B68AF
:10326000C0074CBF1A801A60F0E6D4F880312946B6
:10327000384698470028BBD09BE72269013222617B
:103280006A68013A002A6A6002DD01332B60B2E706
:10329000D4F880312946384698470028ABD088E7D3
:1032A000042B06DC43462A462146384600F00EFA37
:1032B000B0E7094B002B3FF4C9AE43462A462146EE
:1032C0003846AFF30080A5E7412F0108064D0108FD
:1032D000BB2F0108BD4C010800000000AB895B0654
:1032E0003FF56BAF0DF5237DBDE8F08FE068F9E7A2
:1032F0002DE9F047164698468A680B69DDF820905C
:103300009342B8BF1346336091F8432007460C46FA
:103310000AB1013333602368990642BF3368023330
:103320003360256815F0060506D104F1190AE36833
:1033300032689B1AAB4226DC94F843302268003B8B
:1033400018BF012392062BD404F1430241463846AC
:10335000C84701301ED02368226903F00603042BFE
:1033600002BFE5683368ED1AA3680CBF25EAE5756E
:1033700000259342C4BF9B1AED1800261A34B542AB
:103380001AD1002008E00123524641463846C8477A
:10339000013003D14FF0FF30BDE8F0870135C6E7BB
:1033A000E1185A1C302081F84300224494F845105B
:1033B00082F843100233C7E70123224641463846CC
:1033C000C8470130E6D00136D9E700002DE9F043C7
:1033D0000D7E85B0782D90460C9E07460C4699468A
:1033E00001F1430207D8622D0AD8002D00F0D780E2
:1033F000582D00F0BC8004F1420684F842503BE0B6
:10340000A5F16303152BF6D801A151F823F000BFF5
:10341000693401087D340108F7330108F7330108E6
:10342000F7330108F73301087D340108F733010849
:10343000F7330108F7330108F73301088535010830
:10344000A734010837350108F7330108F7330108BD
:10345000A7350108F7330108A7340108F73301083D
:10346000F73301083F35010833681A1D1B683260C5
:1034700004F1420684F842300123A1E03368206859
:10348000191D3160060601D51D6803E04506FBD510
:10349000B3F90050002D03DA2D236D4284F8433038
:1034A0005B480A2311E021683368080653F8045B7F
:1034B00002D4490648BFADB23360237E54486F2B17
:1034C0005CD10823002184F843106668A660002EB2
:1034D00005DB21682E4321F00401216050D01646FF
:1034E000B5FBF3F103FB115C10F80CC006F801CD3D
:1034F000AC4663450D46F3D9082B0BD12368DB0797
:1035000008D5236961689942DEBF302306F8013C83
:1035100006F1FF36921B2261CDF80090434603AAC4
:1035200021463846FFF7E4FE01304ED14FF0FF3020
:1035300005B0BDE8F083236843F0200323603548DD
:10354000782584F845502368316813F0800F51F8CE
:10355000045B03D113F0400F18BFADB23160D9073F
:1035600044BF43F0200323601DB11023AAE728487D
:10357000E7E7236823F020032360F6E70A23A1E7A7
:103580001646B9E7336825686169181D30602E0654
:103590001B6801D5196002E06806FBD5198000237D
:1035A00023611646B8E733681A1D32601E686268E8
:1035B00000213046ECF7ECFD08B1801B60606368C9
:1035C0002361002384F84330A6E72369324641464D
:1035D0003846C8470130A9D023689B0713D4E06858
:1035E000039B9842B8BF1846A2E7012332464146E2
:1035F0003846C847013099D00135E36803995B1A12
:10360000AB42F2DCEBE7002504F11906F5E700BF59
:10361000C84C0108D94C01082DE9F84315468A68C1
:1036200080460C4632B98A69002A14BF4FF0FF3237
:1036300001228A602268DFF89090D1065FBF1A6885
:10364000111D196016680027A06988B1012807D1EB
:103650002B681A7863699B5C53B9002F32D023E042
:10366000022821D12B681B7819F803301B071BD4C3
:103670002368DA065EBF2B681B7806F8013B6B688F
:10368000013B6B602B6801332B60A368013B013762
:10369000A3604BB16B68002BD6DCD4F8803129468F
:1036A000404698470028CFD0236813F0100305D177
:1036B000E2680132E260A26902B1337023693B44DF
:1036C00023610020BDE8F883064D01082DE9F04F85
:1036D0009846734B0C468246164693E8070087B01F
:1036E00003AB83E807006F4BA1696F4A032908BF4A
:1036F0001A46A36801925A1EB2F5AE7F84BF6FF4DA
:10370000AE7503EB0509274684BF40F25D13A36045
:1037100057F81C3B43F4506398BF4FF000092360F7
:103720003D464FF0000B316803AB097853F82B008E
:103730000222ECF72DFD28B3BBF1010F58D16268CE
:103740002AB92268082142F400726160226022686E
:1037500022F4A0622260A268511EA16092B1326878
:10376000511C3160127805F8012B7268013A002A69
:10377000726007DCD4F8802131465046904700281B
:1037800040F083800BF1010BBBF1030FCBD16168DB
:1037900009B90A216160454B6069591A00F040F986
:1037A0004FF0000BA3682268002B3DD031686069A0
:1037B00091F800C010F80C00002835D0BCF1300F93
:1037C00024D1100522D50BF1010BB9F1000F03D064
:1037D000013309F1FF39A3607368013B002B73606B
:1037E0001BDD336801333360A368013BA360D9E775
:1037F000BBF1020FAFD1226802F4C061B1F5007FC6
:10380000C5D11021616042F48072A3E722F41062F6
:1038100022600B7805F8013BDEE7D4F880313146B1
:10382000504698470028DFD02368DB050DD5BD4200
:1038300009D915F8011CD4F87C3132465046984716
:1038400005F1FF394D46BD4227D0226812F0100223
:1038500012D12A706368019E39465046B047D8F8A5
:10386000003021681A1DC8F800208E061B680FD58D
:103870001860E3680133E3602369ED1B5D442B446A
:103880002361002007B0BDE8F08F4FF0000BCBE7BD
:10389000CA074CBF18801860EBE70120F2E700BFB1
:1038A0006C450108993C0108793D0108FA4C010872
:1038B000B1F90C20F8B5160705460C4651D44B68F3
:1038C000002B02DC0B6C002B49DDE66A002E46D093
:1038D000002312F480522F682B6031D0626DA389CF
:1038E000590705D56368D21A636B0BB1236CD21AE2
:1038F0000023E66A216A2846B047421CB4F90C301E
:1039000006D129681D2945D8274ACA40D60741D57E
:1039100000226260D9042269226004D5421C01D1D0
:103920002B6803B96065616B2F60C1B104F144037A
:10393000994202D02846FFF761F9002363630EE045
:10394000216A01232846B0470246501CC7D12B6884
:10395000002BC4D01D2B01D0162B19D12F600020B5
:103960001DE00F69002FFAD093070E6808BF4B695E
:103970000F6018BF0023F61B8B60002EEFDD216A5D
:10398000D4F828C033463A462846E047002807DCEA
:10399000B4F90C3043F04003A3814FF0FF30F8BD81
:1039A0000744361AE9E700BF0100402038B50B692B
:1039B00005460C4613B90025284638BD18B1036AE0
:1039C0000BB9FEF7F7FEB4F90C30002BF3D0626EA2
:1039D000D00704D4990502D4A06DFFF7E0F828467B
:1039E0002146FFF765FF636EDA070546E4D4A38935
:1039F0009B05E1D4A06DFFF7D3F8DDE70EB403B566
:103A0000014603AB054853F8042B0068019300F00E
:103A1000DDF902B05DF804EB03B07047D800002078
:103A200070B50B7804465E2B0BBF4B784A1C8A1C82
:103A3000002108BF0121013804F1FF0500F8011F32
:103A4000A842FBD10BB9501E70BD81F00101E154B9
:103A50001046024612F8015B2D2D05D05D2D16D0C3
:103A6000002DF1D02B46F2E746785D2EFAD0B34216
:103A7000F8DC02301A4601329642A154FBDCF21AFD
:103A8000013AB342A8BF002201331344E1E71046D4
:103A9000DAE72DE9F0410C46496B04F14403994201
:103AA0001DD14FF48061FEF7FFFC18B94FF0FF30D5
:103AB000BDE8F0814FF48063A36394F846306063FF
:103AC00080F8FF3394F8453080F8FE3394F84430A2
:103AD00080F8FD3300F2FD3020600020E8E7A66B9F
:103AE00077003A4600F02FF805460028DED000EBBC
:103AF0000608014632464046FFF753F8C4E90D5721
:103B0000C4F80080E9E7884210B501EB020402D94D
:103B10008442234607D8431EA14207D011F8012B47
:103B200003F8012FF8E70244824200D110BD13F8D8
:103B3000011D02F8011DF7E708B5062000F014FB8F
:103B40000120EDF79CF82DE9F041074614460D469B
:103B500021B9BDE8F0411146FEF7A6BC2AB9FFF72E
:103B60004DF825462846BDE8F08100F019FB844257
:103B7000064602D8B4EB500FF4D821463846FEF77B
:103B800093FC804608B94546ECE7B44222462946F4
:103B900028BF3246FFF705F829463846FFF72EF8CA
:103BA000F1E70000242B2DE9F0478646904601D826
:103BB000012B06D1FEF7C8FF162303600020BDE8E5
:103BC000F08734480D462A4615F8014B065D16F07D
:103BD0000806F8D12D2C10D12C780126951C33F035
:103BE000100215D1302C0DD12A7802F0DF02582AAC
:103BF00008D16C78023510230AE02B2C04BF2C78F6
:103C0000951CECE7002BF6D1302C14BF0A230823B7
:103C100006F1004C0CF1FF3C0022BCFBF3F910460E
:103C200003FB19CAA4F13007092F0FD83C46A34261
:103C30001BDD571C07D0814514D301D1A24511DBF0
:103C400000FB0340012215F8014BEBE7A4F141070B
:103C5000192F01D8373CEAE7A4F16107192F04D8DE
:103C6000573CE4E74FF0FF32EDE7531C08D1222325
:103C7000CEF800306046B8F1000FA0D0691E06E013
:103C800006B14042B8F1000F99D0002AF6D1C8F829
:103C9000001094E7064D0108FFF784BF2DE9F043BB
:103CA000344E86460D46284615F8014B375D17F011
:103CB0000807F8D12D2C10D12C780127851C33F062
:103CC000100015D1302C0DD1287800F0DF005828D5
:103CD00008D16C78023510230AE02B2C04BF2C7815
:103CE000851CECE7002BF6D1302C14BF0A230823E7
:103CF0004FF0FF380026B8FBF3F803FB08F96FEA32
:103D000009093046A4F1300CBCF1090F10D8644603
:103D1000A3421EDDB6F1FF3F07D0804516D301D187
:103D2000A14513DB00FB0340012615F8014BE9E731
:103D3000A4F1410CBCF1190F01D8373CE8E7A4F11C
:103D4000610CBCF1190F04D8573CE1E74FF0FF3686
:103D5000EBE7731C06D12223CEF80030304632B98F
:103D6000BDE8F08307B14042002AF9D006B1691ED0
:103D70001160F5E7064D0108FFF790BF9368013B1E
:103D8000002B10B4936007DA9469A34201DB0A297F
:103D900002D110BC00F02EB91368581C10601970C5
:103DA000084610BC7047F8B506460F461446D518AD
:103DB000AC4201D1002007E014F8011B3A4630461E
:103DC000FFF7DCFF431CF3D1F8BD00002DE9F047FD
:103DD0000D469CB014461F46064618B1036A0BB93F
:103DE000FEF7E8FC6B6ED90705D4AB899A0502D4BF
:103DF000A86DFEF7D4FEAB891B0701D52B699BB9D3
:103E00002946304600F034F970B16B6EDC0704D5FA
:103E10004FF0FF301CB0BDE8F087AB899805F7D4B0
:103E2000A86DFEF7BDFEF3E70023099320238DF86C
:103E30002930039730236A4F8DF82A304FF001085C
:103E40002346994613F8012B0AB1252AF9D1B9EB7B
:103E5000040A0BD05346224629463046FFF7A3FFFB
:103E6000013000F0A480099A5244099299F8003078
:103E7000002B00F09C8000234FF0FF32CDE905239A
:103E800009F10109049307938DF853301A934C46B6
:103E9000534814F8011B0522ECF77AF9049BD0B9BA
:103EA000D90644BF20228DF853201A0744BF2B2285
:103EB0008DF8532099F800202A2A13D0079A4C46EF
:103EC00000204FF00A0C214611F8013B303B092B32
:103ED00049D968B913E0C01B08FA00F018430490F0
:103EE000A146D4E7039A111D12680391002A01DB51
:103EF000079204E0524243F00203079204932378AE
:103F00002E2B0AD163782A2B32D1039B1A1D1B68F2
:103F1000039243EAE37302340593DFF8C8902178F3
:103F200003224846ECF734F938B1049BA0EB0900B2
:103F30004022824013430134049314F8011B2A48A1
:103F40008DF828100622ECF723F900283ED02748E8
:103F500018BB039B073323F0070308330393099B24
:103F6000034409936CE70CFB02320C460120AAE7DC
:103F700000230134059319464FF00A0C204610F82F
:103F8000012B303A092A03D9002BC6D00591C4E78A
:103F90000CFB012104460123F0E703AB00932A4602
:103FA000134B04A93046AFF30080431CD7D16B6E8E
:103FB000D90705D4AB899A0502D4A86DFEF7F0FDA8
:103FC000AB895B063FF524AF099823E703AB009369
:103FD0002A46074B04A93046FFF7F8F9E5E700BF8A
:103FE000B74C0108BD4C0108C14C0108000000009D
:103FF000A73D0108F8B50E461446054618B1036AF8
:104000000BB9FEF7D7FBA369A360A3891A0701D5F3
:10401000236943B92146284600F02AF818B14FF029
:10402000FF373846F8BD23682269981A6369F6B2EB
:104030008342374605DC21462846FFF7B7FC0028B7
:10404000EDD1A368013BA36023685A1C22601E7057
:104050006269431C9A4204D0A389DB07E1D50A2E8A
:10406000DFD121462846FFF7A1FC0028D9D0D6E7AA
:1040700038B5284B054618680C4618B1036A0BB9C9
:10408000FEF798FBB4F90C301A0721D4D80607D4F0
:1040900009222A6043F04003A3814FF0FF3030E053
:1040A000590712D5616B41B104F14403994202D022
:1040B0002846FEF7A3FD002363630022B4F90C3009
:1040C00062602269226023F0240343F00803A38185
:1040D00022693AB99A0501D5180603D52146284622
:1040E00000F08AF8B4F90C3013F001020AD0002273
:1040F000A26062695242A261226942B913F0800053
:10410000C8D138BD990758BF6269A260F4E70020A2
:10411000F7E700BFD80000201F2938B505460C4638
:1041200004D9162303604FF0FF3038BDC26B12B1C3
:1041300052F821304BB9284600F030F822460146AB
:104140002846BDE8384000F017B8012B0AD0591CAA
:1041500003D1162303600120E7E7002142F8241071
:10416000204698470020E0E7024B01461868FFF719
:10417000D3BF00BFD800002038B5074D0023044648
:10418000084611462B60ECF76AFD431C02D12B68F0
:1041900003B1236038BD00BF30DD0020ECF758BD0F
:1041A00051F8043C181F002BBCBF0B58C0187047B7
:1041B00070B50C46B1F90E10002996B015461E4692
:1041C0000ADAA18911F0800113D14FF48062002036
:1041D00031602A6016B070BD6A4600F047F80028CA
:1041E000EFDB019901F47041A1F5005359425941A7
:1041F000EBE700214022EAE78B8973B59E0705466D
:104200000C4607D504F14703236023610123636152
:1042100002B070BD01AB6A46FFF7CAFF009E284698
:104220003146FEF741F9B4F90C3038B99A05EFD4AC
:1042300023F0030343F00203A381E3E743F0800389
:10424000A381019B2060C4E90406002BE0D0B4F9EF
:104250000E10284600F01CF80028D9D0A38923F0BE
:10426000030343F00103A381D2E7000038B5074DF3
:1042700000230446084611462B60ECF74FFD431C13
:1042800002D12B6803B1236038BD00BF30DD0020B0
:1042900038B5064D0023044608462B60ECF74DFD6B
:1042A000431C02D12B6803B1236038BD30DD0020F0
:1042B000F8B500BFF8BC08BC9E467047F8B500BF13
:0842C000F8BC08BC9E467047E3
:1042C80064656661756C745461736B00256473254D
:1042D8003033643A000000006C6576656C3A256CF2
:1042E800752064626D0D0A0070756220256420696E
:1042F80074656D0D0A00000066616B65206C65735E
:10430800733A207072655F737A2025642063757232
:104318005F737A2025640D0A0000000074785F70CE
:1043280075625F71756575655F66756C6C0D0A0001
:104338007075625F7274636D0000000070756C6C5C
:104348005F7274636D000000756172745F636F6DF6
:1043580031000000756172745F636F6D3200000098
:10436800256473253033643A0000000041542B540F
:1043780052414E530D0A0D0A4F4B0D0A0000000022
:10438800257300002B2B2B0041542B5600000000F6
:104398000D0A4552524F520D0A000000302E302EA1
:1043A8003600000076657273696F6E3A25730D0AE0
:1043B8000D0A4F4B0D0A000041542B4D4F44453D0B
:1043C80025640D0A0D0A4F4B0D0A000041542B4D70
:1043D8004F44453D25640D0A000000000D0A4F4B6F
:1043E8000D0A000041542B545950453D25640D0ACF
:1043F8000000000041542B545950453D256C750D63
:104408000A0D0A4F4B0D0A0041542B5057523D25B7
:10441800640D0A0041542B5057523D256C750D0A06
:104428000D0A4F4B0D0A000041542B4652513D25B1
:10443800642E253033642025642E253033640D0A1C
:104448000000000041542B4652513D25642E253072
:1044580033642025642E253033640D0A0D0A4F4B32
:104468000D0A000041542B42414E443D256420254D
:10447800640D0A0041542B42414E443D256C752081
:10448800256C750D0A0D0A4F4B0D0A0041542B423D
:1044980050533D25640D0A0041542B4250533D258D
:1044A8006C640D0A0D0A4F4B0D0A000041542B0095
:1044B8000D0A0000636D645B25645D206E6F2073D8
:1044C80065742063620D0A001200240030000000A9
:1044D80006000C00100000000000000001000000B1
:1044E8000200000049444C4500000000546D722051
:1044F80053766300546D725100000000B22700002B
:1045080000000000C194C1000000000030313233C7
:104518003435363738396162636465666768696A55
:104528006B6C6D6E6F707172737475767778797A5B
:1045380000000000303132333435363738394142E3
:10454800434445464748494A4B4C4D4E4F505152BB
:10455800535455565758595A000000003C4E554C74
:104568004C3E0000FC4C0108FF4C0108024D0108BC
:10457800C842010800000000000000000000000020
:104588000000000000020000180000000000000009
:1045980000000000ED0D000800000000510E0008AA
:1045A800C10E0008F50E0008110F0008250F0008BD
:1045B8004D0F0008750F00088F0F0008C90F00087D
:1045C800511100089111000871110008B511000877
:1045D800C3100008BD170008E91700083D180008B7
:1045E80015180008004B00000207020000960000A2
:1045F8000205040024F40000020501000000000088
:10460800FB4C86000DD58A00F6990C00E1E6930074
:104618001AAA1500EC331900177F9F003981A100F1
:10462800C2CD270034542B00CF18AD00D867320014
:10463800232BB400D5B2B8002EFE3E00894EC5002B
:1046480072024300849B4F007FD7C90068A85600B8
:1046580093E4D000657DDC009E315A00B0CF640041
:104668004B83E200BD1AEE00465668005129F70058
:10467800AA6571005CFC7D00A7B0FB00E9D10C00C5
:10468800129D8A00E40486001F48000008379F0036
:10469800F37B190005E21500FEAE9300D050AD0083
:1046A8002B1C2B00DD85270026C9A10031B63E0052
:1046B800CAFAB8003C63B400C72F3200609FC90033
:1046C8009BD34F006D4A43009606C50081795A0076
:1046D8007A35DC008CACD00077E05600591E6800B3
:1046E800A252EE0054CBE200AF876400B8F8FB009A
:1046F80043B47D00B52D71004E61F700D2A31900B7
:1047080029EF9F00DF769300243A150033458A008D
:10471800C8090C003E900000C5DC8600EB22B800FA
:10472800106E3E00E6F732001DBBB4000AC42B0031
:10473800F188AD000711A100FC5D27005BEDDC00EE
:10474800A0A15A0056385600AD74D000BA0B4F00DD
:104758004147C900B7DEC5004C924300626C7D003A
:104768009920FB006FB9F70094F57100838AEE0079
:1047780078C668008E5F64007513E2003B7215000E
:10478800C03E930036A79F00CDEB1900DA9486004F
:1047980021D80000D7410C002C0D8A0002F3B40088
:1047A800F9BF32000F263E00F46AB800E31527006F
:1047B8001859A100EEC0AD00158C2B00B23CD000FA
:1047C80049705600BFE95A0044A5DC0053DA43009B
:1047D800A896C5005E0FC900A5434F008BBD7100A8
:1047E80070F1F7008668FB007D247D006A5BE200BB
:1047F80091176400678E68009CC2EE00A4473300DE
:104808005F0BB500A992B90052DE3F0045A1A00098
:10481800BEED260048742A00B338AC009DC692004D
:10482800668A1400901318006B5F9E007C200100BC
:10483800876C870071F58B008AB90D002D09F60089
:10484800D645700020DC7C00DB90FA00CCEF6500D8
:1048580037A3E300C13AEF003A766900148857009D
:10486800EFC4D100195DDD00E2115B00F56EC400F4
:104878000E224200F8BB4E0003F7C8004D963F00D9
:10488800B6DAB9004043B500BB0F3300AC70AC00DA
:10489800573C2A00A1A526005AE9A00074179E00DB
:1048A8008F5B180079C21400828E920095F10D007A
:1048B8006EBD8B009824870063680100C4D8FA0095
:1048C8003F947C00C90D70003241F600253E690016
:1048D800DE72EF0028EBE300D3A76500FD595B000B
:1048E8000615DD00F08CD1000BC057001CBFC800B6
:1048F800E7F34E00116A4200EA26C40076E42A0073
:104908008DA8AC007B31A000807D26009702B900FD
:104918006C4E3F009AD73300619BB5004F658B0002
:10492800B4290D0042B00100B9FC8700AE8318001D
:1049380055CF9E00A3569200581A1400FFAAEF0004
:1049480004E66900F27F65000933E3001E4C7C0031
:10495800E500FA001399F600E8D57000C62B4E0062
:104968003D67C800CBFEC40030B2420027CDDD0051
:10497800DC815B002A185700D154D1009F352600EE
:104988006479A00092E0AC0069AC2A007ED3B5003F
:10499800859F330073063F00884AB900A6B4870094
:1049A8005DF80100AB610D00502D8B0047521400DB
:1049B800BC1E92004A879E00B1CB1800167BE3000C
:1049C800ED3765001BAE6900E0E2EF00F79D70006F
:1049D8000CD1F600FA48FA0001047C002FFA4200D4
:1049E800D4B6C400222FC800D9634E00CE1CD10013
:1049F80035505700C3C95B003885DD000100000051
:104A08000300000005000000010000000100000094
:104A1800060000000A00000020000000020000005C
:104A28000400000008000000100000004000000022
:104A380080000000000100000002000000000000EB
:104A4800000000000000000000000000010000005D
:104A5800020000000300000004000000A08601001E
:104A6800400D0300801A060000350C0040420F007C
:104A780080841E0000093D0000127A000024F40022
:104A880000366E010048E801006CDC0200000000FE
:104A9800000000000000000000000000010002000B
:104AA8000400060008000A000C0010002000400066
:104AB800800000010101010307010000080402044D
:104AC800080101018DE2000845E3000875E30008CC
:104AD8002DE4000843E40008F7E400081DE5000899
:104AE80035E9000859EB000871ED000821EE0008CF
:104AF80011F0000837F0000845F000088DF10008B3
:104B0800BDF1000821F2000839F200085DF2000842
:104B180079F200089FF20008C5F2000821F30008A6
:104B28007DF3000829F40008C5F0000845F10008E5
:104B380011F8000849F80008A5F9000831FD000837
:104B48006D15010891150108A1010108B9010108B5
:104B580004050600C01200001F000000A81600008F
:104B680017000000841C00000F000000E42500006E
:104B78001E000000B42D00001600000008390000D7
:104B88000E0000002C4C00001D000000685B0000B7
:104B980015000000747200000D0000005898000015
:104BA8001C00000034B7000014000000E8E4000016
:104BB8000C000000783101001B000000686E010045
:104BC8001300000034CA01000B0000002862020034
:104BD8001A00000040DB0200120000003C930300B2
:104BE8000A000000C0C204001900000060B30500FC
:104BF80011000000382007000900000020A107006C
:104C0800000000005245454E54206D616C6C6F6386
:104C180020737563636565646564002F6275696CEC
:104C2800642F676E752D746F6F6C732D666F722DA0
:104C380073746D33325F31342E332E72656C312EBE
:104C480032303235313032372D303730302F7372C1
:104C5800632F6E65776C69622F6E65776C69622F5A
:104C68006C6962632F7374646C69622F72616E641D
:104C78002E63002C2066756E6374696F6E3A20008F
:104C8800617373657274696F6E20222573222066C2
:104C980061696C65643A2066696C65202225732217
:104CA8002C206C696E65202564257325730A002302
:104CB8002D302B2000686C4C006566674546470020
:104CC800303132333435363738394142434445463A
:104CD80000303132333435363738396162636465D0
:104CE8006600412D46612D6638393031323334350E
:104CF80036375D002B2D003030007858000020201A
:104D08002020202020202028282828282020202073
:104D18002020202020202020202020202020881033
:104D28001010101010101010101010101010040493
:104D3800040404040404040410101010101010419A
:104D4800414141414101010101010101010101010B
:104D580001010101010101010110101010101042A0
:104D680042424242420202020202020202020202DB
:104D780002020202020202020210101010200000B9
:104D8800000000000000000000000000000000001B
:104D9800000000000000000000000000000000000B
:104DA80000000000000000000000000000000000FB
:104DB80000000000000000000000000000000000EB
:104DC80000000000000000000000000000000000DB
:104DD80000000000000000000000000000000000CB
:104DE80000000000000000000000000000000000BB
:104DF80000000000000000000000000000000000AB
:084E080078B3FE7F01000000F9
:044E10006501000830
:044E14004101000850
:104E18000141542B56000000000000000000000073
:104E2800513B00080241542B46525100000000003B
:104E3800013E0008C13E00080341542B5057520060
:104E480000000000453D0008C93D00080441542BFE
:104E580042414E44000000005D3F0008F13F000859
:104E68000541742B5459504500000000893C000846
:104E78000D3D00080641542B4D4F444500000000ED
:104E8800FD3B0008BD3B00080741542B5452414EDE
:104E9800530000007D3A0008000000000841542B30
:104EA800425053000000000029400008A9400008B3
:104EB80000000000000000000000000000000000EA
:104EC8000000000000093D0010000000AAAAAAAADC
:104ED800FF000000144501083C45010800000000DF
:104EE80003000000F4DB0020DC00002000000000CC
:104EF800F4DB00205CDC0020C4DC002000000000A3
:104F08000000000000000000000000000000000099
:104F18000000000000000000000000000000000089
:104F28000000000000000000000000000000000079
:084F3800000000000000000071
:0400000508001935A1
:00000001FF
