:020000040800F2
:1000000000000120B51600087909000881090008E0
:1000100089090008910900089909000800000000FA
:1000200000000000000000000000000021A7000800
:10003000A10900080000000001A9000849A9000862
:100040000517000805170008AD0900080517000886
:100050000517000805170008051700080517000810
:100060000517000805170008051700080517000800
:100070000517000805170008D5090008C109000880
:10008000E9090008FD090008051700080517000820
:1000900000000000051700080517000805170008F4
:1000A00005170008051700080517000805170008C0
:1000B00005170008051700080517000805170008B0
:1000C00005170008051700080517000805170008A0
:1000D000110A0008250A000805170008051700087E
:1000E0000517000805170008390A00080517000859
:1000F00005170008000000000000000005170008B8
:1001000005170008051700084D0A00080517000824
:10011000051700080517000805170008051700084F
:10012000051700080517000805170008051700083F
:0801300005170008051700087F
:1001400010B5054C237833B9044B13B10448AFF311
:1001500000800123237010BD280100200000000052
:10016000302E010808B5034B1BB103490348AFF318
:10017000008008BD000000002C010020302E010886
:10018000034613F8012B002AFBD1181A01387047D7
:1001900001F0FF01102A2BDB10F0070F08D010F838
:1001A000013B013A8B422DD010F0070F42B3F6D13C
:1001B000F0B441EA012141EA014122F007047FF055
:1001C00000070023F0E80256083C85EA010586EAAC
:1001D000010685FA47F5A3FA87F586FA47F6A5FAE8
:1001E00087F68EB9EED1F0BC01F0FF0102F00702F4
:1001F00032B110F8013B013A83EA010313B1F8D19F
:100200000020704701387047002D06BF354603387F
:10021000073815F0010F07D1013015F4807F02BFB8
:10022000013015F4C03F0130F0BC0138704700BF09
:1002300053B94AB9002908BF00281CBF4FF0FF314D
:100240004FF0FF3000F088B9ADF1080C6DE904CE35
:1002500000F006F8DDF804E0DDE9022304B07047A1
:100260002DE9F047089D0F4604468C46002B48D1E7
:100270008A42164661D9B2FA82F34BB1C3F1200229
:1002800001FA03FC20FA02F29E4042EA0C0C9C4068
:100290004FEA164EB7B2BCFBFEF1220C0EFB11CC9E
:1002A00042EA0C4201FB07F0904209D9B21801F171
:1002B000FF3C80F0EE80904240F2EB800239324405
:1002C000121AA4B2B2FBFEF00EFB102244EA024462
:1002D00000FB07F7A74209D9341900F1FF3280F07B
:1002E000DA80A74240F2D7803444023840EA014025
:1002F000E41B00211DB1DC400023C5E90043BDE83B
:10030000F0878B4206D90DB1C5E9000100210846EE
:10031000BDE8F087B3FA83F1002948D1BB4202D38C
:10032000824200F20781841A67EB0302012094469F
:10033000002DE4D0C5E9004CE1E7002A00F09280EE
:10034000B2FA82F3002B40F0A8808A1A4FEA164EC8
:100350001FFA86FC0121200CB2FBFEF70EFB1722D0
:1003600040EA02420CFB07F0904207D9B21807F1AD
:10037000FF3802D2904200F2E2804746121AA4B23D
:10038000B2FBFEF00EFB102244EA02440CFB00FC20
:10039000A44507D9341900F1FF3202D2A44500F276
:1003A000CB801046A4EB0C0440EA0740A2E7C1F161
:1003B00020068B4022FA06FC4CEA030C07FA01F4F3
:1003C00020FA06F3F7404FEA1C49234300FA01F8EC
:1003D0001FFA8CFEB7FBF9F01C0C09FB107744EAFE
:1003E000074400FB0EF7A74202FA01F20AD91CEB00
:1003F000040400F1FF3A80F09B80A74240F298800D
:1004000002386444E41B9FB2B4FBF9F309FB1344C4
:1004100047EA044403FB0EFEA64509D91CEB04047D
:1004200003F1FF3780F08280A6457FD9023B644408
:1004300043EA0040A4EB0E04A0FB02E7BC42734673
:10044000B94663D360D05DB1B8EB030264EB090435
:1004500004FA06F622FA01F31E43CC40C5E9006413
:1004600000214CE76208480842EAC1710B0C43EADC
:1004700000438AB242EA0342B3FBF6F1E407B44612
:100480003746B6461F23B0FBF6F0D21B41EA0041C7
:1004900061E7614614E7104628E7C3F1200120FA1E
:1004A00001F29E4027FA01F19F403A434FEA164E6F
:1004B0001FFA86FCB1FBFEF70EFB1710110C41EA88
:1004C000004107FB0CF8884504FA03F43AD9711887
:1004D00007F1FF3001D288451FD8A1EB0801B1FB1D
:1004E000FEF808FB0CF70EFB181192B242EA01422B
:1004F000BA422FD2B21808F1FF31C6D2BA42C4D2E2
:10050000A8F102013244C0E7F0459CD2BEEB0203E1
:1005100067EB0C070138B94695E7A6EB080841449C
:10052000B81EB1FBFEF808FB0CF7DCE73B467FE7A3
:10053000504667E70846FBE63444023832E7023F9C
:1005400032441BE7A1EB08013846B1FBFEF808FB7B
:100550000CF7C8E7414698E7704700BF80B500AF89
:10056000044A0021044809F037FB0346034A13609C
:1005700000BF80BDF8300108810500084405002057
:1005800080B582B000AF786001F0BDF84FF48062B2
:100590000949002003F08CFD02F018FF02F060FF13
:1005A000064802F0A7FF02F08BFB00200BF088F951
:1005B00000BF0837BD4680BD4401002095420008B9
:1005C00080B485B000AF78604FF0B0439A6C4FF0C4
:1005D000B0417B6813438B644FF0B0439A6C7B68E7
:1005E0001340FB60FB6800BF1437BD4680BC7047FA
:1005F00080B500AF0420FFF7E3FF0120FFF7E0FF25
:10060000002205210E2003F0FEFF0E2004F015F855
:10061000022205210F2003F0F6FF0F2004F00DF851
:1006200000220521112003F0EEFF112004F005F84F
:1006300002220521102003F0E6FF102003F0FDFF49
:1006400000BF80BD80B485B000AF78604FF0B0438C
:10065000DA6C4FF0B0417B681343CB644FF0B0438A
:10066000DA6C7B681340FB60FB6800BF1437BD4643
:1006700080BC704780B586B000AF3B1D00221A6079
:100680005A609A60DA601A610220FFF7DBFF0120EE
:10069000FFF7D8FF0420FFF7D5FF00224FF4E271E7
:1006A0000A4804F0F5FD4FF4E2737B600123BB6060
:1006B0000023FB6000233B613B1D1946034804F007
:1006C00087FC00BF1837BD4680BD00BF000400484E
:1006D00080B483B000AF78604FF0B043D3F890306F
:1006E00023F018024FF0B0417B681343C1F89030FB
:1006F00000BF0C37BD4680BC704780B500AF03F02B
:100700009BFE00F00BF8FFF7B5FF09F0FDF9FFF7CE
:1007100025FF09F02BFA00BFFDE7000080B59AB075
:1007200000AF07F1200348220021184610F0CCFE4C
:1007300007F1080300221A605A609A60DA601A61B1
:100740005A6104F0BDFD0020FFF7C2FF264B1B6875
:1007500023F4C063244A43F400731360224B1B68E4
:1007600003F4C0637B607B6805233B624FF48033F6
:100770007B628123FB620023BB620223FB640323B1
:100780003B6510237B650923BB654FF40033FB6594
:100790004FF080437B664FF000733B6607F1200308
:1007A000184605F037F80346002B01D000F01EF87C
:1007B0004F23BB600323FB6000233B6100237B616D
:1007C0000023BB610023FB6107F1080302211846E7
:1007D00005F0A2FB0346002B01D000F007F800BF94
:1007E0006837BD4680BD00BF0004005880B400AF2C
:1007F00072B600BF00BFFDE780B400AF4FF0B0435A
:10080000D3F890304FF0B04243F40043C2F8903038
:1008100000BFBD4680BC704780B485B000AF786033
:100820004FF0B0439A6D4FF0B0417B6813438B6536
:100830004FF0B0439A6D7B681340FB60FB6800BFCC
:100840001437BD4680BC704780B58CB000AF3B1DEF
:100850002C220021184610F037FE224B224A1A6043
:10086000204B1F229A601F4B00221A611D4B002251
:100870005A611C4B00229A611A4B4FF08042DA6198
:10088000184B00221A62174B4FF480725A621548B7
:1008900005F0FEFF0346002B01D0FFF7A7FF11482C
:1008A00006F0F4FA0346002B01D0FFF79FFF002368
:1008B0003B620023BB600023BB614FF00053FB6130
:1008C0004FF48073FB623B1D00221946054806F079
:1008D00061F80346002B01D0FFF788FF00BF3037D7
:1008E000BD4680BD480500200028004080B590B07E
:1008F00000AF786007F1080338220021184610F095
:10090000E3FD7B681B68164A934225D14FF4803380
:10091000BB604FF48073FB6307F10803184605F0D2
:100920009DFE0346002B01D0FFF760FFFFF764FF39
:100930004FF48060FFF770FF00220521022003F0D2
:1009400062FE022003F079FE002205212A2003F036
:100950005AFE2A2003F071FE00BF4037BD4680BD1D
:100960000028004080B500AF00220F216FF0010089
:1009700003F049FE00BF80BD80B400AF00BFFDE7BB
:1009800080B400AF00BFFDE780B400AF00BFFDE75B
:1009900080B400AF00BFFDE780B400AF00BFFDE74B
:1009A00080B400AF00BFBD4680BC704780B500AFCB
:1009B000024806F0A7FA00BF80BD00BF480500202E
:1009C00080B500AF024804F02BF800BF80BD00BF27
:1009D0009407002080B500AF024804F021F800BF62
:1009E00080BD00BF5408002080B500AF024804F06D
:1009F00017F800BF80BD00BF3407002080B500AFEE
:100A0000024804F00DF800BF80BD00BFF4070020CD
:100A100080B500AF024807F097F900BF80BD00BF66
:100A20009C05002080B500AF024807F08DF900BF9B
:100A300080BD00BF6806002080B500AF024806F008
:100A400011F900BF80BD00BF4805002080B500AF90
:100A5000024806F0C5FD00BF80BD00BF8005002034
:100A600080B485B000AF78604FF0B0435A6E4FF05D
:100A7000B0417B6813434B664FF0B0435A6E7B68BE
:100A80001340FB60FB6800BF1437BD4680BC704755
:100A900080B500AF064B08221A60054806F01EFB21
:100AA0000346002B01D0FFF7A1FE00BF80BD00BFB1
:100AB0008005002080B582B000AF78600120FFF78C
:100AC000CFFF00220521322003F09DFD322003F0EC
:100AD000B4FD00BF0837BD4680BD80B483B000AF11
:100AE00078604FF0B0439B6823F400424FF0B04170
:100AF0007B6813438B6000BF0C37BD4680BC7047DA
:100B000080B500AF0020FFF7E8FF0FF06DFD0A4B46
:100B100001221A7000F07CF80FF066FB07480FF016
:100B20007FFB00200FF08AFB0FF042FC0121012027
:100B30000FF07EFC00BF80BD8C050020410B00083B
:100B400080B586B002AF7860396007F108031846B7
:100B50000FF012FDBB68B7F90C200092074A102174
:100B6000786800F015F87868FFF70AFB03469AB238
:100B70003B681A8000BF1037BD4680BD542E010867
:100B800080B500AF002102200FF022FC00BF80BD25
:100B90000CB480B584B000AF7860396007F11C03F5
:100BA000FB603968FB68BA69786810F0C1F800BF6B
:100BB0001037BD46BDE8804002B0704780B483B0B6
:100BC00000AF7860002318460C37BD4680BC7047E4
:100BD00080B582B000AF00237B60064B1B78002BF2
:100BE00002D000F09DF978607B6818460837BD4652
:100BF00080BD00BF8C05002080B582B000AF78605A
:100C00007B68184600F013FA00BF0837BD4680BD68
:100C100080B500AF03F030FC03F034FC03F038FC87
:100C200000BF80BD80B400AF01231846BD4680BC24
:100C3000704780B582B000AF7860396010F044FD35
:100C4000034616221A604FF0FF3318460837BD4698
:100C500080BD80B582B000AF78604FF0FF3178681A
:100C6000FFF7E7FF00BFFDE780B586B000AFF86093
:100C7000B9607A6000237B610AE0AFF3008001462F
:100C8000BB685A1CBA60CAB21A707B6901337B61B7
:100C90007A697B689A42F0DB7B6818461837BD4654
:100CA00080BD80B586B000AFF860B9607A6000237F
:100CB0007B6109E0BB685A1CBA601B781846AFF329
:100CC00000807B6901337B617A697B689A42F1DB42
:100CD0007B6818461837BD4680BD80B483B000AF2E
:100CE00078604FF0FF3318460C37BD4680BC704724
:100CF00080B483B000AF786039603B684FF4005235
:100D00005A60002318460C37BD4680BC704780B43B
:100D100083B000AF7860012318460C37BD4680BC15
:100D2000704780B485B000AFF860B9607A60002386
:100D300018461437BD4680BC7047000080B586B0A9
:100D400000AF7860144A154BD31A7B617B693B6115
:100D5000134B1B68002B02D1114B124A1A60104B27
:100D60001A687B6813443A699A4207D210F0ACFCC7
:100D700003460C221A604FF0FF3309E0084B1B6852
:100D8000FB60074B1A687B681344054A1360FB68D5
:100D900018461837BD4680BD00000120000800003D
:100DA000900500200000001080B483B000AF786090
:100DB0007B689B6818460C37BD4680BC70470000B6
:100DC00080B582B000AF0023FB71144B1B7883F019
:100DD0000103DBB2002B1BD0114B4FF0FF321A6323
:100DE000FFF732FD00F056F84FF480710C4805F023
:100DF000DDFE0B4B4FF0FF321A63094806F014F882
:100E0000002000F0D3F900F05FF8044B01221A70C3
:100E1000FB7918460837BD4680BD00BF9405002009
:100E20004805002080B58EB000AF7860002387F8B9
:100E3000373007F108032C220021184610F044FB3C
:100E400000F028F8114B1B687A6813447B6000237C
:100E50007B627B68DB43FB600023FB614FF0005348
:100E60003B624FF480733B6307F10803012219468C
:100E7000074805F08FFD0346002B01D0FFF7B6FCB5
:100E800097F8373018463837BD4680BD98050020A2
:100E90004805002080B582B000AF0023FB71084BED
:100EA0000122DA654FF48071064805F07FFE054B9C
:100EB0004FF0FF321A63FB7918460837BD4680BDF4
:100EC000002800404805002080B500AF00F08EF9F2
:100ED0000346034A1360024B1B68184680BD00BFDF
:100EE0009805002080B400AF024B1B681846BD4631
:100EF00080BC70479805002080B582B000AF002309
:100F00007B6000F073F90246044B1B68D31A7B60C8
:100F10007B6818460837BD4680BD00BF9805002095
:100F200080B582B000AF00237B60064B1B78002B9E
:100F300002D000F05BF978607B6818460837BD4640
:100F400080BD00BF9405002080B483B000AF0023B3
:100F50007B6003237B607B6818460C37BD4680BCF2
:100F60007047B0B584B000AF78600021F96079684F
:100F700000200A460346950D94024FF47A724FF012
:100F8000000320462946FFF753F902460B46134655
:100F9000FB60FB6818461037BD46B0BD2DE9B00FA9
:100FA00085B000AF78600021F960796800200C46B8
:100FB0000546204629464FF0000A4FF0000B4FEA45
:100FC000411B4BEAD06B4FEA401A50465946021B70
:100FD00061EB05034FF000004FF00001990041EA7A
:100FE0009271900002460B4612EB040843EB050990
:100FF0004FF000024FF000034FEAC90343EA587371
:101000004FEAC80290469946404649464FF00002D2
:101010004FF00003820A42EA81528B0A1346FB60BA
:10102000FB6818461437BD46BDE8B00F704780B561
:1010300084B000AF78607868FFF793FFF86000F045
:10104000D5F8B86000E000BF00F0D0F80246BB68F9
:10105000D31AFA689A42F6D800BF00BF1037BD46CF
:1010600080BD80B582B000AF78600FF00BFC00BF90
:101070000837BD4680BD80B584B000AF786000F011
:10108000A5F8F860FB680133184600F08FF800BF40
:101090001037BD4680BD2DE9B04F8CB000AF7861F0
:1010A0000023FB6200F0A2F8B86200F08FF87862CB
:1010B0007B6A0022BB60FA604FF000024FF0000331
:1010C000B9680B000022B96A00200C46054612EBF5
:1010D000040843EB0509C7E90689D7E906014FF083
:1010E00000024FF00003820A42EA81528B0A134643
:1010F000FB62BB6900223B607A603B68C3F3090A6C
:101100004FF0000BC7E906ABBB691846FFF746FF77
:1011100003469AB27B691A80FB6A18463037BD468F
:10112000BDE8B08F80B582B000AF78607A680021EA
:10113000034805F00BFF00BF0837BD4680BD00BF68
:101140004805002080B582B000AF78607A68012140
:10115000034805F0FBFE00BF0837BD4680BD00BF59
:101160004805002080B582B000AF00237B600021DD
:10117000044805F003FF78607B6818460837BD46D1
:1011800080BD00BF4805002080B582B000AF0023BD
:101190007B600121044805F0F1FE78607B68184609
:1011A0000837BD4680BD00BF4805002080B582B02D
:1011B00000AF78607A680221034805F0C7FE00BFDF
:1011C0000837BD4680BD00BF4805002080B582B00D
:1011D00000AF0221044805F0D1FE78607B68184614
:1011E0000837BD4680BD00BF4805002080B582B0ED
:1011F00000AF0B48FFF7D8FD786003E00848FFF721
:10120000D3FD78600648FFF7CFFD02467B68934226
:10121000F4D17B68DB4318460837BD4680BD00BF6C
:101220000028004080B485B000AF78604FF0B04334
:10123000DA6C4FF0B0417B681343CB644FF0B0439E
:10124000DA6C7B681340FB60FB6800BF1437BD4657
:1012500080BC704780B485B000AF78604FF0B04379
:101260009A6D4FF0B0417B6813438B654FF0B043EC
:101270009A6D7B681340FB60FB6800BF1437BD4666
:1012800080BC704780B485B000AF78604FF0B04349
:101290001A6E4FF0B0417B6813430B664FF0B043BA
:1012A0001A6E7B681340FB60FB6800BF1437BD46B5
:1012B00080BC704780B500AF224B234A1A60214B97
:1012C0004FF4E1325A601F4B00229A601D4B0022FE
:1012D000DA601C4B00221A611A4B0C225A61194B1E
:1012E00000229A61174B0022DA61164B00221A6223
:1012F000144B00225A62134B00229A62114806F0E6
:1013000039FB0346002B01D0FFF770FA00210D488E
:1013100008F0F7F90346002B01D0FFF767FA002128
:10132000084808F02CFA0346002B01D0FFF75EFABC
:10133000044808F0AEF90346002B01D0FFF756FA37
:1013400000BF80BD9C0500200038014080B500AF83
:10135000224B234A1A60214B4FF4E1325A601F4B53
:1013600000229A601D4B0022DA601C4B00221A6199
:101370001A4B0C225A61194B00229A61174B00221A
:10138000DA61164B00221A62144B00225A62134B88
:1013900000229A62114806F0EDFA0346002B01D0B4
:1013A000FFF724FA00210D4808F0ABF90346002BA3
:1013B00001D0FFF71BFA0021084808F0E0F90346C6
:1013C000002B01D0FFF712FA044808F027F9034672
:1013D000002B01D0FFF70AFA00BF80BD680600208D
:1013E0000044004080B596B000AF786007F1440338
:1013F00000221A605A609A60DA601A6107F10C03E1
:1014000038220021184610F05FF87B681B688B4A71
:10141000934240F085800123FB604FF440333B61F1
:1014200007F10C03184605F019F90346002B01D00B
:10143000FFF7DCF94FF48040FFF724FF0120FFF7AE
:10144000F1FE4FF4C0637B640223BB640023FB64A2
:1014500003233B6507237B6507F1440319464FF0DF
:10146000904003F0B5FD764B764A1A60744B122219
:101470005A60734B10229A60714B0022DA60704BF5
:1014800080221A616E4B00225A616D4B00229A61D4
:101490006B4B0022DA616A4B00221A62684803F043
:1014A000DBF80346002B01D0FFF7A0F97B68644A04
:1014B000DA67634A7B689362634B644A1A60624BE3
:1014C00011225A60604B00229A605F4B0022DA6062
:1014D0005D4B80221A615C4B00225A615A4B0022FC
:1014E0009A61594B0022DA61574B4FF480521A62CD
:1014F000554803F0B1F80346002B01D0FFF776F909
:101500007B68514AC3F880204F4A7B68936200226F
:101510000521242003F077F8242003F08EF888E0DA
:101520007B681B684A4A934240F083800223FB6039
:101530004FF440237B6107F10C03184605F08EF849
:101540000346002B01D0FFF751F94FF40030FFF7AD
:1015500081FE0120FFF766FE0C237B640223BB643F
:101560000023FB6403233B6507237B6507F14403EA
:1015700019464FF0904003F02BFD364B364A1A6067
:10158000344B14225A60334B10229A60314B0022A4
:10159000DA60304B80221A612E4B00225A612D4BAB
:1015A00000229A612B4B0022DA612A4B00221A6238
:1015B000284803F051F80346002B01D0FFF716F935
:1015C0007B68244ADA67234A7B689362234B244A68
:1015D0001A60224B13225A60204B00229A601F4B44
:1015E0000022DA601D4B80221A611C4B00225A61D6
:1015F0001A4B00229A61194B0022DA61174B4FF403
:1016000080521A62154803F027F80346002B01D0D8
:10161000FFF7ECF87B68114AC3F880200F4A7B681B
:10162000936200220521252002F0EDFF252003F022
:1016300004F800BF5837BD4680BD00BF00380140E8
:10164000340700206C000240F407002080000240B4
:101650000044004094070020580002405408002035
:101660004400024080B483B000AF78600023184685
:101670000C37BD4680BC704780B400AF00231846CD
:10168000BD4680BC704780B483B000AF78600B4625
:101690007B80002318460C37BD4680BC704780B461
:1016A00083B000AF7860002318460C37BD4680BC7D
:1016B000704700000D48854602F08EFE0C480D492B
:1016C0000D4A002302E0D458C4500433C4188C429D
:1016D000F9D30A4A0A4C002301E013600432A24203
:1016E000FBD30FF0F7FFFFF708F8FEE7000001203B
:1016F0000000002028010020A03901082801002056
:1017000018DD0020FEE780B500AFFFF7F9F902F021
:10171000AFF800BF80BD80B483B000AF78607B6855
:10172000D3E90023104619460C37BD4680BC7047EC
:1017300090B587B000AFF860B9601346FB80002316
:10174000FB8210E0FB8ADB00BA68D418F868FFF768
:10175000E2FF02460B46C4E90023FB680833FB6046
:10176000FB8A0133FB82FA8AFB889A42EAD300BFE4
:1017700000BF1C37BD4690BD80B58AB000AFF86091
:10178000B9601346FB8000233B620023FB842FE0FB
:10179000BB6803F10802BA60D3E90023C7E9062356
:1017A00003F0F2FAD7E90623F968012003F0A8FA5A
:1017B0000346FB7503F00AFBFB7D002B12D003F000
:1017C0001FFB386203F0E0FA4FF47A7003F022FB5B
:1017D000D7E90623F968012003F092FA0346FB7566
:1017E00003F0F4FAFB680833FB60FB8C0133FB84E5
:1017F000FA8CFB889A42CBD300BF00BF2837BD4686
:1018000080BD000080B588B000AFF860B9601346B5
:10181000FB80FB68B3F1006FC0F08480FB68444A32
:1018200093427FD8FB6803F178433B613B69DB0A55
:10183000FB613B69C3F30A03DB087B837B8BC3F546
:1018400080733B83FA883B8B9A4201D8FB883B83A9
:10185000FB6903F58033DB024FF48072354918468B
:10186000FFF766FFFA8A3B8B9A4234D203F08CFA78
:10187000314B4CF2FA321A61F86903F091FB022005
:101880000AF092F82C4B5B692B4A23F47E7323F009
:101890000203536103F09AFA0023FB8210E0FB8AF3
:1018A000DB00BA681344F98A7A8B1144D3E9002328
:1018B0002048C9000144C1E90023FB8A0133FB82AF
:1018C000FA8A3B8B9A42EAD33B8B1A46B968F8688E
:1018D000FFF752FF05E03B8B1A46B968F868FFF73F
:1018E0004BFFFA883B8B9A421ED0FB690133FB61A8
:1018F00000237B833B8BDB00BA681344BB603B8BCC
:10190000FA681344FB60FA883B8BD31AFB80FB8890
:10191000B3F5807F03D94FF480733B8398E7FB884E
:101920003B8395E700BF00E000BF2037BD4680BD88
:10193000FFFF0308B80800200040005880B5A4B09D
:1019400000AFF860B9601346FB7107F11403682219
:10195000002118460FF0B8FD0123C7F88C30002392
:10196000C7F8883018E097F90730D7F88C209A42EA
:101970000CD0D7F888305A1CC7F88820D7F88C20AC
:1019800052B290333B4403F87C2C00E000BFD7F800
:101990008C300133C7F88C30D7F88C20BB689A4262
:1019A000E1DD0AF053F9034618460FF0C9FBBB68A6
:1019B000013BC7F8843032E00FF0F0FB0346D7F864
:1019C000842093FBF2F2D7F8841001FB02F29B1AF9
:1019D000DBB20133DBB287F87F3007F11402D7F8AE
:1019E000843013441B7887F87E3097F97F3090332A
:1019F0003B4413F97C1C07F11402D7F884301344DC
:101A00000A461A7097F97F3090333B4497F87E204E
:101A100003F87C2CD7F88430013BC7F88430D7F822
:101A20008430002BC8DCFB68002B06D0BA6807F1B5
:101A300014031946F8680FF074FE0023C7F88030CD
:101A400015E0D7F880200F4B83FB02131911D31731
:101A5000CB1A322101FB03F3D31A002B02D105204C
:101A600009F0A2FFD7F880300A33C7F88030D7F8E2
:101A70008020BB689A42E4DB00BF00BF9037BD46C0
:101A800080BD00BF1F85EB5180B584B000AF78608A
:101A900039607B68BB600023FB6012E0FA680D4B85
:101AA00083FB02131911D317CB1A322101FB03F365
:101AB000D31A002B02D1012009F076FFFB680A330C
:101AC000FB60FA683B689A42E8DB00BF00BF103752
:101AD000BD4680BD1F85EB5180B582B000AF0023AD
:101AE0003B600E4B19683B4601220D480BF06EF926
:101AF00078607B68002B0AD03B68002B07D0094B2D
:101B00004FF080521A60BFF34F8FBFF36F8F064BB9
:101B1000DB6A984700BF0837BD4680BDA01900208A
:101B2000EBA0000804ED00E05436010880B586B053
:101B300000AFF860084611461A4603467B810B4603
:101B40003B811346FB7100233B61304B9B69012BAA
:101B500005D17B891A46F9682D4801F0AFFD2D4A61
:101B60003B8913802C4AFB7913707B89FF2B28BF9C
:101B7000FF239BB21A46294B5A60284B04221A6055
:101B80007B89FF2B28BFFF239BB21A46F9682448A4
:101B90000FF0C7FD1D4B5B6E002B04D1214B5B6B1F
:101BA0004FF4FA609847194B5B6E012B0AD1002362
:101BB0003B611D4B196807F1100304221B480BF011
:101BC00005F978611A4B1B68184609F03DFC03467D
:101BD000002B16D1164B186807F1100200230F498D
:101BE00009F080F978617B69002B0AD03B69002BF2
:101BF00007D0104B4FF080521A60BFF34F8FBFF3E6
:101C00006F8F00BF1837BD4680BD00BFB8100020E1
:101C10007C1A0020781A00207A1A0020901A0020DE
:101C2000981A002054360108A0190020EBA00008E3
:101C30009819002004ED00E080B400AF034B0122AE
:101C40001A6000BFBD4680BC704700BF6C1A002000
:101C500080B582B000AF00237B600E4B01221A607A
:101C60000D4B1B68002B11D00B4B19683B1D082234
:101C70000A480BF0ABF87B68002B07D0084B4FF0FD
:101C800080521A60BFF34F8FBFF36F8F00BF0837CA
:101C9000BD4680BD701A0020A0190020EBA00008EE
:101CA00004ED00E080B582B000AF00237B60134BF1
:101CB00001221A60124B5B6E002B04D1114B5B6B3F
:101CC0004FF4FA609847104B1B68002B11D00E4B55
:101CD00019683B1D10220D480BF078F87B68002B2B
:101CE00007D00B4B4FF080521A60BFF34F8FBFF3FA
:101CF0006F8F00BF0837BD4680BD00BF741A00203B
:101D0000B810002054360108A0190020EBA00008EC
:101D100004ED00E080B400AF024B1846BD4680BC25
:101D2000704700BFB810002080B500AF0A4B0B4AC7
:101D30001A60094B0A4A9A60074B0A4A5A60064BD6
:101D4000094ADA60044B094A1A61094B1B680248C8
:101D500098470023184680BD501A0020D91A000861
:101D60002D1B0008391C0008511C0008A51C000888
:101D70005436010890B58FB00AAFF860B9607A6048
:101D8000FB70144BDB68F8689847124BDC6997F9D5
:101D900020107B6A089300230793002306930023F7
:101DA0000593012304930023039306230293FB78F6
:101DB00001937B680093BB6800220120A047054B7C
:101DC0005B6DFF2101209847002318461437BD465C
:101DD00090BD00BF5436010890B58FB00AAFF860CF
:101DE000B9607A60FB70164BDB68F8689847144B53
:101DF0009C69FB7801220992002208920022079236
:101E000000220692012205920022049200220392EF
:101E10000522029206220192002200927A68B96895
:101E20000120A047064B5B6DFF2101209847044B22
:101E30005B6B386A9847002318461437BD4690BD3F
:101E40005436010880B483B000AF78607B68074ADD
:101E5000934205D97B68064A934201D8012300E0EA
:101E6000002318460C37BD4680BC7047806DC335D3
:101E7000FF27503780B487B000AF78607B68254A71
:101E8000A2FB03239B093B613B69224AA2FB03128D
:101E900092094FF47A7101FB02F29B1AFB60002356
:101EA0007B61FB68F92B02D87D237B6123E0FB6813
:101EB000F92B07D9FB68B3F5FA7F03D240F2771309
:101EC0007B6118E0FB68B3F5FA7F08D3FB6840F24A
:101ED000ED22934203D840F271237B610BE0FB6853
:101EE00040F2ED22934206D9FB68B3F57A7F02D225
:101EF00040F26B337B613A697B6913444FF47A7229
:101F000002FB03F33B613B6918461C37BD4680BCAE
:101F1000704700BFD34D621080B582B000AF7860CB
:101F2000294B1B680133284A13607B681C221A6006
:101F30007B680A225A74244B1A687B68DA607B68D3
:101F4000224A5A60224B1B69DAB27B681A747B689A
:101F500003F112001E4B1A6913469B0013445B00E9
:101F600020331B4A13440A2219460FF0DAFB184BA0
:101F70001A6913469B0013445B002033144A9818D7
:101F80007B681733052219460FF0CBFB104B1A69FB
:101F900013469B0013445B00053320330C4A98180A
:101FA0007B681233052219460FF0BBFB7B681B6868
:101FB0001946786801F032FC02467B68DA6100BF9E
:101FC0000837BD4680BD00BFB41B0020EDFEEDFE0E
:101FD000A819002080B485B000AF78600023FB739F
:101FE0007A680A4B13440A4AA2FB03239B09BB608D
:101FF000BB68074AA2FB03231B09FB7397F90F3049
:1020000018461437BD4680BC704700BF80923CCA5A
:10201000D34D621080B485B000AF7860094A7B6808
:102020001344123393F90030FB60FB68064A03FB4C
:1020300002F2064B1344BB60BB6818461437BD461A
:1020400080BC7047301A002090D00300C855C535B9
:1020500080B483B000AF0023FB711C4B1A681C4B8B
:102060001B689A4229D1194BDA69194BDB699A42EC
:1020700023D1164B1A6B164B1B6B9A421DD1134B77
:102080009A6C134B9B6C9A4217D1104BDA6C104B25
:10209000DB6C9A4211D10D4B1A6D0D4B1B6D9A42A0
:1020A0000BD10A4B5A6D0A4B5B6D9A4205D1074B17
:1020B000DA6D074BDB6D9A4201D00123FB71FB798E
:1020C00018460C37BD4680BC704700BF2011002069
:1020D000B810002080B592B002AF0523FB63022345
:1020E000BB6301237B63644B1B6B7B624FF0FF334D
:1020F0003B630023FB620CE0604AFB6A52F833301A
:102100007A6A9A4202D1FB6A3B6305E0FB6A0133BB
:10211000FB62FB6A022BEFDD3B6BB3F1FF3F12D09A
:10212000564A3B6BDB0013441B79BB63534A3B6B42
:10213000DB0013445B79FB63504A3B6BDB001344C9
:102140009B797B6303E04C4B4FF416421A634A4B76
:102150009B69002B03D0484B9B6B032B74D100234E
:10216000BB62454BDB69002B23D1434B9B6CBB62AD
:10217000414BDA6D3B1D424918460FF011F93B1DEA
:102180001846FDF7FDFF03469AB23B1D114618465F
:1021900001F0BEFB7B6BDAB2374BDB6D5BB242F218
:1021A0001071019100931346FA6BB96BB86AFFF78F
:1021B000E1FD314BDB69012B0CD12F4BDB6CBB629A
:1021C0007B6BDBB24FF4FA620092FA6BB96BB86AC0
:1021D000FFF702FEB86AFFF735FE0346002B30D04A
:1021E000254B01225A66B86AFFF744FE0346254A8A
:1021F0001360244ABB6B5360224AFB6B93607B6B7A
:10220000DAB2204B1A731F4B00221A611D4B0022B9
:102210005A611C4B00229A61B86AFFF7DBFE034645
:102220001A46184BDA61174B1B68184600F032F853
:10223000144BDB695BB21A4665211348FFF77EFB3E
:1022400002E00D4B00225A66FFF702FF0346002B07
:102250000CD00E4A084B1046194668231A460FF058
:1022600060FA0D2209490A48FFF7CCFA0023184604
:102270004037BD4680BD00BFB81000206C3101085A
:10228000602E0108A8190020C81900202011002084
:1022900000E80308B0B58CB00AAF78602A4B5B6EDB
:1022A000012B4DD1284BDB69002B23D1274BDB6859
:1022B00078689847254BDC69234BDB6D59B2244B7A
:1022C0005868234B9B68224A127B42F2107508958E
:1022D00000250795002506950025059501250495FF
:1022E00000250395062502950192009303460022DE
:1022F0000120A047144BDB69012B21D1134BDB6874
:1023000078689847114B9C69114B5968104B9A6833
:102310000F4B1B7B012009900020089000200790A4
:1023200000200690012005900020049000200390DA
:102330000520029006200190002000900120A04777
:1023400000BF0837BD46B0BDB810002054360108A4
:10235000A819002080B584B002AF78600022042163
:10236000074802F095FF0023009300230022032179
:1023700078680AF0F3F900BF0837BD4680BD00BF9A
:102380000004004880B582B000AF786000220421CC
:10239000034802F07DFF00BF0837BD4680BD00BF87
:1023A0000004004880B582B002AF104B00930023B8
:1023B00000225A2100200AF073F903460C4A1360E8
:1023C000002300930B4B00224FF0FF310A480EF020
:1023D0001BF94FF4C87108480EF02AFA00220421B4
:1023E000064802F055FF00BFBD4680BD55230008DA
:1023F000981B0020852300089C1B00200004004837
:1024000090B583B002AF104B1B6818460AF0B4FCBD
:102410000346002B13D1012204210C4802F038FF9F
:102420000B480EF027F9084B1C6809F00FFC024618
:10243000002300930023012120460AF08FF900BFFA
:102440000437BD4690BD00BF981B00200004004823
:102450009C1B002080B586B002AF786039600523F0
:10246000FB60074B1868FB68009300230122796822
:1024700007F0A4FCB860BB6818461037BD4680BDA5
:10248000A0190020B0B5D2B000AF07F5A473A3F532
:10249000A27318600023C7F83431002387F847314E
:1024A0000023C7F840310023C7F83C31282009F049
:1024B0007BFAB54BDB69042B01D001F071FA4FF0C8
:1024C000FF33C7F830311E23C7F83031AE4B1B69DC
:1024D000002B07D0AC4B5B69002B03D1AA4BDB6907
:1024E000012B11D0A94B1B68184608F079FE034652
:1024F0000A2B05D0A54B1B680021184608F0A8FA46
:102500000A2009F051FA7CE1A04B1B6807F1100189
:10251000D7F83021184608F081FD0346002B00F063
:10252000438107F5A473A3F59C735B68002BCDD0A2
:10253000954B5B6E012B40F0E88097F8473183F0B4
:102540000103DBB2002B00F0958007F5A473A3F51F
:102550009C735B68202B40F08D8007F110030833DB
:10256000C7F82831D7F828315B68894A934240F090
:102570008180D7F828311B681C2B7BD1854B1B68C9
:102580001C21184607F0ECFCD7F828311B681A46C6
:1025900007F1100308331146184601F03FF9C7F858
:1025A0002401D7F828311B6807F1100208321344C0
:1025B0001B681A4607F5A473A3F59E731A6007F506
:1025C000A473A3F59E731B68D7F824219A421ED0EA
:1025D000714B1B68C7F83431704AD7F8283114465C
:1025E0001D460FCD0FC495E80F0084E80F00D7F803
:1025F0003401FFF74FFE6A4B5B6B4FF4FA6098476C
:102600000023C7F83C310023C7F84031F9E000232C
:10261000C7F84031012387F84731604AD7F828319D
:1026200014461D460FCD0FC495E80F0084E80F0037
:102630000023C7F83C31D7F83C01FFF7EBFCC7F8A3
:102640003401D7F83401FFF725FE554B5B6BC820EA
:102650009847D7F840310133C7F84031D7F83C31BB
:102660000133C7F83C314D4B5B7C19464D48FFF7B1
:102670000BFAC6E097F84731002B46D0D7F8403127
:102680000133C7F8403107F5A473A3F59C735B6869
:10269000FE2B15D8002387F847313F4B1B68C7F83E
:1026A0003431202200213D480EF00EFFD7F83401CE
:1026B000FFF7F0FD3A4B5B6B4FF4FA60984724E06C
:1026C000D7F83C01FFF7A6FCC7F83401D7F83C3136
:1026D0000133C7F83C31D7F83C31092B0DDD2E4BC7
:1026E0001B68C7F83431D7F83401FFF7D3FD2C4B02
:1026F0005B6B4FF4FA60984707E0D7F83401FFF7B7
:10270000C9FD274B5B6BC8209847FFF779FE8023F4
:10271000C7F820310023C7F838312AE007F5A47341
:10272000A3F59C735A68D7F83831D31AD7F820210B
:10273000934228BF1346C7F81C3107F11002D7F89F
:10274000383108331344C7F81831D7F81C11D7F8BB
:10275000180100F009FFD7F83831002B02D105200D
:10276000FEF74AFAD7F83821D7F820311344C7F8D2
:10277000383107F5A473A3F59C735B68D7F838214B
:102780009A42CBD3A2E600BFB810002098190020CF
:10279000EDFEEDFEA0190020A8190020301A00203F
:1027A00054360108421A0020164B5B6E012B7FF451
:1027B0008DAE00211820FFF74DFEC7F82C01D7F889
:1027C0002C3103F01803002B3FF480AE20220021AF
:1027D0000D480EF079FE0D4B1B68C7F8343100230D
:1027E00087F847310023C7F83C310023C7F8403150
:1027F000D7F83401FFF74EFD054B5B6B4FF4FA60E1
:10280000984763E6B8100020301A0020A81900206D
:102810005436010880B500AF074B01225A61064BC0
:102820000022DA60142009F0BFF8034B00225A613D
:102830000023184680BD00BFB810002080B500AF4F
:10284000054B01225A61044B0122DA60142009F081
:10285000ABF80023184680BDB810002080B5CCB07E
:1028600000AF07F59873A3F5967318600023C7F8B7
:102870000C310023C7F82C3107F59873A3F5927338
:1028800018464FF480731A4600210EF01DFE0023F7
:1028900087F82B310023C7F82431A84B1B69002B84
:1028A00007D0A64B5B69002B03D1A44BDB69002B3F
:1028B00014D0A34B1B68184608F092FC0346142B57
:1028C00008D09F4B1B680021184608F0C1F89D48AE
:1028D00000F086FF0A2009F067F8ABE19A4B1B680D
:1028E000012B15D1954BDB69002B0BD1934B9B69C9
:1028F000012B07D1FFF7EEFB944B1B680121184613
:1029000007F067FB904B00221A60022009F04CF898
:102910008B4B1B6807F586710522184608F07EFB75
:10292000C7F82001874800F06BFFC7F82C01834BE4
:10293000DB68002B40F07681D7F82C31002B00F0BB
:102940007181D7F82C31002B69D07C4B5B6E012B49
:1029500065D197F82B3183F00103DBB2002B5ED0F9
:10296000012387F82B317A4B00225A617948FFF70F
:10297000D3FA012009F018F80A217748FFF784F804
:10298000734B1B690133724A1361714B1B690A2B2C
:1029900002D16F4B00221A616D4B1B68C7F82431BE
:1029A0006E4BDB68D7F82401984707F10C0320220F
:1029B000684918460EF0B5FE694B1B680133694A39
:1029C000136064210120FFF745FDC7F81C01D7F80B
:1029D0001C3103F00103002B0DD0012008F0E4FFAF
:1029E0005E4B9B6A07F10C02202110469847082095
:1029F00008F0DAFF09E0052008F0D6FF574B9B6A84
:102A000007F10C02202110469847554B1B680133F3
:102A1000534A13604B4800F0F3FEC7F82C01D7F877
:102A20002C31FE2B40F2A28007F10C03FF22194645
:102A3000444800F08BFEFFF7E3FCC8210120FFF7BC
:102A400009FDC7F814013D4B5B6E012B1ED1404BB5
:102A50005B691846FFF7DEFAC7F824013F4BDB68D5
:102A6000D7F8240198473A4B5B690133384A5361E0
:102A7000374B5B69092B09DD354B5B6919463A48D1
:102A800000F0D2FD002387F82B31D3E0D7F81431C2
:102A900003F00103002B0CD0314B1B680133314A8A
:102AA00013602E4B9B6A07F10C02FF2110469847DA
:102AB0001FE02B4B1B6801332A4A1360642101205D
:102AC000FFF7C8FCC7F81001D7F8103103F0010375
:102AD000002B07D1214B9B6A07F10C02FF21104606
:102AE000984706E01D4B9B6A07F10C02FF21104638
:102AF0009847124B1B6BB3F5964F03D10C2008F08F
:102B000053FF15E00D4B1B6BB3F5164F03D1082097
:102B100008F04AFF0CE0094B1B6B4FF22442934232
:102B200003D1052008F040FF02E00A2008F03CFF36
:102B30000B4B1B6801330A4A13607AE0B81000207F
:102B40009C190020881100206C1A0020A019002078
:102B5000A8190020301A0020421A0020543601081B
:102B6000A41900208C1A0020702E0108D7F82031FB
:102B7000002B5ED1D7F82C31002B5AD0D7F82C314E
:102B8000FE2B56D82C4B5B6E012B29D1D7F82C315C
:102B9000C7F81831032008F007FF284800F030FE7E
:102BA000C7F82C01D7F82C21D7F818319A4207D949
:102BB000D7F82C21D7F81811214800F035FD39E05D
:102BC000204B5B691846FFF725FAC7F82401D7F8B0
:102BD0002401FFF75FFB1B4B5B690133194A53610B
:102BE000002387F82B3107F10C03D7F82C21194665
:102BF000124800F0ABFD144B9B6AD7F82C21D1B2E0
:102C000007F10C0210469847104B1B680133104A1D
:102C10001360082008F0C8FE0C4B1B6801330B4AF8
:102C2000136006E0084BDB6A98470A2008F0BCFEF8
:102C300033E600BF31E600BFB81000208811002045
:102C4000802E0108A819002054360108A41900207C
:102C50008C1A002080B584B000AF78600B467B8072
:102C6000134B1B69002B1DD0114BDB68002B19D1B6
:102C70000F4BDB69002B15D17B881A4679680D480C
:102C800000F01CFD7B88FB600B4B186807F10C0102
:102C90000023002208F024F80346002B02D1074845
:102CA00000F0C2FC002318461037BD4680BD00BFAF
:102CB000B8100020881100209C190020A42E0108C3
:102CC00080B584B002AF604B00221A615E4B0022D7
:102CD0005A6607F059F803465C4A1360FFF724F878
:102CE00000224FF484710A2007F099FF0346584AE6
:102CF000136000220421142007F091FF0346554A77
:102D000013604FF400625449544800F0BBFC4FF488
:102D100000625149524800F0B5FC052008F044FE1D
:102D2000002301933623009300234FF480624D4922
:102D30004D4808F06BFC7860052008F035FE002354
:102D400001933623009300234FF48062474948489B
:102D500008F05CFC78603D4B1B680421184607F0C6
:102D600038F93A4B1B680121184607F032F9FFF792
:102D700019FB354B3F4A1A60334B01221A61324B23
:102D800000229A61304B01225A612F4B0122DA60F6
:102D90002D4B0122DA612C4B374A9A642A4B364A72
:102DA000DA64294BFA229A62274BFA22DA62264B1E
:102DB0004FF416421A63244B03225A63224B5B6B77
:102DC000214A9363204B0A22DA650D222B492C48B5
:102DD000FEF7AEFC294B1B68264A93420DD0274ACA
:102DE000194B1046194668231A460EF09AFC0D221C
:102DF00022492348FEF706FD1BE0204BDB69124AFF
:102E0000D3611E4B9B6C104A93641C4BDB6C0E4AC7
:102E1000D3641A4B1B6B0C4A1363184B5B6B0A4A47
:102E20005363164B9B6B084A9363144BDB6D064A46
:102E3000D365054B0422DA61034B0122DA600023DB
:102E400018460837BD4680BDB8100020A0190020E4
:102E5000981900209C19002098110020881100204A
:102E60007C1A0020B82E01085D280008C42E010835
:102E700085240008EFBEEDFEC0CA8936201100206F
:102E800000E8030880B483B000AF7860064BD3F845
:102E9000802005497B681343C1F8803000BF0C37A0
:102EA000BD4680BC704700BF0008005880B5ACB07C
:102EB00000AF78600B467B800023FB607B88C7F8FF
:102EC000A43000237B6100233B61D7F8A430002BA2
:102ED00040F392807B681B68494A934243D17B68E8
:102EE0001B6F022B03D07B681B6F002B3BD1002391
:102EF000C7F8AC302EE0D7F8A420D7F8AC30D31AFE
:102F0000802BA8BF8023C7F8A030D7F8AC303D4A4B
:102F10009918D7F8A02007F11003083318460EF0CF
:102F200000FCD7F8A0307B61374B1B68184608F0CF
:102F30008BFA0346002B08D1334B186807F10C02BB
:102F400007F11001002307F0CDFFD7F8AC30803334
:102F5000C7F8AC30D7F8AC20D7F8A4309A42CADB17
:102F6000786800F099F87B681B68284A934243D13F
:102F70007B681B6F022B03D07B681B6F002B3BD140
:102F80000023C7F8A8302EE0D7F8A420D7F8A8303F
:102F9000D31A802BA8BF8023C7F89C30D7F8A8305D
:102FA0001B4A9918D7F89C2007F1100308331846DC
:102FB0000EF0B7FBD7F89C307B61164B1B681846A8
:102FC00008F042FA0346002B08D1124B186807F1AB
:102FD0000C0207F11001002307F084FFD7F8A83096
:102FE0008033C7F8A830D7F8A820D7F8A4309A4281
:102FF000CADB786800F050F800BFB037BD4680BD2E
:1030000000380140D01B0020B81B002000440040C5
:10301000D4210020BC1B002080B584B000AF7860B4
:103020000023BB607B681B68154A934208D1154B8F
:10303000196807F108030122134809F0C7FEF86078
:103040007B681B68114A934208D1114B196807F13C
:10305000080302220C4809F0B9FEF860FB68002B57
:103060000AD0BB68002B07D00A4B4FF080521A6081
:10307000BFF34F8FBFF36F8F00BF1037BD4680BDCA
:1030800000380140C01B0020EBA0000800440040B5
:10309000C41B002004ED00E080B584B000AF786070
:1030A0000123FB737B681B681F4A934218D14FF4BE
:1030B000C0621E49786806F0A0FB0346FB737B687C
:1030C000D3F88030002B0BD07B68D3F880301B689E
:1030D0001A687B68D3F880301B6822F004021A60FB
:1030E0007B681B68124A934218D14FF4C0621149A1
:1030F000786806F082FB0346FB737B68D3F8803068
:10310000002B0BD07B68D3F880301B681A687B6873
:10311000D3F880301B6822F004021A60FB7B18464B
:103120001037BD4680BD00BF00380140D01B0020D5
:1031300000440040D421002080B5ACB000AF7860DE
:103140007B68D3F89030102B02D17868FFF7A4FF8A
:103150007B68D3F89030082B40F09D800023C7F89F
:1031600094307B681B684E4A934247D17B68B3F822
:103170005E309BB2C7F8A430D7F8A430002B3ADDFC
:103180000023BB600023C7F8AC302EE0D7F8A420A2
:10319000D7F8AC30D31A802BA8BF8023C7F8A03053
:1031A000D7F8AC303F4A9918D7F8A02007F10803A8
:1031B000083318460EF0B5FAD7F8A030FB603A4B4A
:1031C0001B68184608F040F90346002B08D1364B1F
:1031D000186807F1940207F10801002307F082FE46
:1031E000D7F8AC308033C7F8AC30D7F8AC20D7F87C
:1031F000A4309A42CADB7868FFF74EFF7B681B68F1
:103200002A4A934247D17B68B3F85E309BB2C7F835
:103210009C30D7F89C30002B3ADD0023BB600023A4
:10322000C7F8A8302EE0D7F89C20D7F8A830D31ADA
:10323000802BA8BF8023C7F89830D7F8A8301C4A45
:103240009918D7F8982007F10803083318460EF0AC
:1032500068FAD7F89830FB60164B1B68184608F0E0
:10326000F3F80346002B08D1124B186807F19402BB
:1032700007F10801002307F035FED7F8A8308033A6
:10328000C7F8A830D7F8A820D7F89C309A42CADBF4
:103290007868FFF701FF00BFB037BD4680BD00BFB3
:1032A00000380140D01B0020B81B00200044004023
:1032B000D4210020BC1B002080B5A8B000AF7860EE
:1032C0007B681B68C7F894300023C7F89C30002344
:1032D000C7F89830D7F89430012B04D0D7F8943041
:1032E000022B07D00EE0294BC7F89C30284BC7F8BB
:1032F00098300BE0274BC7F89C30274BC7F8983025
:1033000000BF03E0002008F0DBFA3CE0D7F89C3077
:103310001B6807F108014FF0FF32184607F07EFEE8
:103320000346012BF2D1BB68012B03D9033B012BD0
:1033300025D827E0D7F898301B68002B11D1FB68FF
:10334000002B1ED000F0ECFF0346002B19D0FB68C9
:103350009AB207F10803083311461846FFF77AFCC2
:103360000FE0FB68002B0CD0D7F898301B68FA6888
:1033700091B207F1080208321046984701E000BFF9
:10338000C4E700BFC2E7A037BD4680BDB81B002020
:10339000C81B0020BC1B0020CC1B002080B500AF48
:1033A000FDF726F9FDF7D2FF4FF00060FFF76AFD49
:1033B00000BF80BD80B500AFFDF71AF9FDF77AFFB9
:1033C0004FF08060FFF75EFD00BF80BD80B582B02A
:1033D00002AF00228C21142007F021FC0346174A7B
:1033E000136006F0D1FC0346154A1360FFF7E2FFB5
:1033F000134B1B680121184606F0EBFD00230193D7
:10340000372300930F4B4FF400620F490F4808F029
:10341000FDF80F4A01210F4804F00CFB0E490D483E
:1034200004F0C0FB0D4A04210A4804F003FB0948DC
:10343000FFF732FE00231846BD4680BDB81B0020B2
:10344000C01B002084310108D02E0108B9320008C9
:10345000193000089C050020AD2E00083931000805
:1034600080B582B002AF00228C21142007F0D7FB78
:103470000346174A136006F087FC0346154A13609B
:10348000FFF78CFF134B1B680221184606F0A1FDC5
:1034900000230193372300930F4B4FF400620F4931
:1034A0000F4808F0B3F80F4A01210F4804F0C2FAA0
:1034B0000E490D4804F076FB0D4A04210A4804F039
:1034C000B9FA0948FFF7E8FD00231846BD4680BD5C
:1034D000BC1B0020C41B002088310108DC2E010821
:1034E000B93200081930000868060020AD2E000827
:1034F0003931000880B483B000AF7860044A7B683B
:103500001360002318460C37BD4680BC704700BFCF
:10351000C81B002080B588B002AF78600B467B8066
:1035200005233B610E4B18683B6900930023012281
:10353000012106F043FCF8604FF0FF337B617B888C
:103540001A467968074804F06BFB0346002B01D14B
:1035500000237B617B6918461837BD4680BD00BFDC
:10356000C01B00209C05002080B588B002AF7860A9
:10357000396005233B610F4B18683B6900930023BA
:103580000122022106F01AFCF8604FF0FF337B6144
:103590003B689BB21A467968074804F041FB034632
:1035A000002B01D100237B617B6918461837BD468B
:1035B00080BD00BFC41B0020680600200CB480B58D
:1035C00084B000AF7860396007F11C03FB60396894
:1035D000FB68BA6978680DF0ABFB00BF1037BD46D9
:1035E000BDE8804002B0704780B586B002AF786019
:1035F000396007F1080318460CF0BEFFBB68B7F945
:103600000C200092074A10217868FFF7D7FF7868EE
:10361000FCF7B6FD03469AB23B681A8000BF10372C
:10362000BD4680BDE82E01080FB480B584B000AF60
:103630000023FB80BB1D19461148FFF7D5FF07F19A
:103640001C03BB60FB881A460D4BD018BB68BA69D7
:103650004FF480710DF06CFB0346FB81FA88FB8907
:103660001344FB81FB891946054800F051F9FB8999
:1036700018461037BD46BDE8804004B0704700BF13
:10368000D827002080B584B000AFF860B9607A60B8
:1036900010220021F8680DF017FFFB68BA68DA60A5
:1036A000FB6800229A60FB6800225A60FB687A6817
:1036B0001A60002318461037BD4680BD80B588B01B
:1036C00000AFF860B9607A60FB681A68FB689B68B5
:1036D000D21AFB685B681344FB617A68FB6993420A
:1036E00028BF13467B60FB689A68FB681B68013B38
:1036F0001340BB61FB681A68BB69D31A7A689342AE
:1037000028BF13467B61FB68DA68BB6913447A699A
:10371000B96818460EF005F87A687B699A420AD9AA
:10372000FB68D868BA687B69D1187A687B69D31A54
:103730001A460DF0F6FFFB689A687B681A44FB682E
:103740009A607B6818462037BD4680BD80B588B03A
:1037500000AFF860B9607A60FB689A68FB685B68E4
:10376000D31AFB61FB69002B01D1002334E07A6896
:10377000FB69934228BF13467B60FB685A68FB686D
:103780001B68013B1340BB61FB681A68BB69D31A15
:103790007A68934228BF13467B61FB68DA68BB698D
:1037A00013447A691946B8680DF0BBFF7A687B69E3
:1037B0009A420AD9BA687B69D018FB68D9687A68D6
:1037C0007B69D31A1A460DF0ACFFFB685A687B6818
:1037D0001A44FB685A607B6818462037BD4680BD96
:1037E00080B483B000AF78607B6800225A607B6849
:1037F0005A687B689A6000BF0C37BD4680BC704732
:1038000080B483B000AF78607B689A687B685B683F
:10381000D31A18460C37BD4680BC704780B485B0BB
:1038200000AF786039600023FB600023BB6012E0CA
:10383000FB681B0223F07F42FB681B0CB9687868A9
:10384000014409784B40094951F823305340FB604B
:10385000BB680133BB60BA683B689A42E8DBFB682F
:1038600018461437BD4680BC704700BF8C31010834
:1038700080B500AF0A4B0B4A1A60094B0A4A9A609E
:10388000074B0A4A5A60064B094ADA60044B094A58
:103890001A61094B1B680248984700BF80BD00BFF2
:1038A000D8280020BD380008C9380008ED380008C5
:1038B000F9380008053900085436010880B400AF13
:1038C00000BFBD4680BC704780B485B000AFF860D3
:1038D000084611461A4603467B810B463B81134638
:1038E000FB7100BF1437BD4680BC704780B400AF89
:1038F00000BFBD4680BC704780B400AF00BFBD466E
:1039000080BC704780B400AF00BFBD4680BC70472C
:1039100080B582B000AF78600B467B800A4B1B6895
:10392000002B06D17B8819467868FFF7F3FD034624
:1039300005E07B8819467868FFF716FE03461846AF
:103940000837BD4680BD00BFF428002080B584B094
:1039500000AF786039603B68FB600E497A681346B7
:103960009B0013449B000B440C3302221A700A4A3A
:103970000A49F8680DF014FDFEF7ACFBFEF74AFFAC
:10398000F868FCF7FDFBB860BB6818461037BD4609
:1039900080BD00BFF8280020F42E0108082F010880
:1039A00080B590B000AF3B464022002118460DF094
:1039B0008BFD064B1B681A463B4619461046FFF71F
:1039C000C5FF00BF4037BD4680BD00BFF4280020C2
:1039D00080B584B000AF786039600D4B1A680D492E
:1039E00013469B0013449B000B440C3300221A70B7
:1039F0000323FB60FB689BB219460748FFF788FF6B
:103A0000FEF71CFF002318461037BD4680BD00BFDF
:103A1000F4280020F82800200C2F010880B584B07D
:103A200000AF786039603B68FB6004221249386857
:103A30000DF060FD0346002B0ED0F868FCF7A0FBEC
:103A40000246FB6813440D4918460DF0A9FCF868BE
:103A5000FCF796FB03460BE00023BB60084A0949CC
:103A6000F8680DF09DFCF868FCF78AFBB860BB684D
:103A700018461037BD4680BD102F0108182F0108C9
:103A8000242F01082C2F010880B586B000AF786084
:103A900039603B687B61FEF73DF938613B69DB6962
:103AA000FB603B69DB69FB60FA68064978690DF0E9
:103AB00077FC7869FCF764FB034618461837BD4667
:103AC00080BD00BF402F010880B586B000AF786090
:103AD00039603B687B61FEF71DF938610023FB60AC
:103AE00007F10C031A46174978690DF07BFC034671
:103AF000002B0FDA7869FCF743FB02467B6913441D
:103B0000114A124918460DF04BFC7869FCF738FB56
:103B1000034612E07869FCF733FB02467B691344E5
:103B20000B4A0A4918460DF03BFCFB681A463B69F4
:103B3000DA617869FCF724FB034618461837BD465E
:103B400080BD00BF542F0108182F0108082F01085D
:103B5000642F010880B586B000AF786039603B689B
:103B60007B61FEF7D7F838610023FB6007F10C0397
:103B70001A46154978690DF035FC0346002B0BDA1F
:103B80007869FCF7FDFA02467B6913440F4A104935
:103B900018460DF005FC0EE0FB681A463B699A6179
:103BA0007869FCF7EDFA02467B691344094A084933
:103BB00018460DF0F5FB7869FCF7E2FA0346184663
:103BC0001837BD4680BD00BF6C2F0108182F0108B3
:103BD000082F0108642F010880B584B000AF786019
:103BE00039603B68FB60FEF795F8B860BB689B697D
:103BF0001A460649F8680DF0D3FBF868FCF7C0FADE
:103C0000034618461037BD4680BD00BF7C2F010813
:103C100080B586B000AF786039603B687B61FEF7A5
:103C200079F838610023FB6007F10C031A46154947
:103C300078690DF0D7FB0346002B0BDA7869FCF7A7
:103C40009FFA02467B6913440F4A104918460DF04B
:103C5000A7FB0EE0FB681A463B69DA657869FCF75A
:103C60008FFA02467B691344094A084918460DF049
:103C700097FB7869FCF784FA034618461837BD4667
:103C800080BD00BF902F0108182F0108082F0108E0
:103C9000642F010880B584B000AF78603960FEF70A
:103CA00039F8F8603B68BB60FB68DB6D1A46064973
:103CB000B8680DF075FBB868FCF762FA0346184661
:103CC0001037BD4680BD00BF9C2F010880B58AB06B
:103CD00002AF786039603B68FB61FEF71BF8B861A2
:103CE00007F10C0107F1140207F10803019307F132
:103CF000100300930B462049F8690DF073FB03464F
:103D0000002B0BDAF869FCF73BFA0246FB69134417
:103D10001A4A1B4918460DF043FB24E07B69194AF7
:103D200003FB02F2FB684FF47A7101FB03F31344C7
:103D30001A46BB699A643B69124A03FB02F2BB68EC
:103D40004FF47A7101FB03F313441A46BB69DA643A
:103D5000F869FCF715FA0246FB6913440A4A084958
:103D600018460DF01DFBF869FCF70AFA03461846E1
:103D70002037BD4680BD00BFB02F0108182F0108B5
:103D8000082F010840420F00642F0108B0B586B02B
:103D900002AF78603960FDF7BDFFF8603B68BB603B
:103DA000FB689B6C1C4AA2FB03239B0C1C46FB6814
:103DB0009A6C194BA3FB02139B0C184901FB03F3EC
:103DC000D31A174AA2FB03239B091D46FB68DB6C31
:103DD000114AA2FB03239B0C1846FB68DA6C0E4BBE
:103DE000A3FB02139B0C0D4901FB03F3D31A0C4AEE
:103DF000A2FB03239B09019300902B46224609490D
:103E0000B8680DF0CDFAB868FCF7BAF90346184661
:103E10001037BD46B0BD00BF83DE1B4340420F00DC
:103E2000D34D6210CC2F010880B586B000AF78600A
:103E300039603B687B61FDF76DFF38614FF4FA73C1
:103E4000BB604FF4FA73FB6007F1080307F1080247
:103E5000164978690DF0C6FA0346002B0BDA78692B
:103E6000FCF78EF902467B691344114A1149184642
:103E70000DF096FA11E0BB681A463B699A62FA683F
:103E80003B69DA627869FCF77BF902467B69134487
:103E9000094A084918460DF083FA7869FCF770F969
:103EA000034618461837BD4680BD00BFEC2F0108F9
:103EB000182F0108082F0108642F010880B584B06D
:103EC00000AF78603960FDF725FFF8603B68BB60A4
:103ED000FB689A6AFB68DB6A0549B8680DF060FA0E
:103EE000B868FCF74DF9034618461037BD4680BD4B
:103EF000FC2F010880B586B000AF786039603B6860
:103F00007B61FDF707FF386107F10C031A4615497D
:103F100078690DF067FA0346002B0BDA7869FCF735
:103F20002FF902467B6913440F4A104918460DF0D9
:103F300037FA0EE0FB681A463B691A637869FCF7AA
:103F40001FF902467B691344094A084918460DF0D7
:103F500027FA7869FCF714F9034618461837BD4666
:103F600080BD00BF14300108182F0108082F010878
:103F7000642F010880B584B000AF78603960FDF728
:103F8000C9FEF8603B68BB60FB681B6B1A460649BC
:103F9000B8680DF005FAB868FCF7F2F80346184661
:103FA0001037BD4680BD00BF2030010880B58AB003
:103FB00000AFB9607B600346FB731346BB730023FD
:103FC0007B62FA7B13469B0013449B00344A1344E4
:103FD0003B623B6A1B69FB610023BB613B6A1B7B45
:103FE000022B17D12F49B8680DF0A4FA0346002B15
:103FF0000ED03B6A00229A603B6A5B681A46002139
:10400000F8690DF061FAFB7BF9691846FFF7E0FCEF
:10401000002340E0BA7B3B6A9B681A443B6A5B68BA
:104020009A420BD93B6A00229A603B6A5B681A4647
:104030000021F8690DF048FA00232CE03B6A1A6968
:104040003B6A9B681344BA7BB96818460DF069FB5C
:104050003B6A9B685A003B6A9A601349F8690DF005
:1040600069FAB8611149F8690DF064FA78617B6901
:10407000002B0FD0BB69002B0CD07A69BB69D31A17
:1040800002337B623B6A00229A607B68BA691A60DD
:104090007B6A00E0002318462837BD4680BD00BF7C
:1040A000F82800200C2F01083430010838300108AE
:1040B00080B485B000AF0346B9607A60FB73BB681B
:1040C000002B37D07B687F2B34D9FA7B1C491346F1
:1040D0009B0013449B000B441033BA681A60FA7BB0
:1040E000174913469B0013449B000B4404337A6822
:1040F0001A60FA7B124913469B0013449B000B4441
:104100000C3300221A70FA7B0D4913469B001344AE
:104110009B000B4400221A60FA7B094913469B005E
:1041200013449B000B44083300221A60FB7B054AB2
:10413000136000E000BF1437BD4680BC704700BF6D
:10414000F8280020F428002080B588B000AFF8607F
:10415000B9607A603B600023FB6100237B613B68B0
:104160003B617B68402B02D94FF0FF3389E000238D
:10417000BB6181E04549BA6913469B0013449B002B
:104180000B441B78002B74D0BA6913469B00134470
:104190009B003E4A134401331946B8680DF0CAF932
:1041A00078617B69002B64D08022002138690DF092
:1041B0008BF97A68B96838690DF0B3FA3F21B868AD
:1041C0000DF08AF90346002B22D03049BA69134614
:1041D0009B0013449B000B4410331B68002B48D0FA
:1041E0002A49BA6913469B0013449B000B441033C1
:1041F0001B683969F86898470346FB61FB69002B27
:1042000037DDFB699BB219463869FFF781FB30E067
:104210001E49BA6913469B0013449B000B440C33A0
:104220001B68002B17D01949BA6913469B00134429
:104230009B000B440C331B683969F86898470346A8
:10424000FB61FB69002B14DDFB699BB219463869E1
:10425000FFF75EFB0DE0BA690D4938690DF0A0F873
:104260003869FBF78DFF03469BB219463869FFF7A3
:104270004FFBBB690133BB61BB69082B7FF77AAF8A
:10428000FB6918462037BD4680BD00BF00000020F6
:104290003C30010880B586B000AF78600B467B806B
:1042A00000237B6100233B610023FB60194B1B68EB
:1042B000002B29DB174B1B68D8B27B88DAB207F1D9
:1042C0000C037968FFF772FE03463B613B69002BE4
:1042D0001ADD3B69802B17DC802200210E480DF08F
:1042E000F3F8802200210D480DF0EEF8FB683A69E2
:1042F000194609480DF015FA064B1B6818463A692D
:10430000064B0549FFF720FF7B6918461837BD4665
:1043100080BD00BFF428002020290020A42900200F
:1043200080B582B000AF0023FB710D4B1A680D49B8
:1043300013469B0013449B000B440C331B78022B49
:1043400008D1FDF7E7FC38603B68DB69002B01D141
:104350000123FB71FB7918460837BD4680BD00BFBD
:10436000F4280020F828002080B500AF05F0FEFA00
:104370000346184680BD80B582B000AF0346FB718E
:10438000FB79184605F032FB034618460837BD4650
:1043900080BD80B500AF05F089FB0346184680BD9F
:1043A00080B500AF05F089FB0346184680BD80B597
:1043B00000AF05F089FB0346184680BD80B582B08A
:1043C00000AF0346FB71FB79184605F084FB0346FA
:1043D00018460837BD4680BD80B400AF00BFBD465B
:1043E00080BC704780B400AF044B5B68034A23F085
:1043F0000103536000BFBD4680BC7047002004E04D
:1044000080B400AF044B5B68034A23F0020353609F
:1044100000BFBD4680BC7047002004E080B400AF00
:10442000044B5B68034A23F00403536000BFBD469E
:1044300080BC7047002004E080B582B000AF00234C
:10444000FB71032000F0D4F801F02AFF0346094A6B
:1044500013600F20FCF7B2FB0346002B02D00123B0
:10446000FB7101E0FCF77EFAFB7918460837BD4680
:1044700080BD00BFB400002080B500AFFFF7B2FFE1
:1044800000BF80BD80B500AFFFF7BAFF00BF80BDA1
:1044900080B500AFFFF7C2FF00BF80BD80B485B01C
:1044A00000AF78607B6803F00703FB600C4BDB68B0
:1044B000BB60BA684FF6FF031340BB60FB681A028B
:1044C000BB68134343F0BF6343F40033BB60044A4B
:1044D000BB68D36000BF1437BD4680BC704700BFC7
:1044E00000ED00E080B400AF044BDB681B0A03F072
:1044F00007031846BD4680BC704700BF00ED00E0D2
:1045000080B483B000AF0346FB7197F90730002BEE
:104510000BDBFB7903F01F02064997F907305B09B3
:10452000012000FA02F241F8232000BF0C37BD46FB
:1045300080BC704700E100E080B483B000AF034668
:104540003960FB7197F90730002B0ADB3B68DAB260
:104550000C4997F907301201D2B20B4483F80023BB
:104560000AE03B68DAB20849FB7903F00F03043B29
:104570001201D2B20B441A7600BF0C37BD4680BC84
:10458000704700BF00E100E000ED00E080B489B0BA
:1045900000AFF860B9607A60FB6803F00703FB6165
:1045A000FB69C3F10703042B28BF0423BB61FB692C
:1045B0000433062B02D9FB69033B00E000237B6137
:1045C0004FF0FF32BB6902FA03F3DA43BB681A40CB
:1045D0007B699A404FF0FF317B6901FA03F3D943BD
:1045E0007B680B40134318462437BD4680BC704798
:1045F00080B582B000AF78607868FFF74FFF00BFEA
:104600000837BD4680BD80B586B000AF0346B960AF
:104610007A60FB73FFF766FF78617A68B96878693A
:10462000FFF7B4FF024697F90F3011461846FFF71F
:1046300083FF00BF1837BD4680BD80B582B000AF94
:104640000346FB7197F907301846FFF759FF00BF83
:104650000837BD4680BD000080B582B000AF7860ED
:104660007B68002B01D101238EE07B681B681A4612
:10467000474B9A420FD87B681B681A46454B134438
:10468000454AA2FB03231B099A007B685A647B6896
:10469000424A1A640EE07B681B681A46404B13447A
:1046A0003D4AA2FB03231B099A007B685A647B687E
:1046B0003C4A1A647B68022283F825207B681B68C9
:1046C0001B687A68126823F4FF4323F070031360B9
:1046D0007B681B6819687B689A687B68DB681A438B
:1046E0007B681B691A437B685B691A437B689B691B
:1046F0001A437B68DB691A437B681B6A1A437B6831
:104700001B680A431A60786800F08EFA7B689B6821
:10471000B3F5804F02D17B6800225A607B685A68EB
:104720007B689B6C02F07F021A607B68DB6C7A68A6
:10473000126D5A607B685B68002B10D07B685B68E9
:10474000042B0CD8786800F0B7FA7B685B6D002208
:104750001A607B689B6D7A68D26D5A6008E07B684E
:1047600000225A657B6800229A657B680022DA6520
:104770007B680022DA637B68012283F825207B684E
:10478000002283F82420002318460837BD4680BD48
:1047900007040240F8FFFDBFCDCCCCCC00000240A6
:1047A000F8FBFDBF0004024080B586B000AFF860A2
:1047B000B9607A603B600023FB75FB6893F8243096
:1047C000012B01D1022369E0FB68012283F8242038
:1047D000FB6893F82530DBB2012B55D1FB68022230
:1047E00083F82520FB680022DA63FB681B681A68DF
:1047F000FB681B6822F001021A603B687A68B9689E
:10480000F86800F0D3F9FB681B6B002B08D0FB683D
:104810001B681A68FB681B6842F00E021A600FE002
:10482000FB681B681A68FB681B6822F004021A60A8
:10483000FB681B681A68FB681B6842F00A021A6072
:10484000FB689B6C1B6803F48033002B07D0FB686C
:104850009B6C1A68FB689B6C42F480721A60FB6860
:104860005B6D002B07D0FB685B6D1A68FB685B6DA6
:1048700042F480721A60FB681B681A68FB681B6848
:1048800042F001021A6008E0FB688022DA63FB68EC
:10489000002283F824200123FB75FB7D184618377E
:1048A000BD4680BD80B483B000AF78607B68002BCC
:1048B00001D101234FE07B6893F82530DBB2022B56
:1048C00008D07B680422DA637B68002283F8242006
:1048D000012340E07B681B681A687B681B6822F034
:1048E0000E021A607B689B6C1A687B689B6C22F4D2
:1048F00080721A607B681B681A687B681B6822F0EC
:1049000001021A607B685B6C03F01C027B681B6C05
:10491000012101FA02F25A607B68DB6C7A68126D41
:104920005A607B685B6D002B0CD07B685B6D1A68EE
:104930007B685B6D22F480721A607B689B6D7A687D
:10494000D26D5A607B68012283F825207B680022A3
:1049500083F82420002318460C37BD4680BC7047DE
:1049600080B584B000AF78600023FB737B6893F858
:104970002530DBB2022B05D07B680422DA630123E9
:10498000FB7347E07B681B681A687B681B6822F032
:104990000E021A607B681B681A687B681B6822F02D
:1049A00001021A607B689B6C1A687B689B6C22F41E
:1049B00080721A607B685B6C03F01C027B681B6C66
:1049C000012101FA02F25A607B68DB6C7A68126D91
:1049D0005A607B685B6D002B0CD07B685B6D1A683E
:1049E0007B685B6D22F480721A607B689B6D7A68CD
:1049F000D26D5A607B68012283F825207B680022F3
:104A000083F824207B689B6B002B03D07B689B6B17
:104A100078689847FB7B18461037BD4680BD00007C
:104A200080B584B000AF78607B681B6C1B68FB604E
:104A30007B681B681B68BB607B685B6C03F01C03B6
:104A400004229A40FB681340002B27D0BB6803F078
:104A50000403002B22D07B681B681B6803F0200333
:104A6000002B07D17B681B681A687B681B6822F0E3
:104A700004021A607B685B6C03F01C027B681B6C91
:104A8000042101FA02F25A607B681B6B002B00F0D4
:104A900081807B681B6B786898477BE07B685B6CE8
:104AA00003F01C0302229A40FB681340002B3DD008
:104AB000BB6803F00203002B38D07B681B681B68BF
:104AC00003F02003002B0BD17B681B681A687B68FE
:104AD0001B6822F00A021A607B68012283F82520F5
:104AE0007B681B681A462E4B9A4209D97B685B6C1F
:104AF00003F01C032B4A022101FA03F3536008E080
:104B00007B685B6C03F01C03274A022101FA03F364
:104B100053607B68002283F824207B68DB6A002BCB
:104B200038D07B68DB6A7868984733E07B685B6CD9
:104B300003F01C0308229A40FB681340002B2AD084
:104B4000BB6803F00803002B25D07B681B681A683C
:104B50007B681B6822F00E021A607B685B6C03F0B6
:104B60001C027B681B6C012101FA02F25A607B680F
:104B70000122DA637B68012283F825207B6800220A
:104B800083F824207B685B6B002B04D07B685B6B15
:104B90007868984700BF00BF1037BD4680BD00BF92
:104BA00080000240000402400000024080B485B052
:104BB00000AFF860B9607A603B60FB68DB6CFA6854
:104BC000126D5A60FB685B6D002B04D0FB689B6D17
:104BD000FA68D26D5A60FB685B6C03F01C02FB68DC
:104BE0001B6C012101FA02F25A60FB681B683A68EB
:104BF0005A60FB689B68102B08D1FB681B687A68B9
:104C00009A60FB681B68BA68DA6007E0FB681B689B
:104C1000BA689A60FB681B687A68DA6000BF14376C
:104C2000BD4680BC7047000080B485B000AF78609E
:104C30007B681B681A461C4B9A4213D87B685B6CD6
:104C40009B089B0003F1804303F502337A68936469
:104C50007B681B68DBB2083B144AA2FB03231B09D9
:104C6000FB6011E07B685B6C9B089A00104B13445F
:104C70007A6893647B681B68DBB2083B0B4AA2FB33
:104C800003231B090733FB607B680A4ADA64FB686D
:104C900003F01F0301229A407B681A6500BF143796
:104CA000BD4680BC704700BF07040240CDCCCCCCD1
:104CB0001C0802408008024080B485B000AF7860D4
:104CC0007B685B6803F07F03FB60FA680A4B134460
:104CD0009B001A467B685A657B68084A9A65FB68A0
:104CE000013B03F0030301229A407B68DA6500BFB1
:104CF0001437BD4680BC70473F8200104009024017
:104D000080B586B000AFF860B960C7E900231C4BDE
:104D10001B78012B01D102232DE0194B01221A70BF
:104D2000174B00225A604FF47A7000F073F8034674
:104D3000FB75FB7D002B1AD1FB68012B05D1D7E950
:104D40000023B86800F0C8F804E03B681946B8686A
:104D500000F0E8F84FF47A7000F05CF80346FB7559
:104D6000084B5A69FB68DB43064913404B61044B0F
:104D700000221A70FB7D18461837BD4680BD00BF63
:104D8000282A00200040005880B483B000AF0023E0
:104D9000FB710B4B5B69002B0BDA094B094A9A60DC
:104DA000074B094A9A60064B5B69002B01DA012325
:104DB000FB71FB7918460C37BD4680BC704700BFBD
:104DC0000040005823016745AB89EFCD80B483B024
:104DD00000AF0023FB71094B5B69084A43F00043B5
:104DE0005361064B5B69002B01DB0123FB71FB79EF
:104DF00018460C37BD4680BC704700BF00400058C5
:104E000080B400AF024B5B681846BD4680BC70475B
:104E1000282A002080B584B000AF7860FBF7D8FE68
:104E2000F86009E0FBF7D4FE0246FB68D31A7A6803
:104E30009A4201D8032346E0254B1B6903F48033D3
:104E4000B3F5803FEED0224B1B69BB60BB6803F01B
:104E50000103002B02D01E4B01221A61BA684CF2EA
:104E6000FA331340BB60BB68B3F1804F07D3184BD4
:104E70009A69BB6803F04043154913438B61BB68D3
:104E800023F04043002B04D0114ABB6823F0404379
:104E90001361BB68002B0ED00E4ABB685360012320
:104EA00011E0FBF795FE0246FB68D31A7A689A4236
:104EB00001D8032307E0064B1B6903F48023B3F5F5
:104EC000802FEED0002318461037BD4680BD00BFAE
:104ED00000400058282A002080B485B000AFF86058
:104EE000C7E900230E4B5B690D4A43F00103536190
:104EF000FB683A681A60BFF36F8F00BFD7E9000103
:104F00004FF000024FF000030A000023F96804315B
:104F100013460B6000BF1437BD4680BC704700BF0E
:104F20000040005880B489B000AF786039604023F9
:104F3000FB777B68BB613B687B61184B5B69174AF9
:104F400043F480235361EFF31083FB60FB683B6104
:104F500072B600BF7B691A68BB691A60BB6904330B
:104F6000BB617B6904337B61FB7F013BFB77FB7F8C
:104F7000002BEFD100BF094B1B6903F48033B3F55D
:104F8000803FF8D03B69BB60BB6883F3108800BFEB
:104F900000BF2437BD4680BC704700BF00400058AA
:104FA00080B483B000AF7860084B5B6923F47E72F5
:104FB0007B68DB001343054A43F4803343F002036C
:104FC000536100BF0C37BD4680BC7047004000589D
:104FD00080B487B000AF7860396000237B6140E126
:104FE0003B681A6801217B6901FA03F31340FB60F7
:104FF000FB68002B00F032813B685B6803F0030321
:10500000012B05D03B685B6803F00303022B30D112
:105010007B689B683B617B695B00032202FA03F3B8
:10502000DB433A6913403B613B68DA687B695B00AC
:1050300002FA03F33A6913433B617B683A699A6069
:105040007B685B683B6101227B6902FA03F3DB4307
:105050003A6913403B613B685B681B0903F001023E
:105060007B6902FA03F33A6913433B617B683A694F
:105070005A603B685B6803F00303032B17D07B681F
:10508000DB683B617B695B00032202FA03F3DB43CD
:105090003A6913403B613B689A687B695B0002FA9E
:1050A00003F33A6913433B617B683A69DA603B6812
:1050B0005B6803F00303022B23D17B69DA087B686A
:1050C000083253F822303B617B6903F007039B00F1
:1050D0000F2202FA03F3DB433A6913403B613B685A
:1050E0001A697B6903F007039B0002FA03F33A692C
:1050F00013433B617B69DA087B680832396943F8FE
:1051000022107B681B683B617B695B00032202FA0B
:1051100003F3DB433A6913403B613B685B6803F090
:1051200003027B695B0002FA03F33A6913433B61B4
:105130007B683A691A603B685B6803F44033002B74
:1051400000F08C804E4A7B699B08023352F8233072
:105150003B617B6903F003039B00072202FA03F320
:10516000DB433A6913403B617B68B3F1904F0DD04C
:105170007B68444A934207D07B68434A934201D1FB
:10518000022304E0072302E0012300E000237A6900
:1051900002F00302920093403A6913433B6138499D
:1051A0007B699B0802333A6941F82320374B1B681F
:1051B0003B61FB68DB433A6913403B613B685B68DA
:1051C00003F48013002B03D03A69FB6813433B615F
:1051D0002E4A3B6913602D4B5B683B61FB68DB43E8
:1051E0003A6913403B613B685B6803F40013002B92
:1051F00003D03A69FB6813433B61244A3B6953601F
:10520000224BD3F880303B61FB68DB433A691340A3
:105210003B613B685B6803F48033002B03D03A6941
:10522000FB6813433B61194A3B69C2F88030174B56
:10523000D3F884303B61FB68DB433A6913403B6140
:105240003B685B6803F40033002B03D03A69FB68CA
:1052500013433B610D4A3B69C2F884307B690133DB
:105260007B613B681A687B6922FA03F3002B7FF4A9
:10527000B7AE00BF00BF1C37BD4680BC704700BF43
:1052800000000140000400480008004800080058E1
:1052900080B483B000AF78600B467B8013467B7090
:1052A0007B78002B03D07A887B689A6102E07A8849
:1052B0007B689A6200BF0C37BD4680BC7047000017
:1052C00080B400AF044B1B68034A43F4807313603F
:1052D00000BFBD4680BC70470004005880B400AFDA
:1052E000034B1B6803F4C0631846BD4680BC70477F
:1052F0000004005880B400AF064B1B6803F48073B1
:10530000B3F5807F01D1012300E000231846BD469C
:1053100080BC70470004005880B400AF4FF0B04329
:105320001B684FF0B04243F40013136000BFBD464A
:1053300080BC704780B400AF4FF0B0431B684FF0A3
:10534000B04223F40013136000BFBD4680BC704719
:1053500080B400AF4FF0B0431B6803F48013B3F583
:10536000801F01D1012300E000231846BD4680BC08
:10537000704780B400AF4FF0B0431B684FF0B042AD
:1053800043F48033136000BFBD4680BC704780B4D7
:1053900000AF4FF0B0431B684FF0B04223F48033AE
:1053A000136000BFBD4680BC704780B400AF4FF0B3
:1053B000B0431B6803F40033B3F5003F01D1012370
:1053C00000E000231846BD4680BC704780B400AFA3
:1053D0004FF0B0431B684FF0B04243F4807313604A
:1053E00000BFBD4680BC704780B400AF4FF0B043F3
:1053F0001B684FF0B04223F48073136000BFBD46BA
:1054000080BC704780B400AF4FF0B0431B6803F41A
:105410008063B3F5806F01D1012300E000231846BB
:10542000BD4680BC704780B483B000AF78604FF059
:10543000B0435B6823F0FE427B681B064FF0B0412F
:1054400013434B6000BF0C37BD4680BC704780B42F
:1054500000AF4FF0B043D3F8903003F00203022BBB
:1054600001D1012300E000231846BD4680BC7047EF
:1054700080B400AF4FF0B043D3F894304FF0B04257
:1054800043F00103C2F8943000BFBD4680BC7047B2
:1054900080B400AF4FF0B043D3F894304FF0B04237
:1054A00023F00103C2F8943000BFBD4680BC7047B2
:1054B00080B400AF4FF0B043D3F8943003F0020350
:1054C000022B01D1012300E000231846BD4680BC19
:1054D000704780B400AF4FF0B0431B684FF0B0424C
:1054E00043F00103136000BFBD4680BC704780B429
:1054F00000AF4FF0B0431B684FF0B04223F0010300
:10550000136000BFBD4680BC704780B400AF4FF051
:10551000B0431B6803F00203022B01D1012300E01A
:1055200000231846BD4680BC704780B400AF4FF0E2
:10553000B0431B6803F00803082B01D1012300E0EE
:1055400000231846BD4680BC704780B400AF4FF0C2
:10555000B0431B6803F0F0031846BD4680BC70479B
:1055600080B400AF4FF0B043D3F8943003F47063CD
:105570001846BD4680BC704780B483B000AF7860E9
:105580004FF0B0435B6823F47F427B681B024FF00F
:10559000B04113434B6000BF0C37BD4680BC704721
:1055A00080B483B000AF78604FF0B0439B6823F0C5
:1055B00003024FF0B0417B6813438B6000BF0C3790
:1055C000BD4680BC704780B400AF4FF0B0439B68CD
:1055D00003F00C031846BD4680BC704780B483B00E
:1055E00000AF78604FF0B0439B6823F0F0024FF0BB
:1055F000B0417B6813438B6000BF0C37BD4680BC55
:10560000704780B483B000AF78604FF0B043D3F8F8
:10561000083123F00F027B681B094FF0B0411343A0
:10562000C1F8083100BF0C37BD4680BC704780B45C
:1056300083B000AF78604FF0B0439B6823F4E06222
:105640004FF0B0417B6813438B6000BF0C37BD4601
:1056500080BC704780B483B000AF78604FF0B04337
:105660009B6823F460524FF0B0417B6813438B601A
:1056700000BF0C37BD4680BC704780B400AF4FF010
:10568000B0439B6803F0F0031846BD4680BC7047EA
:1056900080B400AF4FF0B043D3F808311B0103F0E2
:1056A000F0031846BD4680BC704780B400AF4FF091
:1056B000B0439B6803F4E0631846BD4680BC704766
:1056C00080B400AF4FF0B0439B6803F460531846BA
:1056D000BD4680BC704780B400AF4FF0B0431B683C
:1056E0004FF0B04243F08073136000BFBD4680BCF2
:1056F000704780B400AF4FF0B0431B684FF0B0422A
:1057000023F08073136000BFBD4680BC704780B437
:1057100000AF4FF0B0431B6803F00073B3F1007F9C
:1057200001D1012300E000231846BD4680BC70472C
:1057300080B400AF4FF0B043DB681B0A03F07F0377
:105740001846BD4680BC704780B400AF4FF0B043F0
:10575000DB6803F060431846BD4680BC704780B4E8
:1057600000AF4FF0B043DB6803F070031846BD464E
:1057700080BC704780B400AF4FF0B043DB6803F0EB
:1057800003031846BD4680BC704780B400AF4FF09D
:10579000B0439B6803F48033B3F5803F01D101230C
:1057A00000E000231846BD4680BC704780B400AFBF
:1057B0004FF0B043D3F8083103F48033B3F5803FA2
:1057C00001D1012300E000231846BD4680BC70478C
:1057D00080B400AF4FF0B0439B6803F40033B3F5DF
:1057E000003F01D1012300E000231846BD4680BCE4
:1057F000704780B400AF4FF0B0439B6803F4802340
:10580000B3F5802F01D1012300E000231846BD46E7
:1058100080BC704780B588B000AF78607B68002B93
:1058200001D101236FE3FFF7CEFEF861FFF7A2FF7E
:10583000B8617B681B6803F02003002B00F0C48074
:10584000FB69002B05D0FB690C2B76D1BB69012BC2
:1058500073D17B681B6A002B01D1012353E37B6862
:105860009A6A4FF0B0431B6803F00803002B05D081
:105870004FF0B0431B6803F0F00306E04FF0B04375
:10588000D3F894301B0903F0F003934222D27B68D3
:105890009B6A184600F03CFD0346002B01D0012313
:1058A00031E34FF0B0431B684FF0B04243F00803C0
:1058B00013604FF0B0431B6823F0F0027B689B6AD3
:1058C0004FF0B04113430B607B685B6A1846FFF7EB
:1058D00053FE21E04FF0B0431B684FF0B04243F05D
:1058E000080313604FF0B0431B6823F0F0027B689D
:1058F0009B6A4FF0B04113430B607B685B6A1846AC
:10590000FFF73AFE7B689B6A184600F001FD0346EC
:10591000002B01D00123F6E200F0C2FC0346A74AA7
:105920001360A74B1B681846FBF748F90346FB7446
:10593000FB7C002B47D0FB7CE5E27B681B6A002BDD
:105940002CD0FFF7C6FDFBF743F9786108E0FBF7C1
:105950003FF902467B69D31A022B01D90323D2E215
:10596000FFF7D3FD0346002BF1D04FF0B0431B6887
:105970004FF0B04243F0080313604FF0B0431B6890
:1059800023F0F0027B689B6A4FF0B04113430B6039
:105990007B685B6A1846FFF7EFFD15E0FFF7A7FD90
:1059A000FBF716F9786108E0FBF712F902467B690C
:1059B000D31A022B01D90323A5E2FFF7A6FD034664
:1059C000002BF1D100E000BF7B681B6803F00103EE
:1059D000002B58D0FB69082B05D0FB690C2B08D194
:1059E000BB69032B05D17B685B68002B4BD101237E
:1059F00089E24FF0B0431B6823F480127B689B68F8
:105A00004FF0B04113430B607B685B68B3F5803F98
:105A100002D1FFF7AEFC0DE07B685B68B3F5041FB5
:105A200004D1FFF779FCFFF7A4FC03E0FFF7AFFC1C
:105A3000FFF780FC7B685B68002B12D0FBF7C8F88F
:105A4000786108E0FBF7C4F802467B69D31A642B3F
:105A500001D9032357E2FFF7A8FC0346002BF1D03E
:105A600011E0FBF7B5F8786108E0FBF7B1F8024602
:105A70007B69D31A642B01D9032344E2FFF795FC19
:105A80000346002BF1D17B681B6803F00203002B57
:105A900046D0FB69042B05D0FB690C2B0ED1BB69EA
:105AA000022B0BD17B681B69002B01D101232AE259
:105AB0007B685B691846FFF7B6FC31E07B681B69C1
:105AC000002B19D0FFF782FCFBF782F8786108E021
:105AD000FBF77EF802467B69D31A022B01D9032318
:105AE00011E2FFF78FFC0346002BF1D07B685B6966
:105AF0001846FFF798FC13E0FFF776FCFBF768F811
:105B0000786108E0FBF764F802467B69D31A022B40
:105B100001D90323F7E1FFF775FC0346002BF1D110
:105B20007B681B6803F00803002B6ED07B689B69C1
:105B3000002B56D04FF0B043D3F89430FB607B6815
:105B4000DA69FB6803F010039A4231D0FB6803F076
:105B50000203002B06D0FB6803F00103002B01D1E8
:105B60000123D0E1FB6803F00103002B13D0FFF702
:105B70008FFCFBF72DF8786108E0FBF729F8024667
:105B80007B69D31A112B01D90323BCE1FFF790FCE9
:105B90000346002BF1D14FF0B043D3F8943023F0FB
:105BA00010027B68DB694FF0B0411343C1F89430B9
:105BB000FFF75EFCFBF70CF878610CE0B400002006
:105BC000B8000020FBF704F802467B69D31A112BBA
:105BD00001D9032397E1FFF76BFC0346002BF1D0BB
:105BE00013E0FFF755FCFAF7F3FF786108E0FAF7E6
:105BF000EFFF02467B69D31A112B01D9032382E1FF
:105C0000FFF756FC0346002BF1D17B681B6803F0BD
:105C10000403002B00F0D880FFF76CFB0346002B39
:105C200013D1FFF74DFBFAF7D3FF786108E0FAF7DD
:105C3000CFFF02467B69D31A022B01D9032362E10D
:105C4000FFF758FB0346002BF1D07B68DB68002B85
:105C50007BD07B68DB68852B03D07B68DB68052BFA
:105C600009D14FF0B043D3F890304FF0B04243F039
:105C70000403C2F89030FAF7ABFF78614FF0B043FD
:105C8000D3F890304FF0B04243F00103C2F89030A7
:105C90000AE0FAF79DFF02467B69D31A41F2883287
:105CA000934201D903232EE1FFF7D1FB0346002BDA
:105CB000EFD07B68DB68812B03D07B68DB68852BAA
:105CC00021D1FAF785FF78614FF0B043D3F89030D7
:105CD0004FF0B04243F08003C2F890300AE0FAF788
:105CE00077FF02467B69D31A41F28832934201D989
:105CF000032308E14FF0B043D3F8903003F400637E
:105D0000002BECD060E0FAF763FF78614FF0B0430E
:105D1000D3F890304FF0B04223F08003C2F89030B7
:105D20000AE0FAF755FF02467B69D31A41F288323E
:105D3000934201D90323E6E04FF0B043D3F890300B
:105D400003F40063002BECD13EE0FAF741FF7861E9
:105D50004FF0B043D3F890304FF0B04223F08003BF
:105D6000C2F890300AE0FAF733FF02467B69D31A93
:105D700041F28832934201D90323C4E04FF0B0438B
:105D8000D3F8903003F40063002BECD1FAF720FF36
:105D900078614FF0B043D3F890304FF0B04223F029
:105DA0000103C2F890300AE0FAF712FF02467B695D
:105DB000D31A41F28832934201D90323A3E0FFF7BB
:105DC00046FB0346002BEFD17B68DB6A002B00F01B
:105DD0009980FB690C2B6CD07B68DB6A022B4BD162
:105DE000FFF787FCFAF7F4FE786108E0FAF7F0FEB7
:105DF00002467B69D31A0A2B01D9032383E0FFF7FC
:105E000086FC0346002BF1D14FF0B043DA68404BDB
:105E100013407A68116B7A68526B11437A68926BFF
:105E2000120211437A68D26B11437A68126C1143E3
:105E30007A68526C0A434FF0B0411343CB60FFF7CE
:105E40004AFC4FF0B043DB684FF0B04243F0805360
:105E5000D360FAF7BDFE786108E0FAF7B9FE0246B2
:105E60007B69D31A0A2B01D903234CE0FFF74FFCBF
:105E70000346002BF1D045E0FFF73BFCFAF7A8FE04
:105E8000786108E0FAF7A4FE02467B69D31A0A2B70
:105E900001D9032337E0FFF73AFC0346002BF1D189
:105EA0004FF0B043DA684FF0B0411A4B1340CB606B
:105EB00028E07B68DB6A012B01D1012323E04FF04E
:105EC000B043DB68BB61BB6903F003027B681B6BFB
:105ED0009A4215D1BB6903F070027B685B6B9A42F2
:105EE0000ED1BB6903F4FE427B689B6B1B029A4296
:105EF00006D1BB6903F060427B685B6C9A4201D0BB
:105F0000012300E0002318462037BD4680BD00BFB6
:105F10008C80C111FCFFFEEE80B584B000AF7860CC
:105F200039607B68002B01D101230FE1894B1B688D
:105F300003F007033A689A421BD9864B1B6823F08B
:105F4000070284493B6813430B60FAF741FEF8608F
:105F500008E0FAF73DFE0246FB68D31A022B01D98E
:105F60000323F3E07B4B1B6803F007033A689A4274
:105F7000EFD17B681B6803F00203002B16D07B680F
:105F80009B681846FFF72AFBFAF722FEF86008E044
:105F9000FAF71EFE0246FB68D31A022B01D903232F
:105FA000D4E0FFF7F2FB0346002BF1D07B681B68BF
:105FB00003F04003002B16D07B685B691846FFF79F
:105FC00020FBFAF705FEF86008E0FAF701FE02464A
:105FD000FB68D31A022B01D90323B7E0FFF7E6FBD6
:105FE0000346002BF1D07B681B6803F00403002BF1
:105FF00016D07B68DB681846FFF719FBFAF7E8FD57
:10600000F86008E0FAF7E4FD0246FB68D31A022BB9
:1060100001D903239AE0FFF7DBFB0346002BF1D005
:106020007B681B6803F00803002B17D07B681B6993
:10603000DB001846FFF70EFBFAF7CAFDF86008E030
:10604000FAF7C6FD0246FB68D31A022B01D90323D7
:106050007CE0FFF7CEFB0346002BF1D07B681B688A
:1060600003F00103002B43D07B685B68022B06D151
:10607000FFF79BF90346002B1ED1012366E07B68E6
:106080005B68032B06D1FFF742FB0346002B13D1BD
:1060900001235BE07B685B68002B06D1FFF735FAD4
:1060A0000346002B08D1012350E0FFF7ABF903466C
:1060B000002B01D1012349E07B685B681846FFF79C
:1060C0006FFAFAF785FDF8600AE0FAF781FD0246FB
:1060D000FB68D31A41F28832934201D9032335E099
:1060E000FFF771FA02467B685B689B009A42ECD12D
:1060F000184B1B6803F007033A689A421BD2154BF2
:106100001B6823F0070213493B6813430B60FAF73F
:106110005FFDF86008E0FAF75BFD0246FB68D31A02
:10612000022B01D9032311E00A4B1B6803F007037C
:106130003A689A42EFD100F0B3F80346064A13607A
:10614000064B1B681846FAF739FD03461846103708
:10615000BD4680BD00400058B4000020B8000020BB
:1061600090B587B000AF00237B6100233B61FFF750
:106170002AFAB860FFF7FEFA7860BB68002B05D0FA
:10618000BB680C2B39D17B68012B36D1FFF7CDF9D9
:106190000346002B15D1FFF7C8F90346012B06D1A2
:1061A000FFF7D3F903461B0A03F00F0305E0FFF7DF
:1061B000D7F903461B0A03F00F03364A52F823307F
:1061C00014E0FFF7B2F90346012B06D1FFF7BDF942
:1061D00003461B0903F00F0305E0FFF7C1F903466F
:1061E0001B0903F00F032B4A52F823303B61BB68B5
:1061F000002B15D13B697B6112E0BB68042B02D1F7
:10620000254B7B610CE0BB68082B09D1FFF7A0F898
:106210000346012B02D1204B7B6101E01F4B7B61C8
:10622000FFF7D1F903460C2B2FD1FFF7A3FA7860C3
:106230007B68022B03D07B68032B03D00DE0164B49
:10624000FB600DE0FFF784F80346012B02D1124BEF
:10625000FB6005E0114BFB6002E03B69FB6000BFA7
:10626000FFF766FA0246FB6803FB02F4FFF777FAD2
:1062700003461B090133B4FBF3F4FFF765FA034649
:106280005B0F0133B4FBF3F37B617B6918461C376A
:10629000BD4690BDEC3501080024F4000048E8013B
:1062A00098B500AFFFF75CFF0446FFF7E6F9034639
:1062B0001B0903F00F03034A52F82330B4FBF3F336
:1062C000184698BD8C35010898B500AFFFF7E8FF78
:1062D0000446FFF7EAF903461B0A034A52F8233043
:1062E00024FA03F3184698BDCC35010898B500AFE1
:1062F000FFF7D6FF0446FFF7E3F90346DB0A034A3C
:1063000052F8233024FA03F3184698BDCC3501081F
:1063100090B585B000AF78607B681B0903F00F0370
:10632000104A52F82330FB60FFF7B2F903461B090D
:1063300003F00F030C4A52F82330FA68B2FBF3F370
:10634000BB60BB68094AA2FB03239C0CFEF7C6FF97
:1063500003461946204600F00BF80346184614374A
:10636000BD4690BDEC3501088C35010883DE1B432A
:1063700080B58EB000AF786039603A4A07F12003EB
:1063800092E80300186004331980374A07F11803B4
:1063900092E80300186004331980344A07F10C03B3
:1063A00007CA83E8070000237B633B68B3F5007FDF
:1063B0001BD100233B6314E03B6B5B0038333B4451
:1063C00033F8183C1A467B68934207D83B6B9B0016
:1063D00038333B4453F82C3C7B6321E03B6B013367
:1063E0003B633B6B022BE7D91AE00023FB6214E00E
:1063F000FB6A5B0038333B4433F8203C1A467B6829
:10640000934207D8FB6A9B0038333B4453F82C3C3B
:106410007B6305E0FB6A0133FB62FB6A022BE7D971
:10642000134B1B6823F0070211497B6B13430B606E
:10643000FAF7CEFBB86208E0FAF7CAFB0246BB6A7D
:10644000D31A022B01D9032307E0094B1B6803F081
:1064500007037A6B9A42EFD1002318463837BD46BE
:1064600080BD00BF5030010858300108603001087D
:106470000040005880B400AF4FF0B043D3F89030E4
:1064800003F00203022B01D1012300E00023184690
:10649000BD4680BC704780B483B000AF78604FF0D9
:1064A000B043D3F888207B681B0CDB431A407B6821
:1064B0009BB24FF0B0411343C1F8883000BF0C3796
:1064C000BD4680BC704780B483B000AF78604FF0A9
:1064D000B043D3F8883023F440724FF0B0417B686A
:1064E0001343C1F8883000BF0C37BD4680BC7047ED
:1064F00080B483B000AF78604FF0B043D3F88830F9
:1065000023F440624FF0B0417B681343C1F88830F8
:1065100000BF0C37BD4680BC704780B483B000AF6D
:1065200078604FF0B043D3F888207B681B0903F4F0
:106530007F23DB431A407B681B0103F47F234FF06A
:10654000B0411343C1F8883000BF0C37BD4680BC52
:10655000704780B483B000AF78604FF0B043D3F899
:1065600088207B681B0C1B04DB431A407B681B04E0
:106570004FF0B0411343C1F8883000BF0C37BD461F
:1065800080BC704780B483B000AF78604FF0B043F8
:10659000D3F8883023F040424FF0B0417B6813437A
:1065A000C1F8883000BF0C37BD4680BC704780B44E
:1065B00083B000AF78604FF0B043D3F8883023F059
:1065C00040524FF0B0417B681343C1F8883000BFA0
:1065D0000C37BD4680BC704780B483B000AF786094
:1065E0004FF0B043D3F8903023F440724FF0B041F5
:1065F0007B681343C1F8903000BF0C37BD4680BCA8
:10660000704780B400AF4FF0B043D3F8903003F43C
:1066100040731846BD4680BC704780B400AF4FF051
:10662000B043D3F890304FF0B04243F48033C2F817
:10663000903000BFBD4680BC704780B400AF4FF0C3
:10664000B043D3F890304FF0B04223F48033C2F817
:10665000903000BFBD4680BC7047000080B586B05A
:1066600000AF786000237B610023FB740023BB74C0
:106670007B681B6803F48033002B58D0FEF720FEA4
:10668000FAF7A6FAF86009E0FAF7A2FA0246FB6800
:10669000D31A022B02D90323FB7406E07B4B1B6841
:1066A00003F48073B3F5807FEED1FB7C002B3CD1EB
:1066B000FFF7A7FF02467B685B6B9A420FD04FF053
:1066C000B043D3F8903023F440737B61FFF7A5FF0C
:1066D000FFF7B3FF4FF0B0427B69C2F890307B699F
:1066E00003F00203002B14D0FAF772FAF8600BE003
:1066F000FAF76EFA0246FB68D31A41F288329342E7
:1067000002D90323FB7404E0FFF7B4FE0346012B18
:10671000EED1FB7C002B05D17B685B6B1846FFF745
:106720005BFF04E0FB7CBB7401E0FB7CBB747B681B
:106730001B6803F00103002B04D07B685B681846DC
:10674000FFF7A9FE7B681B6803F00203002B04D04F
:106750007B689B681846FFF79EFE7B681B6803F00A
:106760002003002B04D07B681B691846FFF7C0FE8E
:106770007B681B6803F40073002B04D07B681B6AE2
:106780001846FFF7E6FE7B681B6803F48063002B66
:1067900004D07B685B6A1846FFF7DBFE7B681B68EA
:1067A00003F40063002B04D07B689B6A1846FFF754
:1067B000D0FE7B681B6803F04003002B04D07B688D
:1067C0005B691846FFF7A9FE7B681B6803F080032E
:1067D000002B04D07B689B691846FFF79EFE7B6800
:1067E0001B6803F48073002B04D07B68DB691846B8
:1067F000FFF793FE7B681B6803F01003002B11D09A
:106800007B68DB681846FFF75EFE7B68DB68B3F5E4
:10681000807F07D14FF0B043DB684FF0B04243F0C8
:106820008073D3607B681B6803F40043002B10D097
:106830007B681B6B1846FFF7A5FE7B681B6B002B64
:1068400007D14FF0B043DB684FF0B04243F08073A4
:10685000D3607B681B6803F48043002B11D07B68F6
:10686000DB6A1846FFF7A3FE7B68DB6AB3F1005FC3
:1068700007D14FF0B043DB684FF0B04243F48033B0
:10688000D360BB7C18461837BD4680BD0004005855
:1068900080B584B000AF78600123FB737B68002B68
:1068A00071D07B6893F82D30DBB2002B06D17B686A
:1068B000002283F82C207868FAF718F87B68022207
:1068C00083F82D20324BDB6803F01003102B51D0DE
:1068D0002F4BCA225A622E4B53225A62786800F01C
:1068E00011FA0346FB73FB7B002B3FD1284B9B69BE
:1068F000274A23F08E6323F040039361244B9A6967
:106900007B6859687B681B6919437B689B690B43EB
:106910001F4913438B617B68DA687B689B681B04A3
:106920001B4913430B611A4BDB6823F4F8527B6855
:10693000596A7B689B6A0B4315491343CB6078689F
:1069400000F014FA0346FB73FB7B002B0ED1104BB7
:106950009B6923F060427B68196A7B68DB69194395
:106960007B685B690B430A4913438B61084BFF2229
:106970005A6201E00023FB73FB7B002B03D17B6891
:10698000012283F82D20FB7B18461037BD4680BDC1
:106990000028004090B587B000AFF860B9607A6019
:1069A00000237B61FB6893F82C30012B01D102237B
:1069B000F3E0FB68012283F82C20FB68022283F8B5
:1069C0002D20784BDB6803F440733B613B69B3F5E2
:1069D000807F6AD07B68002B3AD1724B9B6903F0B1
:1069E0004003002B02D1BB680022DA70BB685B69F0
:1069F000B3F1004FBB681B78184600F0F5F9034669
:106A00001C04BB685B78184600F0EEF903461B02D5
:106A10001C43BB689B78184600F0E6F9034644EA3D
:106A20000302BB68DB789B0542EA0304BB6893F86A
:106A30002430184600F0D8F903461B0644EA030246
:106A4000BB681B6A1A43BB685B6913437B612CE01C
:106A5000BB685B69B3F1803F0DD0BB685B69B3F580
:106A6000000F08D04F4B9B6903F04003002B02D16D
:106A7000BB680022DA70BB681B781A04BB685B78BD
:106A80001B021343BA6892781A43BB68DB789B05F4
:106A90001A43BB6893F824301B061A43BB681B6A71
:106AA0001A43BB685B6913437B613E4BCA225A623F
:106AB0003C4B53225A62BB689B6AB3F5807F2CD152
:106AC000384B9B69374A23F488539361354B012235
:106AD000DA653B69B3F5807F07D1BB689A69BB680B
:106AE000DB69304913434B6406E02E4A7B6913642B
:106AF0002C4ABB689B6953642A4ABB685B6813676E
:106B0000FB681B6B43F00102FB681A63254B9B6912
:106B1000244A43F4885393612BE0224B9B69214A1A
:106B200023F4085393611F4B0222DA653B69B3F5E6
:106B3000807F07D1BB689A69BB68DB691949134339
:106B4000CB6406E0174A7B699364164ABB689B696D
:106B5000D364144ABB685B685367FB681B6B43F0E4
:106B60000202FB681A630F4B9B690E4A43F40853F9
:106B700093610D4BD3F880300B4A43F40033C2F8D5
:106B80008030084BFF225A62FB68012283F82D20D7
:106B9000FB68002283F82C20002318461C37BD46D2
:106BA00090BD00BF002800400008005880B483B0AA
:106BB00000AF786039607B6893F82C30012B01D1ED
:106BC000022348E07B68012283F82C207B680222A4
:106BD00083F82D20224BCA225A62214B53225A623B
:106BE0003B68B3F5807F15D11D4B9B691C4A23F48C
:106BF000885393611A4B5B6C194A23F0004353642A
:106C00007B681B6B23F001027B681A63144B012223
:106C1000DA6514E0124B9B69114A23F4085393611F
:106C20000F4BDB6C0E4A23F00043D3647B681B6B75
:106C300023F002027B681A63094B0222DA65084BD3
:106C4000FF225A627B68012283F82D207B68002294
:106C500083F82C20002318460C37BD4680BC7047B3
:106C60000028004080B584B000AF7860114B5A6DA9
:106C70007B681B6B1340FB60FB6803F00103002B78
:106C800005D00C4B0122DA657868FAF7EAF9FB685F
:106C900003F00203002B05D0064B0222DA65786868
:106CA00000F04AF97B68012283F82D2000BF1037DD
:106CB000BD4680BD0028004080B584B000AF78603C
:106CC0000F4BDB680E4A23F02003D360F9F780FFF7
:106CD000F86009E0F9F77CFF0246FB68D31AB3F5C8
:106CE0007A7F01D9032306E0054BDB6803F020031C
:106CF000002BEFD0002318461037BD4680BD00BFE3
:106D00000028004080B584B000AF78600023FB739A
:106D1000154BDB6803F04003002B20D1124BDB68DE
:106D2000114A43F08003D360F9F752FFB8600DE0D9
:106D3000F9F74EFF0246BB68D31AB3F57A7F05D93F
:106D40000323FB737B68032283F82D20064BDB684B
:106D500003F04003002B02D1FB7B032BE8D1FB7B2C
:106D600018461037BD4680BD0028004080B584B06D
:106D700000AF78600023FB731A4BDB68194A23F0DD
:106D80008003D360174B9B6903F02003002B0CD1C9
:106D90007868FFF791FF0346002B1ED07B68032223
:106DA00083F82D200323FB7317E00E4B9B690D4ADC
:106DB00023F0200393617868FFF77EFF0346002BE2
:106DC00005D07B68032283F82D200323FB73054B3A
:106DD0009B69044A43F020039361FB7B18461037FC
:106DE000BD4680BD0028004080B485B000AF03469A
:106DF000FB710023FB60FB79FB7205E0FB6801334C
:106E0000FB60FB7A0A3BFB72FB7A092BF6D8FB6826
:106E1000DBB21B01DAB2FB7A1343DBB2184614373C
:106E2000BD4680BC7047000080B483B000AF78607E
:106E30007B6893F82C30012B01D102231FE07B6883
:106E4000012283F82C207B68022283F82D200E4B30
:106E5000CA225A620C4B53225A620B4B9B690A4A54
:106E600043F020039361084BFF225A627B680122A2
:106E700083F82D207B68002283F82C2000231846FD
:106E80000C37BD4680BC70470028004080B483B0FA
:106E900000AF78607B6893F82C30012B01D102237E
:106EA00027E07B68012283F82C207B68022283F88C
:106EB0002D20124BCA225A62104B53225A620F4B9A
:106EC0009B690E4A43F0800393610D4BD3F88030E9
:106ED0000B4A43F48023C2F88030084BFF225A62E9
:106EE0007B68012283F82D207B68002283F82C2008
:106EF000002318460C37BD4680BC70470028004070
:106F00000008005880B582B000AF7860094B5B6D17
:106F100003F04003002B05D0064B4022DA65786869
:106F2000FAF7A9F87B68012283F82D2000BF083703
:106F3000BD4680BD0028004080B483B000AF7860BB
:106F400000BF0C37BD4680BC7047000080B487B0DE
:106F500000AFF860B9607A60074B7B61BB689B004B
:106F60007A6913447B617B697A681A6000BF1C37B9
:106F7000BD4680BC704700BF00B1004080B485B002
:106F800000AF78603960074BFB603B689B00FA6894
:106F90001344FB60FB681B6818461437BD4680BC71
:106FA000704700BF00B1004080B483B000AF78608C
:106FB000064B9B6823F4006204497B6813438B6093
:106FC00000BF0C37BD4680BC704700BF00040058AE
:106FD00080B400AF054BD3F89030044A43F400432B
:106FE000C2F8903000BFBD4680BC70470004005816
:106FF00080B400AF054BD3F89030044A23F400432B
:10700000C2F8903000BFBD4680BC704700040058F5
:1070100080B400AF034B4FF400629A6100BFBD46DD
:1070200080BC70470004005880B400AF064B5B6919
:1070300003F00203022B01D1012300E000231846D4
:10704000BD4680BC704700BF0004005880B400AF4C
:10705000064B5B6903F00403042B01D1012300E01C
:1070600000231846BD4680BC704700BF000400588E
:1070700080B400AF4FF0B043D3F894304FF0B0423B
:1070800023F40043C2F8943000BFBD4680BC704773
:1070900080B400AF4FF0B043D3F8943003F4804392
:1070A000B3F5804F01D1012300E000231846BD460F
:1070B00080BC704780B483B000AF7860064BD3F8D3
:1070C000902005497B681343C1F8903000BF0C370E
:1070D000BD4680BC704700BF0008005880B584B032
:1070E00000AF78607B68002B03D10123FB73FB7B2F
:1070F00052E00023FB737B689B79BB73BB7B002B47
:1071000002D0BB7B032B09D17B6800225A717868BF
:10711000F9F7D0FC4FF48050FFF7CCFFBB7B002B7E
:1071200026D17B6802229A71FFF7A2FF1C4B1A68D6
:107130001346DB009B1A9B00DB0C642202FB03F36B
:10714000BB60BB68002B05D10123FB737B68012268
:107150009A6007E0BB68013BBB60FFF799FF0346FD
:10716000002BEED1FFF734FF4FF40060FFF71CFF58
:10717000FFF74EFFFB7B002B0AD17B681B6818468C
:1071800000F0B6FA7B6801221A717B6800229A60CF
:107190007B6801229A71FB7B18461037BD4680BD83
:1071A000B400002080B586B000AFF8607A601A465F
:1071B0000B467B8113463B81FB689B79DBB2012B3D
:1071C0004AD1FB685B79012B01D1022345E0FB68C2
:1071D00001225A71FB6802229A71F86800F056FB8E
:1071E000FFF706FF0D21F86800F0A2FA7B891B0A61
:1071F0009BB2DBB21946F86800F09AFA7B89DBB2E1
:107200001946F86800F094FA0023BB820AE0BB8AB2
:107210007A6813441B781946F86800F089FABB8A2B
:107220000133BB82BA8A3B899A42F0D3FFF7D0FE82
:10723000F86800F04FFBFB689B68002B02D001232D
:10724000FB7501E00023FB75FB6801229A71FB6866
:1072500000225A71FB7D00E0022318461837BD4614
:1072600080BD80B588B000AFF8607A601A460B46E2
:107270007B8113463B817B68BB61FB689B79DBB2FA
:10728000012B4AD1FB685B79012B01D1022345E038
:10729000FB6801225A71F86800F0F8FAFFF7A8FEBF
:1072A0001D21F86800F044FA7B891B0A9BB2DBB20F
:1072B0001946F86800F03CFA7B89DBB21946F86899
:1072C00000F036FA0021F86800F032FA0023FB8261
:1072D00009E0B969F86800F081FABB690133BB6164
:1072E000FB8A0133FB82FA8A3B899A42F1D3FFF78A
:1072F0006FFEF86800F0EEFAFB689B68002B02D086
:107300000123FB7701E00023FB77FB6801229A71E0
:10731000FB6800225A71FB7F00E0022318462037E9
:10732000BD4680BD80B586B000AFF8607A601A4671
:107330000B46FB7213463B81FB689B79DBB2012B4A
:107340004AD1FB685B79012B01D1022345E0FB6840
:1073500001225A71F86800F099FAFB7A842B02D066
:10736000FB7A942B03D1FB6801221A7102E0FB68BF
:1073700000221A71FFF73CFEFB7A1946F86800F00C
:10738000D7F90023BB820AE0BB8A7A6813441B78D2
:107390001946F86800F0CCF9BB8A0133BB82BA8A7F
:1073A0003B899A42F0D3FFF713FEFB7A842B02D07D
:1073B000F86800F08FFAFB689B68002B02D001236D
:1073C000FB7501E00023FB75FB6801229A71FB68E5
:1073D00000225A71FB7D00E0022318461837BD4693
:1073E00080BD80B588B000AFF8607A601A460B4661
:1073F000FB7213463B817B68BB61FB689B79DBB208
:10740000012B3DD1FB685B79012B01D1022338E0D0
:10741000FB6801225A71F86800F038FAFFF7E8FDBE
:10742000FB7A1946F86800F083F90021F86800F04B
:107430007FF90023FB8209E0B969F86800F0CEF912
:10744000BB690133BB61FB8A0133FB82FA8A3B894A
:107450009A42F1D3FFF7BCFDF86800F03BFAFB68F5
:107460009B68002B02D00123FB7701E00023FB7710
:10747000FB6801229A71FB6800225A71FB7F00E0D1
:10748000022318462037BD4680BD80B586B000AFC8
:10749000F8607A601A460B46FB7213463B81FB6824
:1074A0009B79DBB2012B3ED1FB685B79012B01D1CB
:1074B000022339E0FB6801225A71F86800F0E6F90E
:1074C000FFF796FD0E21F86800F032F9FB7A1946B5
:1074D000F86800F02DF90023BB820AE0BB8A7A68C5
:1074E00013441B781946F86800F022F9BB8A01336F
:1074F000BB82BA8A3B899A42F0D3FFF769FDF868EC
:1075000000F0E8F9FB689B68002B02D00123FB75B3
:1075100001E00023FB75FB6801229A71FB680022E1
:107520005A71FB7D00E0022318461837BD4680BD26
:1075300080B588B000AFF8607A601A460B46FB72DF
:1075400013463B817B68BB61FB689B79DBB2012BF7
:1075500041D1FB685B79012B01D102233CE0FB6840
:1075600001225A71F86800F091F9FFF741FD1E21E0
:10757000F86800F0DDF8FB7A1946F86800F0D8F8F2
:107580000021F86800F0D4F80023FB8209E0B96913
:10759000F86800F023F9BB690133BB61FB8A013352
:1075A000FB82FA8A3B899A42F1D3FFF711FDF86812
:1075B00000F090F9FB689B68002B02D00123FB7759
:1075C00001E00023FB77FB6801229A71FB6800222F
:1075D0005A71FB7F00E0022318462037BD4680BD6C
:1075E00080B584B000AF78600023BB8107F10C0246
:1075F000022312217868FFF7F4FE3B7BFB81B7F989
:107600000E301B021AB27B7B1BB213431BB2FB81F1
:1076100007F10C02022302217868FFF783FEFB8941
:1076200003F00103002B02D0786808F001FCFB890D
:107630005B0803F00103002B02D0786808F006FC19
:10764000FB899B0803F00103002B02D0786808F047
:1076500055FCFB89DB0803F00103002B02D078689E
:1076600008F05AFCFB891B0903F00103002B02D030
:10767000786808F05FFCFB895B0903F00103002BCD
:1076800002D0786808F02CFCFB899B0903F0010309
:10769000002B02D0786808F0E7FBFB89DB0903F0D8
:1076A0000103002B0ED0FB891B0A03F00103002B02
:1076B00004D00121786808F0E5FB03E00021786838
:1076C00008F0E0FBFB895B0A03F00103002B02D00A
:1076D000786808F0F5FBFB899B0B03F00103002B96
:1076E00002D0786808F034FC00BF1037BD4680BD7A
:1076F00080B483B000AF78600C4B1B680B4A23F05A
:1077000040031360094A7B6843F441731360074BDD
:107710004FF4B8525A60054B1B68044A43F04003CB
:10772000136000BF0C37BD4680BC70470000015895
:1077300080B487B000AF78600B46FB700023FB7508
:10774000234B1A681346DB009B1A9B00DB0C642258
:1077500002FB03F3FB60FB68002B05D10123FB75E3
:107760007B6801229A6008E0FB68013BFB60194BD3
:107770009B6803F00203022BEDD1174B3B613B6981
:10778000FA781A70124B1A681346DB009B1A9B009A
:10779000DB0C642202FB03F3FB60FB68002B05D1CA
:1077A0000123FB757B6801229A6008E0FB68013BBE
:1077B000FB60084B9B6803F00103012BEDD1054BE7
:1077C000DB68FB7D18461C37BD4680BC704700BF98
:1077D000B4000020000001580C00015880B487B0AC
:1077E00000AF786039600023FB75254B1A6813469B
:1077F000DB009B1A9B00DB0C642202FB03F3FB60A3
:10780000FB68002B05D10123FB757B6801229A6080
:1078100008E0FB68013BFB601A4B9B6803F0020326
:10782000022BEDD1184B3B613B69FF221A70144BC0
:107830001A681346DB009B1A9B00DB0C642202FBD8
:1078400003F3FB60FB68002B05D10123FB757B680C
:1078500001229A6008E0FB68013BFB60094B9B68D2
:1078600003F00103012BEDD1064BDB68DAB23B6874
:107870001A70FB7D18461C37BD4680BC704700BFA0
:10788000B4000020000001580C00015880B584B0FD
:1078900000AF78607B681B79012B11D10C4B1A6803
:1078A00013465B001344DB001B0CFB60FFF7A0FBDF
:1078B000FB68013BFB60FB68002BF9D1FFF788FBFD
:1078C000786800F007F8034618461037BD4680BDBB
:1078D000B400002080B586B000AF78600023FB754F
:1078E000124B1A6813465B001344DB001B0D642225
:1078F00002FB03F3FB60FFF7A9FB3861FB68002B79
:1079000005D10123FB757B6802229A6009E0FB68C0
:10791000013BFB60FFF788FB02463B691340012BEC
:10792000E9D0FB7D18461837BD4680BDB400002065
:1079300080B483B000AF78604FF0B043D3F88820B4
:107940007B681A407B681B04134318460C37BD46FE
:1079500080BC704780B483B000AF78604FF0B04314
:10796000D3F888207B68134018460C37BD4680BC8E
:107970007047000080B582B000AF78607B68002B54
:1079800001D1012350E07B68D3F88830002B14D15B
:107990007B68002283F88420786800F079FD7B689A
:1079A000D3F8C430002B03D17B68214AC3F8C4202C
:1079B0007B68D3F8C430786898477B682422C3F882
:1079C00088207B681B681A687B681B6822F00102AC
:1079D0001A60786800F0AEFD0346012B01D1012347
:1079E00022E07B689B6A002B02D0786801F016F8D1
:1079F0007B681B685A687B681B6822F490425A6057
:107A00007B681B689A687B681B6822F02A029A6070
:107A10007B681B681A687B681B6842F001021A6069
:107A2000786801F09CF8034618460837BD4680BDCB
:107A3000E513000880B487B000AFF8600B467A60A9
:107A4000FB720023FB757B68002B09D1FB68D3F820
:107A5000903043F04002FB68C3F8902001239CE083
:107A6000FB68D3F88830202B6CD1FB7A0C2B5ED8C6
:107A700001A252F823F000BFAD7A0008B77A0008DF
:107A8000C17A0008CB7A0008D57A0008DF7A0008AE
:107A9000E97A0008F37A0008FD7A0008077B0008FD
:107AA000117B00081B7B0008257B0008FB687A68B7
:107AB000C3F8942070E0FB687A68C3F898206BE004
:107AC000FB687A68C3F89C2066E0FB687A68C3F8B4
:107AD000A02061E0FB687A68C3F8A4205CE0FB6842
:107AE0007A68C3F8A82057E0FB687A68C3F8AC202E
:107AF00052E0FB687A68C3F8B0204DE0FB687A6812
:107B0000C3F8B42048E0FB687A68C3F8B82043E0C3
:107B1000FB687A68C3F8BC203EE0FB687A68C3F86B
:107B2000C42039E0FB687A68C3F8C82034E0FB68F9
:107B3000D3F8903043F04002FB68C3F89020012353
:107B4000FB7529E0FB68D3F88830002B1AD1FB7A4B
:107B50000B2B02D00C2B05D009E0FB687A68C3F828
:107B6000C42019E0FB687A68C3F8C82014E0FB68F9
:107B7000D3F8903043F04002FB68C3F89020012313
:107B8000FB7509E0FB68D3F8903043F04002FB68D6
:107B9000C3F890200123FB75FB7D18461C37BD46BA
:107BA00080BC704780B485B000AF78603960002336
:107BB000FB733B68002B09D17B68D3F8903043F00E
:107BC00040027B68C3F89020012323E07B6893F890
:107BD0008430012B01D102231CE07B68012283F851
:107BE00084207B68D3F88830202B04D17B683A68E6
:107BF000C3F8C02009E07B68D3F8903043F040021E
:107C00007B68C3F890200123FB737B68002283F814
:107C10008420FB7B18461437BD4680BC70470000AB
:107C200080B491B000AFF860B9601346FB80FB6888
:107C3000D3F88830202B78D1BB68002B02D0FB888A
:107C4000002B01D1012371E0FB68BA681A65FB685B
:107C5000FA88A3F85420FB68FA88A3F85620FB683A
:107C600000229A67FB680022C3F89020FB6821225B
:107C7000C3F88820FB685B6EB3F1005F2AD1FB6814
:107C80009B68B3F5805F07D1FB681B69002B03D1AC
:107C9000FB68294A9A6702E0FB68284A9A67FB68F2
:107CA0001B680833BB62BB6A53E8003F7B627B6A98
:107CB00043F40003BB63FB681B680833BA6B7A6349
:107CC0003B63396B7A6B41E80023FB62FB6A002B54
:107CD000E5D128E0FB689B68B3F5805F07D1FB68BE
:107CE0001B69002B03D1FB68154A9A6702E0FB6809
:107CF000144A9A67FB681B687B617B6953E8003F05
:107D00003B613B6943F08003FB63FB681B681A46D9
:107D1000FB6B3B62FA61F9693A6A41E80023BB6197
:107D2000BB69002BE6D1002300E00223184644374C
:107D3000BD4680BC704700BFA5940008C7930008EB
:107D4000079300085192000880B5BAB000AF786080
:107D50007B681B68DB69C7F8E4307B681B681B68BD
:107D6000C7F8E0307B681B689B68C7F8DC30D7F841
:107D7000E42040F60F031340C7F8D830D7F8D830C6
:107D8000002B1BD1D7F8E43003F02003002B15D0D3
:107D9000D7F8E03003F02003002B05D1D7F8DC3012
:107DA00003F08053002B09D07B685B6F002B00F041
:107DB0000F837B685B6F7868984709E3D7F8D83002
:107DC000002B00F04581D7F8DC209E4B1340002BA0
:107DD00006D1D7F8E0209C4B1340002B00F03881EF
:107DE000D7F8E43003F00103002B11D0D7F8E030CE
:107DF00003F48073002B0BD07B681B6801221A628E
:107E00007B68D3F8903043F001027B68C3F8902080
:107E1000D7F8E43003F00203002B11D0D7F8DC30A0
:107E200003F00103002B0BD07B681B6802221A624F
:107E30007B68D3F8903043F004027B68C3F890204D
:107E4000D7F8E43003F00403002B11D0D7F8DC306E
:107E500003F00103002B0BD07B681B6804221A621D
:107E60007B68D3F8903043F002027B68C3F890201F
:107E7000D7F8E43003F00803002B17D0D7F8E03030
:107E800003F02003002B05D1D7F8DC206D4B134005
:107E9000002B0BD07B681B6808221A627B68D3F822
:107EA000903043F008027B68C3F89020D7F8E430A4
:107EB00003F40063002B12D0D7F8E03003F08063A6
:107EC000002B0CD07B681B684FF400621A627B6841
:107ED000D3F8903043F020027B68C3F890207B6891
:107EE000D3F89030002B00F07582D7F8E43003F01F
:107EF0002003002B13D0D7F8E03003F02003002B31
:107F000005D1D7F8DC3003F08053002B07D07B6815
:107F10005B6F002B03D07B685B6F786898477B684A
:107F2000D3F89030C7F8D4307B681B689B6803F0A7
:107F30004003402B05D0D7F8D43003F02803002BA2
:107F400074D0786801F008F87B681B689B6803F0C0
:107F50004003402B64D17B681B680833C7F89C3012
:107F6000D7F89C3053E8003FC7F89830D7F89830DE
:107F700023F04003C7F8D0307B681B680833D7F87C
:107F8000D020C7F8A820C7F8A430D7F8A410D7F895
:107F9000A82041E80023C7F8A030D7F8A030002B74
:107FA000D9D17B68D3F880301B685B68A7F8CE30E6
:107FB000B7F8CE30002B0BD07B68B3F85C30B7F845
:107FC000CE209A4204D27B68B7F8CE20A3F85E2078
:107FD0007B68D3F8A430786898477B68D3F8803002
:107FE000002B17D07B68D3F88030184A9A637B68DF
:107FF000D3F880301846FCF7B3FC0346002B1FD0A3
:108000007B68D3F880309B6B7A68D2F8802010466A
:10801000984715E07B68D3F8A430786898470FE05C
:108020007B68D3F8A4307868984709E07B68D3F878
:10803000A430786898477B680022C3F89020C9E193
:1080400000BFC7E1010000102001000421920008D8
:108050007B68DB6E012B40F05781D7F8E43003F0EA
:108060001003002B00F05081D7F8E03003F010032C
:10807000002B00F049817B681B6810221A627B6824
:108080001B689B6803F04003402B40F0BD807B6879
:10809000D3F880301B685B68A7F8BE30B7F8BE30F5
:1080A000002B00F099817B68B3F85C30B7F8BE20F4
:1080B0009A4280F091817B68B7F8BE20A3F85E20D9
:1080C0007B68D3F880301B681B6803F02003002B0B
:1080D00040F087807B681B68C7F88830D7F8883005
:1080E00053E8003FC7F88430D7F8843023F4807316
:1080F000C7F8B8307B681B681A46D7F8B830C7F89D
:108100009430C7F89020D7F89010D7F8942041E821
:108110000023C7F88C30D7F88C30002BDAD17B687D
:108120001B6808337B677B6F53E8003F3B673B6FFF
:1081300023F00103C7F8B4307B681B680833D7F815
:10814000B420C7F88020FB67F96FD7F8802041E89A
:108150000023BB67BB6F002BE1D17B681B68083332
:108160003B663B6E53E8003FFB65FB6D23F040032D
:10817000C7F8B0307B681B680833D7F8B020FA66C0
:10818000BB66B96EFA6E41E800237B667B6E002BFE
:10819000E3D17B682022C3F88C207B680022DA665A
:1081A0007B681B68FB64FB6C53E8003FBB64BB6CE3
:1081B00023F01003C7F8AC307B681B681A46D7F869
:1081C000AC30BB657A65796DBA6D41E800233B65DB
:1081D0003B6D002BE4D17B68D3F880301846FCF768
:1081E00061FB7B6802221A677B68D3F8C0307A682B
:1081F000B2F85C107A68B2F85E2092B28A1A92B233
:10820000114678689847E7E07B68B3F85C207B68A4
:10821000B3F85E309BB2D31AA7F8CC307B68B3F8C2
:108220005E309BB2002B00F0D980B7F8CC30002B29
:1082300000F0D4807B681B68BB63BB6B53E8003FD6
:108240007B637B6B23F49073C7F8C8307B681B6833
:108250001A46D7F8C8307B643A64396C7A6C41E8C6
:108260000023FB63FB6B002BE4D17B681B680833A6
:108270007B627B6A53E8003F3B623B6A23F080539A
:1082800023F00103C7F8C4307B681B680833D7F8B4
:10829000C4203A63FB62F96A3A6B41E80023BB628F
:1082A000BB6A002BE1D17B682022C3F88C207B685D
:1082B0000022DA667B6800225A677B681B683B6194
:1082C0003B6953E8003FFB60FB6823F01003C7F8ED
:1082D000C0307B681B681A46D7F8C030FB61BA61B2
:1082E000B969FA6941E800237B617B69002BE4D11D
:1082F0007B6802221A677B68D3F8C030B7F8CC20BD
:1083000011467868984769E0D7F8E43003F48013A1
:10831000002B10D0D7F8DC3003F48003002B0AD0F8
:108320007B681B684FF480121A627B68D3F8B43004
:108330007868984755E0D7F8E43003F08003002BC5
:1083400014D0D7F8E03003F08003002B05D1D7F824
:10835000DC3003F40003002B08D07B689B6F002BFC
:108360003ED07B689B6F7868984739E0D7F8E43057
:1083700003F04003002B09D0D7F8E03003F04003AE
:10838000002B03D0786801F001F92AE0D7F8E43037
:1083900003F40003002B0BD0D7F8E03003F0804348
:1083A000002B05D07B68D3F8BC307868984718E07C
:1083B000D7F8E43003F08073002B12D0D7F8E03008
:1083C000002B0EDA7B68D3F8B8307868984708E05D
:1083D00000BF06E000BF04E000BF02E000BF00E015
:1083E00000BFE837BD4680BD80B483B000AF786081
:1083F00000BF0C37BD4680BC704780B483B000AF6F
:10840000786000BF0C37BD4680BC704780B483B035
:1084100000AF786000BF0C37BD4680BC704780B4A9
:1084200083B000AF786000BF0C37BD4680BC70479A
:1084300080B483B000AF786000BF0C37BD4680BC0D
:10844000704780B483B000AF786000BF0C37BD4682
:1084500080BC704780B483B000AF786000BF0C3739
:10846000BD4680BC704780B483B000AF786000BF69
:108470000C37BD4680BC704780B483B000AF7860D5
:108480000B467B8000BF0C37BD4680BC70470000A8
:1084900080B483B000AF78607B681A4AC3F8942038
:1084A0007B68194AC3F898207B68184AC3F89C2057
:1084B0007B68174AC3F8A0207B68164AC3F8A4203B
:1084C0007B68154AC3F8A8207B68144AC3F8AC201F
:1084D0007B68134AC3F8B0207B68124AC3F8B42003
:1084E0007B68114AC3F8B8207B68104AC3F8BC20E7
:1084F0007B680F4AC3F8C02000BF0C37BD4680BC64
:10850000704700BFFB830008E98300081F84000850
:108510000D84000831840008438400085584000855
:1085200067840008E7950008F99500080B96000895
:10853000798400082DE9B04F8CB000AF786100233A
:1085400087F82A307B699A687B691B691A437B69C3
:108550005B691A437B69DB691343FB627B691B68B8
:108560001A68944B13407A691268F96A0B431360D6
:108570007B691B685B6823F440517B69DA687B691F
:108580001B680A435A607B699B69FB627B691B68B5
:10859000894A934204D07B691B6AFA6A1343FB62DF
:1085A0007B691B689B6823F06E4323F430637A6910
:1085B0001268F96A0B4393607B691B68DB6A23F0DE
:1085C0000F017B695A6A7B691B680A43DA627B691F
:1085D0001B687A4A934227D10320FFF7A9F9034683
:1085E000A3F54033032B1BD801A252F823F000BFA0
:1085F000018600081186000809860008198600080F
:10860000012387F82B3080E0022387F82B307CE0B1
:10861000042387F82B3078E0082387F82B3074E0A8
:10862000102387F82B3070E07B691B68644A934203
:1086300038D10C20FFF77CF90346A3F540230C2B1F
:108640002CD801A252F823F07D8600089D860008F0
:108650009D8600089D8600088D8600089D8600087E
:108660009D8600089D860008858600089D86000876
:108670009D8600089D86000895860008002387F8DF
:108680002B3042E0022387F82B303EE0042387F8AA
:108690002B303AE0082387F82B3036E0102387F898
:1086A0002B3032E07B691B68434A93422AD14FF456
:1086B0004060FFF74FF90346B3F5406F1AD0B3F5AA
:1086C000406F1BD8B3F5006F0CD0B3F5006F15D811
:1086D000002B03D0B3F5806F08D00FE0002387F89C
:1086E0002B3012E0022387F82B300EE0042387F8AA
:1086F0002B300AE0082387F82B3006E0102387F898
:108700002B3002E0102387F82B307B691B682A4A44
:10871000934240F0A48097F82B30082B23D801A275
:1087200052F823F04987000867870008518700083E
:108730006787000857870008678700086787000871
:10874000678700085F870008FDF7BEFD786210E0CC
:108750001C4B7B620DE0FDF703FD786209E04FF4EE
:1087600000437B6205E000237B62012387F82A3007
:1087700000BF7B6A002B00F037817B695B6A124A7D
:1087800032F813301A467B6AB3FBF2F3BB617B69A4
:108790005A6813465B001344BA699A4205D37B6951
:1087A0005B681B03BA699A4210D9012387F82A3003
:1087B0001AE100BFF369FFCF00800040003801409C
:1087C000004400400024F4002C3601087B6A00229B
:1087D000BB60FA607B695B6A8E4A32F813309BB2E9
:1087E00000223B607A60D7E90023D7E90201F7F75E
:1087F0001FFD02460B46104619464FF000024FF08F
:1088000000030B0243EA10630202796949684908D0
:1088100000200C46054612EB040843EB05097B6972
:108820005B6800229A46934652465B46404649465C
:10883000F7F7FEFC02460B4613463B623B6AB3F574
:10884000407F08D33B6AB3F5801F04D27B691B6865
:108850003A6ADA60C8E0012387F82A30C4E07B690D
:10886000DB69B3F5004F67D197F82B30082B28D878
:1088700001A252F823F000BF9D880008A5880008D7
:10888000AD880008C3880008B3880008C3880008C2
:10889000C3880008C3880008BB880008FDF714FDE2
:1088A000786214E0FDF722FD786210E05A4B7B629B
:1088B0000DE0FDF755FC786209E04FF400437B6260
:1088C00005E000237B62012387F82A3000BF7B6A22
:1088D000002B00F089807B695B6A4E4A32F81330C6
:1088E0001A467B6AB3FBF2F35A007B695B685B084C
:1088F0001A447B695B68B2FBF3F33B623B6A0F2B64
:1089000016D93B6AB3F5803F12D23B6A9BB223F083
:108910000F03FB833B6A5B089BB203F007039AB229
:10892000FB8B1343FB837B691B68FA8BDA605BE08C
:10893000012387F82A3057E097F82B30082B28D8E6
:1089400001A252F823F000BF6D8900087589000864
:108950007D890008938900088389000893890008AD
:1089600093890008938900088B890008FDF7ACFC07
:10897000786214E0FDF7BAFC786210E0264B7B6267
:108980000DE0FDF7EDFB786209E04FF400437B62F8
:1089900005E000237B62012387F82A3000BF7B6A51
:1089A000002B21D07B695B6A1A4A32F813301A46D1
:1089B0007B6AB3FBF2F27B695B685B081A447B69F4
:1089C0005B68B2FBF3F33B623B6A0F2B09D93B6A4E
:1089D000B3F5803F05D23B6A9AB27B691B68DA60C7
:1089E00002E0012387F82A307B690122A3F86A207C
:1089F0007B690122A3F868207B6900225A677B69A2
:108A000000229A6797F82A3018463037BD46BDE8ED
:108A1000B08F00BF2C3601080024F40080B483B06E
:108A200000AF78607B689B6A03F00103002B0AD0DB
:108A30007B681B685B6823F400317B68DA6A7B68BB
:108A40001B680A435A607B689B6A03F00203002B91
:108A50000AD07B681B685B6823F480317B681A6BE3
:108A60007B681B680A435A607B689B6A03F00403B7
:108A7000002B0AD07B681B685B6823F480217B682D
:108A80005A6B7B681B680A435A607B689B6A03F0D9
:108A90000803002B0AD07B681B685B6823F4004145
:108AA0007B689A6B7B681B680A435A607B689B6A89
:108AB00003F01003002B0AD07B681B689B6823F42B
:108AC00080517B68DA6B7B681B680A439A607B681D
:108AD0009B6A03F02003002B0AD07B681B689B680D
:108AE00023F400517B681A6C7B681B680A439A6008
:108AF0007B689B6A03F04003002B1AD07B681B68DD
:108B00005B6823F480117B685A6C7B681B680A439E
:108B10005A607B685B6CB3F5801F0AD17B681B6869
:108B20005B6823F4C0017B689A6C7B681B680A430E
:108B30005A607B689B6A03F08003002B0AD07B6835
:108B40001B685B6823F400217B68DA6C7B681B6818
:108B50000A435A6000BF0C37BD4680BC704780B5E1
:108B600086B002AF78607B680022C3F89020F8F7E7
:108B70002FF8F8607B681B681B6803F00803082B5C
:108B80000ED16FF07E430093FB6800224FF400117A
:108B9000786800F032F80346002B01D0032328E068
:108BA0007B681B681B6803F00403042B0ED16FF075
:108BB0007E430093FB6800224FF48001786800F048
:108BC0001CF80346002B01D0032312E07B6820220F
:108BD000C3F888207B682022C3F88C207B680022A1
:108BE000DA667B6800221A677B68002283F884209B
:108BF000002318461037BD4680BD80B59CB000AF3D
:108C0000F860B9603B601346FB71A9E0BB6FB3F13C
:108C1000FF3F00F0A580F7F7DBFF02463B68D31A61
:108C2000BA6F9A4202D3BB6F002B40D1FB681B681E
:108C30003B653B6D53E8003FFB64FB6C23F4D07352
:108C40007B66FB681B681A467B6EFB65BA65B96D6F
:108C5000FA6D41E800237B657B6D002BE6D1FB6854
:108C60001B680833FB63FB6B53E8003FBB63BB6BC4
:108C700023F001033B66FB681B6808333A6EBA6455
:108C80007B64796CBA6C41E800233B643B6C002B3D
:108C9000E5D1FB682022C3F88820FB682022C3F8B6
:108CA0008C20FB68002283F88420032369E0FB68A2
:108CB0001B681B6803F00403002B51D0FB681B6882
:108CC000DB6903F40063B3F5006F49D1FB681B68EF
:108CD0004FF400621A62FB681B68BB62BB6A53E810
:108CE000003F7B627B6A23F4D073FB66FB681B68E2
:108CF0001A46FB6E7B633A63396B7A6B41E800235B
:108D0000FB62FB6A002BE6D1FB681B6808337B61C2
:108D10007B6953E8003F3B613B6923F00103BB667D
:108D2000FB681B680833BA6E3A62FB61F9693A6AFC
:108D300041E80023BB61BB69002BE5D1FB68202221
:108D4000C3F88820FB682022C3F88C20FB6820220F
:108D5000C3F89020FB68002283F88420032310E0EE
:108D6000FB681B68DA69BB681340BA689A420CBF9B
:108D700001230023DBB21A46FB799A423FF446AF47
:108D8000002318467037BD4680BD000080B596B000
:108D900000AFF860B9601346FB80FB68BA689A655B
:108DA000FB68FA88A3F85C20FB680022C3F89020D7
:108DB000FB682222C3F88C20FB68D3F88030002B9C
:108DC0002DD0FB68D3F88030404ADA62FB68D3F8D4
:108DD00080303F4A1A63FB68D3F880303D4A5A63BB
:108DE000FB68D3F8803000229A63FB68D3F88000D8
:108DF000FB681B6824331946FB689B6D1A46FB8889
:108E0000FBF7D2FC0346002B09D0FB681022C3F805
:108E10009020FB682022C3F88C20012351E0FB68DE
:108E20001B69002B18D0FB681B68FB63FB6B53E8C6
:108E3000003FBB63BB6B43F480737B65FB681B68BF
:108E40001A467B6DBB647A64796CBA6C41E8002386
:108E50003B643B6C002BE6D1FB681B680833BB62AC
:108E6000BB6A53E8003F7B627B6A43F001033B65CA
:108E7000FB681B6808333A6D7A633B63396B7A6B26
:108E800041E80023FB62FB6A002BE5D1FB681B680D
:108E900008337B617B6953E8003F3B613B6943F0EA
:108EA0004003FB64FB681B680833FA6C3A62FB61A1
:108EB000F9693A6A41E80023BB61BB69002BE5D13F
:108EC000002318465837BD4680BD00BF23900008D8
:108ED000579100089D91000880B48FB000AF786072
:108EE0007B681B683B623B6A53E8003FFB61FB69A0
:108EF00023F0C0037B637B681B681A467B6BFB62B5
:108F0000BA62B96AFA6A41E800237B627B6A002B85
:108F1000E6D17B681B680833FB60FB6853E8003FC1
:108F2000BB60BB6823F400033B637B681B680833AA
:108F30003A6BBA617B617969BA6941E800233B61A8
:108F40003B69002BE5D17B682022C3F8882000BF55
:108F50003C37BD4680BC704780B495B000AF7860A8
:108F60007B681B687B637B6B53E8003F3B633B6B19
:108F700023F49073FB647B681B681A46FB6C3B64AC
:108F8000FA63F96B3A6C41E80023BB63BB6B002BBF
:108F9000E6D17B681B6808333B623B6A53E8003FBD
:108FA000FB61FB6923F0805323F00103BB647B6802
:108FB0001B680833BA6CFA62BB62B96AFA6A41E8A4
:108FC00000237B627B6A002BE3D17B68DB6E012B85
:108FD00018D17B681B68FB60FB6853E8003FBB60EF
:108FE000BB6823F010037B647B681B681A467B6CAC
:108FF000BB617A617969BA6941E800233B613B69E9
:10900000002BE6D17B682022C3F88C207B680022ED
:10901000DA667B6800225A6700BF5437BD4680BCC1
:10902000704780B59CB000AF78607B689B6AFB6638
:109030007B681B681B6803F02003002B71D1FB6E5B
:109040000022A3F85E20FB6E1B68FB64FB6C53E8F8
:10905000003FBB64BB6C23F48073BB66FB6E1B6874
:109060001A46BB6EBB657A65796DBA6D41E800231F
:109070003B653B6D002BE6D1FB6E1B680833BB6381
:10908000BB6B53E8003F7B637B6B23F001037B6684
:10909000FB6E1B6808337A6E7A643B64396C7A6CB9
:1090A00041E80023FB63FB6B002BE5D1FB6E1B68E3
:1090B00008337B627B6A53E8003F3B623B6A23F0E4
:1090C00040033B66FB6E1B6808333A6E3A63FB62F3
:1090D000F96A3A6B41E80023BB62BB6A002BE5D119
:1090E000FB6E2022C3F88C20FB6EDB6E012B18D1A7
:1090F000FB6E1B683B613B6953E8003FFB60FB680C
:1091000023F01003FB65FB6E1B681A46FB6DFB61C9
:10911000BA61B969FA6941E800237B617B69002B78
:10912000E6D1FB6E00221A67FB6EDB6E012B09D1C4
:10913000FB6ED3F8C030FA6EB2F85C201146F86EC0
:10914000984704E0FB6ED3F8A030F86E984700BF54
:109150007037BD4680BD80B584B000AF78607B6855
:109160009B6AFB60FB6801221A67FB68DB6E012BC0
:109170000BD1FB68D3F8C030FA68B2F85C20520813
:1091800092B21146F868984704E0FB68D3F89C3027
:10919000F868984700BF1037BD4680BD80B586B0DF
:1091A00000AF78607B689B6A7B617B69D3F888300D
:1091B0003B617B69D3F88C30FB607B691B689B68E3
:1091C00003F08003802B09D13B69212B06D17B69F9
:1091D0000022A3F856207869FFF77EFE7B691B68A2
:1091E0009B6803F04003402B09D1FB68222B06D17A
:1091F0007B690022A3F85E207869FFF7ADFE7B69EA
:10920000D3F8903043F010027B69C3F890207B695B
:10921000D3F8A4307869984700BF1837BD4680BDA1
:1092200080B584B000AF78607B689B6AFB60FB68A8
:109230000022A3F85E20FB680022A3F85620FB68FA
:10924000D3F8A430F868984700BF1037BD4680BDFA
:1092500080B48FB000AF78607B68D3F88830212B62
:109260004CD17B68B3F856309BB2002B32D17B686F
:109270001B683B623B6A53E8003FFB61FB6923F0DC
:1092800080037B637B681B681A467B6BFB62BA6258
:10929000B96AFA6A41E800237B627B6A002BE6D157
:1092A0007B681B68FB60FB6853E8003FBB60BB68E2
:1092B00043F040033B637B681B681A463B6BBB6112
:1092C0007A617969BA6941E800233B613B69002B07
:1092D000E6D113E07B681B6D1A787B681B689A6285
:1092E0007B681B6D5A1C7B681A657B68B3F8563027
:1092F0009BB2013B9AB27B68A3F8562000BF3C3773
:10930000BD4680BC704780B491B000AF78607B6888
:10931000D3F88830212B51D17B68B3F856309BB2FB
:10932000002B32D17B681B687B627B6A53E8003F6D
:109330003B623B6A23F08003BB637B681B681A4671
:10934000BB6B3B63FA62F96A3A6B41E80023BB628C
:10935000BB6A002BE6D17B681B683B613B6953E825
:10936000003FFB60FB6843F040037B637B681B6846
:109370001A467B6BFB61BA61B969FA6941E800235F
:109380007B617B69002BE6D118E07B681B6DFB637A
:10939000FB6B1B881A467B681B68C2F308029A6243
:1093A0007B681B6D9A1C7B681A657B68B3F8563026
:1093B0009BB2013B9AB27B68A3F8562000BF4437AA
:1093C000BD4680BC704780B491B000AF78607B68C8
:1093D000D3F88830212B60D17B68B3F86A30FB87E3
:1093E00057E07B68B3F856309BB2002B33D17B68D3
:1093F0001B6808337B627B6A53E8003F3B623B6A31
:1094000023F40003BB637B681B680833BA6B3A63C1
:10941000FB62F96A3A6B41E80023BB62BB6A002B2E
:10942000E5D17B681B683B613B6953E8003FFB600B
:10943000FB6843F040037B637B681B681A467B6BC9
:10944000FB61BA61B969FA6941E800237B617B6914
:10945000002BE6D121E07B681B68DB6903F0800309
:10946000002B13D07B681B6D1A787B681B689A628F
:109470007B681B6D5A1C7B681A657B68B3F8563095
:109480009BB2013B9AB27B68A3F85620FB8F013B4D
:10949000FB87FB8F002BA4D1FFE700BF4437BD46FD
:1094A00080BC704780B491B000AF78607B68D3F81F
:1094B0008830212B65D17B68B3F86A30FB875CE08C
:1094C0007B68B3F856309BB2002B33D17B681B68A6
:1094D00008333B623B6A53E8003FFB61FB6923F4BE
:1094E00000037B637B681B6808337A6BFA62BB629C
:1094F000B96AFA6A41E800237B627B6A002BE5D1F6
:109500007B681B68FB60FB6853E8003FBB60BB687F
:1095100043F040033B637B681B681A463B6BBB61AF
:109520007A617969BA6941E800233B613B69002BA4
:10953000E6D126E07B681B68DB6903F08003002B23
:1095400018D07B681B6DBB63BB6B1B881A467B689E
:109550001B68C2F308029A627B681B6D9A1C7B68C9
:109560001A657B68B3F856309BB2013B9AB27B68B0
:10957000A3F85620FB8F013BFB87FB8F002B9FD16D
:10958000FFE700BF4437BD4680BC704780B588B058
:1095900000AF78607B681B68FB60FB6853E8003FA6
:1095A000BB60BB6823F04003FB617B681B681A4605
:1095B000FB69BB617A617969BA6941E800233B6163
:1095C0003B69002BE6D17B682022C3F888207B68AA
:1095D00000229A677B68D3F898307868984700BF74
:1095E0002037BD4680BD80B483B000AF786000BF37
:1095F0000C37BD4680BC704780B483B000AF786044
:1096000000BF0C37BD4680BC704780B483B000AF4C
:10961000786000BF0C37BD4680BC704780B584B011
:1096200000AF78607B6893F88430012B01D102236E
:109630002BE07B68012283F884207B682422C3F816
:1096400088207B681B681B68FB607B681B681A6846
:109650007B681B6822F001021A60FB6843F000532C
:10966000FB607B684FF000525A667B681B68FA68A3
:109670001A60786800F016F97B682022C3F8882009
:109680007B68002283F88420002318461037BD46EB
:1096900080BD80B485B000AF78607B6893F884307B
:1096A000012B01D1022327E07B68012283F884206B
:1096B0007B682422C3F888207B681B681B68FB60DA
:1096C0007B681B681A687B681B6822F001021A60BD
:1096D000FB6823F00053FB607B6800225A667B68BE
:1096E0001B68FA681A607B682022C3F888207B68B0
:1096F000002283F88420002318461437BD4680BC1E
:10970000704780B584B000AF786039607B6893F8AB
:109710008430012B01D102232DE07B68012283F8E4
:1097200084207B682422C3F888207B681B681B6820
:10973000FB607B681B681A687B681B6822F001026B
:109740001A607B681B689B6823F060417B681B681C
:109750003A680A439A60786800F0A4F87B681B684E
:10976000FA681A607B682022C3F888207B68002290
:1097700083F88420002318461037BD4680BD80B58D
:1097800084B000AF786039607B6893F88430012B37
:1097900001D102232DE07B68012283F884207B68BD
:1097A0002422C3F888207B681B681B68FB607B68E9
:1097B0001B681A687B681B6822F001021A607B68CC
:1097C0001B689B6823F060617B681B683A680A43EA
:1097D0009A60786800F066F87B681B68FA681A601F
:1097E0007B682022C3F888207B68002283F88420CD
:1097F000002318461037BD4680BD80B58CB000AF41
:10980000F860B9601346FB80FB68D3F88C30202BDE
:1098100042D1BB68002B02D0FB88002B01D1012371
:109820003BE0FB680122DA66FB6800221A67FB88CE
:109830001A46B968F868FFF7A9FA034687F82F3087
:1098400097F82F30002B24D1FB68DB6E012B1DD144
:10985000FB681B6810221A62FB681B68BB61BB694E
:1098600053E8003F7B617B6943F01003BB62FB68F8
:109870001B681A46BB6A7B623A62396A7A6A41E8B7
:109880000023FB61FB69002BE6D102E0012387F88E
:109890002F3097F82F3000E0022318463037BD46AE
:1098A00080BD000080B485B000AF78607B685B6EDF
:1098B000002B08D17B680122A3F86A207B68012273
:1098C000A3F8682031E00823FB730823BB737B688F
:1098D0001B689B685B0EDBB203F007037B737B683E
:1098E0001B689B685B0FDBB203F007033B73BB7B1A
:1098F0003A7B10498A5C02FB03F33A7B0E498A5C8F
:1099000093FBF2F39AB27B68A3F86A20FB7B7A7B25
:1099100008498A5C02FB03F37A7B07498A5C93FB64
:10992000F2F39AB27B68A3F8682000BF1437BD46F3
:1099300080BC7047443601084C36010880B485B0BD
:1099400000AF78604FF0B043DA6C4FF0B0417B6805
:109950001343CB644FF0B043DA6C7B681340FB6079
:10996000FB6800BF1437BD4680BC704780B586B029
:1099700000AF3B1D00221A605A609A60DA601A61DB
:109980000220FFF7DBFF40237B600123BB60002345
:10999000FB6003233B613B1D19461348FBF718FB93
:1099A00080237B603B1D19460F48FBF711FB4FF4EA
:1099B00080737B603B1D19460B48FBF709FB0022B7
:1099C00080210948FBF764FC002240210648FBF790
:1099D0005FFC00224FF480710348FBF759FC002321
:1099E00018461837BD4680BD0004004880B582B0D7
:1099F00000AF0346FB71FB79032B4FD801A252F84D
:109A000023F000BF159A0008379A0008599A0008F9
:109A10007B9A000800224FF480712348FBF738FC42
:109A2000002240212048FBF733FC002280211E4801
:109A3000FBF72EFC33E0002240211B48FBF728FCFB
:109A4000012280211848FBF723FC00224FF480718B
:109A50001548FBF71DFC22E0012240211248FBF7CC
:109A600017FC012280211048FBF712FC00224FF462
:109A700080710D48FBF70CFC11E0012240210A48DF
:109A8000FBF706FC012280210748FBF701FC0022BE
:109A90004FF480710448FBF7FBFB00E000BF00239C
:109AA00018460837BD4680BD0004004880B400AFAA
:109AB00001231846BD4680BC704780B400AF002328
:109AC0001846BD4680BC704780B400AF01231846DD
:109AD000BD4680BC704780B485B000AF0346FB71C3
:109AE000FB79002B02D10F23FB6001E01623FB6002
:109AF000FB6818461437BD4680BC704780B400AF81
:109B000000BFBD4680BC704780B485B000AFEFF3A6
:109B10000583BB60BB68002B0FD1EFF310837B6024
:109B20007B68002B05D1EFF311833B603B68002B72
:109B300007D00D4B1B68022B03D16FF00503FB60B0
:109B40000CE0094B1B68002B05D1074B01221A6062
:109B50000023FB6002E04FF0FF33FB60FB68184618
:109B60001437BD4680BC7047402A002080B584B0C1
:109B700000AFEFF30583BB60BB68002B0FD1EFF3A1
:109B800010837B607B68002B05D1EFF311833B6072
:109B90003B68002B07D00F4B1B68022B03D16FF0E3
:109BA0000503FB6010E00B4B1B68012B09D1FFF78D
:109BB000A5FF084B02221A6001F02CFF0023FB6076
:109BC00002E04FF0FF33FB60FB6818461037BD46DC
:109BD00080BD00BF402A002080B590B004AFF8607F
:109BE000B9607A6000233B61EFF30583FB61FB6999
:109BF000002B40F08F80EFF31083BB61BB69002B1B
:109C000005D1EFF311837B617B69002B03D0444BBB
:109C10001B68022B7ED0FB68002B7BD08023BB62AD
:109C200018237B620023FB624FF0FF333B627B68AB
:109C3000002B45D07B681B68002B02D07B681B681B
:109C4000FB627B689B69002B02D07B689B697B620F
:109C50007B6A002B08D07B6A382B05D87B685B6851
:109C600003F00103002B01D0002354E07B685B6903
:109C7000002B03D07B685B699B08BB627B689B6899
:109C8000002B0ED07B68DB689F2B0AD97B681B6991
:109C9000002B06D07B685B69002B02D001233B625E
:109CA00010E07B689B68002B0CD17B68DB68002B85
:109CB00008D17B681B69002B04D100233B6201E0C3
:109CC00000233B623B6A012B10D17B681B697A68D9
:109CD0009268029201937B6A0093BB68BA6AF96A40
:109CE000F86801F033FC03463B6113E03B6A002B4C
:109CF00010D1BB6A9AB207F1100301937B6A0093FB
:109D0000BB68F96AF86801F081FC0346012B01D0B9
:109D100000233B613B6918463037BD4680BD00BF1C
:109D2000402A002080B485B000AFF860B9607A6046
:109D3000FB68064A1A60BB68054A1A607B68802285
:109D40001A6000BF1437BD4680BC7047442A00200B
:109D5000E42A002080B485B000AFF860B9607A6072
:109D6000FB68074A1A60BB68064A1A607B684FF4B2
:109D700080721A6000BF1437BD4680BC704700BFB8
:109D8000E42C0020842D002080B582B000AF1C2080
:109D900000F0DAF978607B68002B0AD07B6800223B
:109DA0001A607B680433184600F0ACFB7B68002225
:109DB0001A767B6818460837BD4680BD80B590B0DE
:109DC00000AFF860B9607A603B60FB687B6300239A
:109DD000BB6300233B63FB68002B0BD14FF05003A8
:109DE00083F31188BFF36F8FBFF34F8F3B6200BFC8
:109DF00000BFFDE7BB68B3F1807F0BD34FF050038A
:109E000083F31188BFF36F8FBFF34F8FFB6100BFE8
:109E100000BFFDE7BB68002B0BD14FF0500383F36D
:109E20001188BFF36F8FBFF34F8FBB6100BF00BFBF
:109E3000FDE702F0F1FA0346002B02D1BB6C002BC8
:109E400001D1012300E00023002B0BD14FF0500380
:109E500083F31188BFF36F8FBFF34F8F7B6100BF18
:109E600000BFFDE701F046FE7B6B1B68FB623A68B2
:109E7000B968F86A00F046F9B862BB6A002B0ED0E8
:109E8000FB6AFB630023BB647B68002B28D07B6BE1
:109E90001A68BB68DB431A407B6B1A6020E0BB6C1E
:109EA000002B04D1FB6AFB6301233B6318E07B6852
:109EB000002B03D0BB6B43F08073BB633B68002B6C
:109EC00003D0BB6B43F08063BB637B6B181DBA6828
:109ED000BB6B1343BA6C194602F00AF80023FB630C
:109EE00001F016FE7862BB6C002B31D07B6A002B30
:109EF00007D11A4B4FF080521A60BFF34F8FBFF358
:109F00006F8F02F017FBF863FB6B03F00073002BFD
:109F10001AD100F09BFC7B6B1B68FB633A68B96845
:109F2000F86B00F0EFF80346002B09D07B68002B9C
:109F300006D07B6B1A68BB68DB431A407B6B1A60E8
:109F400001233B6300F0B2FCFB6B23F07F43FB6318
:109F5000FB6B18464037BD4680BD00BF04ED00E0F6
:109F600080B586B000AF786039607B687B617B68C4
:109F7000002B0BD14FF0500383F31188BFF36F8F89
:109F8000BFF34F8FFB6000BF00BFFDE73B68B3F13D
:109F9000807F0BD34FF0500383F31188BFF36F8F93
:109FA000BFF34F8FBB6000BF00BFFDE700F04EFC6A
:109FB0007B691B683B617B691A683B68DB431A401D
:109FC0007B691A6000F072FC3B6918461837BD4681
:109FD00080BD80B58EB000AF7860396000233B63F0
:109FE0007B68BB620023FB627B68002B0BD14FF0C8
:109FF000500383F31188BFF36F8FBFF34F8F3B6123
:10A0000000BF00BFFDE73B68B3F1807F0BD34FF08B
:10A01000500383F31188BFF36F8FBFF34F8FFB6043
:10A0200000BF00BFFDE7BB6A04337B627B6A083375
:10A030003B6201F05FFD7B6ADB687B63BB6A1A6889
:10A040003B681A43BB6A1A603CE07B6B5B68FB6150
:10A050007B6B1B68BB610023FB62BB6903F07F4322
:10A060007B61BB6923F07F43BB617B6903F0806345
:10A07000002B08D1BB6A1A68BB691340002B0BD0B8
:10A080000123FB6208E0BB6A1A68BB691340BA6926
:10A090009A4201D10123FB62FB6A002B10D07B693D
:10A0A00003F08073002B03D03A6BBB6913433B630F
:10A0B000BB6A1B6843F000731946786B01F0E6FF3A
:10A0C000FB697B637A6B3B6A9A42BED1BB6A1A68B2
:10A0D0003B6BDB431A40BB6A1A6001F019FDBB6A97
:10A0E0001B6818463837BD4680BD80B582B000AFCA
:10A0F0007860396039687868FFF76BFF00BF083710
:10A10000BD4680BD80B487B000AFF860B9607A60AA
:10A1100000237B617B68002B07D1FA68BB68134082
:10A12000002B0AD001237B6107E0FA68BB6813406B
:10A13000BA689A4201D101237B617B6918461C37BA
:10A14000BD4680BC7047000080B58AB000AF786023
:10A150000023FB6101F0CEFC5A4B1B68002B01D1A0
:10A1600000F016F9584B1A687B681340002B40F03A
:10A1700090807B68002B1ED008227B6813447B6094
:10A180007B6803F00703002B15D07B6823F00703DF
:10A1900008337B607B6803F00703002B0BD04FF084
:10A1A000500383F31188BFF36F8FBFF34F8F7B6131
:10A1B00000BF00BFFDE77B68002B6AD0434B1B68E4
:10A1C0007A689A4265D8424B3B62414B1B687B627E
:10A1D00004E07B6A3B627B6A1B687B627B6A5B682C
:10A1E0007A689A4203D97B6A1B68002BF1D1354B00
:10A1F0001B687A6A9A424CD03B6A1B680822134457
:10A20000FB617B6A1A683B6A1A607B6A5A687B68E2
:10A21000D21A08235B009A4220D97A6A7B681344D9
:10A22000BB61BB6903F00703002B0BD04FF0500359
:10A2300083F31188BFF36F8FBFF34F8F3B6100BF74
:10A2400000BFFDE77B6A5A687B68D21ABB695A6017
:10A250007B6A7A685A60B86900F0FCF81B4B1A6890
:10A260007B6A5B68D31A194A1360184B1A68194B3A
:10A270001B689A4203D2154B1B68164A13607B6A0F
:10A280005A68114B1B681A437B6A5A607B6A00222A
:10A290001A6001F03DFCFB6903F00703002B0BD0B3
:10A2A0004FF0500383F31188BFF36F8FBFF34F8FCD
:10A2B000FB6000BF00BFFDE7FB6918462837BD46BD
:10A2C00080BD00BF8CD1002098D1002090D100200B
:10A2D00084D1002094D1002080B586B000AF786092
:10A2E0007B687B617B68002B4AD008235B427A69DC
:10A2F00013447B617B693B613B695A68224B1B6855
:10A300001340002B0BD14FF0500383F31188BFF3A0
:10A310006F8FBFF34F8FFB6000BF00BFFDE73B694E
:10A320001B68002B0BD04FF0500383F31188BFF351
:10A330006F8FBFF34F8FBB6000BF00BFFDE73B696E
:10A340005A68114B1B681340002B19D03B691B68DE
:10A35000002B15D13B695A680B4B1B68DB431A4035
:10A360003B695A6001F0C6FB3B695A68074B1B68A2
:10A370001344064A1360386900F06CF801F0C8FB1A
:10A3800000BF1837BD4680BD98D1002090D1002075
:10A3900080B485B000AF4FF42043BB60274BFB6017
:10A3A000FB6803F00703002B0CD0FB680733FB604E
:10A3B000FB6823F00703FB60BA68FB68D31A1F4AE7
:10A3C0001344BB60FB687B601D4A7B6813601C4BB9
:10A3D00000225A607B68BA681344FB600822FB685D
:10A3E0009B1AFB60FB6823F00703FB60FB68154AC0
:10A3F0001360144B1B6800225A60124B1B6800222A
:10A400001A607B683B603B68FA68D21A3B685A6006
:10A410000C4B1A683B681A603B685B680A4A136019
:10A420003B685B68094A1360094B4FF000421A60B1
:10A4300000BF1437BD4680BC704700BF8431002088
:10A4400084D100208CD1002094D1002090D1002014
:10A4500098D1002080B485B000AF7860274BFB60B6
:10A4600002E0FB681B68FB60FB681B687A689A4225
:10A47000F7D8FB68BB60FB685B68BA6813447A680E
:10A480009A4208D1FB685A687B685B681A44FB688B
:10A490005A60FB687B607B68BB607B685B68BA68FE
:10A4A0001A44FB681B689A4218D1FB681A68144B5F
:10A4B0001B689A420DD07B685A68FB681B685B6812
:10A4C0001A447B685A60FB681B681A687B681A60CC
:10A4D00008E00B4B1A687B681A6003E0FB681A6897
:10A4E0007B681A60FA687B689A4202D0FB687A68D7
:10A4F0001A6000BF1437BD4680BC704784D100206D
:10A500008CD1002080B483B000AF78607B6803F109
:10A5100008027B685A607B684FF0FF329A607B6864
:10A5200003F108027B68DA607B6803F108027B684C
:10A530001A617B6800221A6000BF0C37BD4680BCE0
:10A54000704780B483B000AF78607B6800221A61E6
:10A5500000BF0C37BD4680BC704780B485B000AFEB
:10A56000786039607B685B68FB603B68FA685A60BA
:10A57000FB689A683B689A60FB689B683A685A6017
:10A58000FB683A689A603B687A681A617B681B6866
:10A590005A1C7B681A6000BF1437BD4680BC7047E8
:10A5A00080B485B000AF786039603B681B68BB60E1
:10A5B000BB68B3F1FF3F03D17B681B69FB600CE014
:10A5C0007B680833FB6002E0FB685B68FB60FB684C
:10A5D0005B681B68BA689A42F6D2FB685A683B68A7
:10A5E0005A603B685B683A689A603B68FA689A60B0
:10A5F000FB683A685A603B687A681A617B681B6836
:10A600005A1C7B681A6000BF1437BD4680BC704777
:10A6100080B485B000AF78607B681B69FB607B68A5
:10A620005B687A6892689A607B689B687A6852680F
:10A630005A60FB685B687A689A4203D17B689A68C3
:10A64000FB685A607B6800221A61FB681B685A1E0F
:10A65000FB681A60FB681B6818461437BD4680BC4F
:10A660007047000080B485B000AFF860B9607A60D0
:10A67000FB68043BFB60FB684FF080721A60FB686C
:10A68000043BFB60BB6823F00102FB681A60FB68B7
:10A69000043BFB60084AFB681A60FB68143BFB60E4
:10A6A0007A68FB681A60FB68203BFB60FB68184611
:10A6B0001437BD4680BC7047BDA6000880B485B085
:10A6C00000AF00237B60124B1B68B3F1FF3F0BD040
:10A6D0004FF0500383F31188BFF36F8FBFF34F8F99
:10A6E000FB6000BF00BFFDE74FF0500383F311880C
:10A6F000BFF36F8FBFF34F8FBB6000BF00BF7B689E
:10A70000002BFCD000BF00BF1437BD4680BC704793
:10A71000BC0000200000000000000000000000005D
:10A72000074B19680868B0E8F00F80F30988BFF399
:10A730006F8F4FF0000080F311884EF00D0E7047C0
:10A74000E4D1002000BF00BF06480068006880F325
:10A75000088862B661B6BFF34F8FBFF36F8F00DF1B
:10A7600000BF00BF08ED00E080B584B000AF324B01
:10A77000FB60FB681B78DBB27B60FB68FF221A7012
:10A78000FB681B78DBB2FB70FB78DBB203F0500395
:10A79000DAB22A4B1A702A4B07221A6009E0284BBA
:10A7A0001B68013B264A1360FB78DBB25B00DBB21F
:10A7B000FB70FB78DBB203F08003802BEFD0204BE3
:10A7C0001B68C3F10703042B0BD04FF0500383F336
:10A7D0001188BFF36F8FBFF34F8FBB6000BF00BF07
:10A7E000FDE7174B1B681B02154A1360144B1B68CF
:10A7F00003F4E063124A13607B68DAB2FB681A70F4
:10A80000104B1B680F4A43F4700313600D4B1B6819
:10A810000C4A43F07043136000F0B8F80A4B002272
:10A820001A60FFF791FF01F0D9FAFFF747FF002305
:10A8300018461037BD4680BD00E400E09CD10020E2
:10A84000A0D1002020ED00E0BC00002080B483B047
:10A8500000AF4FF0500383F31188BFF36F8FBFF346
:10A860004F8F7B6000BF0F4B1B6801330D4A136095
:10A870000C4B1B68012B10D10B4B1B68DBB2002B60
:10A880000BD04FF0500383F31188BFF36F8FBFF3EA
:10A890004F8F3B6000BF00BFFDE700BF0C37BD46D8
:10A8A00080BC7047BC00002004ED00E080B483B0A1
:10A8B00000AF124B1B68002B0BD14FF0500383F3FA
:10A8C0001188BFF36F8FBFF34F8F7B6000BF00BF56
:10A8D000FDE70A4B1B68013B084A1360074B1B68E6
:10A8E000002B05D100233B603B6883F3118800BF38
:10A8F00000BF0C37BD4680BC704700BFBC000020C5
:10A90000EFF30980BFF36F8F0D4B1A6820E9F00F4A
:10A91000106008B54FF0500080F3118801F05EFA26
:10A920004FF0000080F31188BDE8084019680868FE
:10A93000B0E8F00F80F30988BFF36F8F704700BF56
:10A94000E4D1002000BF00BF80B582B000AF4FF05F
:10A95000500383F31188BFF36F8FBFF34F8F7B607A
:10A9600000BF01F081F90346002B03D0064B4FF0E6
:10A9700080521A6000233B603B6883F3118800BF5C
:10A9800000BF0837BD4680BD04ED00E080B400AFD5
:10A990000A4B00221A600A4B00221A60094B1B68FE
:10A9A000094AA2FB03235B09084A013B1360034BDE
:10A9B00007221A6000BFBD4680BC704710E000E06F
:10A9C00018E000E0B40000201F85EB5114E000E027
:10A9D00080B485B000AFEFF30583FB60FB680F2BFD
:10A9E00015D9174AFB6813441B78FB72154B1B786B
:10A9F000FA7A9A420BD24FF0500383F31188BFF3D7
:10AA00006F8FBFF34F8F7B6000BF00BFFDE70E4B22
:10AA10001B6803F4E0620D4B1B689A420BD94FF0A0
:10AA2000500383F31188BFF36F8FBFF34F8F3B60E9
:10AA300000BF00BFFDE700BF1437BD4680BC7047B4
:10AA4000F0E300E09CD100200CED00E0A0D100205C
:10AA500080B584B000AF786039607B68FB60FB68CC
:10AA6000002B0BD14FF0500383F31188BFF36F8F8E
:10AA7000BFF34F8FBB6000BF00BFFDE7FFF7E6FEEF
:10AA8000FB681A68FB68DB6BF968096C01FB03F370
:10AA90001A44FB689A60FB6800229A63FB681A6894
:10AAA000FB685A60FB681A68FB68DB6B013BF9685E
:10AAB000096C01FB03F31A44FB68DA60FB68FF22B0
:10AAC00083F84420FB68FF2283F845203B68002B75
:10AAD00014D1FB681B69002B1AD0FB681033184691
:10AAE00001F070FA0346002B12D00D4B4FF080524C
:10AAF0001A60BFF34F8FBFF36F8F09E0FB6810330D
:10AB00001846FFF7FFFCFB6824331846FFF7FAFCF2
:10AB1000FFF7CCFE012318461037BD4680BD00BFAD
:10AB200004ED00E080B58EB002AFF860B9607A60E5
:10AB30003B60FB68002B0BD14FF0500383F311886F
:10AB4000BFF36F8FBFF34F8FBB6200BF00BFFDE746
:10AB50003B68002B0BD14FF0500383F31188BFF3F8
:10AB60006F8FBFF34F8F7B6200BF00BFFDE77B6835
:10AB7000002B02D0BB68002B01D0012300E0002392
:10AB8000002B0BD14FF0500383F31188BFF36F8F6D
:10AB9000BFF34F8F3B6200BF00BFFDE77B68002B18
:10ABA00002D1BB68002B01D1012300E00023002B60
:10ABB0000BD14FF0500383F31188BFF36F8FBFF3B6
:10ABC0004F8FFB6100BF00BFFDE748237B617B69BE
:10ABD000482B0BD04FF0500383F31188BFF36F8FD6
:10ABE000BFF34F8FBB6100BF00BFFDE77B693B68D0
:10ABF000FB62FB6A002B0DD0FB6A012283F8462022
:10AC000097F83820FB6A009313467A68B968F868A9
:10AC100000F046F8FB6A18463037BD4680BD80B567
:10AC20008AB002AFF860B9601346FB71FB68002B75
:10AC30000BD14FF0500383F31188BFF36F8FBFF335
:10AC40004F8F3B6100BF00BFFDE7BB68002B02D107
:10AC50000023FB6104E0FB68BA6802FB03F3FB61BD
:10AC6000FB6948331846FFF76FFAB861BB69002BE0
:10AC700011D0BB697B617B6948337B61BB69002272
:10AC800083F84620FA79BB69009313467A69B9685C
:10AC9000F86800F005F8BB6918462037BD4680BD4E
:10ACA00080B584B000AFF860B9607A60FB70BB68B3
:10ACB000002B03D1BB69BA691A6002E0BB697A68EC
:10ACC0001A60BB69FA68DA63BB69BA681A64012161
:10ACD000B869FFF7BDFE00BF1037BD4680BD00005C
:10ACE00080B58EB000AFF860B9607A603B60002339
:10ACF0007B63FB683B633B6B002B0BD14FF0500336
:10AD000083F31188BFF36F8FBFF34F8FBB6200BF18
:10AD100000BFFDE7BB68002B03D13B6B1B6C002B16
:10AD200001D1012300E00023002B0BD14FF0500391
:10AD300083F31188BFF36F8FBFF34F8F7B6200BF28
:10AD400000BFFDE73B68022B03D13B6BDB6B012BA4
:10AD500001D1012300E00023002B0BD14FF0500361
:10AD600083F31188BFF36F8FBFF34F8F3B6200BF38
:10AD700000BFFDE701F050FB0346002B02D17B68CA
:10AD8000002B01D1012300E00023002B0BD14FF059
:10AD9000500383F31188BFF36F8FBFF34F8FFB61B5
:10ADA00000BF00BFFDE7FFF751FD3B6B9A6B3B6BAC
:10ADB000DB6B9A4202D33B68022B29D13A68B9680F
:10ADC000386B00F031FAF8623B6B5B6A002B10D0F5
:10ADD0003B6B2433184601F0F5F80346002B13D0E3
:10ADE0003F4B4FF080521A60BFF34F8FBFF36F8F0E
:10ADF0000AE0FB6A002B07D0394B4FF080521A60F3
:10AE0000BFF34F8FBFF36F8FFFF750FD012363E058
:10AE10007B68002B03D1FFF749FD00235CE07B6BCF
:10AE2000002B06D107F11403184601F093F9012312
:10AE30007B63FFF73BFD00F05DFEFFF707FD3B6B1B
:10AE400093F844305BB2B3F1FF3F03D13B6B002278
:10AE500083F844203B6B93F845305BB2B3F1FF3F7E
:10AE600003D13B6B002283F84520FFF71FFD3A1DFD
:10AE700007F114031146184601F082F90346002B2E
:10AE800024D1386B00F0C8FA0346002B18D03B6B76
:10AE900010337A681146184601F004F8386B00F058
:10AEA00053FA00F035FE0346002B7FF47CAF0C4BC9
:10AEB0004FF080521A60BFF34F8FBFF36F8F72E76E
:10AEC000386B00F041FA00F023FE6CE7386B00F0BD
:10AED0003BFA00F01DFE002318463837BD4680BD02
:10AEE00004ED00E080B58EB000AFF860B9607A6024
:10AEF0003B60FB683B633B6B002B0BD14FF0500377
:10AF000083F31188BFF36F8FBFF34F8F7B6200BF56
:10AF100000BFFDE7BB68002B03D13B6B1B6C002B14
:10AF200001D1012300E00023002B0BD14FF050038F
:10AF300083F31188BFF36F8FBFF34F8F3B6200BF66
:10AF400000BFFDE73B68022B03D13B6BDB6B012BA2
:10AF500001D1012300E00023002B0BD14FF050035F
:10AF600083F31188BFF36F8FBFF34F8FFB6100BF77
:10AF700000BFFDE7FFF72CFDEFF311824FF0500308
:10AF800083F31188BFF36F8FBFF34F8FBA617B617B
:10AF9000BB69FB623B6B9A6B3B6BDB6B9A4202D3E8
:10AFA0003B68022B2CD13B6B93F8453087F82B3054
:10AFB0003A68B968386B00F037F997F92B30B3F17C
:10AFC000FF3F12D13B6B5B6A002B16D03B6B2433E7
:10AFD000184600F0F7FF0346002B0ED07B68002BCD
:10AFE0000BD07B6801221A6007E097F82B30013301
:10AFF000DBB25AB23B6B83F8452001237B6301E04F
:10B0000000237B63FB6A3B613B6983F3118800BFCC
:10B010007B6B18463837BD4680BD000080B58CB0CC
:10B0200000AFF860B9607A600023FB62FB68BB6226
:10B03000BB6A002B0BD14FF0500383F31188BFF391
:10B040006F8FBFF34F8F3B6200BF00BFFDE7BB6850
:10B05000002B03D1BB6A1B6C002B01D1012300E044
:10B060000023002B0BD14FF0500383F31188BFF363
:10B070006F8FBFF34F8FFB6100BF00BFFDE701F093
:10B08000CBF90346002B02D17B68002B01D10123B1
:10B0900000E00023002B0BD14FF0500383F3118805
:10B0A000BFF36F8FBFF34F8FBB6100BF00BFFDE7E2
:10B0B000FFF7CCFBBB6A9B6B7B627B6A002B1FD0CC
:10B0C000B968B86A00F01AF97B6A5A1EBB6A9A63BB
:10B0D000BB6A1B69002B0FD0BB6A1033184600F007
:10B0E00071FF0346002B07D03C4B4FF080521A6093
:10B0F000BFF34F8FBFF36F8FFFF7D8FB012369E0DA
:10B100007B68002B03D1FFF7D1FB002362E0FB6AD1
:10B11000002B06D107F11003184601F01BF801239C
:10B12000FB62FFF7C3FB00F0E5FCFFF78FFBBB6A98
:10B1300093F844305BB2B3F1FF3F03D1BB6A002206
:10B1400083F84420BB6A93F845305BB2B3F1FF3F0C
:10B1500003D1BB6A002283F84520FFF7A7FB3A1D05
:10B1600007F110031146184601F00AF80346002BB8
:10B1700023D1B86A00F03AF90346002B17D0BB6A16
:10B1800024337A681146184600F08CFEB86A00F045
:10B19000DBF800F0BDFC0346002B89D10F4B4FF0CC
:10B1A00080521A60BFF34F8FBFF36F8F80E7B86A8A
:10B1B00000F0CAF800F0ACFC7AE7B86A00F0C4F816
:10B1C00000F0A6FCB86A00F011F90346002B3FF42A
:10B1D0006FAF002318463037BD4680BD04ED00E058
:10B1E00080B586B000AF78607B687B617B69002B9F
:10B1F0000BD14FF0500383F31188BFF36F8FBFF370
:10B200004F8FFB6000BF00BFFDE7FFF71FFB7B69AF
:10B21000DA6B7B699B6BD31A3B61FFF747FB3B699A
:10B2200018461837BD4680BD80B586B000AFF860BF
:10B23000B9607A6000237B61FB689B6B3B61FB68B4
:10B240001B6C002B0DD1FB681B68002B4DD1FB68DC
:10B250009B68184601F0FEF87861FB6800229A604E
:10B2600043E07B68002B19D1FB685868FB681B6CB6
:10B270001A46B96806F055FAFB685A68FB681B6CF9
:10B280001A44FB685A60FB685A68FB689B689A42DC
:10B290002BD3FB681A68FB685A6026E0FB68D86805
:10B2A000FB681B6C1A46B96806F03BFAFB68DA6863
:10B2B000FB681B6C5B421A44FB68DA60FB68DA6867
:10B2C000FB681B689A4207D2FB689A68FB681B6C94
:10B2D0005B421A44FB68DA607B68022B05D13B694C
:10B2E000002B02D03B69013B3B613B695A1CFB6868
:10B2F0009A637B6918461837BD4680BD80B582B019
:10B3000000AF786039607B681B6C002B18D07B68BD
:10B31000DA687B681B6C1A447B68DA607B68DA68E1
:10B320007B689B689A4203D37B681A687B68DA6003
:10B330007B68D9687B681B6C1A46386806F0F1F99F
:10B3400000BF0837BD4680BD80B584B000AF7860CF
:10B35000FFF77CFA7B6893F84530FB7311E07B685C
:10B360005B6A002B12D07B682433184600F02AFE5B
:10B370000346002B01D000F067FFFB7B013BDBB2F3
:10B38000FB7397F90F30002BE9DC00E000BF7B680E
:10B39000FF2283F84520FFF789FAFFF757FA7B6809
:10B3A00093F84430BB7311E07B681B69002B12D00B
:10B3B0007B681033184600F005FE0346002B01D0D1
:10B3C00000F042FFBB7B013BDBB2BB7397F90E3051
:10B3D000002BE9DC00E000BF7B68FF2283F84420FB
:10B3E000FFF764FA00BF1037BD4680BD80B584B05A
:10B3F00000AF7860FFF72AFA7B689B6B002B02D1C5
:10B400000123FB6001E00023FB60FFF74FFAFB68BC
:10B4100018461037BD4680BD80B584B000AF786057
:10B42000FFF714FA7B689A6B7B68DB6B9A4202D158
:10B430000123FB6001E00023FB60FFF737FAFB68A4
:10B4400018461037BD4680BD80B487B000AF786025
:10B450007B683B613B69002B0BD14FF0500383F3BA
:10B460001188BFF36F8FBFF34F8FFB6000BF00BF2A
:10B47000FDE73B699A6B3B69DB6B9A4202D1012382
:10B480007B6101E000237B617B6918461C37BD4668
:10B4900080BC704780B485B000AF7860396000230D
:10B4A000FB6014E00E4AFB6852F83330002B0BD1DE
:10B4B0000B49FB683A6841F83320094AFB68DB0016
:10B4C00013447A685A6006E0FB680133FB60FB684E
:10B4D000072BE7D900BF00BF1437BD4680BC7047BB
:10B4E000A4D1002080B586B000AFF860B9607A6062
:10B4F000FB687B61FFF7AAF97B6993F844305BB284
:10B50000B3F1FF3F03D17B69002283F844207B69BC
:10B5100093F845305BB2B3F1FF3F03D17B69002262
:10B5200083F84520FFF7C2F97B699B6B002B06D19E
:10B530007B6924337A68B968184600F017FD78698A
:10B54000FFF702FF00BF1837BD4680BD80B58EB043
:10B5500004AFF860B9607A603B607B6B002B0BD165
:10B560004FF0500383F31188BFF36F8FBFF34F8FFA
:10B570003B6200BF00BFFDE7BB6B002B0BD14FF060
:10B58000500383F31188BFF36F8FBFF34F8FFB61BD
:10B5900000BF00BFFDE7A0233B613B69A02B0BD0A0
:10B5A0004FF0500383F31188BFF36F8FBFF34F8FBA
:10B5B000BB6100BF00BFFDE73B69BB6B002B1ED02A
:10B5C0007B6B002B1BD0BB6B7B627B6A7A6B1A6335
:10B5D0007B6A022283F89D20002303937B6A0293F7
:10B5E00007F1140301933B6B00933B687A68B968D9
:10B5F000F86800F051F8786A00F0F6F801E00023EE
:10B600007B617B6918462837BD4680BD80B58CB00C
:10B6100004AFF860B9603B601346FB80FB889B0079
:10B620001846FEF791FD78617B69002B0ED0A020B3
:10B63000FEF78AFDF861FB69002B03D0FB697A698C
:10B640001A6305E07869FEF747FE01E00023FB611D
:10B65000FB69002B17D0FB69002283F89D20FA8834
:10B6600000230393FB690293FB6A0193BB6A009377
:10B670003B68B968F86800F00FF8F86900F0B4F8B2
:10B680000123BB6102E04FF0FF33BB61BB69184689
:10B690002037BD4680BD000080B588B000AFF8609F
:10B6A000B9607A603B603B6B186B7B689B001A4605
:10B6B000A52105F009FF3B6B1A6B7B6803F1804302
:10B6C000013B9B001344BB61BB6923F00703BB61D3
:10B6D000BB6903F00703002B0BD04FF0500383F33B
:10B6E0001188BFF36F8FBFF34F8F7B6100BF00BF27
:10B6F000FDE7BB68002B1FD00023FB6112E0BA6896
:10B70000FB69134419783A6BFB69134434330A46D6
:10B710001A70BA68FB6913441B78002B06D0FB69CA
:10B720000133FB61FB690F2BE9D900E000BF3B6BE4
:10B73000002283F8432003E03B6B002283F834208F
:10B74000BB6A372B01D93723BB623B6BBA6ADA621B
:10B750003B6BBA6A5A643B6B00229A643B6B0433BE
:10B760001846FEF7EEFE3B6B18331846FEF7E9FE6F
:10B770003B6B3A6B1A61BB6AC3F138023B6B9A614F
:10B780003B6B3A6B5A623B6B0022C3F898203B6BD1
:10B79000002283F89C203B6B4C334C22002118463E
:10B7A00005F092FE3B6B0D4A1A653B6B0C4A5A65DD
:10B7B0003B6B0C4A9A653A68F968B869FEF752FF24
:10B7C00002463B6B1A60FB6A002B02D0FB6A3A6BA5
:10B7D0001A6000BF2037BD4680BD00BFD4DB00200B
:10B7E0003CDC0020A4DC002080B582B000AF786093
:10B7F000FFF72CF82B4B1B6801332A4A13602A4BA6
:10B800001B68002B09D1284A7B681360254B1B68F5
:10B81000012B10D100F03CFD0DE0244B1B68002BE8
:10B8200009D1214B1B68DA6A7B68DB6A9A4202D82D
:10B830001D4A7B6813601E4B1B6801331C4A136052
:10B840007B68DA6A1B4B1B689A4203D97B68DB6A08
:10B85000184A13607B68DA6A13469B0013449B0006
:10B86000154A1A447B68043319461046FEF775FEE4
:10B87000FFF71CF80D4B1B68002B0ED00A4B1B6802
:10B88000DA6A7B68DB6A9A4207D20C4B4FF080522F
:10B890001A60BFF34F8FBFF36F8F00BF0837BD46ED
:10B8A00080BD00BFB8D60020E4D10020C4D600205F
:10B8B000D4D60020C0D60020E8D1002004ED00E05E
:10B8C00080B584B000AF7860FEF7C0FF7B68002BC6
:10B8D00002D12D4B1B6800E07B68FB60FB680433E2
:10B8E0001846FEF795FEFB689B6A002B04D0FB68A8
:10B8F00018331846FEF78CFE244B1B680133234A8D
:10B900001360214B1B68FA689A420BD1FB68043321
:10B9100019461F48FEF721FE1E4B1B6801331D4AC6
:10B92000136009E01C4B1B68013B1B4A1360F8685D
:10B9300000F01CFD00F050FDFEF7B8FF174B1B6830
:10B94000002B1CD0104B1B68FA689A4217D1144B7D
:10B950001B68002B0BD04FF0500383F31188BFF30B
:10B960006F8FBFF34F8FBB6000BF00BFFDE70D4B74
:10B970004FF080521A60BFF34F8FBFF36F8F00BF3D
:10B980001037BD4680BD00BFE4D10020D4D60020D2
:10B990008CD60020A0D60020B8D60020C4D6002027
:10B9A000E0D6002004ED00E080B584B000AF786000
:10B9B0000023FB607B68002B18D0144B1B68002B06
:10B9C0000BD04FF0500383F31188BFF36F8FBFF399
:10B9D0004F8FBB6000BF00BFFDE700F08BF8002178
:10B9E000786800F0BFFD00F093F8F860FB68002B6A
:10B9F00007D1074B4FF080521A60BFF34F8FBFF350
:10BA00006F8F00BF1037BD4680BD00BFE0D600205D
:10BA100004ED00E080B58AB004AF0023BB600023D2
:10BA20007B603A46391D07F108031846FEF77AF99C
:10BA300039687B68BA68029201930023009300235F
:10BA40000A4624492448FFF781FD0346234A136030
:10BA5000224B1B68002B02D001237B6101E00023F5
:10BA60007B617B69012B02D100F0D0FD78617B699D
:10BA7000012B1BD14FF0500383F31188BFF36F8F5D
:10BA8000BFF34F8F3B6100BF154B1B684C33154A0A
:10BA90001360154B4FF0FF321A60144B01221A60ED
:10BAA000134B00221A60FEF75FFE0FE07B69B3F1D3
:10BAB000FF3F0BD14FF0500383F31188BFF36F8F1B
:10BAC000BFF34F8FFB6000BF00BFFDE700BF18371B
:10BAD000BD4680BD6C30010861C20008DCD6002084
:10BAE000E4D10020D8000020D8D60020C4D6002001
:10BAF000BCD6002080B400AF044B1B680133034A5E
:10BB0000136000BFBD4680BC704700BFE0D6002078
:10BB100080B584B000AF0023FB600023BB60424BC4
:10BB20001B68002B0BD14FF0500383F31188BFF338
:10BB30006F8FBFF34F8F3B6000BF00BFFDE7FEF785
:10BB400085FE394B1B68013B374A1360364B1B6837
:10BB5000002B62D1354B1B68002B5ED02FE0344B9D
:10BB6000DB68DB68FB60FB6818331846FEF750FDA6
:10BB7000FB6804331846FEF74BFDFB68DA6A2D4B71
:10BB80001B689A4203D9FB68DB6A2A4A1360FB6888
:10BB9000DA6A13469B0013449B00274A1A44FB6849
:10BBA000043319461046FEF7D8FCFB68DA6A234BCB
:10BBB0001B68DB6A9A4202D3214B01221A601C4B9C
:10BBC0001B68002BCBD1FB68002B01D000F004FCDC
:10BBD0001C4B1B687B607B68002B10D000F044F886
:10BBE0000346002B02D0164B01221A607B68013BF2
:10BBF0007B607B68002BF1D1124B00221A60104B46
:10BC00001B68002B09D00123BB600F4B4FF0805203
:10BC10001A60BFF34F8FBFF36F8FFEF747FEBB680D
:10BC200018461037BD4680BDE0D60020B8D60020AB
:10BC300078D60020C0D60020E8D10020E4D1002032
:10BC4000CCD60020C8D6002004ED00E080B483B03C
:10BC500000AF044B1B687B607B6818460C37BD4601
:10BC600080BC7047BCD6002080B586B000AF0023F2
:10BC70007B614F4B1B68002B40F08A804D4B1B684B
:10BC800001333B614B4A3B6913603B69002B21D177
:10BC9000494B1B681B68002B0BD04FF0500383F3FC
:10BCA0001188BFF36F8FBFF34F8F3B6000BF00BFA2
:10BCB000FDE7414B1B68FB60404B1B683E4A13602D
:10BCC0003E4AFB6813603E4B1B6801333C4A1360DD
:10BCD00000F082FB3B4B1B683A699A4249D3364BD2
:10BCE0001B681B68002B04D1364B4FF0FF321A60E3
:10BCF0003FE0314B1B68DB68DB68BB60BB685B689F
:10BD00007B603A697B689A4203D22E4A7B68136053
:10BD10002FE0BB6804331846FEF77AFCBB689B6AC9
:10BD2000002B04D0BB6818331846FEF771FCBB68C3
:10BD3000DA6A254B1B689A4203D9BB68DB6A224A40
:10BD40001360BB68DA6A13469B0013449B001F4ACA
:10BD50001A44BB68043319461046FEF7FEFBBB6865
:10BD6000DA6A1B4B1B68DB6A9A42B8D301237B61FA
:10BD7000B5E7174B1B68DA6A144913469B00134456
:10BD80009B000B441B68012B07D901237B6104E056
:10BD9000104B1B6801330F4A13600F4B1B68002BBD
:10BDA00001D001237B617B6918461837BD4680BDF1
:10BDB000E0D60020BCD6002070D6002074D600202B
:10BDC000D0D60020D8D60020C0D60020E8D1002050
:10BDD000E4D10020C8D60020CCD6002080B485B0A5
:10BDE00000AF2A4B1B68002B03D0294B01221A609D
:10BDF00047E0274B00221A60264B1B68FB6011E0CE
:10BE0000FB68002B0BD14FF0500383F31188BFF375
:10BE10006F8FBFF34F8F7B6000BF00BFFDE7FB68F4
:10BE2000013BFB601C49FA6813469B0013449B00CE
:10BE30000B441B68002BE3D0FA6813469B001344A5
:10BE40009B00154A1344BB60BB685B685A68BB68BB
:10BE50005A60BB685A68BB6808339A4204D1BB6811
:10BE60005B685A68BB685A60BB685B68DB680B4AF2
:10BE70001360084AFB681360084B1B684C33084A80
:10BE8000136000BF1437BD4680BC7047E0D6002069
:10BE9000CCD60020C0D60020E8D10020E4D100207C
:10BEA000D800002080B584B000AF786039607B682E
:10BEB000002B0BD14FF0500383F31188BFF36F8F2A
:10BEC000BFF34F8FFB6000BF00BFFDE7074B1B6850
:10BED000183319467868FEF763FB0121386800F0D3
:10BEE00041FB00BF1037BD4680BD00BFE4D100203C
:10BEF00080B586B000AFF860B9607A60FB68002B4F
:10BF00000BD14FF0500383F31188BFF36F8FBFF352
:10BF10004F8F7B6100BF00BFFDE7124B1B68002BFA
:10BF20000BD14FF0500383F31188BFF36F8FBFF332
:10BF30004F8F3B6100BF00BFFDE70B4B1B68BA682A
:10BF400042F000429A61084B1B6818331946F868A2
:10BF5000FEF703FB0121786800F004FB00BF1837EF
:10BF6000BD4680BDE0D60020E4D1002080B586B07B
:10BF700000AFF860B9607A60FB68002B0BD14FF01E
:10BF8000500383F31188BFF36F8FBFF34F8F7B6133
:10BF900000BF00BFFDE70A4B1B6818331946F8685D
:10BFA000FEF7DBFA7B68002B02D04FF0FF33BB605B
:10BFB0007968B86800F0D6FA00BF1837BD4680BD72
:10BFC000E4D1002080B586B000AF78607B68DB6884
:10BFD000DB683B613B69002B0BD14FF0500383F3CF
:10BFE0001188BFF36F8FBFF34F8FFB6000BF00BF9F
:10BFF000FDE73B6918331846FEF70AFB1D4B1B682B
:10C00000002B1DD13B6904331846FEF701FB3B6949
:10C01000DA6A194B1B689A4203D93B69DB6A164AF4
:10C0200013603B69DA6A13469B0013449B00134A72
:10C030001A443B69043319461046FEF78EFA05E0B0
:10C040003B69183319460E48FEF787FA3B69DA6AEE
:10C050000C4B1B68DB6A9A4205D901237B610A4BB2
:10C0600001221A6001E000237B617B6918461837C2
:10C07000BD4680BDE0D60020C0D60020E8D100201B
:10C0800078D60020E4D10020CCD6002080B586B040
:10C0900000AF786039602A4B1B68002B0BD14FF042
:10C0A000500383F31188BFF36F8FBFF34F8F3B6152
:10C0B00000BF00BFFDE73B6843F000427B681A60A9
:10C0C0007B68DB687B617B69002B0BD14FF05003F1
:10C0D00083F31188BFF36F8FBFF34F8FFB6000BFF7
:10C0E00000BFFDE77868FEF793FA7B6904331846D2
:10C0F000FEF78EFA7B69DA6A124B1B689A4203D903
:10C100007B69DB6A0F4A13607B69DA6A13469B001E
:10C1100013449B000C4A1A447B69043319461046A9
:10C12000FEF71BFA7B69DA6A084B1B68DB6A9A42E6
:10C1300002D9074B01221A6000BF1837BD4680BDE7
:10C14000E0D60020C0D60020E8D10020E4D10020B5
:10C15000CCD6002080B483B000AF7860064B1A685C
:10C160007B681A60054B1A687B685A6000BF0C3701
:10C17000BD4680BC704700BFD0D60020BCD6002092
:10C1800080B588B000AF786039607B68002B0BD138
:10C190004FF0500383F31188BFF36F8FBFF34F8FBE
:10C1A0003B6100BF00BFFDE73B68002B0BD14FF0A8
:10C1B000500383F31188BFF36F8FBFF34F8FFB6082
:10C1C00000BF00BFFDE7FEF741FB1D4B1B68BB61D5
:10C1D0007B685B68BA69D31A7B613B681B68B3F103
:10C1E000FF3F02D10023FB6123E07B681A68154BF7
:10C1F0001B689A4207D07B685B68BA699A4202D38F
:10C200000123FB6115E03B681B687A699A420BD2F7
:10C210003B681A687B69D21A3B681A607868FFF736
:10C2200099FF0023FB6104E03B6800221A600123B0
:10C23000FB61FEF73BFBFB6918462037BD4680BD1E
:10C24000BCD60020D0D6002080B400AF034B012222
:10C250001A6000BFBD4680BC704700BFCCD600202E
:10C2600080B582B000AF786000F052F8064B1B68D2
:10C27000012BF9D9054B4FF080521A60BFF34F8F55
:10C28000BFF36F8FF0E700BFE8D1002004ED00E0BE
:10C2900080B582B000AF00237B600CE07A68134663
:10C2A0009B0013449B00124A13441846FEF72AF9D8
:10C2B0007B6801337B607B68372BEFD90D48FEF735
:10C2C00021F90D48FEF71EF90C48FEF71BF90C4842
:10C2D000FEF718F90B48FEF715F90B4B054A1A60E3
:10C2E0000A4B054A1A6000BF0837BD4680BD00BF33
:10C2F000E8D1002048D600205CD6002078D6002067
:10C300008CD60020A4D6002070D6002074D6002041
:10C3100080B582B000AF19E0FEF798FA104BDB68E9
:10C32000DB687B607B6804331846FEF771F90D4BC0
:10C330001B68013B0B4A13600B4B1B68013B0A4A0D
:10C340001360FEF7B3FA786800F010F8064B1B682C
:10C35000002BE1D100BF00BF0837BD4680BD00BF44
:10C360008CD60020B8D60020A0D6002080B584B09E
:10C3700000AF78607B684C33184605F001F97B68A4
:10C3800093F89D30002B08D17B681B6B1846FDF796
:10C39000A3FF7868FDF7A0FF19E07B6893F89D3054
:10C3A000012B03D17868FDF797FF10E07B6893F8C5
:10C3B0009D30022B0BD04FF0500383F31188BFF355
:10C3C0006F8FBFF34F8FFB6000BF00BFFDE700BF63
:10C3D0001037BD4680BD000080B483B000AF0C4B69
:10C3E0001B681B68002B04D10A4B4FF0FF321A6008
:10C3F00008E0074B1B68DB68DB687B607B685B6879
:10C40000044A136000BF0C37BD4680BC704700BFB4
:10C4100070D60020D8D6002080B483B000AF0B4B7C
:10C420001B68002B02D101237B6008E0084B1B68CE
:10C43000002B02D102237B6001E000237B607B683C
:10C4400018460C37BD4680BC704700BFC4D60020DC
:10C45000E0D6002080B586B000AF78607B683B6195
:10C4600000237B617B68002B58D02F4B1B683A69F7
:10C470009A420BD04FF0500383F31188BFF36F8FB4
:10C48000BFF34F8FFB6000BF00BFFDE73B699B6CB4
:10C49000002B0BD14FF0500383F31188BFF36F8F44
:10C4A000BFF34F8FBB6000BF00BFFDE73B699B6CD4
:10C4B0005A1E3B699A643B69DA6A3B695B6C9A4233
:10C4C0002CD03B699B6C002B28D13B690433184668
:10C4D000FEF79EF83B695A6C3B69DA623B69DB6A9E
:10C4E000C3F138023B699A613B69DA6A0F4B1B68FA
:10C4F0009A4203D93B69DB6A0C4A13603B69DA6AEA
:10C5000013469B0013449B00094A1A443B690433B9
:10C5100019461046FEF721F801237B617B69184616
:10C520001837BD4680BD00BFE4D10020C0D6002032
:10C53000E8D1002080B483B000AF094B1B689B6931
:10C540007B60074B1B68DA6A054B1B68C2F1380237
:10C550009A617B6818460C37BD4680BC704700BFA7
:10C56000E4D1002080B584B000AF78603960214B01
:10C570001B68FB60204B1B6804331846FEF748F825
:10C580007B68B3F1FF3F0AD13B68002B07D01A4B01
:10C590001B68043319461948FDF7DFFF26E0FA68E7
:10C5A0007B681344BB60144B1B68BA685A60BA6856
:10C5B000FB689A4209D2124B1A680F4B1B6804336E
:10C5C00019461046FDF7ECFF10E00E4B1A680A4BB7
:10C5D0001B68043319461046FDF7E2FF0A4B1B683F
:10C5E000BA689A4202D2084ABB68136000BF10378B
:10C5F000BD4680BDBCD60020E4D10020A4D60020DA
:10C6000074D6002070D60020D8D6002080B58AB01D
:10C6100004AF00237B6100F06FFB1D4B1B68002BF8
:10C6200021D00023FB600023BB603A1D07F1080105
:10C6300007F10C031846FDF78DFB7968BB68FA68B3
:10C64000029201930223009300230A4611491248E3
:10C65000FEF77CFF0346114A1360104B1B68002B4A
:10C6600001D001237B617B69002B0BD14FF050037C
:10C6700083F31188BFF36F8FBFF34F8F3B6100BF10
:10C6800000BFFDE77B6918461837BD4680BD00BF77
:10C6900014D700207430010895C8000818D700206E
:10C6A00080B588B002AFF860B9607A603B6028203E
:10C6B000FDF74AFD78617B69002B0DD07B69002274
:10C6C00083F824207B6901933B6A00933B687A6876
:10C6D000B968F86800F005F87B6918461837BD4658
:10C6E00080BD80B586B000AFF860B9607A603B600D
:10C6F000BB68002B0BD14FF0500383F31188BFF3BD
:10C700006F8FBFF34F8F7B6100BF00BFFDE77B6A78
:10C71000002B1ED000F0F0FA7B6AFA681A607B6A80
:10C72000BA689A617B6A3A68DA617B6A3A6A1A6225
:10C730007B6A04331846FDF704FF7B68002B08D0A2
:10C740007B6A93F8243043F00403DAB27B6A83F8FF
:10C75000242000BF1837BD4680BD000080B58AB0D8
:10C7600000AFF860B9607A603B6000237B62FB68D1
:10C77000002B0BD14FF0500383F31188BFF36F8F61
:10C78000BFF34F8F3B6200BF00BFFDE7194B1B6833
:10C79000002B2AD0BB683B617B687B61FB68BB6177
:10C7A000BB68052B18DCFFF737FE0346022B09D1C7
:10C7B000104B186807F1100100233A6BFEF790FA4E
:10C7C000786212E00B4B186807F110010023002279
:10C7D000FEF786FA786208E0064B186807F1100148
:10C7E00000233A68FEF77EFB78627B6A184628379A
:10C7F000BD4680BD14D7002080B588B002AF7860F8
:10C800003960234B1B68DB68DB687B617B69043321
:10C810001846FDF7FDFE7B6993F8243003F004030E
:10C82000002B23D07B699A697B68D1187B683A68B2
:10C83000786900F0D3F80346002B20D00023009342
:10C8400000237A6800217869FFF788FF38613B6927
:10C85000002B14D14FF0500383F31188BFF36F8F77
:10C86000BFF34F8FFB6000BF00BFFDE77B6993F80C
:10C87000243023F00103DAB27B6983F824207B693A
:10C880001B6A7869984700BF1837BD4680BD00BF56
:10C890000CD7002080B584B000AF786007F10803A2
:10C8A000184600F059F8F860BB681946F86800F0BF
:10C8B00005F800F0D5F800BFF0E7000080B584B0BF
:10C8C00000AF78603960FFF715F907F108031846E3
:10C8D00000F064F8F860BB68002B30D13B68002B97
:10C8E0000AD17A68FB689A4206D8FFF711F9F9680D
:10C8F0007868FFF781FF24E03B68002B08D0134BDA
:10C900001B681B68002B01D1012300E000233B6062
:10C910000F4B18687A68FB68D31A3A681946FEF715
:10C92000E1FDFFF7F5F80346002B0AD1094B4FF064
:10C9300080521A60BFF34F8FBFF36F8F01E0FFF794
:10C94000E7F800BF1037BD4680BD00BF10D70020FC
:10C9500014D7002004ED00E080B485B000AF78600B
:10C960000D4B1B681B68002B01D1012200E0002247
:10C970007B681A607B681B68002B05D1064B1B681F
:10C98000DB681B68FB6001E00023FB60FB68184666
:10C990001437BD4680BC70470CD7002080B584B0EA
:10C9A00000AF7860FFF752F9F8600B4B1B68FA682C
:10C9B0009A4205D200F03AF97B6801221A6002E03F
:10C9C0007B6800221A60044AFB681360FB68184603
:10C9D0001037BD4680BD00BF1CD7002080B586B093
:10C9E00000AFF860B9607A603B6000237B61FB6850
:10C9F000BA685A60FB68FA681A61BA687B689A423A
:10CA000012D87A683B68D21AFB689B699A4202D3B3
:10CA100001237B611BE0104B1A68FB680433194645
:10CA20001046FDF7BDFD12E07A683B689A4206D2D7
:10CA3000BA683B689A4202D301237B6107E0074B47
:10CA40001A68FB68043319461046FDF7A9FD7B6997
:10CA500018461837BD4680BD10D700200CD70020DF
:10CA600080B58EB002AFCEE07B68002B19DA3B1D9B
:10CA70000433FB62FB6A002B0BD14FF0500383F3AE
:10CA80001188BFF36F8FBFF34F8FFB6100BF00BFF3
:10CA9000FDE7FB6A1B68FA6A5068FA6A92681146F9
:10CAA00098477B68002BC0F2AE80FB68BB62BB6A14
:10CAB0005B69002B04D0BB6A04331846FDF7A8FD60
:10CAC0003B461846FFF76AFF78627B68092B00F245
:10CAD000978001A252F823F001CB000801CB000897
:10CAE00001CB000877CB00088BCB0008D7CB000820
:10CAF00001CB000801CB000877CB00088BCB0008E6
:10CB0000BB6A93F8243043F00103DAB2BB6A83F8BE
:10CB10002420BA68BB6A9B69D118BB687A6AB86A74
:10CB2000FFF75CFF0346002B6CD0BB6A1B6AB86A38
:10CB30009847BB6A93F8243003F00403002B61D0BC
:10CB4000BA68BB6A9B691A44002300930023002142
:10CB5000B86AFFF703FE38623B6A002B52D14FF0F0
:10CB6000500383F31188BFF36F8FBFF34F8FBB6107
:10CB700000BF00BFFDE7BB6A93F8243023F0010338
:10CB8000DAB2BB6A83F824203DE0BB6A93F8243014
:10CB900043F00103DAB2BB6A83F82420BA68BB6AA7
:10CBA0009A61BB6A9B69002B0BD14FF0500383F352
:10CBB0001188BFF36F8FBFF34F8F7B6100BF00BF42
:10CBC000FDE7BB6A9A697B6AD1187B6A7A6AB86AA0
:10CBD000FFF704FF17E0BB6A93F8243003F0020369
:10CBE000002B03D1B86AFDF777FB0CE0BB6A93F822
:10CBF000243023F00103DAB2BB6A83F8242002E078
:10CC000000BF00E000BF084B1B68391D002218461A
:10CC1000FEF704FA0346002B7FF426AF00BF00BFE7
:10CC20003037BD4680BD00BF14D7002080B588B026
:10CC300002AF49E02E4B1B68DB681B683B612C4B45
:10CC40001B68DB68DB68FB60FB6804331846FDF794
:10CC5000DFFCFB681B6AF8689847FB6893F8243090
:10CC600003F00403002B2FD0FB689B693A6913443F
:10CC7000BB60BA683B699A420ED9FB68BA685A60D1
:10CC8000FB68FA681A611A4B1A68FB680433194684
:10CC90001046FDF785FC17E00023009300233A6956
:10CCA0000021F868FFF75AFD78607B68002B0BD1F4
:10CCB0004FF0500383F31188BFF36F8FBFF34F8F93
:10CCC0003B6000BF00BFFDE7094B1B681B68002BE2
:10CCD000B0D1074B1B687B61064B1B68044A13608D
:10CCE000044A7B69136000BF1837BD4680BD00BF92
:10CCF0000CD7002010D7002080B582B002AFFDF71E
:10CD0000A5FD154B1B68002B20D11448FDF7FAFB3D
:10CD10001348FDF7F7FB134B104A1A60124B104AE9
:10CD20001A6000230093114B114A10210A20FDF7CD
:10CD3000F9FE0346084A1360074B1B68002B05D019
:10CD4000054B1B680B491846FEF7A4FBFDF7AEFD2B
:10CD500000BFBD4680BD00BF14D70020E4D6002030
:10CD6000F8D600200CD7002010D70020C0D7002014
:10CD700020D700207C30010880B586B000AF7860F5
:10CD80007B683B617B68002B0BD14FF0500383F332
:10CD90001188BFF36F8FBFF34F8FFB6000BF00BFE1
:10CDA000FDE7FDF753FD3B6993F8243003F00103E1
:10CDB000002B02D100237B6101E001237B61FDF7A1
:10CDC00075FD7B6918461837BD4680BD80B58AB0B1
:10CDD00000AFF860B9607A603B606FF001037B617F
:10CDE000FB68BB61BB68FB617B683B62064B1868F4
:10CDF00007F1140100233A68FEF774F878627B6A41
:10CE000018462837BD4680BD14D7002080B584B0B1
:10CE100002AF7860244A7B681360244B00225A706A
:10CE2000224B00225A60214B00229A601F4B0022A5
:10CE30009A651F4801F08CFF1C4B00225A731B4B54
:10CE400000221A7302F022FA0021002002F0EEFD07
:10CE500004220021012002F0B1FB002300224FF642
:10CE6000FF714FF6FF7002F0E1FA00F091FE00232F
:10CE70000093104B00224FF0FF310F4803F0C4FB2A
:10CE8000002300930D4B00224FF0FF310C4803F0BC
:10CE9000BBFB094803F05CFC094803F059FC00BFE8
:10CEA0000837BD4680BD00BF08D900200CD900203E
:10CEB00085DF00080DDF000868D9002021DF0008A9
:10CEC00080D9002080B500AF01F08AFF0346072B10
:10CED0000AD0072B0ADC042B02D0052B02D005E078
:10CEE000022304E0012302E0032300E000231846AC
:10CEF00080BD000080B582B000AF0346FB712A4AB6
:10CF0000FB791370FB79184603F063F9FB79052B65
:10CF10000ED801A252F823F03FCF00084DCF0008F1
:10CF200031CF000873CF000881CF00088FCF0008F1
:10CF3000032002F01DFB1C4B00225A732FE000203F
:10CF400002F016FB184B00225A7328E0012002F071
:10CF50000FFB154B5A7B144B1B7B9A421ED0124B76
:10CF60001A7B114B5A73104B5B7B184600F098FFED
:10CF700014E0022002F0FCFA0B4B00225A730EE080
:10CF8000022002F0F5FA084B00225A7307E0002055
:10CF900002F0EEFA044B00225A7300E000BF00BF1B
:10CFA0000837BD4680BD00BF0CD9002080B582B0D7
:10CFB00000AF7860786802F095FA00BF0837BD4688
:10CFC00080BD80B590B00AAFF860B9603B60134691
:10CFD000FB800123FB750023BB8200233B6100F033
:10CFE000EAFD0020FFF786FFF868FFF7DFFF012367
:10CFF000099300230893002307930023069300233B
:10D000000593002304930023039300230293032337
:10D010000193BB68009300234FF41672B968002097
:10D0200000F03CF8002000F0CDFD00F067FF034663
:10D030001846F3F7E1FD03F0A5FC38610DE0002090
:10D0400000F0AEFE0346BB82B7F91420B7F90630F4
:10D050009A4202DD0023FB7506E0386903F0A4FC68
:10D0600002463B689342EAD800F0A5FDFB7D1846D6
:10D070001837BD4680BD80B582B000AF00237B600D
:10D08000002300220021002002F0D0F901F079FFF6
:10D0900078607B6818460837BD4680BD80B58AB089
:10D0A00000AFB9607A601A460346FB731346BB7340
:10D0B000B94A97F85430537003F049F897F8543050
:10D0C000002B01D000233B8797F83C30002B04D085
:10D0D000B24A97F84030137002E0B04BFF221A704A
:10D0E000FB7B052B09D0052B00F3D781002B00F02B
:10D0F000BF80012B00F02481CFE1012002F088F8ED
:10D10000A54B002283F83820A34A7B68D363A24B47
:10D11000092283F84420A04B4FF448721A64B8687F
:10D1200002F048FF03461A469B4B83F845209A4B72
:10D1300000229A73BB8EDB009AB2974B1A82964BF1
:10D1400000229A74944B1022DA74934B00221A75C1
:10D15000914B00225A75914B1A788F4B9A758E4BD2
:10D160000122DA758C4B00221A760520FFF7C2FEE9
:10D170008B4802F0F1FA8B4802F0BCFB8A4A07F1B7
:10D180001C0392E8030083E8030007F11C03184620
:10D1900001F075FE40F2FF1001F0C0FE40F6B8004D
:10D1A00000F01CFE034687F8273097F8273023F05D
:10D1B000100387F8273097F82730194640F6B80053
:10D1C00000F0FAFD042140F6B90000F0F5FD40F64C
:10D1D0009B0000F003FE034687F8273097F82730BE
:10D1E00023F01C0387F8273097F8273043F0080313
:10D1F000DBB2194640F69B0000F0DEFD40F2D16044
:10D2000000F0ECFD034687F8273097F8273023F02D
:10D21000180387F8273097F8273043F01803DBB25C
:10D22000194640F2D16000F0C7FD40F2AC6000F05A
:10D23000D5FD034687F8273097F8273023F0700391
:10D2400087F8273097F8273043F05003DBB21946B0
:10D2500040F2AC6000F0B0FD3B8F4FF4FA5202FB9D
:10D2600003F31A467B68B2FBF3F34B4A936015E174
:10D27000002001F0CDFF484B002283F83820464AB9
:10D280007B68D363444B0B2283F84420B86802F0D8
:10D2900091FE03461A46404B83F845203E4B002240
:10D2A0009A73BB8EDB009AB23B4B1A823A4B042234
:10D2B0009A74394B1822DA74374B00221A7597F892
:10D2C0003C3083F00103DBB21A46334B5A75334BC3
:10D2D0001A78314B9A7597F84430002B03D02E4BB7
:10D2E000F222DA7502E02C4B0122DA752A4B012278
:10D2F0001A7600F060FC0020FFF7FCFD284802F0E1
:10D300002BFA284802F0F6FA284A07F1140392E8AB
:10D31000030083E8030007F11403184601F0AFFD92
:10D3200040F2FF1001F0FAFD3B8F4FF4FA5202FB7E
:10D3300003F31A467B68B2FBF3F3174A9360ADE040
:10D34000002001F065FF144B012283F838207B6830
:10D35000DAB2114B83F85020154ABB6813441A788F
:10D360000D4B83F851200C4ABB7B82F85230BB68CE
:10D37000002B05D17B680B2B08D07B680C2B05D0CC
:10D38000BB68012B16D17B680C2B13D1024B0122F9
:10D3900083F8532012E000BF0CD90020C000002009
:10D3A00044D900201AD90020843001088C300108AB
:10D3B000E03601083B4B002283F85320394B012211
:10D3C0009A73384B93F85030052B04D0354B93F8B3
:10D3D0005030062B0AD1BB8E0B2B03D8314B0C22BD
:10D3E0009A8306E02F4ABB8E938302E02D4ABB8EC0
:10D3F000938397F83C202B4B9A772B4B1A78294B29
:10D40000DA7797F84420274B83F8202097F85020AC
:10D41000244B83F8212000F0CEFB0120FFF76AFDAA
:10D42000224802F099F9224802F064FA3B8FDBB2FD
:10D43000184601F0FCFE40F6A30002F0B5FB0346DF
:10D4400003F00103DBB2194640F6A30002F098FB9B
:10D45000144B93F82130012B0DD140F2367002F0BD
:10D46000A3FB034623F00403DBB2194640F23670F7
:10D4700002F086FB0CE040F2367002F095FB0346AA
:10D4800043F00403DBB2194640F2367002F078FB39
:10D49000044B4FF6FF729A6000E000BF00BF2837D0
:10D4A000BD4680BD0CD90020C000002044D900201A
:10D4B0001AD9002080B586B000AFBA607B60034601
:10D4C000FB730B46BB7302F042FEFB7B042B00F0A8
:10D4D000C780042B00F3D680002B02D0012B59D03B
:10D4E000D0E0774B002283F83820754A3B6AD3633B
:10D4F000734B0B2283F84420786802F05BFD0346EF
:10D500001A466F4B83F845206D4ABB6813646C4B19
:10D5100000229A733B8DDB009AB2694B1A82684BEA
:10D5200004229A74664B1822DA74654B00221A752D
:10D5300097F82C3083F00103DBB21A46604B5A7522
:10D5400097F83030002B03D05D4BF222DA7502E001
:10D550005B4B0122DA755A4B01221A7600F02BFB45
:10D560000020FFF7C7FC574802F0F6F8564802F0D3
:10D57000C1F9564A07F1100392E8030083E803005B
:10D5800007F11003184601F07AFC40F2FF1001F099
:10D59000C5FC78E04A4B012283F838203B6ADAB2B6
:10D5A000474B83F850204A4A7B6813441A78444B0F
:10D5B00083F85120424A97F8243082F852307B6831
:10D5C000002B05D13B6A0B2B08D03B6A0C2B05D0F6
:10D5D0007B68012B07D13B6A0C2B04D1384B01220D
:10D5E00083F8532003E0364B002283F85320344B5A
:10D5F00001229A73324B93F85030052B04D0304BF4
:10D6000093F85030062B0AD13B8D0B2B03D82C4BB3
:10D610000C229A8306E02A4A3B8D938302E0284A33
:10D620003B8D938397F82C20254B9A77294B1A78BA
:10D63000234BDA7797F83020214B83F8202097F896
:10D640003C201F4B83F8212000F0B5FA0120FFF7A2
:10D6500051FC1C4802F080F81B4802F04BF912E024
:10D660000420FFF747FC164B022283F83820144AA7
:10D670003B6A9364124B162283F84C20114802F047
:10D680006BF800E000BF97F90E30184602F094FBEB
:10D6900003461A460A4B83F856200E2140F61F1007
:10D6A00002F06EFA064B93F85630184602F063FD0E
:10D6B000034A3B6C536000BF1837BD4680BD00BFB6
:10D6C0000CD9002044D900201AD900208C30010840
:10D6D000E0360108C000002080B483B000AF78605D
:10D6E000012318460C37BD4680BC704780B485B016
:10D6F00000AF0346FB710023FB60FB790A2B3ED889
:10D7000001A252F823F000BF35D7000845D7000822
:10D7100055D7000865D700086DD7000873D70008F3
:10D7200079D700087FD700083DD700084DD70008FB
:10D730005DD7000841F68463FB6020E042F6B10348
:10D74000FB601CE043F60953FB6018E045F26113EF
:10D75000FB6014E047F61223FB6010E04AF2C3239B
:10D76000FB600CE04FF22443FB6008E0074BFB60DA
:10D7700005E0074BFB6002E0064BFB6000BFFB6867
:10D7800018461437BD4680BC704700BF48E801000A
:10D7900090D0030020A1070080B483B000AF786070
:10D7A000084611461A460346FB700B463B8013465B
:10D7B000BB703B88DB00BA7882F00102D2B2002A4B
:10D7C00001D0082200E00022134403F118023B7C40
:10D7D000397D002901D0022100E000210B44DB004B
:10D7E000134418460C37BD4680BC704780B48BB0DC
:10D7F00000AFF860B96011461A460B46FB7113463C
:10D80000BB80FB7904337B61002387F82730BB683A
:10D81000052B02D0BB68062B04D1BB880B2B01D88B
:10D820000C23BB80FB68002B05D1BB680B2B08D0F9
:10D83000BB680C2B05D0FB68012B05D1BB680C2BFA
:10D8400002D1012387F8273097F83430DB0097F8AE
:10D850003820002A01D0102200E0002213441A468A
:10D86000BB689B00D31A97F83020002A01D0002211
:10D8700000E014221344FB61BB68062B03D8BB688D
:10D880009B003B620EE0FB690833FB6197F8273091
:10D89000002B04D0BB68023B9B003B6202E0BB68EC
:10D8A0009B003B62FB69002B01DA0023FB61FA69F4
:10D8B0003B6A13445A1E3B6A92FBF3F37A6903FBFB
:10D8C00002F2BB8813440C33BB61BB68062B02D841
:10D8D000BB690233BB61BB699B005A1CBB68023B3E
:10D8E00002FA03F318462C37BD4680BC704700008F
:10D8F00080B58AB004AFB9607A601A460346FB73FC
:10D900001346BB7300237B6101233B61FB7B002B30
:10D9100002D0012B17D035E097F824003A8CB97B60
:10D9200097F82C30019397F82830009303467868D5
:10D93000FFF732FF03464FF47A7202FB03F37B6179
:10D940007B683B611EE0398CBA7B97F82C300293E0
:10D9500097F82830019397F8243000930B467968A4
:10D96000B868FFF743FF03464FF47A7202FB03F3F4
:10D970007B610A4ABB6813441B781846FFF7B6FE62
:10D98000386100BF7A693B6913445A1E3B69B2FB98
:10D99000F3F318461837BD4680BD00BFE0360108D6
:10D9A00080B584B000AF78600B46FB700023002286
:10D9B00040F2012140F2012001F038FD704B93F854
:10D9C00056300121184602F0CFF96D4B1B78012B20
:10D9D00012D16B4B93F85130062B0DD140F68900D4
:10D9E00002F0E2F8034623F00403DBB2194640F6E6
:10D9F000890002F0C5F80CE040F6890002F0D4F886
:10DA0000034643F00403DBB2194640F6890002F0F6
:10DA1000B7F85B4B1B78042B00F2A28001A252F8EE
:10DA200023F000BF53DA000839DA000853DA00089F
:10DA3000A9DA0008C9DA0008514AFB78D3775148BF
:10DA400001F058FFFB7800221946786801F004FACB
:10DA500087E002F082FB0346012B18D107F10D028B
:10DA6000FB781946786802F090FB0346002B0CD136
:10DA70007A7B434B9A75434801F03CFF7B7B002245
:10DA80001946786801F0E8F96BE0032373E03C4A3B
:10DA9000FB7893753B4801F02DFFFB780022194677
:10DAA000786801F0D9F95CE0354B02229A73344A68
:10DAB000FB789376334801F01DFFFB78002219466E
:10DAC000786801F0C9F94CE0FB781A4679682E486D
:10DAD00000F096FC2A4B02229A73FB780133DAB2EB
:10DAE000274B9A76274801F005FF0021F12000F02E
:10DAF00063F90021F02000F05FF9214B9B6C642B4F
:10DB000008D17021F32000F057F91D21F22000F018
:10DB100053F907E0E121F32000F04EF90421F2204F
:10DB200000F04AF9FB789BB2DB009BB20233FB8129
:10DB3000FB891B0A9BB2DBB21946F42000F03CF9CA
:10DB4000FB89DBB21946F52000F036F9FB7801338A
:10DB5000DBB26FF07F4219460B4801F07DF900E01F
:10DB600000BF074B5B681946084802F061FE074892
:10DB700002F080FD002318461037BD4680BD00BF6F
:10DB80000CD900201AD9002008D8002068D900201C
:10DB900080B582B000AF00233B713B7943F00403B2
:10DBA0003B71387901F034FA0220F3F725F800BF11
:10DBB0000837BD4680BD80B500AF002001F05CFA9B
:10DBC00000BF80BD80B582B000AF786002F0C5FABA
:10DBD0000346012B02D102F0E8FA07E000230022FD
:10DBE00040F2622140F2622001F020FC7B68002BB1
:10DBF00006D07968114802F01BFE104802F03AFD89
:10DC00000F4B00229A650E4B93F8563000211846B0
:10DC100002F0AAF80A4B5B78002B04D06FF07F402B
:10DC200001F066FA05E0064B9B689B01184601F07F
:10DC30005FFA00BF0837BD4680BD00BF80D9002015
:10DC40000CD9002080B582B000AF786002F085FA70
:10DC50000346012B02D102F0A8FA07E000230022BC
:10DC600040F2622140F2622001F0E0FB7B68002B71
:10DC700006D07968114802F0DBFD104802F0FAFC8A
:10DC80000F4B00229A650E4B93F856300021184630
:10DC900002F06AF80A4B5B78002B04D06FF07F40EB
:10DCA00001F046FA05E0064B9B689B01184601F01F
:10DCB0003FFA00BF0837BD4680BD00BF80D90020B5
:10DCC0000CD9002080B582B000AF786039607B68E5
:10DCD0005A003B6813440C4A9365002300224FF618
:10DCE000FF714FF6FF7001F0A1FB074B93F8563020
:10DCF0000021184602F038F83968786801F03CFADB
:10DD000000BF0837BD4680BD0CD9002080B500AFEC
:10DD1000094B93F856300021184602F025F80023ED
:10DD200000224FF4C0714FF4C07001F07FFB01F08E
:10DD30004FFA00BF80BD00BF0CD9002080B584B071
:10DD400000AF78600B46FB7013463B803B884FF476
:10DD50007A7202FB03F3FB60786801F0C3FB97F96A
:10DD60000330184602F028F80346FB720E2140F6F5
:10DD70001F1001F005FFFB7A0121184601F0F4FFA6
:10DD800001F034FAF968054802F052FD034802F048
:10DD900071FC00BF1037BD4680BD00BF68D90020B0
:10DDA00080B582B000AF0346FB7101F056FE03461A
:10DDB00018460837BD4680BD80B582B000AF034627
:10DDC0000A46FB8013467B717A79FB881146184618
:10DDD00001F0D6FE00BF0837BD4680BD80B582B0D9
:10DDE00000AF0346FB80FB88184601F0DDFE0346CA
:10DDF00018460837BD4680BD80B582B000AF0346E7
:10DE00003960FB8013467B717B799AB2FB88396855
:10DE1000184601F0DDFE00BF0837BD4680BD80B565
:10DE200082B000AF03463960FB8013467B717B797B
:10DE30009AB2FB883968184601F0ECFE00BF08373B
:10DE4000BD4680BD80B582B000AF03460A46FB7177
:10DE50001346BB71FB79012B0AD10E4ABB791370B3
:10DE60000C4B1A780C4BDA770C4801F043FD0DE0AF
:10DE7000094B5B7D012B09D1064ABB791370054B19
:10DE80001A78054B9A75054801F034FD00BF083734
:10DE9000BD4680BDC00000200CD900201AD900204A
:10DEA00080B582B000AF0346FB71134AFB79137350
:10DEB000114B1A7B104B5A730120FFF71BF8FB79AB
:10DEC000002B0AD034214FF4E86001F059FE4421C0
:10DED00040F2417001F054FE09E014214FF4E86073
:10DEE00001F04EFE242140F2417001F049FE00BFD6
:10DEF0000837BD4680BD00BF0CD9002080B500AFFB
:10DF000001F08EFF03460333184680BD80B582B012
:10DF100000AF786000F00EF800BF0837BD4680BD46
:10DF200080B582B000AF786000F018F800BF083705
:10DF3000BD4680BD80B500AF074B1B68002B08D0E5
:10DF4000054B1B685B68002B03D0034B1B685B68A9
:10DF5000984700BF80BD00BF08D9002080B500AF42
:10DF6000074B1B68002B08D0054B1B68DB68002B98
:10DF700003D0034B1B68DB68984700BF80BD00BF20
:10DF800008D9002080B582B000AF0346FB80054A67
:10DF9000FB88A2F8543000F007F800BF0837BD46F0
:10DFA00080BD00BF0CD90020B0B582B000AF002307
:10DFB000FB7100233B60A54BB3F85430B3F5007FF1
:10DFC00000F00D81B3F5007F00F3C081B3F5807FD1
:10DFD00000F0F180B3F5807F00F3B881802B00F072
:10DFE000D680802B00F3B281202B49DC002B40F33C
:10DFF000AD81013B1F2B00F2A98101A252F823F051
:10E0000089E00008C3E000084DE3000869E2000869
:10E010004DE300084DE300084DE30008D7E2000897
:10E020004DE300084DE300084DE300084DE3000810
:10E030004DE300084DE300084DE300084DE3000800
:10E040004DE300084DE300084DE300084DE30008F0
:10E050004DE300084DE300084DE300084DE30008E0
:10E060004DE300084DE300084DE300084DE30008D0
:10E070004DE300084DE300084DE30008E7E2000827
:10E08000402B00F04B8161E1714802F061FB002000
:10E0900000F0F2FF02F068F80346012B01D102F014
:10E0A0008CF86C4B1B68002B00F05281694B1B688D
:10E0B0001B68002B00F04C81664B1B681B6898475F
:10E0C00046E1654802F044FB604B5B7883F0010356
:10E0D000DBB2002B14D0002000F0CEFF002140F670
:10E0E000021001F04DFD40F6441001F05DFD0346C5
:10E0F00043F00203DBB2194640F6441001F040FD44
:10E10000FB1DFF221946554800F084FE544801F0DB
:10E11000E5FC504B1B68002B00F01C814D4B1B682D
:10E120009B68002B00F01681484B93F82430012B9C
:10E130000ED1484B1B689C68FB791946434B93F9F9
:10E1400030301A46414B93F931304448A0471DE026
:10E150003E4BDB6B3A461146184601F053FF3D4BF0
:10E160001B689C68FB791946384B93F9293018468F
:10E170003B6803F5FA733B4A82FB03529211DB17AB
:10E18000D31A5BB202463548A04700BFE2E0002048
:10E1900000F072FF2F4B1B68002B00F0DD802D4B31
:10E1A0001B689B69002B00F0D7802A4B1B689B697A
:10E1B00000209847D0E0002000F05EFF254B1B6850
:10E1C000002B00F0CB80234B1B689B69002B00F0D9
:10E1D000C580204B1B689B6901209847BEE000F07A
:10E1E000FFFD0346042B15D1194802F0B1FA0020B7
:10E1F00000F042FF174B1B68002B00F0B180154B5D
:10E200001B685B68002B00F0AB80124B1B685B68DF
:10E210009847A5E000F0E4FD0346052B40F0A08000
:10E220000D4802F095FA002000F026FF094B1B680C
:10E23000002B00F09580074B1B68DB68002B00F07B
:10E240008F80044B1B68DB68984789E00CD900205D
:10E2500068D9002008D9002080D9002008D80020E3
:10E2600030D90020D34D6210444B9B6D002B79D0E8
:10E27000434A424B9B6D1B0CDBB2194640F6031020
:10E2800090473F4A3D4B9B6D1B0ADBB2194640F657
:10E29000041090473A4A394B9B6DDBB2194640F661
:10E2A00005109047364C374B40F60210984703460E
:10E2B00043F00103DBB2194640F60210A0472F4B92
:10E2C00000229A650023002240F2622140F262207F
:10E2D00001F0ACF846E001F040FF0346012B43D1CA
:10E2E00001F071FF40E0284802F032FA234B5B78DE
:10E2F00083F00103DBB2002B02D0002000F0BCFE53
:10E30000224B1B68002B31D0204B1B68DB68002B95
:10E310002CD01E4B1B68DB68984727E0174B5B78B7
:10E3200083F00103DBB2002B02D0002000F0A4FE3A
:10E33000164B1B68002B1BD0144B1B681B69002B52
:10E3400016D0124B1B681B69984711E000BF10E004
:10E3500000BF0EE000BF0CE000BF0AE000BF08E015
:10E3600000BF06E000BF04E000BF02E000BF00E025
:10E3700000BF00BF0837BD46B0BD00BF0CD90020AC
:10E38000B9DD0008DDDD000880D9002008D90020B3
:10E3900080B500AF094B93F856300121184601F0C3
:10E3A000E3FC074B2D214FF4D760984700F027FF7F
:10E3B000044800F07DFE00BF80BD00BF0CD90020E6
:10E3C000B9DD0008FFFF0F0080B584B000AF034641
:10E3D000FB7197F90730184601F0EEFC0346FB731A
:10E3E0000E2140F61F1001F0CBFBFB7B01211846EC
:10E3F00001F0BAFC00F0FAFE00BF1037BD4680BD48
:10E4000080B489B000AFF860B9601346FB71002397
:10E41000FB770023BB610023BB6111E0BB69BA68D5
:10E4200013441A78BB69B9680B44D243D2B21A704C
:10E43000BB69FA68134400221A70BB690133BB61DF
:10E44000FB79BA699A42E9DB0023BB6149E0BB6909
:10E450005A4203F0070302F0070258BF5342DBB2EF
:10E46000C3F10703FB75BB69002B00DA0733DB1030
:10E47000BB75BB6901335A4203F0070302F0070280
:10E4800058BF5342DBB2C3F107037B75BB6901334D
:10E49000002B00DA0733DB103B75BB7DBA681344F1
:10E4A0001B781A46FB7D42FA03F3DBB203F001034B
:10E4B000FB74FA7FFB7C5340FB773B7DFA68134487
:10E4C0001B785AB2F97F7B7D01FA03F35BB21343E9
:10E4D00059B23B7DFA681344CAB21A70BB69013362
:10E4E000BB61FB79DB00BA699A42B0DB97F91F3058
:10E4F000DB015AB297F91F309B015BB213435BB249
:10E50000FA7F002A01D1202200E00022134359B2F1
:10E51000FB79FA681344CAB21A7000BF2437BD46AB
:10E5200080BC704780B58CB000AFB9607A603B604A
:10E530000346FB730023BB6207F1200300221A602D
:10E540005A6001F004FE7B68002B01D000233B6081
:10E550007B68002B14BF01230023DAB2A34B5A704F
:10E56000FB7B002B03D0012B00F0DC8095E1BB6826
:10E570009B68002B03D0BB68DB68002B02D14FF0F7
:10E58000FF338BE1BB689B7F082B02D94FF0FF3331
:10E5900084E1BB681969BB689B7F1A4607F12003B9
:10E5A000184601F075FFBB681B68002B14BF0123E0
:10E5B0000023DBB2184600F02BFE8C4B002283F8C0
:10E5C0003820BB689B68894AD363BB6893F82020D6
:10E5D000864B83F84420BB685B68184601F0EAFC70
:10E5E00003461A46814B83F84520804B00229A73DC
:10E5F000BB68DB689BB2DB009AB27C4B1A82BB68BB
:10E60000DA7F7A4B9A74BB689B7FDB00DAB2774B78
:10E61000DA74BB6893F82120744B1A75BB6893F8C1
:10E620002230002B05D1BB685B69DAB26F4B9A755B
:10E630000BE0BB6893F82230022B03D16B4BFF2217
:10E640009A7502E0694BFF229A75BB6893F82430F3
:10E65000022B04D0BB6893F82230022B2DD1BB686B
:10E6600093F82330F12B0CD0BB6893F82330F22BB6
:10E6700007D0BB6893F82330012B02D04FF0FF3353
:10E680000CE100233B77BB68BB61594B196807F16C
:10E690001403584A184601F04DFD0346002B02D0E2
:10E6A0004FF0FF33FAE0514B00221A764F4B012214
:10E6B000DA754E4B00225A750EE0BB6893F82320A2
:10E6C0004A4BDA75BB6893F82420484B1A76BB682E
:10E6D00093F82220454B5A75FFF76DFA0020FEF79C
:10E6E00009FC454801F038F8444801F003F907F106
:10E6F0002003184600F0C3FBBB689B8B184600F054
:10E700000DFCBB681B8B184600F0E8FB3B684FF420
:10E71000FA5203FB02F2BB689B68B2FBF3F3334A85
:10E720009360BAE0BB681B8E002B02D14FF0FF3321
:10E73000B4E0BB6893F83230012B04D1BB685B694D
:10E7400087F82F3002E0FF2387F82F30BB689B6AE1
:10E75000002B14BF01230023DBB2184600F058FD44
:10E760003B68DBB2184600F062FD204B012283F8C3
:10E770003820BB6893F82C201C4B83F85020BB68D2
:10E7800093F82D20194B83F85120BB6893F82E2065
:10E79000164B83F85220BB6893F82F30022B10D011
:10E7A000022B2DDC002B02D0012B05D028E00F4BD3
:10E7B000002283F8532024E00C4B012283F85320DD
:10E7C0001FE0BB6893F82C300B2B04D0BB6893F888
:10E7D0002C300C2B04D1054B012283F8532010E080
:10E7E000024B002283F853200BE000BF0CD900201D
:10E7F00008D9002080D9002044D900201AD900204F
:10E8000000BF284B01229A73BB681A8E254B9A834E
:10E81000BB6893F83220234B9A77224A97F82F301F
:10E82000D377BB6893F834201E4B83F82020BB6855
:10E8300093F835201B4B83F82120FFF7BCF901200A
:10E84000FEF758FB184800F087FF184801F052F80F
:10E85000144B93F82130012B0DD140F2367001F0AA
:10E86000A3F9034623F00403DBB2194640F23670E5
:10E8700001F086F90CE040F2367001F095F903469C
:10E8800043F00403DBB2194640F2367001F078F928
:10E89000044B4FF6FF729A6000BFBB6A18463037D0
:10E8A000BD4680BD0CD9002044D900201AD90020D3
:10E8B00080B58EB000AFB9607B600346FB73134632
:10E8C000BB7307F12C0300221A605A6001F03FFC71
:10E8D000FB7B032B00F2058201A252F823F000BF5C
:10E8E00065EA0008ADEB0008A5EC0008F1E80008B7
:10E8F000BB689B7C082B02D94FF0FF3306E2BB6854
:10E900009968BB689B7C1A4607F12C03184601F0F6
:10E91000BFFDBB681B68002B02D14FF0FF33F5E150
:10E92000BB681B6842F21072934213D8022387F827
:10E930003730994B03229A73974B032283F8382080
:10E94000BB681B68944AD363BB68DA7C924B83F83C
:10E95000442017E0002387F837308F4B00229A734A
:10E960008D4B002283F83820BB681B688A4AD3632A
:10E97000BB68DA7C884B83F84420BB681B689B0823
:10E98000854A1364BB685B689BB2DB009AB2824B1A
:10E990001A82814B04229A74BB689B7CDB00DAB23A
:10E9A0007D4BDA747C4B00221A75BB689B7D022B71
:10E9B00003D0BB681B7D022B2BD1BB685B7DF12B89
:10E9C0000AD0BB685B7DF22B06D0BB685B7D012B58
:10E9D00002D04FF0FF3399E1BB683B62012387F817
:10E9E00028306E4B196807F120036D4A184601F074
:10E9F000A1FB0346002B02D04FF0FF3386E1664BAC
:10EA000000221A76644B0122DA75634B00225A7594
:10EA10000BE0BB685A7D604BDA75BB689A7D5E4B34
:10EA20001A76BB681A7D5C4B5A75FFF7C4F897F8E5
:10EA300037301846FEF75EFA5A4800F08DFE5A4805
:10EA400000F058FF07F12C03184600F018FABB68D5
:10EA50001B8A184600F062FABB689B89184600F0D2
:10EA60003DFA3FE1BB681B68002B02D14FF0FF333A
:10EA70004CE1BB689B7C082B02D94FF0FF3345E18A
:10EA8000BB689968BB689B7C1A4607F12C03184643
:10EA900001F0FEFC404B002283F83820BB681B6865
:10EAA0003D4AD363BB68DA7C3B4B83F84420BB68A8
:10EAB0009B69394A1364384B00229A73BB685B68C0
:10EAC0009BB2DB009AB2344B1A82334B04229A7405
:10EAD000BB689B7CDB00DAB22F4BDA742E4B002232
:10EAE0001A75BB689B7D022B03D0BB681B7D022B74
:10EAF0002AD1BB685B7DF12B0AD0BB685B7DF22B12
:10EB000006D0BB685B7D012B02D04FF0FF33FDE0E8
:10EB100001233B77BB687B61204B196807F1140325
:10EB20001F4A184601F006FB0346002B02D04FF0A7
:10EB3000FF33EBE0184B00221A76174B0122DA75EF
:10EB4000154B00225A750BE0BB685A7D124BDA75E3
:10EB5000BB689A7D104B1A76BB681A7D0E4B5A75AE
:10EB6000FFF729F80020FEF7C5F90E4800F0F4FD84
:10EB70000D4800F0BFFE07F12C03184600F07FF9A6
:10EB8000BB681B8A184600F0C9F9BB689B89184608
:10EB900000F0A4F9A6E000BF0CD9002008D900209D
:10EBA00068D9002044D900201AD90020594B0122ED
:10EBB00083F83820BB681A78564B83F85020BB681E
:10EBC0005A78544B83F85120BB689A78514B83F89C
:10EBD0005220BB68DB78022B10D0022B20DC002BEC
:10EBE00002D0012B05D01BE04A4B002283F85320B2
:10EBF00017E0484B012283F8532012E0BB681B78D2
:10EC00000B2B03D0BB681B780C2B04D1414B01228A
:10EC100083F8532005E03F4B002283F8532000E0A7
:10EC200000BF3C4B01229A73BB689A88394B9A8388
:10EC3000BB689A79374B9A77BB68DA79354B83F89A
:10EC40002020BB681A7A334B83F82120FEF7B3FFEC
:10EC50000120FEF74FF9304800F07EFD2F4800F00C
:10EC600049FE2C4B93F85130062B0DD140F689000C
:10EC700000F09AFF034623F00403DBB2194640F686
:10EC8000890000F07DFF2DE040F6890000F08CFF48
:10EC9000034643F00403DBB2194640F6890000F056
:10ECA0006FFF1FE0BB681B68002B04D0BB681B68AC
:10ECB000B3F57A7F02D94FF0FF3327E00320FEF748
:10ECC00019F9144B022283F83820BB681B68114ADB
:10ECD0009364104B162283F84C200F4800F03CFD43
:10ECE00000E000BF97F90E30184601F065F80346C2
:10ECF0001A46084B83F85620064B93F856301846B0
:10ED000001F039FA034A7B6853600023184638370C
:10ED1000BD4680BD0CD9002044D900201AD900205E
:10ED200080B485B000AF78600123FB73FB7B18468D
:10ED30001437BD4680BC704780B483B000AF7860A4
:10ED40003960012318460C37BD4680BC704700006F
:10ED500080B584B000AF78607B68002B02D01D4A7C
:10ED60007B681360F1F794FE022001F001F91A4B61
:10ED700000221A70002000F07FF9F5F711FB03461E
:10ED8000012B0ED14021012000F08AFB002140F62A
:10ED9000111000F0F5FE7F233B73387B00F08DFAF5
:10EDA00009E00B2140F6111000F0EAFE0B2140F6BD
:10EDB000121000F0E5FE0E2140F61F1000F0E0FEFC
:10EDC000F5F7D2FA054B01221A7000BF1037BD4685
:10EDD00080BD00BFA4D90020A0D9002098D9002070
:10EDE00080B400AF024B1B781846BD4680BC70470C
:10EDF00098D9002080B582B000AF78600B46FB70D8
:10EE0000FB781A467968002000F026FF00BF08371B
:10EE1000BD4680BD80B586B000AFF860B9601346CE
:10EE2000FB710023FB7507F117031946B86800F062
:10EE300029FEBB681B78FA799A4201D2012307E0C8
:10EE4000F87DBB681B781A46F96800F027FF00239D
:10EE500018461837BD4680BD80B584B000AFF86055
:10EE60000B467A60FB72FB7A1946F868FFF7C2FF1F
:10EE7000786800F01DF900BF1037BD4680BD80B531
:10EE800082B000AF7860082279684FF4D86000F053
:10EE90009FFE002318460837BD4680BD80B584B06C
:10EEA00000AF0346FB80FB881B0A9BB2DBB23B73BF
:10EEB000FB88DBB27B7300F077FB0346002B08D1A5
:10EEC00007F10C030222194640F2BC6000F080FEFC
:10EED00000E000BF00BF1037BD4680BD80B584B0E4
:10EEE00000AF0346FB80FB881B0A9BB2DBB23B737F
:10EEF000FB88DBB27B7300F057FB0346002B08D185
:10EF000007F10C030222194640F2BE6000F060FED9
:10EF100000E000BF00BF1037BD4680BD80B584B0A3
:10EF200000AF0346FB800023FB7300F03DFB03466C
:10EF3000002B21D14FF4D76000F036FE034623F0BA
:10EF40000103FB73FB881B0A9BB25BB203F0010356
:10EF50005AB297F90F3013435BB2FB73FB7B194630
:10EF60004FF4D76000F00CFEFB88DBB2194640F28C
:10EF7000B96000F005FE00E000BF00BF1037BD46DD
:10EF800080BD80B582B000AF00233B600023FB71E1
:10EF90000023BB7140F6E20000F006FE0346FB7161
:10EFA000FB7923F00103DBB2194640F6E20000F0E2
:10EFB000E7FD40F6E50000F0F7FD0346BB71BB79C5
:10EFC00003F07F03DBB2194640F6E50000F0D8FD00
:10EFD0006FF07F4000F08CF83B460422194640F663
:10EFE000190000F017FE002000F046F8FB791946E2
:10EFF00040F6E20000F0C4FDBB79194640F6E5009A
:10F0000000F0BEFD3B6818460837BD4680BD0000D5
:10F0100080B584B000AF38710020F5F7ACF902205C
:10F0200000F0A6FF3B79C3F38003DBB25BB29B0029
:10F030005AB23B79C3F34003DBB25BB25B005BB215
:10F0400013435AB23B79C3F30003DBB25BB2134301
:10F050005BB2DBB2FB7307F10F0301221946842078
:10F0600000F03EFE034B00221A7000BF1037BD4671
:10F0700080BD00BF98D9002080B582B000AF0346A4
:10F08000FB71FB1D01221946802000F029FEFB794F
:10F09000002B03D1054B01221A7002E0034B022220
:10F0A0001A7000BF0837BD4680BD00BF98D9002048
:10F0B00080B584B000AF78600C4B04221A707B6876
:10F0C0001B0CDBB23B737B681B0ADBB27B737B6878
:10F0D000DBB2BB7307F10C0303221946832000F057
:10F0E000FFFD00BF1037BD4680BD00BF98D900208E
:10F0F00080B584B000AF78600C4B05221A707B6835
:10F100001B0CDBB23B737B681B0ADBB27B737B6837
:10F11000DBB2BB7307F10C0303221946822000F017
:10F12000DFFD00BF1037BD4680BD00BF98D900206D
:10F1300080B584B000AF78600E4B05221A7097211D
:10F1400040F6AC0000F01CFD7B681B0CDBB23B738F
:10F150007B681B0ADBB27B737B68DBB2BB7307F196
:10F160000C0303221946822000F0BAFD00BF1037BD
:10F17000BD4680BD98D9002080B584B000AF7860CE
:10F1800039607B681B0CDBB23B727B681B0ADBB20D
:10F190007B727B68DBB2BB723B681B0CDBB2FB7221
:10F1A0003B681B0ADBB23B733B68DBB27B7307F146
:10F1B000080306221946942000F092FD034B062214
:10F1C0001A7000BF1037BD4680BD00BF98D900201F
:10F1D00080B500AF00220021C52000F081FD024B68
:10F1E00007221A7000BF80BD98D9002080B500AFFB
:10F1F00000220021D12000F073FD00BF80BD80B54A
:10F2000000AF00220021D22000F06AFD00BF80BDC7
:10F2100080B582B000AF0346FB71FB1D0122194689
:10F220009F2000F05DFD00BF0837BD4680BD80B562
:10F2300084B000AF0346FB71FB1D01221946A020DC
:10F2400000F04EFDFB793F2B1CD9FB795B08FB736B
:10F250000023BB7300237B7305E0FB7B9B08FB73E0
:10F26000BB7B0133BB73FB7B1F2BF6D8FB7BDB0027
:10F27000DAB2BB7B13447B737B7B194640F206708A
:10F2800000F07EFC00BF1037BD4680BD80B582B067
:10F2900000AFF5F78CF80346012B02D10123FB7177
:10F2A00001E00023FB71FB1D01221946962000F0AE
:10F2B00017FD00BF0837BD4680BD80B584B000AFE4
:10F2C00038713B79C3F38013DBB25BB29B015AB256
:10F2D0003B79C3F34013DBB25BB25B015BB2134318
:10F2E0005AB23B79C3F30013DBB25BB21B015BB2D2
:10F2F00013435AB23B79C3F3C003DBB25BB2DB000A
:10F300005BB213435AB23B79C3F38003DBB25BB207
:10F310009B005BB213435AB23B79C3F34003DBB2A9
:10F320005BB25B005BB213435AB23B79C3F3000399
:10F33000DBB25BB213435BB2DBB2FB7307F10F03CB
:10F3400001221946892000F0CBFC00BF1037BD46D2
:10F3500080BD000080B584B000AF78607B681D4A36
:10F36000934204D9E1233B73E9237B7327E07B6855
:10F37000194A934204D9D7233B73DB237B731EE0E6
:10F380007B68164A934204D9C1233B73C5237B7320
:10F3900015E07B68124A934204D975233B7381239D
:10F3A0007B730CE07B680F4A934204D96B233B7359
:10F3B0006F237B7303E029233B732B237B7307F1BC
:10F3C0000C0302221946982000F08AFC00BF103777
:10F3D000BD4680BD00E9A43580F8A9328044E52D02
:10F3E000000B6B1B40FC541990B585B000AF044670
:10F3F000084611461A462346FB710346BB710B466D
:10F400007B7113463B71FB793B73BB797B737B79D3
:10F41000BB733B79FB7307F10C030422194695205B
:10F4200000F05EFC00BF1437BD4690BD90B585B0BE
:10F4300000AF0446084611461A462346FB800346A1
:10F44000BB800B467B8013463B80FB881B0A9BB22C
:10F45000DBB23B72FB88DBB27B72BB881B0A9BB2C0
:10F46000DBB2BB72BB88DBB2FB727B881B0A9BB230
:10F47000DBB23B737B88DBB27B733B881B0A9BB29E
:10F48000DBB2BB733B88DBB2FB7307F108030822D6
:10F490001946082000F024FC00BF1437BD4690BD7B
:10F4A00080B584B000AF03463960FB71FB7903F08F
:10F4B0000703DBB23B733B681B0CDBB27B733B681F
:10F4C0001B0ADBB2BB733B68DBB2FB7307F10C03B7
:10F4D00004221946972000F003FC00BF1037BD46F8
:10F4E00080BD00002DE9B04384B000AF78600023F8
:10F4F000FB601D4B1B7883F00103DBB2002B05D0B2
:10F500007868FFF727FF184B01221A707B680022EA
:10F510001C4615464FEAD4194FEA4468134A4FF087
:10F52000000340464946F0F783FE02460B46134669
:10F53000FB60FB681B0EDBB23B72FB681B0CDBB293
:10F540007B72FB681B0ADBB2BB72FB68DBB2FB722F
:10F5500007F1080304221946862000F0C1FB00BF12
:10F560001037BD46BDE8B083A0D900200048E801AF
:10F5700080B582B000AF0346FB71FA79094B1A706F
:10F58000FB79002B04D1002140F2AC6000F0F8FAC6
:10F59000FB1D012219468A2000F0A2FB00BF08379C
:10F5A000BD4680BD99D9002080B400AF024B1B78C6
:10F5B0001846BD4680BC704799D9002080B584B0FC
:10F5C00000AF0346FB710B46BB7113467B71FB79A1
:10F5D000012B49D10020F4F7F1FEF86097F90630CD
:10F5E000FA689A4201DAFB68BB71FB680E2B0ED1F8
:10F5F0000123012200210420FFF7F6FEBA79FB68FF
:10F60000DBB2D31ADBB20E33DBB2BB711FE0FB6897
:10F610000A2B0ED10123012200210120FFF7E4FE75
:10F62000BA79FB68DBB2D31ADBB20D33DBB2BB7144
:10F630000DE00123012200210720FFF7D5FEBA7952
:10F64000FB68DBB2D31ADBB20E33DBB2BB7197F9C6
:10F65000063013F1110F01DAEF23BB71182140F6C8
:10F66000E70000F08DFA67E040F6D80000F09CFA61
:10F67000034643F01E03DBB2194640F6D80000F003
:10F680007FFA0120F4F79AFEF86097F90630FA68DD
:10F690009A4201DAFB68BB71FB68142B0ED101237F
:10F6A000002205210320FFF79FFEBA79FB68DBB239
:10F6B000D31ADBB21633DBB2BB7131E0FB68112B1E
:10F6C0000ED10123002203210220FFF78DFEBA791B
:10F6D000FB68DBB2D31ADBB21633DBB2BB711FE0BF
:10F6E000FB680E2B0ED10123002202210220FFF71E
:10F6F0007BFEBA79FB68DBB2D31ADBB20E33DBB226
:10F70000BB710DE00123002207210420FFF76CFEEE
:10F71000BA79FB68DBB2D31ADBB21633DBB2BB714A
:10F7200097F9063013F1090F01DAF723BB7138217D
:10F7300040F6E70000F024FABB793B727B797B72DC
:10F7400007F10803022219468E2000F0C9FA00BF13
:10F750001037BD4680BD00002DE9B04386B000AF34
:10F76000786000237B6107F1080300221A605A6069
:10F770007B681A785C4B1B789A4204D07B681B78B4
:10F780001846FFF7F5FE7B681B78032B00F2A58077
:10F7900001A252F823F000BFA9F7000869F8000899
:10F7A0002BF8000897F800080823FB747B685B6857
:10F7B0004E4AB2FBF3F37B617B691B0CDBB23B72FD
:10F7C0007B691B0ADBB27B727B69DBB2BB727B6835
:10F7D0001B7BFB727B685B7B3B737B689B680022B7
:10F7E0001C4615464FEAD4194FEA4468404A4FF088
:10F7F000000340464946F0F71BFD02460B46134600
:10F800007B617B691B0CDBB27B737B691B0ADBB200
:10F81000BB737B69DBB2FB73FB7C9AB207F1080315
:10F8200019468B2000F05CFA58E00423FB747B68D7
:10F830001B692E4AB2FBF3F37B617B691B0CDBB2C5
:10F840003B727B691B0ADBB27B727B69DBB2BB72EA
:10F850007B681B7DFB72FB7C9AB207F1080319469B
:10F860008B2000F03DFA39E00423FB747B681B7E9B
:10F870003B727B685B7E7B727B689B7EBB727B6826
:10F88000DB7EFB72FB7C9AB207F1080319468B20E2
:10F8900000F026FA22E00523FB747B685B68134ABC
:10F8A000B2FBF3F37B617B691B0CDBB23B727B69C0
:10F8B0001B0ADBB27B727B69DBB2BB727B681B7B92
:10F8C000FB727B685B7B3B73FB7C9AB207F108039E
:10F8D00019468B2000F004FA00E000BF00BF183783
:10F8E000BD46BDE8B08300BF99D900200000093DA6
:10F8F0000048E80180B586B000AF78600023BB7592
:10F9000007F10C0300221A605A601A727B681A7899
:10F91000444B1B789A4204D07B681B781846FFF74B
:10F9200027FE7B681B78032B78D801A252F823F0BE
:10F9300041F90008D1F90008C5F9000841F90008AB
:10F940007B685B7AF12B0AD14FF6FF70FFF7A6FABE
:10F9500048F20500FFF7C2FA0223BB7511E07B688D
:10F960005B7AF22B0AD141F60F50FFF797FA41F27A
:10F970002100FFF7B3FA0623BB7502E07B685B7AD0
:10F98000BB750923FB757B685B881B0A9BB2DBB2E6
:10F990003B737B685B88DBB27B737B681B79BB73D3
:10F9A0007B685B79FB737B689B793B747B68DB7955
:10F9B0007B747B681B7ABB74BB7DFB747B689B7A12
:10F9C0003B7522E00123FB757B681B7B3B731CE0CE
:10F9D0000623FB757B68DB891B0A9BB2DBB23B739A
:10F9E0007B68DB89DBB27B737B681A7C0E4B11462C
:10F9F00019701346BB737B685B7CFB737B689B7CD5
:10FA00003B747B68DB7C7B7400BFFB7D9AB207F1A3
:10FA10000C0319468C2000F063F900E000BF183792
:10FA2000BD4680BD99D900209AD9002080B584B008
:10FA300000AF03460A46FB711346BB71FB793B736B
:10FA4000BB797B7307F10C03022219468F2000F06B
:10FA500047F900BF1037BD4680BD80B582B000AF0A
:10FA60000023FB713B1D01221946152000F05AF9B5
:10FA70003B795B425B10FB7197F9073018460837FA
:10FA8000BD4680BD80B584B000AF7860396007F1B5
:10FA90000C0302221946132000F044F9FFF784FDFD
:10FAA0000346012B0DD10C4B1B78DBB2012B08D187
:10FAB00040F2027000F078F803461A467B681A702C
:10FAC00002E03A7B7B681A707A7B3B681A7000BF51
:10FAD0001037BD4680BD00BF9AD9002080B584B0E4
:10FAE00000AF786007F10C0303221946142000F0E0
:10FAF00019F9FFF759FD03461A467B681A707B68AF
:10FB00001B78002B02D0012B13D02AE03A7B7B68B4
:10FB10001A717B7B5B425B105AB27B689A71BB7B2C
:10FB20005B425B105AB27B685A717B6800229A6014
:10FB300020E03B7B5B425B105AB27B681A737B7B95
:10FB40005BB202339B105AB27B685A73BB7B5B4239
:10FB50005B105AB27B689A73084B1A687B681A610B
:10FB600008E014220021786800F0B1FC7B680F22C5
:10FB70001A7000BF00BF1037BD4680BD9CD9002061
:10FB800080B582B000AF03460A46FB8013467B7106
:10FB90007A1DF98801230348F7F704FB00BF0837F3
:10FBA000BD4680BD8005002080B584B000AF03460F
:10FBB000FB8007F10F02F98801230448F7F751FB96
:10FBC000FB7B18461037BD4680BD00BF8005002076
:10FBD00080B586B000AF03463960FB801346BB801A
:10FBE000EFF31083FB60FB687B6172B600BFBB88DC
:10FBF000F9883A680648F7F7D5FA7B693B613B69B3
:10FC000083F3108800BF00BF1837BD4680BD00BF1A
:10FC10008005002080B586B000AF03463960FB80C8
:10FC20001346BB80EFF31083FB60FB687B6172B609
:10FC300000BFBB88F9883A680648F7F712FB7B6972
:10FC40003B613B6983F3108800BF00BF1837BD4696
:10FC500080BD00BF8005002080B586B000AF0346A0
:10FC60003960FB711346BB71EFF31083FB60FB68D7
:10FC70007B6172B600BFBB799BB2F9793A680648DE
:10FC8000F7F703FC7B693B613B6983F3108800BF96
:10FC900000BF1837BD4680BD8005002080B586B006
:10FCA00000AF03463960FB711346BB71EFF310835D
:10FCB000FB60FB687B6172B600BFBB799BB2F979D0
:10FCC0003A680648F7F734FC7B693B613B6983F38C
:10FCD000108800BF00BF1837BD4680BD80050020DA
:10FCE00080B586B000AF03463960FB711346BB8018
:10FCF000EFF31083FB60FB687B6172B600BFBB88CB
:10FD0000F9793A680648F7F70DFB7B693B613B6977
:10FD100083F3108800BF00BF1837BD4680BD00BF09
:10FD20008005002080B586B000AF03463960FB71C6
:10FD30001346BB80EFF31083FB60FB687B6172B6F8
:10FD400000BFBB88F9793A680648F7F74AFB7B6938
:10FD50003B613B6983F3108800BF00BF1837BD4685
:10FD600080BD00BF8005002080B584B000AF034691
:10FD70000A46FB711346BB710123FB73BB79012B50
:10FD80000DD1FB79012B04D10223FB73042000F079
:10FD9000EFF8FB79022B07D10323FB7304E0BB7957
:10FDA000002B01D10123FB73FB7B1846F4F7E3FA28
:10FDB00000BF1037BD4680BD80B584B000AF03469C
:10FDC000FB710123FB73F4F7E4FAB860BB68022B04
:10FDD00016D0BB68022B16DCBB68002B03D0BB68B7
:10FDE000012B0AD00FE097F907300F2B02DD022319
:10FDF000FB7309E00123FB7306E00123FB7303E0BF
:10FE00000223FB7300E000BF97F90710FB7B02227F
:10FE10001846FFF7D3FBFB7B18461037BD4680BD65
:10FE200080B400AF01231846BD4680BC7047000077
:10FE300080B582B000AF7860034B1B680120984703
:10FE400000BF0837BD4680BDA4D9002080B582B070
:10FE500000AF7860034B1B680220984700BF08374B
:10FE6000BD4680BDA4D9002080B582B000AF7860C7
:10FE7000034B1B684020984700BF0837BD4680BD34
:10FE8000A4D9002080B582B000AF78600B46FB702B
:10FE9000FB78002B02D0012B05D00AE0074B1B6832
:10FEA0008020984705E0054B1B684FF48070984709
:10FEB00000BF00BF0837BD4680BD00BFA4D90020E9
:10FEC00080B582B000AF7860044B1B684FF40070BF
:10FED000984700BF0837BD4680BD00BFA4D90020A9
:10FEE00080B582B000AF7860034B1B682020984734
:10FEF00000BF0837BD4680BDA4D9002080B582B0C0
:10FF000000AF7860034B1B680420984700BF083798
:10FF1000BD4680BDA4D9002080B582B000AF786016
:10FF2000034B1B680820984700BF0837BD4680BDBB
:10FF3000A4D9002080B582B000AF7860034B1B6865
:10FF40001020984700BF0837BD4680BDA4D90020C7
:10FF500080B582B000AF7860044B1B684FF48040DE
:10FF6000984700BF0837BD4680BD00BFA4D9002018
:10FF700080B584B000AF0346FB71F4F718FA03466E
:10FF8000012B12D140F62310FFF70EFE0346FB7340
:10FF9000FB7B23F00603FB73FA7BFB791343DBB295
:10FFA000194640F62310FFF7EBFD00BF1037BD46A2
:10FFB00080BD000080B485B000AF78607B68002B06
:10FFC00001D11F2317E00023FB730FE0FB7B0C4ADA
:10FFD00052F833307A689A4205D2FB7B084ADB003C
:10FFE00013441B7907E0FB7B0133FB73FB7B152B71
:10FFF000ECD900BFFDE718461437BD4680BC7047FA
:020000040801F1
:10000000E436010880B58AB000AF78603960354BBE
:10001000FB6040F60700FFF7C7FD0346FB77FB7F59
:10002000DB08DBB203F0030328333B4413F81C3C2A
:10003000BB77FB7F03F007037B77BA7F7B7F0133BE
:1000400002FA03F31A46284BB3FBF2F3BB61BA6919
:100050007B68B2FBF3F37B61012387F8273097F8C5
:1000600027307A6902FB03F3072B02D8022387F8B3
:10007000273097F827307A6902FB03F3032B02D865
:10008000042387F8273097F82720BB6902FB03F386
:100090003B614FF4D660FFF787FD03461B0203F474
:1000A00070633B6240F2B160FFF77EFD03461A4683
:1000B0003B6A13433B623B6A03F40063002B05D0A9
:1000C0003B6A6FEA03536FEA13533B623B695B0978
:1000D0003A6A02FB03F3DA113B681A6000BF283763
:1000E000BD4680BD04080A0C0048E80180B487B012
:1000F00000AF0346B9607A60FB8100237B614FF05B
:10010000FF337B617B6918461C37BD4680BC704756
:1001100080B487B000AF0346B9607A60FB730023F8
:100120007B614FF0FF337B617B6918461C37BD460E
:1001300080BC704780B485B000AFF860B9607A6069
:100140004FF0FF3318461437BD4680BC704780B46B
:1001500000AF00BFBD4680BC704780B400AF002335
:100160001846BD4680BC704780B400AF00231846D7
:10017000BD4680BC704780B483B000AF0346FB71BE
:1001800000BF0C37BD4680BC704780B487B000AF5D
:10019000F8600B467A60FB724FF0FF337B617B693E
:1001A00018461C37BD4680BC704780B400AF4FF086
:1001B000FF331846BD4680BC704780B400AF00BF17
:1001C000BD4680BC704780B400AF00BFBD4680BC58
:1001D000704780B483B000AF0346FB7100BF0C379B
:1001E000BD4680BC7047000080B500AF18220021DA
:1001F000074800F06CF94FF400720021054800F048
:1002000066F9054B1B68054898470346184680BDAC
:10021000A8D90020C0D900205C3101085D02010886
:1002200080B483B000AF7860034A7B68536000BF3E
:100230000C37BD4680BC7047A8D9002080B483B07D
:1002400000AF0346FB71044AFB79137200BF0C3701
:10025000BD4680BC704700BFA8D9002080B588B0DB
:1002600000AF78600023FB61EFF310837B617B6953
:10027000BB6172B600BF3C4B9B78022B06D13A4B58
:1002800000229A70384B00221A820AE0364B1A8AF2
:10029000354B9B8A13449BB2C3F308039AB2324B8B
:1002A0001A82314B1A8A304B5B8A9A424DD02E4BC0
:1002B000DB8A012B49D12C4B9B78012B17D12A4B80
:1002C0001A88294B1B8AD31A9AB2274B9A82264B3B
:1002D00002229A70244B00221A80234B9B8A002B07
:1002E00005D1214B00229A701F4B00221A821E4B0F
:1002F0009B78002B15D11C4B5A8A1B4B1B8A9A42A8
:1003000008D9194B5A8A184B1B8AD31A9AB2164B22
:100310009A8206E0144B1B8AC3F500739AB2124B03
:100320009A82114B1B8A1A46104B1344FB61BB691E
:100330003B613B6983F3108800BF0D4BDB680A4AC1
:10034000928A1146F86998470AE0BB69FB60FB682E
:1003500083F3108800BFF0F713FC00F00BF800BF28
:1003600000BF2037BD4680BDA8D90020C0D90020DD
:100370005C31010880B485B000AFEFF310837B607F
:100380007B68FB6072B600BF084BDB8A013B9AB208
:10039000064BDA82FB68BB60BB6883F3108800BF42
:1003A00000BF1437BD4680BC704700BFA8D90020ED
:1003B00080B400AF044B00221A60044B00221A6084
:1003C00000BFBD4680BC7047C0DB0020C4DB0020FE
:1003D00080B487B000AF78600B46FB70EFF31083FA
:1003E0003B613B697B6172B600BFFB78002B08D094
:1003F000012B0ED10D4B1A687B6813430B4A136017
:1004000008E07B68DA43094B1B681340074A136016
:1004100000E000BF7B69FB60FB6883F3108800BFCE
:1004200000BF1C37BD4680BC704700BFC0DB00204A
:1004300080B487B000AF78600B46FB70EFF3108399
:100440003B613B697B6172B600BFFB78002B08D033
:10045000012B0ED10D4B1A687B6813430B4A1360B6
:1004600008E07B68DA43094B1B681340074A1360B6
:1004700000E000BF7B69FB60FB6883F3108800BF6E
:1004800000BF1C37BD4680BC704700BFC4DB0020E6
:1004900080B487B000AFF860B9601346FB80FB689A
:1004A0007B61BB683B6107E03A69531C3B617B6938
:1004B000591C796112781A70FB885A1EFA80002B39
:1004C000F2D100BF00BF1C37BD4680BC704780B46E
:1004D00085B000AF78600B46FB7013463B807B68AD
:1004E000FB6004E0FB685A1CFA60FA781A703B88DB
:1004F0005A1E3A80002BF5D100BF00BF1437BD460D
:1005000080BC704782B080B487B000AFF860381DFF
:1005100080E806007B6200233B610023BB827A688F
:100520007B6A13443B61B7F908309AB2B7F92830B7
:100530009BB213449BB21BB2BB82B7F91430B3F524
:100540007A7F0ADB3B6901333B61B7F914309BB218
:10055000A3F57A739BB21BB2BB82FB681A4607F104
:10056000100393E8030082E80300F8681C37BD46D7
:1005700080BC02B07047000080B58AB002AF7860DE
:100580000023BB610023BB8300233B610023BB82AC
:10059000144B1B6907F118020432104698470346B2
:1005A000BB61104BDB68984703461BB2BB810D4B08
:1005B0005B6898470346BB6007F11000FB69009336
:1005C000BB6907F1080206CAFFF79CFF7B681A4661
:1005D00007F1100393E8030082E8030078682037EE
:1005E000BD4680BD4831010880B500AF044B0022F4
:1005F0001A60044B1B6898470346184680BD00BF2D
:10060000C8DB00201C31010880B584B000AFF86061
:10061000B9603B601346FB71FB68002B23D03B683D
:10062000002B20D0FB6800221A60114B5B6AB8686F
:1006300098470246FB685A60FB6800221A72FB6802
:1006400000225A72FB6800229A72FB683A68DA60EC
:10065000FB68BA691A61FB68FA79DA72FB680022F2
:100660005A61002300E0012318461037BD4680BDC3
:100670001C31010880B58AB000AF7860002387F88C
:1006800027307B68002B56D0786800F0A9F9034624
:1006900083F00103DBB2002B4DD07B685B7A002B2B
:1006A00049D1EFF310833B613B69FB6172B600BF38
:1006B0007B685B683B62244B1B6A9847B8613A6A67
:1006C000BB699A4201D2BB693B627B683A6A1A6095
:1006D0007B6800221A727B6801225A727B680022B2
:1006E0009A721A4B1B68002B06D1174B1B6998474F
:1006F000786800F0EBF917E0134B9B699847786135
:100700007B681A687B691A447B681A607B681A6880
:100710000E4B1B681B689A4203D2786800F0D6F92A
:1007200002E0786800F0A2F9FB69FB60FB6883F3E4
:10073000108800BF02E0012387F8273097F82730A0
:1007400018462837BD4680BD1C310108C8DB002093
:1007500080B588B000AF78600023FB777B68002B02
:100760005BD0EFF31083FB60FB683B6172B600BFA8
:100770002D4B1B68BB612C4B1B687B617B68012286
:100780009A72294B1B68002B41D07B6800225A7259
:10079000254B1B687A689A4234D1234B1B68002290
:1007A0001A72214B1B685B69002B0AD01E4B1B6819
:1007B0005B691D4A13601C4B1B68184600F02CF93E
:1007C00023E01A4BDB689847174B00221A601CE0A5
:1007D0007A697B689A4210D17B695B69002B06D0ED
:1007E0007B695B697B61BB697A695A610DE00023B3
:1007F0007B61BB697A695A6107E07B69BB617B6990
:100800005B697B617B69002BE2D10023FB773B694D
:10081000BB60BB6883F3108801E00123FB77FB7F9B
:1008200018462037BD4680BDC8DB00201C310108BA
:1008300080B584B000AF786039600023FB737B68BB
:10084000002B02D10123FB7314E00D4B5B6A386867
:10085000984702467B685A60786800F0C1F8034602
:10086000002B07D07868FFF773FF7868FFF702FF67
:100870000346FB73FB7B18461037BD4680BD00BFA7
:100880001C31010890B589B000AFEFF31083BB6055
:10089000BB68BB6172B600BF384B5B699847786133
:1008A000364B1B69984738613A697B69D31AFB60FC
:1008B000334B1B68002B37D0314B1B68FB61FB6946
:1008C0001B68FA689A4206D2FB691A68FB68D21A5A
:1008D000FB691A6002E0FB6900221A60FB695B6930
:1008E000FB61FB69002BEAD11EE0254B1B68FB6115
:1008F000234B1B685B69224A1360FB6900221A7252
:10090000FB6900225A72FB69DB68FA6912691046BA
:100910009847FB69DB7A012B06D1FB699B7A002B98
:1009200002D1F869FFF7A6FE154B1B68002B0DD00E
:10093000134B1B681B68002BD7D0114B1B681C681E
:100940000E4B9B69984703469C42CED30C4B1B68C9
:10095000002B09D00A4B1B681B7A002B04D1084BD3
:100960001B68184600F058F8BB697B607B6883F30E
:10097000108800BF00BF2437BD4690BD1C31010860
:10098000C8DB002080B582B000AF064BDB6998471A
:100990007860044B9B6A7868984703461846083786
:1009A000BD4680BD1C31010880B584B000AF7860C1
:1009B0000A4BDB699847F860084B5B6A7868984790
:1009C000B860064B9B6AF968BA688A1A104698475D
:1009D000034618461037BD4680BD00BF1C310108D4
:1009E00080B485B000AF78600A4B1B68FB6008E0FC
:1009F000FA687B689A4201D1012306E0FB685B69D3
:100A0000FB60FB68002BF3D1002318461437BD466A
:100A100080BC7047C8DB002090B585B000AF78601F
:100A2000114B1B6A9847F8607B6801221A727B6839
:100A30001C680D4B9B6998470246FB6813449C4217
:100A400007D2094B9B6998470246FB681A447B68AA
:100A50001A60054B9B687A6812681046984700BF79
:100A60001437BD4690BD00BF1C31010880B485B06D
:100A700000AF7860144B1B68FB60134B1B685B690D
:100A8000BB6012E07B681A68BB681B689A4205D994
:100A9000BB68FB60BB685B69BB6006E0FB687A68AB
:100AA0005A617B68BA685A6109E0FB685B69002B90
:100AB000E8D1FB687A685A617B6800225A61143772
:100AC000BD4680BC704700BFC8DB002080B584B045
:100AD00000AF78600B4B1B68FB60FB68002B02D0FB
:100AE000FB6800221A727B68FA685A61054A7B68C3
:100AF0001360044B1B681846FFF78EFF00BF1037CA
:100B0000BD4680BDC8DB002080B485B000AF7860F2
:100B10000023FB600EE0FA6813469B0013445B0061
:100B200018467B681B68591C7A6811601B7803445F
:100B3000303BFB607B681B681B782F2B04D97B68DC
:100B40001B681B78392BE6D9FB6818461437BD465D
:100B500080BC704780B499B000AFF860B9607A602B
:100B60003B60714B1B68BB653B6F03F04003002B80
:100B700002D06E4B1B68BB653B68012B02DD3B68F6
:100B8000242B01DD0023CAE03B6F03F00103002B9F
:100B900001D0302300E0202387F85330002387F86A
:100BA0005F303B6F03F00203002B0BD07B68002B00
:100BB00008DA2D2387F85F307B685B427B60BB6E71
:100BC000013BBB6600237B657B68002B1ED17B6DE0
:100BD0005A1C7A6560333B44302203F8502C18E0ED
:100BE0007B683A68B3FBF2F101FB02F29B1ABA6D23
:100BF0001A447B6D591C7965127860333B4403F8C5
:100C0000502C7A683B68B2FBF3F37B607B68002B67
:100C1000E6D17A6DFB6E9A4201DD7B6DFB66BA6EA2
:100C2000FB6ED31ABB663B6F03F00103002B12D19E
:100C30000CE0FB685A1CFA6020221A70BB68013B6A
:100C4000BB60BB68002B01D1FB6868E0BB6E5A1E1D
:100C5000BA66002BEDDC97F85F30002B1BD0FB68E9
:100C60005A1CFA6097F85F201A70BB68013BBB60A2
:100C7000BB68002B0FD1FB6851E0FB685A1CFA607F
:100C800097F853201A70BB68013BBB60BB68002B10
:100C900001D1FB6843E0BB6E5A1EBA66002BECDC48
:100CA0000CE0FB685A1CFA6030221A70BB68013BEA
:100CB000BB60BB68002B01D1FB6830E0FB6E5A1EA5
:100CC000FA667A6D9A42ECDB10E0FB685A1CFA6017
:100CD00007F110017A6D0A4412781A70BB68013B63
:100CE000BB60BB68002B01D1FB6818E07B6D5A1E0E
:100CF0007A65002BE9DC0CE0FB685A1CFA602022C4
:100D00001A70BB68013BBB60BB68002B01D1FB685C
:100D100005E0BB6E5A1EBA66002BEDDCFB68184678
:100D20006437BD4680BC7047C4000020C800002066
:100D300080B592B004AFF860B9607A603B60BB6880
:100D4000002B01DC00233EE1FB68FB6228E1FA6A2C
:100D5000FB68D21ABB68013B9A4280F22E817B6805
:100D60001B78252B06D07A68FB6A591CF962127829
:100D70001A7012E100233B627B6801337B607B6861
:100D80001B78302B03D13B6A43F001033B624FF0E9
:100D9000FF33FB617B681B782F2B08D97B681B789E
:100DA000392B04D83B1D1846FFF7AEFEF8614FF013
:100DB000FF33BB614FF0FF337B610A233B637B68EA
:100DC0001B78583B202B00F2948001A252F823F0AC
:100DD000DB0E0108F30E0108F30E0108F30E010803
:100DE000F30E0108F30E0108F30E0108F30E0108DB
:100DF000F30E0108F30E0108F30E01085F0E01085F
:100E0000E90E0108F30E0108F30E0108F30E0108C4
:100E1000F30E0108E90E0108F30E0108F30E0108B4
:100E2000F30E0108F30E0108F30E0108F30E01089A
:100E3000F30E0108F30E0108F30E01087F0E0108FE
:100E4000F30E01083F0F0108F30E0108F30E01082D
:100E5000E30E0108FB6A5A1CFA6220221A70FB6931
:100E6000013BFB61FB69002BF4DC3B681A1D3A6017
:100E70001968FB6A5A1CFA62CAB21A708DE03B68A4
:100E80001A1D3A601B687B627B6A002B01D1504BB4
:100E90007B62786AEFF774F903463B6104E0FB6A12
:100EA0005A1CFA6220221A70FB695A1EFA613A69CA
:100EB0009A42F4DB0023BB620AE07A6A531C7B622D
:100EC000FB6A591CF96212781A70BB6A0133BB6263
:100ED000BA6A3B699A42F0DB5FE03B6A43F0400349
:100EE0003B6210233B632BE03B6A43F002033B620F
:100EF00025E07B681B78252B04D0FB6A5A1CFA621C
:100F000025221A70FA6AFB68D21ABB68013B9A4222
:100F100016DA7B681B78002B06D07A68FB6A591CAE
:100F2000F96212781A7002E07B68013B7B60FA6A12
:100F3000FB68D21ABB68013B9A422DDB00E000BF80
:100F40007B696C2B05D13B681A1D3A601B687B637B
:100F50000FE03B6A03F00203002B05D03B681A1D2B
:100F60003A601B687B6304E03B681A1D3A601B68AB
:100F70007B63BB685A1EF96AFB68CB1AD11A7A6B7D
:100F80003B6A0293BB690193FB6900933B6BF86A70
:100F9000FFF7E0FDF86200E000BF7B6801337B6093
:100FA0007B681B78002B7FF4D2AEFA6AFB68D21AFA
:100FB000BB68013B9A42BFF6CAAEFB6A00221A70B8
:100FC000FA6AFB68D31A18463837BD4680BD00BFA1
:100FD000E4300108024B0146186800F025B800BF54
:100FE000D800002070B50F4E0C463168054611B987
:100FF00000F048FB30602146284600F043FB431CCC
:1010000003D14FF0FF34204670BDC41C24F003040C
:10101000A042F8D0211A284600F034FB0130F2D16A
:10102000EFE700BFCCDB00202DE9F843CD1C25F015
:10103000030508350C2D38BF0C25002D064601DBB5
:10104000A94204D90C2333600020BDE8F883DFF8FF
:10105000D48000F069F8D8F800301C4644BB29461B
:101060003046FFF7BFFF431C044658D1D8F8004074
:101070002746002F43D1002C4BD0236839463046F9
:1010800004EB030900F0FEFA814542D121686D1A94
:1010900029463046FFF7A6FF01303AD023682B449B
:1010A0002360D8F800305A6862BBC8F800700FE0BF
:1010B0002268521B20D40B2A17D96119A34225603C
:1010C00018BF5960636808BFC8F8001062514B60D0
:1010D000304600F02FF804F10B00231D20F007002C
:1010E000C21A1CBF1B1AA350AFE76268A3420CBF11
:1010F000C8F800205A60EBE723466468AEE73C4638
:101100007F68B6E71A465B68A342FBD100235360B1
:10111000DEE70C233360304600F00CF894E70560FE
:10112000D6E700BFD0DB0020014800F0F8BA00BFCE
:1011300014DD0020014800F0F3BA00BF14DD0020E8
:1011400038B5104B1D682A6B0446B2B91820FFF75A
:1011500041FF0246286320B90B4B0C48462100F0A2
:10116000EFFA0B490B4BC0E900130B4B83600B23C9
:10117000838100210120C2E904010023146153612D
:1011800038BD00BFD800002094370108AB370108F4
:101190000E33CDAB34126DE6ECDE0500164B10B508
:1011A0001C68226BB2B91820FFF714FF02462063B7
:1011B00020B9124B1248522100F0C2FA1149124BC9
:1011C000C0E90013114B83600B23838100210120B0
:1011D000C2E9040113690E4854690E49584301FBE2
:1011E0000400A3FB0131013340EB0100C2E90430EC
:1011F00020F0004010BD00BFD80000209437010847
:10120000AB3701080E33CDAB34126DE6ECDE0500D2
:101210002DF451582D7F954C002310B50446C0E99C
:101220000033C0E90433836081814366C2818361F6
:10123000194608225C3000F047F90D4B63620D4BF4
:10124000A3620D4BE3620D4B23630D4B24629C4262
:1012500006D003F16802944202D0D0339C4205D1FB
:1012600004F15800BDE8104000F058BA10BD00BFAE
:101270003D140108631401089B140108C1140108FE
:10128000D4DB0020024A0349034800F06BB800BFDA
:10129000CC0000202D250108DC00002041680C4B0B
:1012A000994210B5044601D001F040F9A168094BFC
:1012B000994202D0204601F039F9E168064B994283
:1012C00004D02046BDE8104001F030B910BD00BF89
:1012D000D4DB00203CDC0020A4DC00200C4B0D4AB9
:1012E0000D4810B504211A600022FFF795FF0A4B44
:1012F00001221C46092103F16800FFF78DFF04F16C
:10130000D0000222BDE810401221FFF785BF00BFC8
:101310000CDD002085120108D4DB0020014800F01C
:10132000FEB900BF15DD0020014800F0F9B900BF8B
:1013300015DD002010B50446FFF7F0FF236A1BB14E
:10134000BDE81040FFF7F0BF044B2362044B1B685D
:10135000002BF5D1FFF7C2FFF2E700BF9D12010895
:101360000CDD00202DE9F843074688461446002688
:10137000D4E90195B9F1010905D52468002CF7D10C
:101380003046BDE8F883AB89012B07D9B5F90E309B
:10139000013303D029463846C04706436835E9E79C
:1013A0000EB410B59DB01FAB029006906FF00041D7
:1013B0000A48079104910A4953F8042B0591002427
:1013C00002A9006801931B9400F082FA029B1C7032
:1013D0001DB0BDE8104003B0704700BFD80000202A
:1013E0000802FFFF0EB470B59DB021AC00254FF48C
:1013F000017254F8046BADF814201B95029006900E
:10140000EEF7BEFE0B4B039007900B480B934FF685
:10141000FF73ADF816303246234602A900680F95D7
:101420001495019400F0A6FB1DB0BDE8704003B018
:10143000704700BF5F140108D800002010B50C46AB
:10144000B1F90E1000F00CF90028ABBF636DA38951
:101450001B1823F48053ACBF6365A38110BD00202B
:1014600070472DE9F0411F468B89DB0505460C4688
:10147000164605D5B1F90E100223002200F0DEF861
:10148000A389B4F90E1023F48053A38132463B465E
:101490002846BDE8F04100F005B910B50C46B1F999
:1014A0000E1000F0CBF8B4F90C30421C0BBF23F443
:1014B000805343F48053A381A38118BF606510BD9E
:1014C000B1F90E1000F04CB802440346934200D12B
:1014D000704703F8011BF9E7C9B20346184613F831
:1014E000012B12B18A42F9D17047002918BF0020A0
:1014F0007047000070B50E4E05460A44914201D176
:10150000002013E015F8013B11F8014BF05C00F0EE
:1015100003000128305D00F0030008BF20330128DC
:1015200008BF2034181B01D1002CE7D170BD00BFCB
:101530008E3801080A7870B56AB970BD9A4209D12F
:101540000C46054614F8013F002BF6D015F8016F44
:101550009E42F7D001300378002BEFD11846ECE71C
:1015600038B5064D0023044608462B60EFF7B5FB5F
:10157000431C02D12B6803B1236038BD10DD00206D
:101580002D4B1B68834270B5044653D0C3691BB30F
:10159000DB6863B10025E369DB685959B1B90435EB
:1015A000802DF8D1E3692046D96800F0E7F8E369B7
:1015B000196811B1204600F0E1F8E3699D685DB15A
:1015C000294620462D6800F0D9F8F8E70E68204635
:1015D00000F0D4F83146E1E7616911B1204600F02E
:1015E000CDF8E16911B1204600F0C8F8216B11B1C6
:1015F000204600F0C3F8616B11B1204600F0BEF840
:10160000A16B11B1204600F0B9F8A16C11B12046D0
:1016100000F0B4F8616C11B1204600F0AFF8E16A57
:1016200011B1204600F0AAF8236A1BB12046BDE89C
:101630007040184770BD00BFD800002038B5074D76
:1016400004460846114600222A601A46EFF769FB55
:10165000431C02D12B6803B1236038BD10DD00208C
:1016600038B5074D04460846114600222A601A463E
:10167000EFF7FAFA431C02D12B6803B1236038BD9F
:1016800010DD002038B5064D0023044608462B60C7
:10169000EFF754FB431C02D12B6803B1236038BD24
:1016A00010DD002038B5074D0446084611460022DB
:1016B0002A601A46EFF7F5FA431C02D12B6803B1F2
:1016C000236038BD10DD0020014B1868704700BF53
:1016D000D800002070B50D4B0D4D5B1B9C100026F3
:1016E000A64209D101F0A4FB0A4D0B4B5B1B9C10D9
:1016F0000026A64205D170BD55F8043B9847013637
:10170000EEE755F8043B98470136F2E798390108AF
:1017100098390108983901089C39010870477047C9
:1017200070470A44914200F1FF3300D1704710B571
:1017300011F8014B03F8014F9142F9D110BD00009F
:101740001FB514461A46094B1B680546D8684CB1AC
:10175000074B0091CDE9013406492B4600F00EFFFE
:1017600000F0AAFF044B1C46F3E700BFD80000209E
:1017700003380108103801083E38010838B505461D
:10178000002941D051F8043C0C1F002BB8BFE418CD
:10179000FFF7CAFC1D4A136833B96360146028461A
:1017A000BDE83840FFF7C6BCA34208D9206821181D
:1017B0008B4201BF19685B6809182160EDE71A4682
:1017C0005B680BB1A342FAD911685018A0420BD143
:1017D00020680144501883421160E0D118685B68AA
:1017E000536008441060DAE702D90C232B60D6E777
:1017F000206821188B4204BF19685B68636004BFCE
:10180000091821605460CAE738BD00BFD0DB002052
:101810002DE9F0478E681F46BE4282460C46904630
:10182000334653D8B1F90C0010F4906F2BD0656992
:101830002368096905EB4505A3EB010905EBD5759F
:101840007B1C6D104B44AB422A4684BF1D462A4682
:10185000430527D511465046FFF7E6FB064658B329
:1018600021694A46FFF75DFFA38923F4906343F0A3
:101870008003A381266165614E44A5EB09052660BE
:10188000A5603E463B461F4620683A46414600F06A
:10189000FAFEA3689B1BA36023683B4423600020DF
:1018A000BDE8F087504600F00EFF06460028E1D163
:1018B00021695046FFF762FF0C23CAF80030A38964
:1018C00043F04003A3814FF0FF30E9E73E46DBE7FA
:1018D0002DE9F0471F468B891B069CB006460D4636
:1018E000144610D50B6973B94021FFF79DFB2860A2
:1018F000286130B90C2333604FF0FF301CB0BDE8D5
:10190000F08740236B610023099320238DF8293051
:1019100003973023654F8DF82A304FF00108234696
:10192000994613F8012B0AB1252AF9D1B9EB040A1B
:101930000BD05346224629463046FFF769FF013057
:1019400000F0A480099A5244099299F80030002BC3
:1019500000F09C8000234FF0FF32CDE9052309F110
:101960000109049307938DF853301A934C464F485E
:1019700014F8011B0522EEF70BFC049BD0B9D80626
:1019800044BF20228DF85320190744BF2B228DF825
:10199000532099F800202A2A13D0079A4C46002099
:1019A0004FF00A0C214611F8013B303B092B49D975
:1019B00068B913E0C01B08FA00F018430490A14670
:1019C000D4E7039A111D12680391002A01DB0792E4
:1019D00004E0524243F002030792049323782E2B33
:1019E0000AD163782A2B32D1039B1A1D1B680392FC
:1019F00043EAE37302340593DFF8B49021780322BD
:101A00004846EEF7C5FB38B1049BA0EB0900402225
:101A1000824013430134049314F8011B25488DF8C8
:101A200028100622EEF7B4FB002835D0224818BB58
:101A3000039B073323F0070308330393099B0344F5
:101A400009936CE70CFB02320C460120AAE7002345
:101A50000134059319464FF00A0C204610F8012B6B
:101A6000303A092A03D9002BC6D00591C4E70CFBF4
:101A7000012104460123F0E703AB00932A460F4BF4
:101A800004A93046AFF30080421CD7D1AB895B0676
:101A90003FF532AF099831E703AB00932A46074B75
:101AA00004A9304600F052FAEEE700BF3F380108C3
:101AB00045380108493801080000000011180108E4
:101AC00038B54B1C144603D14FF0FF35284638BDBE
:101AD000938923F020039381636B5268CDB28BB15D
:101AE000A36B934208DD23685A1E226003F8015C51
:101AF000636801336360E9E7214600F08AFD00284E
:101B0000F1D0E1E72169236851B1994208D213F875
:101B1000011CA94204D1013B013223606260D5E778
:101B2000C4E90F3204F1440363630323A363234630
:101B300003F8465F23600123DCE710B50C46496BD0
:101B400069B104F14403994201D0FFF717FE236CF9
:101B500063600020606313B1E36B236010BD2369F1
:101B6000236000236360A38943F02003A3814FF027
:101B7000FF30F3E72DE9F04FADF5237D41AC0D4685
:101B80000021C4E9031101A96161AF49C4F87C11C6
:101B9000DFF8B8B2AE49C4F880110746E8460093B2
:101BA00092F80090B9F1000F00F060811BF8093045
:101BB00013F0080302F101061BD06B68002B10DD47
:101BC0002B681A781BF80220120701D43246E7E787
:101BD0002269013222616A680133013A6A602B602E
:101BE000EBE7D4F880312946384698470028E7D0FB
:101BF000ECE7B9F1250F40F084802360A3605378AF
:101C00002A2B02BF1023961C23600A22B2461AF820
:101C1000011BA1F13003092B1DD98E4B032218465D
:101C2000EEF7B6FA38B18B4B2268C01A0123834015
:101C300013432360564616F8013B782B06D8572BE2
:101C400010D8252B5DD057D8002B76D00323A36165
:101C50000A23636089E0A36802FB03113039A160A5
:101C60005646D3E7A3F15802202AEFD801A151F834
:101C700022F000BF491D01084D1C01084D1C010840
:101C8000A51D01084D1C01084D1C01084D1C010833
:101C90004D1C01084D1C01084D1C01084D1C01087C
:101CA000BB1D0108A11D0108FF1C0108FF1C010844
:101CB000FF1C01084D1C01085B1D01084D1C01089B
:101CC0004D1C01084D1C01084D1C0108CB1D0108CD
:101CD000631D0108411D01084D1C01084D1C010830
:101CE000C71D01084D1C0108A11D01084D1C01085C
:101CF0004D1C0108491D0108453B022BA6D80523B0
:101D000032E06B68002B0DDD2B681A784A4540F0F5
:101D1000AD8001336A682B602369013A01336A6040
:101D2000236153E7D4F88031294638469847002884
:101D3000EAD0E068002840F091804FF0FF3091E059
:101D4000226842F020022260226842F4007222607F
:101D500010226E2B626006D801E00023636003232B
:101D600002E0082363600423A3616B68002B3CDD61
:101D70002368590605D42B681A781BF8022012072D
:101D80003BD4A369022B4BDC43462A462146384606
:101D900000F002FA012869D002287FF417AFC8E7E3
:101DA0000A22D6E7314601A800F0FAFB236843F087
:101DB0004003236006460123D6E7236843F040032F
:101DC00023600023D0E70223CEE72068C3063FF557
:101DD000FDAED8F800302269191DC8F800101B6844
:101DE000C0074CBF1A801A60F0E6D4F8803129464B
:101DF000384698470028BBD09BE722690132226110
:101E00006A68013A002A6A6002DD01332B60B2E79A
:101E1000D4F880312946384698470028ABD088E767
:101E2000042B06DC43462A462146384600F00EFACB
:101E3000B0E7094B002B3FF4C9AE43462A46214682
:101E40003846AFF30080A5E7C11A01088E380108B3
:101E50003B1B01084538010800000000AB895B0608
:101E60003FF56BAF0DF5237DBDE8F08FE068F9E736
:101E70002DE9F047164698468A680B69DDF82090F0
:101E80009342B8BF1346336091F8432007460C468F
:101E90000AB1013333602368990642BF33680233C5
:101EA0003360256815F0060506D104F1190AE368C8
:101EB00032689B1AAB4226DC94F843302268003B20
:101EC00018BF012392062BD404F143024146384641
:101ED000C84701301ED02368226903F00603042B93
:101EE00002BFE5683368ED1AA3680CBF25EAE57503
:101EF00000259342C4BF9B1AED1800261A34B54240
:101F00001AD1002008E00123524641463846C8470E
:101F1000013003D14FF0FF30BDE8F0870135C6E74F
:101F2000E1185A1C302081F84300224494F84510EF
:101F300082F843100233C7E7012322464146384660
:101F4000C8470130E6D00136D9E700002DE9F0435B
:101F50000D7E85B0782D90460C9E07460C4699461E
:101F600001F1430207D8622D0AD8002D00F0D78076
:101F7000582D00F0BC8004F1420684F842503BE04A
:101F8000A5F16303152BF6D801A151F823F000BF8A
:101F9000E91F0108FD1F0108771F0108771F0108CD
:101FA000771F0108771F0108FD1F0108771F01082F
:101FB000771F0108771F0108771F01080521010815
:101FC00027200108B7200108771F0108771F0108A3
:101FD00027210108771F010827200108771F010822
:101FE000771F0108BF20010833681A1D1B68326083
:101FF00004F1420684F842300123A1E033682068EE
:10200000191D3160060601D51D6803E04506FBD5A4
:10201000B3F90050002D03DA2D236D4284F84330CC
:102020005B480A2311E021683368080653F8045B13
:1020300002D4490648BFADB23360237E54486F2BAB
:102040005CD10823002184F843106668A660002E46
:1020500005DB21682E4321F00401216050D0164693
:10206000B5FBF3F103FB115C10F80CC006F801CDD1
:10207000AC4663450D46F3D9082B0BD12368DB072B
:1020800008D5236961689942DEBF302306F8013C18
:1020900006F1FF36921B2261CDF80090434603AA59
:1020A00021463846FFF7E4FE01304ED14FF0FF30B5
:1020B00005B0BDE8F083236843F020032360354872
:1020C000782584F845502368316813F0800F51F863
:1020D000045B03D113F0400F18BFADB23160D907D4
:1020E00044BF43F0200323601DB11023AAE7284812
:1020F000E7E7236823F020032360F6E70A23A1E73C
:102100001646B9E7336825686169181D30602E06E8
:102110001B6801D5196002E06806FBD51980002311
:1021200023611646B8E733681A1D32601E6862687C
:1021300000213046EEF72CF808B1801B6060636820
:102140002361002384F84330A6E7236932464146E1
:102150003846C8470130A9D023689B0713D4E068EC
:10216000039B9842B8BF1846A2E701233246414676
:102170003846C847013099D00135E36803995B1AA6
:10218000AB42F2DCEBE7002504F11906F5E700BFEE
:1021900050380108613801082DE9F84315468A686E
:1021A00080460C4632B98A69002A14BF4FF0FF32CC
:1021B00001228A602268DFF89090D1065FBF1A681A
:1021C000111D196016680027A06988B1012807D180
:1021D0002B681A7863699B5C53B9002F32D023E0D7
:1021E000022821D12B681B7819F803301B071BD458
:1021F0002368DA065EBF2B681B7806F8013B6B6824
:10220000013B6B602B6801332B60A368013B0137F6
:10221000A3604BB16B68002BD6DCD4F88031294623
:10222000404698470028CFD0236813F0100305D10B
:10223000E2680132E260A26902B1337023693B4473
:1022400023610020BDE8F8838E3801082DE9F04FA6
:102250009846734B0C468246164693E8070087B0B3
:1022600003AB83E807006F4BA1696F4A032908BFDE
:102270001A46A36801925A1EB2F5AE7F84BF6FF46E
:10228000AE7503EB0509274684BF40F25D13A360DA
:1022900057F81C3B43F4506398BF4FF0000923608C
:1022A0003D464FF0000B316803AB097853F82B0023
:1022B0000222EDF76DFF28B3BBF1010F58D1626820
:1022C0002AB92268082142F4007261602260226803
:1022D00022F4A0622260A268511EA16092B132680D
:1022E000511C3160127805F8012B7268013A002AFE
:1022F000726007DCD4F880213146504690470028B0
:1023000040F083800BF1010BBBF1030FCBD161686F
:1023100009B90A216160454B6069591A00F040F91A
:102320004FF0000BA3682268002B3DD03168606934
:1023300091F800C010F80C00002835D0BCF1300F27
:1023400024D1100522D50BF1010BB9F1000F03D0F8
:10235000013309F1FF39A3607368013B002B7360FF
:102360001BDD336801333360A368013BA360D9E709
:10237000BBF1020FAFD1226802F4C061B1F5007F5A
:10238000C5D11021616042F48072A3E722F410628B
:1023900022600B7805F8013BDEE7D4F88031314646
:1023A000504698470028DFD02368DB050DD5BD4295
:1023B00009D915F8011CD4F87C31324650469847AB
:1023C00005F1FF394D46BD4227D0226812F01002B8
:1023D00012D12A706368019E39465046B047D8F83A
:1023E000003021681A1DC8F800208E061B680FD522
:1023F0001860E3680133E3602369ED1B5D442B44FF
:102400002361002007B0BDE8F08F4FF0000BCBE751
:10241000CA074CBF18801860EBE70120F2E700BF45
:10242000EC30010819280108F92801088238010850
:10243000B1F90C20F8B5160705460C4651D44B6887
:10244000002B02DC0B6C002B49DDE66A002E46D027
:10245000002312F480522F682B6031D0626DA38963
:10246000590705D56368D21A636B0BB1236CD21A76
:102470000023E66A216A2846B047421CB4F90C30B2
:1024800006D129681D2945D8274ACA40D60741D513
:1024900000226260D9042269226004D5421C01D165
:1024A0002B6803B96065616B2F60C1B104F144030F
:1024B000994202D02846FFF761F9002363630EE0DA
:1024C000216A01232846B0470246501CC7D12B6819
:1024D000002BC4D01D2B01D0162B19D12F6000204A
:1024E0001DE00F69002FFAD093070E6808BF4B69F3
:1024F0000F6018BF0023F61B8B60002EEFDD216AF2
:10250000D4F828C033463A462846E047002807DC7E
:10251000B4F90C3043F04003A3814FF0FF30F8BD15
:102520000744361AE9E700BF0100402038B50B69BF
:1025300005460C4613B90025284638BD18B1036A74
:102540000BB9FEF7F7FEB4F90C30002BF3D0626E36
:10255000D00704D4990502D4A06DFFF7E0F828460F
:102560002146FFF765FF636EDA070546E4D4A389C9
:102570009B05E1D4A06DFFF7D3F8DDE70EB403B5FA
:10258000014603AB054853F8042B0068019300F0A3
:10259000DDF902B05DF804EB03B07047D80000200D
:1025A00070B50B7804465E2B0BBF4B784A1C8A1C17
:1025B000002108BF0121013804F1FF0500F8011FC7
:1025C000A842FBD10BB9501E70BD81F00101E1544E
:1025D0001046024612F8015B2D2D05D05D2D16D058
:1025E000002DF1D02B46F2E746785D2EFAD0B342AB
:1025F000F8DC02301A4601329642A154FBDCF21A92
:10260000013AB342A8BF002201331344E1E7104668
:10261000DAE72DE9F0410C46496B04F14403994295
:102620001DD14FF48061FEF7FFFC18B94FF0FF3069
:10263000BDE8F0814FF48063A36394F84630606393
:1026400080F8FF3394F8453080F8FE3394F8443036
:1026500080F8FD3300F2FD3020600020E8E7A66B33
:1026600077003A4600F02FF805460028DED000EB50
:102670000608014632464046FFF753F8C4E90D57B5
:10268000C4F80080E9E7884210B501EB020402D9E2
:102690008442234607D8431EA14207D011F8012BDC
:1026A00003F8012FF8E70244824200D110BD13F86D
:1026B000011D02F8011DF7E708B5062000F014FB24
:1026C0000120EEF7C6FA2DE9F041074614460D4603
:1026D00021B9BDE8F0411146FEF7A6BC2AB9FFF7C3
:1026E0004DF825462846BDE8F08100F019FB8442EC
:1026F000064602D8B4EB500FF4D821463846FEF710
:1027000093FC804608B94546ECE7B4422246294688
:1027100028BF3246FFF705F829463846FFF72EF85E
:10272000F1E70000242B2DE9F0478646904601D8BA
:10273000012B06D1FEF7C8FF162303600020BDE879
:10274000F08734480D462A4615F8014B065D16F011
:102750000806F8D12D2C10D12C780126951C33F0C9
:10276000100215D1302C0DD12A7802F0DF02582A40
:1027700008D16C78023510230AE02B2C04BF2C788A
:10278000951CECE7002BF6D1302C14BF0A2308234C
:1027900006F1004C0CF1FF3C0022BCFBF3F91046A3
:1027A00003FB19CAA4F13007092F0FD83C46A342F6
:1027B0001BDD571C07D0814514D301D1A24511DB85
:1027C00000FB0340012215F8014BEBE7A4F14107A0
:1027D000192F01D8373CEAE7A4F16107192F04D873
:1027E000573CE4E74FF0FF32EDE7531C08D12223BA
:1027F000CEF800306046B8F1000FA0D0691E06E0A8
:1028000006B14042B8F1000F99D0002AF6D1C8F8BD
:10281000001094E78E380108FFF784BF2DE9F043DC
:10282000344E86460D46284615F8014B375D17F0A5
:102830000807F8D12D2C10D12C780127851C33F0F6
:10284000100015D1302C0DD1287800F0DF00582869
:1028500008D16C78023510230AE02B2C04BF2C78A9
:10286000851CECE7002BF6D1302C14BF0A2308237B
:102870004FF0FF380026B8FBF3F803FB08F96FEAC6
:1028800009093046A4F1300CBCF1090F10D8644698
:10289000A3421EDDB6F1FF3F07D0804516D301D11C
:1028A000A14513DB00FB0340012615F8014BE9E7C6
:1028B000A4F1410CBCF1190F01D8373CE8E7A4F1B1
:1028C000610CBCF1190F04D8573CE1E74FF0FF361B
:1028D000EBE7731C06D12223CEF80030304632B924
:1028E000BDE8F08307B14042002AF9D006B1691E65
:1028F0001160F5E78E380108FFF790BF9368013B40
:10290000002B10B4936007DA9469A34201DB0A2913
:1029100002D110BC00F02EB91368581C1060197059
:10292000084610BC7047F8B506460F461446D51841
:10293000AC4201D1002007E014F8011B3A463046B2
:10294000FFF7DCFF431CF3D1F8BD00002DE9F04791
:102950000D469CB014461F46064618B1036A0BB9D3
:10296000FEF7E8FC6B6ED90705D4AB899A0502D453
:10297000A86DFEF7D4FEAB891B0701D52B699BB967
:102980002946304600F034F970B16B6EDC0704D58F
:102990004FF0FF301CB0BDE8F087AB899805F7D445
:1029A000A86DFEF7BDFEF3E70023099320238DF801
:1029B0002930039730236A4F8DF82A304FF00108F1
:1029C0002346994613F8012B0AB1252AF9D1B9EB10
:1029D000040A0BD05346224629463046FFF7A3FF90
:1029E000013000F0A480099A5244099299F800300D
:1029F000002B00F09C8000234FF0FF32CDE905232F
:102A000009F10109049307938DF853301A934C464A
:102A1000534814F8011B0522EDF7BAFB049BD0B90B
:102A2000D90644BF20228DF853201A0744BF2B2219
:102A30008DF8532099F800202A2A13D0079A4C4683
:102A400000204FF00A0C214611F8013B303B092BC6
:102A500049D968B913E0C01B08FA00F01843049084
:102A6000A146D4E7039A111D12680391002A01DBE5
:102A7000079204E0524243F0020307920493237842
:102A80002E2B0AD163782A2B32D1039B1A1D1B6887
:102A9000039243EAE37302340593DFF8C890217888
:102AA00003224846EDF774FB38B1049BA0EB090004
:102AB0004022824013430134049314F8011B2A4836
:102AC0008DF828100622EDF763FB00283ED027483A
:102AD00018BB039B073323F0070308330393099BB9
:102AE000034409936CE70CFB02320C460120AAE771
:102AF00000230134059319464FF00A0C204610F8C4
:102B0000012B303A092A03D9002BC6D00591C4E71E
:102B10000CFB012104460123F0E703AB00932A4696
:102B2000134B04A93046AFF30080431CD7D16B6E22
:102B3000D90705D4AB899A0502D4A86DFEF7F0FD3C
:102B4000AB895B063FF524AF099823E703AB0093FD
:102B50002A46074B04A93046FFF7F8F9E5E700BF1E
:102B60003F380108453801084938010800000000D5
:102B700027290108F8B50E461446054618B1036A20
:102B80000BB9FEF7D7FBA369A360A3891A0701D588
:102B9000236943B92146284600F02AF818B14FF0BE
:102BA000FF373846F8BD23682269981A6369F6B280
:102BB0008342374605DC21462846FFF7B7FC00284C
:102BC000EDD1A368013BA36023685A1C22601E70EC
:102BD0006269431C9A4204D0A389DB07E1D50A2E1F
:102BE000DFD121462846FFF7A1FC0028D9D0D6E73F
:102BF00038B5284B054618680C4618B1036A0BB95E
:102C0000FEF798FBB4F90C301A0721D4D80607D484
:102C100009222A6043F04003A3814FF0FF3030E0E7
:102C2000590712D5616B41B104F14403994202D0B6
:102C30002846FEF7A3FD002363630022B4F90C309D
:102C400062602269226023F0240343F00803A38119
:102C500022693AB99A0501D5180603D521462846B6
:102C600000F08AF8B4F90C3013F001020AD0002207
:102C7000A26062695242A261226942B913F08000E7
:102C8000C8D138BD990758BF6269A260F4E7002037
:102C9000F7E700BFD80000201F2938B505460C46CD
:102CA00004D9162303604FF0FF3038BDC26B12B158
:102CB00052F821304BB9284600F030F82246014640
:102CC0002846BDE8384000F017B8012B0AD0591C3F
:102CD00003D1162303600120E7E7002142F8241006
:102CE000204698470020E0E7024B01461868FFF7AE
:102CF000D3BF00BFD800002038B5074D00230446DD
:102D0000084611462B60EDF794FF431C02D12B6857
:102D100003B1236038BD00BF10DD0020EDF782BF96
:102D200051F8043C181F002BBCBF0B58C01870474B
:102D300070B50C46B1F90E10002996B015461E4626
:102D40000ADAA18911F0800113D14FF480620020CA
:102D500031602A6016B070BD6A4600F047F800285E
:102D6000EFDB019901F47041A1F50053594259413B
:102D7000EBE700214022EAE78B8973B59E07054601
:102D80000C4607D504F147032360236101236361E7
:102D900002B070BD01AB6A46FFF7CAFF009E28462D
:102DA0003146FEF741F9B4F90C3038B99A05EFD441
:102DB00023F0030343F00203A381E3E743F080031E
:102DC000A381019B2060C4E90406002BE0D0B4F984
:102DD0000E10284600F01CF80028D9D0A38923F053
:102DE000030343F00103A381D2E7000038B5074D88
:102DF00000230446084611462B60EDF779FF431C7B
:102E000002D12B6803B1236038BD00BF10DD002064
:102E100038B5064D0023044608462B60EDF777FFD2
:102E2000431C02D12B6803B1236038BD10DD0020A4
:102E3000F8B500BFF8BC08BC9E467047F8B500BFA7
:082E4000F8BC08BC9E46704777
:102E480064656661756C745461736B0025647325E1
:102E58003033643A000000006C6576656C3A256C86
:102E6800752064626D0D0A00707562202564206902
:102E780074656D0D0A00000066616B65206C6573F2
:102E8800733A207072655F737A20256420637572C7
:102E98005F737A2025640D0A0000000074785F7063
:102EA80075625F71756575655F66756C6C0D0A0096
:102EB8007075625F7274636D0000000070756C6CF1
:102EC8005F7274636D000000756172745F636F6D8B
:102ED80031000000756172745F636F6D320000002D
:102EE800256473253033643A0000000041542B54A4
:102EF80052414E530D0A0D0A4F4B0D0A00000000B7
:102F0800257300002B2B2B0041542B56000000008A
:102F18000D0A4552524F520D0A000000332E302E32
:102F28003000000076657273696F6E3A25730D0A7A
:102F38000D0A4F4B0D0A000041542B4D4F44453D9F
:102F480025640D0A0D0A4F4B0D0A000041542B4D04
:102F58004F44453D25640D0A000000000D0A4F4B03
:102F68000D0A000041542B545950453D25640D0A63
:102F78000000000041542B545950453D256C750DF7
:102F88000A0D0A4F4B0D0A0041542B5057523D254C
:102F9800640D0A0041542B5057523D256C750D0A9B
:102FA8000D0A4F4B0D0A000041542B4652513D2546
:102FB800642E253033642025642E253033640D0AB1
:102FC8000000000041542B4652513D25642E253007
:102FD80033642025642E253033640D0A0D0A4F4BC7
:102FE8000D0A000041542B42414E443D25642025E2
:102FF800640D0A0041542B42414E443D256C752016
:10300800256C750D0A0D0A4F4B0D0A0041542B42D1
:1030180050533D25640D0A0041542B4250533D2521
:103028006C640D0A0D0A4F4B0D0A000041542B0029
:103038000D0A0000636D645B25645D206E6F20736C
:1030480065742063620D0A0012002400300000003D
:1030580006000C0010000000000000000100000045
:103068000200000049444C4500000000546D7220E5
:1030780053766300546D725100000000B2270000BF
:1030880000000000C194C10000000000303132335C
:103098003435363738396162636465666768696AEA
:1030A8006B6C6D6E6F707172737475767778797AF0
:1030B8000000000030313233343536373839414278
:1030C800434445464748494A4B4C4D4E4F50515250
:1030D800535455565758595A000000003C4E554C09
:1030E8004C3E000084380108873801088A380108F6
:1030F800482E010800000000000000000000000049
:10310800000000000002000018000000000000009D
:1031180000000000C10D000800000000250E000896
:10312800950E0008C90E0008E50E0008F90E000803
:10313800210F0008490F0008630F00089D0F0008C1
:1031480025110008651100084511000889110008BB
:103158009710000865160008791600089F160008E1
:1031680087160008004B00000207020000960000C6
:103178000205040024F4000002050100010000001B
:103188000200000000000000FB4C86000DD58A00FC
:10319800F6990C00E1E693001AAA1500EC33190021
:1031A800177F9F003981A100C2CD270034542B001E
:1031B800CF18AD00D8673200232BB400D5B2B800C1
:1031C8002EFE3E00894EC50072024300849B4F00CC
:1031D8007FD7C90068A8560093E4D000657DDC005D
:1031E8009E315A00B0CF64004B83E200BD1AEE0056
:1031F800465668005129F700AA6571005CFC7D00FD
:10320800A7B0FB00E9D10C00129D8A00E4048600F7
:103218001F48000008379F00F37B190005E21500DE
:10322800FEAE9300D050AD002B1C2B00DD8527008F
:1032380026C9A10031B63E00CAFAB8003C63B40002
:10324800C72F3200609FC9009BD34F006D4A4300CF
:103258009606C50081795A007A35DC008CACD0001E
:1032680077E05600591E6800A252EE0054CBE200E7
:10327800AF876400B8F8FB0043B47D00B52D71003A
:103288004E61F700D2A3190029EF9F00DF76930063
:10329800243A150033458A00C8090C003E90000006
:1032A800C5DC8600EB22B800106E3E00E6F732005F
:1032B8001DBBB4000AC42B00F188AD000711A100A2
:1032C800FC5D27005BEDDC00A0A15A0056385600D3
:1032D800AD74D000BA0B4F004147C900B7DEC50036
:1032E8004C924300626C7D009920FB006FB9F70097
:1032F80094F57100838AEE0078C668008E5F6400DA
:103308007513E2003B721500C03E930036A79F007C
:10331800CDEB1900DA94860021D80000D7410C00C3
:103328002C0D8A0002F3B400F9BF32000F263E00CC
:10333800F46AB800E31527001859A100EEC0AD00E3
:10334800158C2B00B23CD00049705600BFE95A00DA
:1033580044A5DC0053DA4300A896C5005E0FC900F7
:10336800A5434F008BBD710070F1F7008668FB0024
:103378007D247D006A5BE20091176400678E680017
:103388009CC2EE00A44733005F0BB500A992B900B8
:1033980052DE3F0045A1A000BEED260048742A0079
:1033A800B338AC009DC69200668A140090131800CA
:1033B8006B5F9E007C200100876C870071F58B0095
:1033C8008AB90D002D09F600D645700020DC7C0076
:1033D800DB90FA00CCEF650037A3E300C13AEF00B9
:1033E8003A76690014885700EFC4D100195DDD00F2
:1033F800E2115B00F56EC4000E224200F8BB4E00DD
:1034080003F7C8004D963F00B6DAB9004043B5004F
:10341800BB0F3300AC70AC00573C2A00A1A52600B6
:103428005AE9A00074179E008F5B180079C2140037
:10343800828E920095F10D006EBD8B009824870056
:1034480063680100C4D8FA003F947C00C90D70007D
:103458003241F600253E6900DE72EF0028EBE300FA
:10346800D3A76500FD595B000615DD00F08CD1007F
:103478000BC057001CBFC800E7F34E00116A42009A
:10348800EA26C40076E42A008DA8AC007B31A000AF
:10349800807D26009702B9006C4E3F009AD7330012
:1034A800619BB5004F658B00B4290D0042B0010047
:1034B800B9FC8700AE83180055CF9E00A356920032
:1034C800581A1400FFAAEF0004E66900F27F6500AD
:1034D8000933E3001E4C7C00E500FA001399F6005E
:1034E800E8D57000C62B4E003D67C800CBFEC4006F
:1034F80030B2420027CDDD00DC815B002A1857007E
:10350800D154D1009F3526006479A00092E0AC0028
:1035180069AC2A007ED3B500859F330073063F004F
:10352800884AB900A6B487005DF80100AB610D00B8
:10353800502D8B0047521400BC1E92004A879E00F3
:10354800B1CB1800167BE300ED3765001BAE6900B0
:10355800E0E2EF00F79D70000CD1F600FA48FA009F
:1035680001047C002FFA4200D4B6C400222FC80000
:10357800D9634E00CE1CD10035505700C3C95B003B
:103588003885DD0001000000030000000500000090
:103598000100000001000000060000000A00000011
:1035A80020000000020000000400000008000000E5
:1035B8001000000040000000800000000001000032
:1035C80000020000000000000000000000000000F1
:1035D80000000000010000000200000003000000DD
:1035E80004000000A0860100400D0300801A0600B8
:1035F80000350C0040420F0080841E0000093D0089
:1036080000127A000024F40000366E010048E80138
:10361800006CDC0200000000000000000000000058
:1036280000000000010002000400060008000A0073
:103638000C0010002000400080000001010101037F
:103648000701000008040204080101010DCE00086A
:10365800C5CE0008F5CE0008ADCF0008C3CF0008DE
:1036680077D000089DD00008B5D40008D9D6000846
:10367800F1D80008A1D9000891DB0008B7DB0008E1
:10368800C5DB00080DDD00083DDD0008A1DD0008F0
:10369800B9DD0008DDDD0008F9DD00081FDE0008DF
:1036A80045DE0008A1DE0008FDDE0008A9DF0008ED
:1036B80045DC0008C5DC000891E30008C9E3000800
:1036C80025E50008B1E80008ED000108110101082E
:1036D80021ED000839ED000804050600C0120000BD
:1036E8001F000000A816000017000000841C00003E
:1036F8000F000000E42500001E000000B42D0000AB
:1037080016000000083900000E0000002C4C0000D4
:103718001D000000685B00001500000074720000C6
:103728000D000000589800001C00000034B700008D
:1037380014000000E8E400000C00000078310100EB
:103748001B000000686E01001300000034CA01006D
:103758000B000000286202001A00000040DB020093
:10376800120000003C9303000A000000C0C20400DD
:103778001900000060B305001100000038200700A0
:103788000900000020A10700000000005245454E36
:1037980054206D616C6C6F63207375636365656439
:1037A8006564002F6275696C642F676E752D746F80
:1037B8006F6C732D666F722D73746D33325F313495
:1037C8002E332E72656C312E32303235313032372D
:1037D8002D303730302F7372632F6E65776C6962C6
:1037E8002F6E65776C69622F6C6962632F737464DE
:1037F8006C69622F72616E642E63002C2066756E90
:103808006374696F6E3A2000617373657274696FCF
:103818006E2022257322206661696C65643A2066F1
:10382800696C6520222573222C206C696E65202521
:1038380064257325730A00232D302B2000686C4CF7
:1038480000656667454647003031323334353637D0
:1038580038394142434445460030313233343536F5
:1038680037383961626364656600412D46612D66AB
:10387800383930313233343536375D002B2D00304E
:1038880030007858000020202020202020202028E8
:103898002828282820202020202020202020202000
:1038A8002020202020208810101010101010101038
:1038B8001010101010100404040404040404040478
:1038C80010101010101010414141414141010101F7
:1038D80001010101010101010101010101010101D0
:1038E80001101010101010424242424242020202DD
:1038F80002020202020202020202020202020202A0
:10390800021010101020000000000000000000004D
:10391800000000000000000000000000000000009F
:10392800000000000000000000000000000000008F
:10393800000000000000000000000000000000007F
:10394800000000000000000000000000000000006F
:10395800000000000000000000000000000000005F
:10396800000000000000000000000000000000004F
:10397800000000000000000000000000000000003F
:08398800000000000000000037
:08399000F0C7FE7F01000000FA
:0439980065010008BD
:04399C0041010008DD
:1039A0000141542B56000000000000000000000000
:1039B0001D3A00080241542B4652510000000000FD
:1039C000CD3C00088D3D00080341542B5057520058
:1039D00000000000113C0008953C00080441542BF5
:1039E00042414E4400000000293E0008BD3E000850
:1039F0000541742B5459504500000000553B000808
:103A0000D93B00080641542B4D4F444500000000AF
:103A1000C93A0008893A00080741542B5452414ED4
:103A2000530000004D390008000000000841542BED
:103A30004250530000000000F53E0008753F0008AA
:103A40000000000000000000000000000000000076
:103A50000000000000093D0010000000AAAAAAAA68
:103A6000FF00000094300108BC3001080000000095
:103A700003000000D4DB0020DC0000200000000078
:103A8000D4DB00203CDC0020A4DC0020000000008F
:103A90000000000000000000000000000000000026
:103AA0000000000000000000000000000000000016
:103AB0000000000000000000000000000000000006
:083AC0000000000000000000FE
:04000005080016B524
:00000001FF
